patient_id,gender,admission_day,los,required_specialty
1,M,6,4,ORTHOPEDICS
2,M,10,4,GENERAL
3,F,6,4,GENERAL
4,F,1,5,CARDIOLOGY
5,M,1,5,ORTHOPEDICS
6,F,7,4,SURGERY
7,M,11,3,CARDIOLOGY
8,M,6,4,CARDIOLOGY
9,F,6,4,GENERAL
10,F,1,5,GENERAL
11,M,1,5,GENERAL
12,F,1,5,SURGERY
13,F,1,5,GENERAL
14,F,6,4,ORTHOPEDICS
15,F,10,3,GENERAL
16,F,10,3,GENERAL
17,F,1,5,SURGERY
18,F,10,3,ORTHOPEDICS
19,M,1,7,CARDIOLOGY
20,F,6,4,GENERAL
21,M,6,4,SURGERY
22,F,6,4,GENERAL
23,M,10,4,ORTHOPEDICS
24,F,10,3,SURGERY
25,F,1,5,GENERAL
26,M,7,4,SURGERY
27,M,6,4,CARDIOLOGY
28,F,7,4,CARDIOLOGY
29,F,1,5,GENERAL
30,M,1,5,GENERAL
31,F,10,4,GENERAL
32,M,1,5,SURGERY
33,M,6,4,GENERAL
34,F,10,3,SURGERY
35,M,1,5,GENERAL
36,M,6,4,SURGERY
37,F,6,4,SURGERY
38,M,6,4,ORTHOPEDICS
39,F,6,4,SURGERY
40,M,10,3,SURGERY
41,F,1,5,GENERAL
42,F,10,3,SURGERY
43,F,10,4,GENERAL
44,F,10,3,CARDIOLOGY
45,F,10,4,ORTHOPEDICS
46,M,10,3,GENERAL
47,M,13,3,SURGERY
48,M,10,4,GENERAL
49,F,1,6,ORTHOPEDICS
50,F,6,4,CARDIOLOGY
51,F,6,4,GENERAL
52,M,6,4,CARDIOLOGY
53,M,7,4,CARDIOLOGY
54,F,1,5,SURGERY
55,M,13,2,ORTHOPEDICS
56,M,6,4,GENERAL
57,F,6,4,ORTHOPEDICS
58,M,1,5,CARDIOLOGY
59,F,10,4,GENERAL
60,M,6,4,SURGERY
61,M,1,5,SURGERY
62,M,6,4,CARDIOLOGY
63,M,6,4,GENERAL
64,F,13,3,ORTHOPEDICS
65,M,1,5,ORTHOPEDICS
66,F,1,5,GENERAL
67,M,10,3,SURGERY
68,M,10,4,GENERAL
69,F,1,5,GENERAL
70,M,6,4,CARDIOLOGY
71,M,11,3,CARDIOLOGY
72,F,6,4,GENERAL
73,F,13,2,GENERAL
74,F,1,5,CARDIOLOGY
75,F,13,2,SURGERY
76,M,10,3,SURGERY
77,M,6,5,GENERAL
78,F,6,4,GENERAL
79,F,6,4,GENERAL
80,M,1,5,CARDIOLOGY
81,F,10,3,CARDIOLOGY
82,M,10,4,ORTHOPEDICS
83,M,1,5,ORTHOPEDICS
84,M,10,4,ORTHOPEDICS
85,F,6,4,ORTHOPEDICS
86,M,13,2,CARDIOLOGY
87,F,13,2,GENERAL
88,M,1,5,SURGERY
89,M,1,5,GENERAL
90,F,10,3,GENERAL
91,F,13,2,SURGERY
92,F,11,3,CARDIOLOGY
93,M,6,4,SURGERY
94,F,10,3,GENERAL
95,F,10,4,ORTHOPEDICS
96,M,1,5,SURGERY
97,F,10,3,CARDIOLOGY
98,M,10,4,SURGERY
99,F,13,2,ORTHOPEDICS
100,M,6,5,GENERAL
101,F,11,3,ORTHOPEDICS
102,F,1,5,GENERAL
103,M,13,3,ORTHOPEDICS
104,M,13,2,SURGERY
105,F,6,5,SURGERY
106,F,1,6,CARDIOLOGY
107,F,10,4,GENERAL
108,F,6,4,ORTHOPEDICS
109,M,10,4,SURGERY
110,F,1,5,ORTHOPEDICS
111,F,1,6,GENERAL
112,F,1,5,CARDIOLOGY
113,F,1,5,GENERAL
114,M,1,5,SURGERY
115,M,7,4,SURGERY
116,F,10,3,GENERAL
117,F,6,4,ORTHOPEDICS
118,F,7,4,CARDIOLOGY
119,M,10,4,CARDIOLOGY
120,F,6,4,GENERAL
121,F,13,3,ORTHOPEDICS
122,F,10,3,SURGERY
123,F,6,4,SURGERY
124,F,8,4,GENERAL
125,M,7,4,GENERAL
126,M,1,6,ORTHOPEDICS
127,M,10,3,GENERAL
128,M,10,3,ORTHOPEDICS
129,F,1,5,SURGERY
130,M,13,3,ORTHOPEDICS
131,M,6,4,GENERAL
132,F,10,3,CARDIOLOGY
133,F,6,4,SURGERY
134,F,6,4,ORTHOPEDICS
135,F,6,4,SURGERY
136,M,11,3,GENERAL
137,F,6,4,GENERAL
138,F,13,2,GENERAL
139,M,1,5,SURGERY
140,F,1,6,GENERAL
141,M,13,2,GENERAL
142,F,1,6,SURGERY
143,F,7,4,CARDIOLOGY
144,F,1,6,GENERAL
145,M,10,3,GENERAL
146,F,6,4,ORTHOPEDICS
147,F,6,4,GENERAL
148,F,13,3,GENERAL
149,M,10,4,CARDIOLOGY
150,F,6,4,SURGERY
151,F,13,2,SURGERY
152,F,1,5,GENERAL
153,M,13,2,ORTHOPEDICS
154,F,1,5,GENERAL
155,F,6,4,GENERAL
156,M,10,3,GENERAL
157,M,13,2,ORTHOPEDICS
158,F,11,3,SURGERY
159,M,1,5,CARDIOLOGY
160,F,10,4,CARDIOLOGY
161,F,10,4,CARDIOLOGY
162,F,6,4,GENERAL
163,M,1,6,GENERAL
164,M,1,5,GENERAL
165,F,10,4,GENERAL
166,M,1,5,SURGERY
167,F,1,5,CARDIOLOGY
168,F,11,3,ORTHOPEDICS
169,F,10,3,CARDIOLOGY
170,M,12,3,GENERAL
171,M,1,6,GENERAL
172,F,11,3,GENERAL
173,F,1,5,GENERAL
174,M,6,4,SURGERY
175,F,10,4,GENERAL
176,M,6,4,GENERAL
177,M,6,4,GENERAL
178,F,13,3,GENERAL
179,M,12,3,GENERAL
180,M,1,5,CARDIOLOGY
181,M,13,2,GENERAL
182,F,13,2,CARDIOLOGY
183,M,1,7,GENERAL
184,F,11,3,ORTHOPEDICS
185,F,1,6,SURGERY
186,F,1,6,GENERAL
187,M,10,3,GENERAL
188,F,13,2,GENERAL
189,M,13,2,GENERAL
190,M,1,5,GENERAL
191,M,1,5,CARDIOLOGY
192,M,10,4,SURGERY
193,F,13,1,GENERAL
194,M,6,4,GENERAL
195,M,1,5,SURGERY
196,M,6,4,CARDIOLOGY
197,M,6,4,GENERAL
198,M,10,3,SURGERY
199,M,10,3,GENERAL
200,F,6,4,CARDIOLOGY
201,M,1,5,GENERAL
202,F,6,4,SURGERY
203,M,6,4,CARDIOLOGY
204,F,10,3,CARDIOLOGY
205,M,6,4,GENERAL
206,F,1,5,ORTHOPEDICS
207,F,6,5,CARDIOLOGY
208,M,11,3,SURGERY
209,M,1,5,SURGERY
210,F,6,4,GENERAL
211,F,7,4,SURGERY
212,M,13,3,GENERAL
213,M,7,4,GENERAL
214,M,12,3,GENERAL
215,M,13,2,GENERAL
216,F,1,5,GENERAL
217,M,1,5,CARDIOLOGY
218,M,6,4,ORTHOPEDICS
219,F,1,5,ORTHOPEDICS
220,M,1,5,SURGERY
221,M,11,3,ORTHOPEDICS
222,F,1,5,ORTHOPEDICS
223,M,6,4,ORTHOPEDICS
224,F,1,5,SURGERY
225,F,10,3,GENERAL
226,F,10,4,ORTHOPEDICS
227,F,7,4,GENERAL
228,M,6,4,GENERAL
229,M,13,2,ORTHOPEDICS
230,F,10,4,CARDIOLOGY
231,M,13,2,GENERAL
232,F,1,5,SURGERY
233,F,6,4,GENERAL
234,F,7,4,GENERAL
235,F,13,3,GENERAL
236,M,11,3,CARDIOLOGY
237,F,6,4,ORTHOPEDICS
238,F,1,5,CARDIOLOGY
239,F,6,4,GENERAL
240,F,6,4,GENERAL
241,F,1,5,CARDIOLOGY
242,M,13,2,GENERAL
243,F,1,5,GENERAL
244,M,6,4,ORTHOPEDICS
245,M,6,4,SURGERY
246,F,13,2,ORTHOPEDICS
247,M,1,5,GENERAL
248,F,1,5,GENERAL
249,F,1,6,CARDIOLOGY
250,F,10,3,ORTHOPEDICS
251,M,1,5,GENERAL
252,M,13,2,CARDIOLOGY
253,F,1,5,GENERAL
254,F,1,6,GENERAL
255,M,10,3,GENERAL
256,M,1,5,GENERAL
257,M,7,4,GENERAL
258,F,13,2,ORTHOPEDICS
259,M,6,5,GENERAL
260,M,6,4,GENERAL
261,F,1,5,SURGERY
262,M,10,3,SURGERY
263,M,1,5,SURGERY
264,M,1,5,ORTHOPEDICS
265,M,13,2,GENERAL
266,M,13,3,SURGERY
267,M,10,4,GENERAL
268,M,6,4,CARDIOLOGY
269,F,1,5,GENERAL
270,M,6,4,SURGERY
271,F,13,2,GENERAL
272,M,6,4,ORTHOPEDICS
273,M,1,6,GENERAL
274,M,1,5,ORTHOPEDICS
275,F,1,5,GENERAL
276,F,6,4,ORTHOPEDICS
277,F,11,3,CARDIOLOGY
278,M,10,3,GENERAL
279,M,1,5,CARDIOLOGY
280,F,10,3,CARDIOLOGY
281,F,10,3,SURGERY
282,F,6,4,GENERAL
283,M,10,4,SURGERY
284,F,13,1,CARDIOLOGY
285,F,13,3,SURGERY
286,F,1,6,GENERAL
287,M,10,3,SURGERY
288,F,10,4,ORTHOPEDICS
289,F,6,4,SURGERY
290,F,1,5,ORTHOPEDICS
291,M,1,5,ORTHOPEDICS
292,F,1,5,GENERAL
293,F,13,3,CARDIOLOGY
294,F,11,3,SURGERY
295,M,10,4,ORTHOPEDICS
296,F,6,4,GENERAL
297,F,10,3,GENERAL
298,M,10,4,CARDIOLOGY
299,F,1,5,SURGERY
300,M,13,3,CARDIOLOGY
301,F,6,4,CARDIOLOGY
302,M,11,3,GENERAL
303,M,1,5,GENERAL
304,F,1,5,GENERAL
305,M,1,5,ORTHOPEDICS
306,F,7,4,ORTHOPEDICS
307,F,13,2,GENERAL
308,F,10,4,ORTHOPEDICS
309,F,6,4,GENERAL
310,F,10,3,GENERAL
311,M,11,3,GENERAL
312,M,10,4,GENERAL
313,M,6,4,GENERAL
314,M,13,2,SURGERY
315,F,1,6,ORTHOPEDICS
316,F,1,5,GENERAL
317,F,1,5,GENERAL
318,M,1,5,GENERAL
319,M,10,3,GENERAL
320,F,6,4,GENERAL
321,F,6,4,GENERAL
322,F,10,4,GENERAL
323,M,1,6,CARDIOLOGY
324,M,6,4,GENERAL
325,F,7,4,GENERAL
326,F,13,2,ORTHOPEDICS
327,M,1,5,CARDIOLOGY
328,F,11,3,CARDIOLOGY
329,F,13,1,CARDIOLOGY
330,M,6,5,CARDIOLOGY
331,M,10,4,GENERAL
332,F,6,4,SURGERY
333,F,6,4,SURGERY
334,F,6,4,GENERAL
335,M,12,3,GENERAL
336,M,7,4,GENERAL
337,F,10,3,GENERAL
338,M,1,5,GENERAL
339,F,7,4,ORTHOPEDICS
340,F,1,5,CARDIOLOGY
341,F,10,3,GENERAL
342,M,11,3,ORTHOPEDICS
343,M,1,5,CARDIOLOGY
344,M,10,3,SURGERY
345,F,6,4,CARDIOLOGY
346,F,10,3,SURGERY
347,F,10,3,GENERAL
348,F,10,3,ORTHOPEDICS
349,F,6,4,SURGERY
350,F,1,5,GENERAL
351,M,13,3,GENERAL
352,M,12,3,ORTHOPEDICS
353,F,13,2,ORTHOPEDICS
354,F,11,3,GENERAL
355,M,10,4,ORTHOPEDICS
356,F,11,3,ORTHOPEDICS
357,F,6,4,CARDIOLOGY
358,F,1,5,SURGERY
359,F,1,5,CARDIOLOGY
360,F,13,2,ORTHOPEDICS
361,M,6,4,GENERAL
362,F,6,4,GENERAL
363,M,11,3,CARDIOLOGY
364,F,13,3,GENERAL
365,M,6,4,ORTHOPEDICS
366,M,6,4,SURGERY
367,F,11,3,GENERAL
368,M,10,3,GENERAL
369,M,10,4,GENERAL
370,M,10,4,SURGERY
371,M,11,3,CARDIOLOGY
372,M,13,3,GENERAL
373,M,11,3,SURGERY
374,M,11,3,GENERAL
375,F,1,5,GENERAL
376,M,6,4,GENERAL
377,M,6,4,CARDIOLOGY
378,M,6,4,SURGERY
379,F,6,4,GENERAL
380,F,1,5,SURGERY
381,F,1,5,CARDIOLOGY
382,F,6,4,GENERAL
383,M,1,6,CARDIOLOGY
384,M,1,5,GENERAL
385,F,10,3,GENERAL
386,F,7,4,SURGERY
387,F,10,3,SURGERY
388,F,1,5,ORTHOPEDICS
389,M,6,4,GENERAL
390,M,10,3,ORTHOPEDICS
391,M,1,5,ORTHOPEDICS
392,M,1,5,GENERAL
393,M,10,3,GENERAL
394,M,1,5,CARDIOLOGY
395,M,1,5,CARDIOLOGY
396,M,1,5,GENERAL
397,F,1,5,GENERAL
398,M,10,3,GENERAL
399,M,1,5,GENERAL
400,M,10,3,SURGERY
401,F,1,5,ORTHOPEDICS
402,M,10,3,CARDIOLOGY
403,M,1,5,SURGERY
404,F,1,5,GENERAL
405,F,7,4,ORTHOPEDICS
406,M,6,4,GENERAL
407,F,10,4,SURGERY
408,F,10,4,GENERAL
409,F,11,3,CARDIOLOGY
410,F,6,4,SURGERY
411,F,13,3,GENERAL
412,F,7,4,GENERAL
413,F,13,1,SURGERY
414,F,1,5,ORTHOPEDICS
415,F,10,4,ORTHOPEDICS
416,F,13,3,SURGERY
417,F,6,4,GENERAL
418,F,1,5,ORTHOPEDICS
419,F,1,5,GENERAL
420,F,1,6,GENERAL
421,M,10,4,ORTHOPEDICS
422,M,6,4,GENERAL
423,M,6,5,ORTHOPEDICS
424,M,1,5,ORTHOPEDICS
425,M,1,5,SURGERY
426,M,1,6,GENERAL
427,F,6,4,GENERAL
428,M,6,5,CARDIOLOGY
429,M,13,3,GENERAL
430,F,1,5,ORTHOPEDICS
431,F,6,4,CARDIOLOGY
432,M,1,5,CARDIOLOGY
433,F,1,5,GENERAL
434,F,6,4,CARDIOLOGY
435,M,6,4,CARDIOLOGY
436,F,1,6,GENERAL
437,F,6,4,CARDIOLOGY
438,M,13,2,GENERAL
439,F,6,4,GENERAL
440,M,10,3,GENERAL
441,F,6,4,GENERAL
442,M,1,5,GENERAL
443,F,6,4,CARDIOLOGY
444,F,10,3,GENERAL
445,M,6,4,SURGERY
446,M,1,5,CARDIOLOGY
447,M,1,5,CARDIOLOGY
448,F,1,5,GENERAL
449,F,12,3,SURGERY
450,M,10,3,ORTHOPEDICS
451,F,1,5,SURGERY
452,M,1,5,ORTHOPEDICS
453,F,10,4,GENERAL
454,M,6,4,SURGERY
455,M,10,4,CARDIOLOGY
456,M,1,5,CARDIOLOGY
457,M,1,5,GENERAL
458,M,1,5,CARDIOLOGY
459,F,10,3,CARDIOLOGY
460,F,11,3,CARDIOLOGY
461,M,1,6,GENERAL
462,M,10,4,GENERAL
463,M,1,5,GENERAL
464,F,10,3,ORTHOPEDICS
465,M,13,2,GENERAL
466,M,10,3,GENERAL
467,F,13,1,SURGERY
468,M,6,4,GENERAL
469,F,1,5,ORTHOPEDICS
470,F,1,5,SURGERY
471,M,6,4,GENERAL
472,M,10,4,SURGERY
473,F,10,3,SURGERY
474,F,13,2,GENERAL
475,F,10,4,SURGERY
476,M,1,5,CARDIOLOGY
477,F,6,4,SURGERY
478,M,12,3,GENERAL
479,M,13,3,SURGERY
480,F,10,4,ORTHOPEDICS
481,M,1,5,GENERAL
482,M,6,4,CARDIOLOGY
483,M,7,4,SURGERY
484,M,6,4,GENERAL
485,M,10,3,ORTHOPEDICS
486,F,6,4,SURGERY
487,M,1,5,GENERAL
488,F,6,4,ORTHOPEDICS
489,M,6,4,ORTHOPEDICS
490,F,1,5,ORTHOPEDICS
491,M,13,3,SURGERY
492,M,13,2,ORTHOPEDICS
493,M,10,4,SURGERY
494,M,6,4,ORTHOPEDICS
495,F,1,5,CARDIOLOGY
496,M,10,3,ORTHOPEDICS
497,F,1,5,GENERAL
498,M,1,5,GENERAL
499,F,13,2,GENERAL
500,M,13,2,GENERAL
501,M,1,5,SURGERY
502,F,1,7,GENERAL
503,F,6,4,ORTHOPEDICS
504,F,1,5,GENERAL
505,M,1,6,SURGERY
506,M,10,4,GENERAL
507,F,1,6,ORTHOPEDICS
508,F,13,2,GENERAL
509,M,11,3,CARDIOLOGY
510,M,13,3,SURGERY
511,F,1,5,ORTHOPEDICS
512,M,1,5,ORTHOPEDICS
513,F,1,5,GENERAL
514,M,11,3,GENERAL
515,M,12,3,GENERAL
516,F,11,3,SURGERY
517,F,10,4,GENERAL
518,F,1,7,ORTHOPEDICS
519,M,6,4,CARDIOLOGY
520,F,6,4,SURGERY
521,M,10,4,SURGERY
522,F,10,4,CARDIOLOGY
523,M,10,4,ORTHOPEDICS
524,M,10,4,CARDIOLOGY
525,F,1,6,SURGERY
526,M,6,4,SURGERY
527,F,11,3,GENERAL
528,M,10,4,GENERAL
529,F,10,3,CARDIOLOGY
530,M,11,3,GENERAL
531,F,11,3,GENERAL
532,M,1,5,GENERAL
533,M,1,5,SURGERY
534,F,10,3,CARDIOLOGY
535,F,10,4,GENERAL
536,F,11,3,SURGERY
537,M,1,5,ORTHOPEDICS
538,F,1,5,SURGERY
539,F,13,2,SURGERY
540,F,7,4,CARDIOLOGY
541,M,1,5,ORTHOPEDICS
542,M,7,4,SURGERY
543,M,7,4,GENERAL
544,M,1,6,ORTHOPEDICS
545,F,10,3,GENERAL
546,M,13,2,GENERAL
547,F,1,6,CARDIOLOGY
548,M,6,5,GENERAL
549,F,1,5,GENERAL
550,M,6,4,ORTHOPEDICS
551,M,6,4,GENERAL
552,F,1,6,SURGERY
553,F,1,5,CARDIOLOGY
554,M,6,4,GENERAL
555,M,1,6,GENERAL
556,F,1,5,CARDIOLOGY
557,M,1,5,SURGERY
558,M,10,3,SURGERY
559,F,10,4,GENERAL
560,F,6,4,SURGERY
561,M,1,5,GENERAL
562,M,6,4,ORTHOPEDICS
563,M,10,3,SURGERY
564,F,11,3,GENERAL
565,F,10,3,GENERAL
566,F,13,3,GENERAL
567,M,1,6,GENERAL
568,F,13,3,GENERAL
569,M,11,3,ORTHOPEDICS
570,M,10,3,GENERAL
571,F,7,4,ORTHOPEDICS
572,F,6,4,GENERAL
573,M,10,3,GENERAL
574,M,12,3,GENERAL
575,F,6,4,CARDIOLOGY
576,M,1,6,CARDIOLOGY
577,M,1,6,SURGERY
578,F,10,3,GENERAL
579,M,11,3,GENERAL
580,F,8,4,SURGERY
581,M,6,4,SURGERY
582,F,1,5,GENERAL
583,F,6,4,GENERAL
584,F,10,3,ORTHOPEDICS
585,F,13,3,ORTHOPEDICS
586,M,10,3,ORTHOPEDICS
587,F,6,4,ORTHOPEDICS
588,M,13,1,GENERAL
589,F,10,4,GENERAL
590,F,13,3,ORTHOPEDICS
591,M,1,5,SURGERY
592,M,6,4,GENERAL
593,M,1,6,SURGERY
594,M,1,6,GENERAL
595,M,1,6,ORTHOPEDICS
596,M,1,5,ORTHOPEDICS
597,M,6,4,SURGERY
598,M,7,4,SURGERY
599,F,10,3,CARDIOLOGY
600,M,1,5,GENERAL
601,F,10,4,GENERAL
602,M,6,4,CARDIOLOGY
603,M,13,3,SURGERY
604,F,11,3,CARDIOLOGY
605,M,6,4,GENERAL
606,M,7,4,GENERAL
607,F,1,5,SURGERY
608,F,6,4,CARDIOLOGY
609,F,10,4,ORTHOPEDICS
610,M,1,5,CARDIOLOGY
611,M,1,6,GENERAL
612,F,7,4,GENERAL
613,F,6,4,GENERAL
614,F,1,6,SURGERY
615,F,1,5,GENERAL
616,F,1,5,ORTHOPEDICS
617,F,1,7,SURGERY
618,F,13,2,SURGERY
619,F,6,4,GENERAL
620,F,10,4,SURGERY
621,F,11,3,ORTHOPEDICS
622,M,10,3,ORTHOPEDICS
623,F,1,6,SURGERY
624,F,7,4,CARDIOLOGY
625,F,10,3,ORTHOPEDICS
626,F,1,5,ORTHOPEDICS
627,F,12,3,ORTHOPEDICS
628,M,10,3,CARDIOLOGY
629,M,6,4,CARDIOLOGY
630,M,13,2,SURGERY
631,F,6,4,ORTHOPEDICS
632,F,7,4,ORTHOPEDICS
633,M,1,5,GENERAL
634,F,1,5,SURGERY
635,M,11,3,GENERAL
636,M,1,5,GENERAL
637,F,10,4,GENERAL
638,F,6,4,GENERAL
639,M,10,3,CARDIOLOGY
640,F,10,4,ORTHOPEDICS
641,F,6,4,SURGERY
642,M,10,4,ORTHOPEDICS
643,F,12,3,ORTHOPEDICS
644,M,6,4,GENERAL
645,F,10,3,GENERAL
646,F,11,3,CARDIOLOGY
647,M,11,3,GENERAL
648,F,10,4,ORTHOPEDICS
649,M,11,3,ORTHOPEDICS
650,M,6,5,GENERAL
651,M,1,6,GENERAL
652,M,10,4,GENERAL
653,F,11,3,GENERAL
654,F,6,4,ORTHOPEDICS
655,M,10,4,CARDIOLOGY
656,F,7,4,ORTHOPEDICS
657,F,10,4,SURGERY
658,F,10,3,CARDIOLOGY
659,M,11,3,GENERAL
660,M,1,5,ORTHOPEDICS
661,M,10,3,SURGERY
662,M,7,4,ORTHOPEDICS
663,F,6,5,GENERAL
664,F,1,5,GENERAL
665,M,6,4,ORTHOPEDICS
666,F,6,4,SURGERY
667,M,1,5,CARDIOLOGY
668,M,1,5,CARDIOLOGY
669,F,1,7,SURGERY
670,M,6,4,SURGERY
671,M,13,2,CARDIOLOGY
672,M,6,4,GENERAL
673,F,11,3,SURGERY
674,M,6,4,SURGERY
675,M,10,3,ORTHOPEDICS
676,F,6,4,GENERAL
677,M,10,3,ORTHOPEDICS
678,M,1,5,ORTHOPEDICS
679,M,6,4,SURGERY
680,F,8,4,CARDIOLOGY
681,F,10,4,CARDIOLOGY
682,M,1,5,CARDIOLOGY
683,F,1,5,SURGERY
684,M,1,5,GENERAL
685,F,13,2,GENERAL
686,M,1,5,SURGERY
687,F,6,4,ORTHOPEDICS
688,M,6,4,ORTHOPEDICS
689,F,1,5,SURGERY
690,M,1,5,ORTHOPEDICS
691,M,6,4,GENERAL
692,M,11,3,SURGERY
693,M,1,6,ORTHOPEDICS
694,F,6,4,SURGERY
695,F,10,3,GENERAL
696,M,10,4,GENERAL
697,F,1,5,GENERAL
698,M,10,3,CARDIOLOGY
699,M,1,6,SURGERY
700,F,1,6,GENERAL
701,F,6,4,GENERAL
702,F,1,5,GENERAL
703,M,6,4,ORTHOPEDICS
704,F,13,2,CARDIOLOGY
705,F,1,5,SURGERY
706,F,7,4,CARDIOLOGY
707,M,1,5,CARDIOLOGY
708,F,1,5,GENERAL
709,F,10,3,GENERAL
710,M,6,4,SURGERY
711,F,1,5,ORTHOPEDICS
712,F,6,4,ORTHOPEDICS
713,M,10,3,ORTHOPEDICS
714,M,11,3,GENERAL
715,M,1,6,GENERAL
716,F,6,4,SURGERY
717,F,10,4,GENERAL
718,M,10,3,CARDIOLOGY
719,F,6,4,GENERAL
720,F,13,3,ORTHOPEDICS
721,M,1,6,SURGERY
722,F,11,3,ORTHOPEDICS
723,F,11,3,GENERAL
724,F,6,4,CARDIOLOGY
725,M,1,5,GENERAL
726,M,10,4,ORTHOPEDICS
727,M,1,5,ORTHOPEDICS
728,F,6,4,GENERAL
729,M,7,4,CARDIOLOGY
730,M,11,3,GENERAL
731,M,13,3,GENERAL
732,M,10,4,GENERAL
733,F,13,1,SURGERY
734,F,6,4,ORTHOPEDICS
735,F,7,4,ORTHOPEDICS
736,F,10,3,ORTHOPEDICS
737,F,10,3,SURGERY
738,F,13,2,CARDIOLOGY
739,M,13,2,GENERAL
740,F,10,3,GENERAL
741,F,10,3,CARDIOLOGY
742,M,1,5,CARDIOLOGY
743,F,13,2,GENERAL
744,M,7,4,GENERAL
745,M,10,4,GENERAL
746,F,1,5,CARDIOLOGY
747,M,1,5,SURGERY
748,F,1,5,CARDIOLOGY
749,F,13,3,GENERAL
750,F,1,6,CARDIOLOGY
751,F,10,3,GENERAL
752,M,10,3,GENERAL
753,F,1,6,GENERAL
754,M,1,5,CARDIOLOGY
755,F,1,5,SURGERY
756,M,10,3,GENERAL
757,M,1,5,SURGERY
758,F,1,5,SURGERY
759,M,1,5,GENERAL
760,F,11,3,ORTHOPEDICS
761,M,6,4,CARDIOLOGY
762,F,6,4,CARDIOLOGY
763,F,1,5,GENERAL
764,F,7,4,CARDIOLOGY
765,F,1,6,CARDIOLOGY
766,M,10,3,GENERAL
767,M,1,5,GENERAL
768,M,1,6,ORTHOPEDICS
769,M,6,4,GENERAL
770,M,6,4,SURGERY
771,F,7,4,ORTHOPEDICS
772,F,1,5,GENERAL
773,M,10,4,SURGERY
774,F,1,5,ORTHOPEDICS
775,M,10,3,GENERAL
776,M,1,5,SURGERY
777,F,1,5,GENERAL
778,M,10,3,CARDIOLOGY
779,M,1,6,ORTHOPEDICS
780,M,6,4,GENERAL
781,M,1,5,GENERAL
782,M,10,3,GENERAL
783,M,11,3,CARDIOLOGY
784,M,1,5,CARDIOLOGY
785,F,13,3,GENERAL
786,M,6,5,CARDIOLOGY
787,F,10,4,ORTHOPEDICS
788,M,11,3,SURGERY
789,F,10,4,CARDIOLOGY
790,F,1,5,GENERAL
791,M,6,4,GENERAL
792,M,10,3,GENERAL
793,M,1,5,SURGERY
794,F,6,4,ORTHOPEDICS
795,M,6,4,CARDIOLOGY
796,F,6,4,CARDIOLOGY
797,M,10,3,GENERAL
798,M,13,3,SURGERY
799,M,1,5,ORTHOPEDICS
800,M,10,3,GENERAL
801,F,6,4,CARDIOLOGY
802,M,6,4,ORTHOPEDICS
803,F,6,5,CARDIOLOGY
804,M,10,3,SURGERY
805,F,1,5,SURGERY
806,M,6,4,CARDIOLOGY
807,M,6,4,ORTHOPEDICS
808,M,1,6,CARDIOLOGY
809,F,13,2,GENERAL
810,F,13,3,CARDIOLOGY
811,F,6,4,ORTHOPEDICS
812,F,7,4,ORTHOPEDICS
813,M,1,6,ORTHOPEDICS
814,M,6,4,CARDIOLOGY
815,F,11,3,GENERAL
816,F,10,3,ORTHOPEDICS
817,M,6,4,GENERAL
818,M,10,4,SURGERY
819,F,1,5,CARDIOLOGY
820,M,1,5,GENERAL
821,M,7,4,CARDIOLOGY
822,F,11,3,GENERAL
823,F,1,5,ORTHOPEDICS
824,F,12,3,CARDIOLOGY
825,F,6,4,GENERAL
826,M,6,4,GENERAL
827,F,1,5,GENERAL
828,M,1,5,SURGERY
829,F,10,3,GENERAL
830,M,6,4,GENERAL
831,M,1,5,GENERAL
832,M,7,4,SURGERY
833,M,11,3,GENERAL
834,F,10,3,SURGERY
835,F,1,5,SURGERY
836,F,1,5,ORTHOPEDICS
837,M,1,5,CARDIOLOGY
838,F,6,4,GENERAL
839,F,13,3,GENERAL
840,F,6,4,GENERAL
841,M,13,2,SURGERY
842,F,1,5,GENERAL
843,F,6,4,CARDIOLOGY
844,F,13,2,SURGERY
845,M,13,2,GENERAL
846,F,6,4,GENERAL
847,M,11,3,GENERAL
848,M,10,3,SURGERY
849,M,6,4,CARDIOLOGY
850,F,13,3,ORTHOPEDICS
851,F,10,3,ORTHOPEDICS
852,F,8,4,GENERAL
853,F,10,3,ORTHOPEDICS
854,M,10,3,CARDIOLOGY
855,F,10,3,ORTHOPEDICS
856,M,6,4,ORTHOPEDICS
857,F,6,4,GENERAL
858,M,10,4,SURGERY
859,M,6,4,CARDIOLOGY
860,M,7,4,GENERAL
861,F,6,4,SURGERY
862,M,6,4,GENERAL
863,M,13,2,ORTHOPEDICS
864,M,6,4,CARDIOLOGY
865,F,6,4,GENERAL
866,F,1,5,CARDIOLOGY
867,F,11,3,GENERAL
868,M,1,6,ORTHOPEDICS
869,M,1,5,GENERAL
870,M,10,4,SURGERY
871,M,10,3,GENERAL
872,F,10,4,GENERAL
873,F,6,4,GENERAL
874,F,6,4,CARDIOLOGY
875,F,10,4,GENERAL
876,M,13,2,SURGERY
877,M,1,5,GENERAL
878,M,10,3,GENERAL
879,F,1,5,GENERAL
880,M,11,3,GENERAL
881,F,1,6,GENERAL
882,F,1,5,CARDIOLOGY
883,M,11,3,SURGERY
884,M,11,3,GENERAL
885,F,10,4,GENERAL
886,F,6,4,CARDIOLOGY
887,F,10,3,SURGERY
888,M,1,5,GENERAL
889,M,11,3,SURGERY
890,F,12,3,ORTHOPEDICS
891,M,10,4,GENERAL
892,F,6,5,GENERAL
893,F,1,5,SURGERY
894,M,6,4,CARDIOLOGY
895,M,11,3,GENERAL
896,F,10,3,GENERAL
897,M,1,5,CARDIOLOGY
898,F,1,5,CARDIOLOGY
899,F,1,6,CARDIOLOGY
900,F,1,6,GENERAL
901,M,10,3,ORTHOPEDICS
902,F,6,4,SURGERY
903,M,6,4,SURGERY
904,M,1,5,SURGERY
905,M,1,6,SURGERY
906,F,13,3,GENERAL
907,F,6,4,GENERAL
908,M,10,3,GENERAL
909,M,1,5,ORTHOPEDICS
910,F,7,4,ORTHOPEDICS
911,M,7,4,GENERAL
912,M,11,3,CARDIOLOGY
913,F,10,3,SURGERY
914,F,6,4,ORTHOPEDICS
915,F,1,6,GENERAL
916,M,1,5,CARDIOLOGY
917,M,13,3,CARDIOLOGY
918,F,1,6,GENERAL
919,F,1,5,ORTHOPEDICS
920,F,10,4,GENERAL
921,M,1,5,GENERAL
922,F,6,4,GENERAL
923,F,13,2,SURGERY
924,M,11,3,GENERAL
925,F,6,4,CARDIOLOGY
926,F,11,3,SURGERY
927,M,6,4,ORTHOPEDICS
928,F,1,6,CARDIOLOGY
929,F,7,4,GENERAL
930,F,6,4,GENERAL
931,F,10,4,GENERAL
932,F,7,4,GENERAL
933,M,6,4,GENERAL
934,M,6,4,GENERAL
935,M,6,4,SURGERY
936,M,6,4,SURGERY
937,F,6,4,GENERAL
938,M,10,4,GENERAL
939,F,12,3,CARDIOLOGY
940,F,10,3,GENERAL
941,F,6,4,GENERAL
942,F,10,3,ORTHOPEDICS
943,F,11,3,SURGERY
944,F,10,3,CARDIOLOGY
945,F,10,3,GENERAL
946,F,10,3,GENERAL
947,M,6,4,ORTHOPEDICS
948,M,11,3,GENERAL
949,F,10,3,CARDIOLOGY
950,M,1,5,GENERAL
951,F,7,4,ORTHOPEDICS
952,M,6,4,GENERAL
953,F,1,5,SURGERY
954,M,11,3,GENERAL
955,M,6,4,ORTHOPEDICS
956,F,13,3,GENERAL
957,M,1,6,GENERAL
958,F,11,3,GENERAL
959,F,6,4,GENERAL
960,M,10,3,GENERAL
961,M,6,4,CARDIOLOGY
962,F,11,3,GENERAL
963,F,10,3,CARDIOLOGY
964,M,6,4,GENERAL
965,F,13,3,GENERAL
966,M,1,5,ORTHOPEDICS
967,F,1,6,SURGERY
968,F,6,4,GENERAL
969,M,1,5,CARDIOLOGY
970,F,6,4,CARDIOLOGY
971,M,1,5,GENERAL
972,M,11,3,SURGERY
973,M,1,5,SURGERY
974,F,1,5,ORTHOPEDICS
975,F,1,5,CARDIOLOGY
976,F,11,3,ORTHOPEDICS
977,F,10,3,GENERAL
978,M,6,4,GENERAL
979,M,1,5,GENERAL
980,F,1,5,SURGERY
981,M,13,2,GENERAL
982,M,1,7,GENERAL
983,M,1,6,GENERAL
984,F,1,6,GENERAL
985,F,1,5,SURGERY
986,M,13,2,GENERAL
987,M,6,4,CARDIOLOGY
988,M,13,3,SURGERY
989,M,1,5,GENERAL
990,M,1,5,SURGERY
991,F,7,4,GENERAL
992,M,10,4,SURGERY
993,M,10,4,ORTHOPEDICS
994,F,6,4,GENERAL
995,F,1,5,CARDIOLOGY
996,M,6,4,GENERAL
997,M,6,4,SURGERY
998,M,6,4,ORTHOPEDICS
999,F,13,3,GENERAL
1000,M,10,3,ORTHOPEDICS
1001,F,1,5,GENERAL
1002,M,13,2,GENERAL
1003,F,10,3,CARDIOLOGY
1004,F,6,4,GENERAL
1005,M,10,3,GENERAL
1006,M,1,6,ORTHOPEDICS
1007,F,12,3,ORTHOPEDICS
1008,M,1,5,CARDIOLOGY
1009,M,11,3,GENERAL
1010,M,1,5,ORTHOPEDICS
1011,M,13,3,GENERAL
1012,M,6,4,SURGERY
1013,M,6,4,GENERAL
1014,M,13,2,GENERAL
1015,M,6,5,SURGERY
1016,F,1,5,GENERAL
1017,M,6,4,GENERAL
1018,F,11,3,GENERAL
1019,F,6,4,SURGERY
1020,F,10,4,GENERAL
1021,F,10,4,GENERAL
1022,M,6,4,GENERAL
1023,F,7,4,GENERAL
1024,F,6,4,CARDIOLOGY
1025,M,11,3,CARDIOLOGY
1026,F,6,4,ORTHOPEDICS
1027,F,13,2,GENERAL
1028,F,10,3,ORTHOPEDICS
1029,F,1,5,SURGERY
1030,M,10,3,ORTHOPEDICS
1031,M,10,3,SURGERY
1032,M,6,4,ORTHOPEDICS
1033,F,1,6,CARDIOLOGY
1034,M,1,6,ORTHOPEDICS
1035,F,1,5,CARDIOLOGY
1036,F,6,4,ORTHOPEDICS
1037,M,1,5,CARDIOLOGY
1038,F,6,4,GENERAL
1039,M,1,5,SURGERY
1040,M,10,3,SURGERY
1041,M,10,3,CARDIOLOGY
1042,M,13,2,SURGERY
1043,F,1,5,GENERAL
1044,M,11,3,GENERAL
1045,M,1,6,GENERAL
1046,M,13,3,CARDIOLOGY
1047,F,13,2,SURGERY
1048,F,6,4,GENERAL
1049,F,1,5,ORTHOPEDICS
1050,M,1,5,GENERAL
1051,M,10,3,CARDIOLOGY
1052,M,1,6,GENERAL
1053,F,10,3,SURGERY
1054,M,6,4,GENERAL
1055,M,7,4,ORTHOPEDICS
1056,M,10,4,GENERAL
1057,M,13,1,GENERAL
1058,F,11,3,SURGERY
1059,M,11,3,GENERAL
1060,F,10,3,CARDIOLOGY
1061,F,6,4,CARDIOLOGY
1062,M,6,4,CARDIOLOGY
1063,F,11,3,GENERAL
1064,F,12,3,GENERAL
1065,M,10,3,CARDIOLOGY
1066,M,6,4,GENERAL
1067,M,1,5,GENERAL
1068,F,1,5,GENERAL
1069,F,1,5,ORTHOPEDICS
1070,M,6,4,CARDIOLOGY
1071,M,10,4,GENERAL
1072,F,13,2,GENERAL
1073,M,6,4,SURGERY
1074,M,10,3,ORTHOPEDICS
1075,M,6,4,ORTHOPEDICS
1076,M,1,5,ORTHOPEDICS
1077,F,10,3,CARDIOLOGY
1078,M,10,4,SURGERY
1079,F,6,4,GENERAL
1080,M,10,4,GENERAL
1081,M,7,4,ORTHOPEDICS
1082,M,1,5,GENERAL
1083,M,13,3,SURGERY
1084,M,1,5,GENERAL
1085,F,10,3,ORTHOPEDICS
1086,F,8,4,GENERAL
1087,M,10,3,ORTHOPEDICS
1088,M,13,2,CARDIOLOGY
1089,M,6,4,ORTHOPEDICS
1090,M,1,5,GENERAL
1091,F,1,5,SURGERY
1092,M,10,3,ORTHOPEDICS
1093,F,10,3,GENERAL
1094,M,10,4,SURGERY
1095,F,1,5,SURGERY
1096,M,10,3,SURGERY
1097,F,7,4,ORTHOPEDICS
1098,M,8,4,ORTHOPEDICS
1099,F,7,4,ORTHOPEDICS
1100,F,10,3,CARDIOLOGY
1101,M,1,7,GENERAL
1102,M,10,3,ORTHOPEDICS
1103,M,11,3,GENERAL
1104,M,10,3,SURGERY
1105,M,7,4,GENERAL
1106,M,10,3,ORTHOPEDICS
1107,F,7,4,CARDIOLOGY
1108,M,1,5,GENERAL
1109,F,10,4,ORTHOPEDICS
1110,F,10,4,CARDIOLOGY
1111,M,10,4,ORTHOPEDICS
1112,F,1,5,SURGERY
1113,M,10,4,GENERAL
1114,M,10,4,CARDIOLOGY
1115,F,7,4,GENERAL
1116,M,12,3,GENERAL
1117,F,10,3,SURGERY
1118,F,10,3,CARDIOLOGY
1119,M,6,4,GENERAL
1120,F,1,5,GENERAL
1121,M,6,4,GENERAL
1122,M,6,4,GENERAL
1123,M,6,4,GENERAL
1124,F,1,5,CARDIOLOGY
1125,F,6,4,SURGERY
1126,M,7,4,SURGERY
1127,F,6,4,SURGERY
1128,M,10,4,GENERAL
1129,M,11,3,GENERAL
1130,M,7,4,GENERAL
1131,F,1,5,SURGERY
1132,F,13,3,CARDIOLOGY
1133,M,10,4,SURGERY
1134,F,1,5,GENERAL
1135,F,1,6,GENERAL
1136,M,6,4,GENERAL
1137,M,10,3,ORTHOPEDICS
1138,F,10,4,ORTHOPEDICS
1139,F,11,3,GENERAL
1140,F,10,3,GENERAL
1141,M,1,7,CARDIOLOGY
1142,M,1,5,ORTHOPEDICS
1143,M,6,4,GENERAL
1144,F,7,4,ORTHOPEDICS
1145,F,6,4,GENERAL
1146,M,7,4,ORTHOPEDICS
1147,F,10,3,ORTHOPEDICS
1148,F,10,4,GENERAL
1149,M,10,4,ORTHOPEDICS
1150,F,13,3,ORTHOPEDICS
1151,M,1,5,CARDIOLOGY
1152,F,11,3,CARDIOLOGY
1153,F,10,4,ORTHOPEDICS
1154,M,1,5,GENERAL
1155,M,13,2,GENERAL
1156,M,7,4,GENERAL
1157,M,7,4,GENERAL
1158,M,1,6,ORTHOPEDICS
1159,F,6,4,CARDIOLOGY
1160,F,10,4,SURGERY
1161,F,10,3,ORTHOPEDICS
1162,M,6,4,SURGERY
1163,M,6,4,ORTHOPEDICS
1164,M,7,4,GENERAL
1165,F,1,5,ORTHOPEDICS
1166,M,6,4,ORTHOPEDICS
1167,M,10,3,GENERAL
1168,M,1,5,GENERAL
1169,M,13,2,CARDIOLOGY
1170,F,10,3,SURGERY
1171,M,10,3,GENERAL
1172,F,6,4,SURGERY
1173,F,1,5,GENERAL
1174,F,10,3,ORTHOPEDICS
1175,M,1,5,ORTHOPEDICS
1176,M,6,4,ORTHOPEDICS
1177,F,13,3,SURGERY
1178,F,10,3,GENERAL
1179,F,10,3,GENERAL
1180,M,1,5,ORTHOPEDICS
1181,M,1,5,GENERAL
1182,F,10,4,GENERAL
1183,M,10,3,GENERAL
1184,M,6,4,GENERAL
1185,M,6,4,GENERAL
1186,F,6,4,GENERAL
1187,F,7,4,CARDIOLOGY
1188,M,1,6,GENERAL
1189,F,6,4,CARDIOLOGY
1190,M,10,3,GENERAL
1191,M,1,5,GENERAL
1192,F,6,4,GENERAL
1193,M,11,3,GENERAL
1194,F,7,4,GENERAL
1195,F,7,4,ORTHOPEDICS
1196,M,1,7,CARDIOLOGY
1197,M,1,5,GENERAL
1198,F,6,4,GENERAL
1199,F,1,5,GENERAL
1200,M,10,3,CARDIOLOGY
1201,M,10,3,ORTHOPEDICS
1202,F,1,5,ORTHOPEDICS
1203,M,6,4,CARDIOLOGY
1204,F,10,4,GENERAL
1205,M,6,4,SURGERY
1206,M,1,5,SURGERY
1207,M,1,5,SURGERY
1208,F,13,2,ORTHOPEDICS
1209,F,1,6,CARDIOLOGY
1210,M,6,4,SURGERY
1211,M,11,3,GENERAL
1212,M,7,4,ORTHOPEDICS
1213,F,1,6,CARDIOLOGY
1214,F,13,2,ORTHOPEDICS
1215,F,10,3,SURGERY
1216,F,13,2,SURGERY
1217,F,1,6,GENERAL
1218,F,10,3,CARDIOLOGY
1219,M,7,4,CARDIOLOGY
1220,F,1,5,ORTHOPEDICS
1221,M,7,4,CARDIOLOGY
1222,M,6,4,SURGERY
1223,M,1,5,SURGERY
1224,F,10,3,SURGERY
1225,M,1,5,SURGERY
1226,M,13,2,ORTHOPEDICS
1227,F,1,5,ORTHOPEDICS
1228,F,6,4,CARDIOLOGY
1229,M,6,4,GENERAL
1230,M,1,5,CARDIOLOGY
1231,F,13,2,GENERAL
1232,M,10,3,GENERAL
1233,M,1,5,GENERAL
1234,M,10,3,GENERAL
1235,M,11,3,CARDIOLOGY
1236,M,6,4,SURGERY
1237,F,13,3,CARDIOLOGY
1238,F,10,3,SURGERY
1239,M,1,5,CARDIOLOGY
1240,M,6,4,ORTHOPEDICS
1241,M,6,4,ORTHOPEDICS
1242,M,10,3,GENERAL
1243,M,13,1,CARDIOLOGY
1244,M,6,4,SURGERY
1245,M,6,4,SURGERY
1246,M,10,4,ORTHOPEDICS
1247,M,11,3,GENERAL
1248,M,1,5,GENERAL
1249,M,1,6,GENERAL
1250,M,6,4,GENERAL
1251,M,13,2,SURGERY
1252,M,1,7,GENERAL
1253,M,1,5,SURGERY
1254,M,1,6,CARDIOLOGY
1255,M,6,4,GENERAL
1256,F,1,5,SURGERY
1257,M,13,2,GENERAL
1258,M,6,4,GENERAL
1259,M,13,3,CARDIOLOGY
1260,M,1,5,SURGERY
1261,M,1,5,SURGERY
1262,M,10,4,GENERAL
1263,M,1,5,GENERAL
1264,M,10,3,GENERAL
1265,M,6,4,ORTHOPEDICS
1266,M,1,5,GENERAL
1267,F,7,4,CARDIOLOGY
1268,F,1,5,CARDIOLOGY
1269,M,6,4,CARDIOLOGY
1270,F,6,4,CARDIOLOGY
1271,M,1,6,ORTHOPEDICS
1272,F,11,3,CARDIOLOGY
1273,M,10,4,GENERAL
1274,M,6,4,SURGERY
1275,M,6,4,GENERAL
1276,F,6,4,GENERAL
1277,F,7,4,GENERAL
1278,F,6,4,ORTHOPEDICS
1279,M,6,4,GENERAL
1280,F,1,5,ORTHOPEDICS
1281,F,1,5,CARDIOLOGY
1282,F,6,4,SURGERY
1283,M,6,4,GENERAL
1284,M,1,5,CARDIOLOGY
1285,F,1,5,SURGERY
1286,F,13,3,GENERAL
1287,F,7,4,CARDIOLOGY
1288,F,1,7,GENERAL
1289,F,13,2,SURGERY
1290,F,6,4,GENERAL
1291,F,13,3,GENERAL
1292,M,6,4,SURGERY
1293,M,11,3,ORTHOPEDICS
1294,F,6,4,CARDIOLOGY
1295,M,6,4,SURGERY
1296,F,1,6,ORTHOPEDICS
1297,F,6,4,GENERAL
1298,M,1,5,ORTHOPEDICS
1299,F,6,4,SURGERY
1300,F,1,5,ORTHOPEDICS
1301,M,6,4,GENERAL
1302,F,10,3,ORTHOPEDICS
1303,M,1,5,SURGERY
1304,F,1,5,GENERAL
1305,M,13,2,SURGERY
1306,M,10,4,SURGERY
1307,F,13,2,ORTHOPEDICS
1308,M,1,5,GENERAL
1309,M,10,4,GENERAL
1310,M,13,2,ORTHOPEDICS
1311,F,10,3,SURGERY
1312,M,1,5,GENERAL
1313,M,1,5,ORTHOPEDICS
1314,F,13,2,GENERAL
1315,F,11,3,GENERAL
1316,F,1,5,SURGERY
1317,M,1,5,SURGERY
1318,F,13,2,GENERAL
1319,M,1,6,ORTHOPEDICS
1320,F,6,4,ORTHOPEDICS
1321,M,6,4,SURGERY
1322,M,6,4,ORTHOPEDICS
1323,F,6,5,ORTHOPEDICS
1324,M,10,4,GENERAL
1325,M,1,5,SURGERY
1326,F,1,5,GENERAL
1327,M,1,5,GENERAL
1328,M,11,3,CARDIOLOGY
1329,M,1,6,SURGERY
1330,F,6,4,SURGERY
1331,F,6,4,SURGERY
1332,M,1,5,SURGERY
1333,F,10,3,ORTHOPEDICS
1334,M,10,4,GENERAL
1335,F,1,5,GENERAL
1336,F,1,6,CARDIOLOGY
1337,M,6,4,CARDIOLOGY
1338,F,1,5,CARDIOLOGY
1339,M,6,4,ORTHOPEDICS
1340,M,6,5,GENERAL
1341,F,6,4,GENERAL
1342,F,7,4,SURGERY
1343,M,6,4,SURGERY
1344,M,6,5,ORTHOPEDICS
1345,F,10,4,ORTHOPEDICS
1346,F,10,3,ORTHOPEDICS
1347,M,10,3,CARDIOLOGY
1348,F,1,6,SURGERY
1349,M,1,5,GENERAL
1350,F,7,4,ORTHOPEDICS
1351,F,13,1,SURGERY
1352,M,6,4,GENERAL
1353,M,1,5,GENERAL
1354,F,1,5,ORTHOPEDICS
1355,F,1,6,CARDIOLOGY
1356,F,1,5,SURGERY
1357,F,6,4,ORTHOPEDICS
1358,M,13,3,ORTHOPEDICS
1359,M,1,5,GENERAL
1360,M,11,3,SURGERY
1361,F,6,4,GENERAL
1362,M,10,4,GENERAL
1363,F,10,3,GENERAL
1364,M,1,5,ORTHOPEDICS
1365,M,6,4,ORTHOPEDICS
1366,M,6,5,GENERAL
1367,M,10,3,ORTHOPEDICS
1368,F,6,4,CARDIOLOGY
1369,F,1,5,GENERAL
1370,M,6,4,SURGERY
1371,F,1,5,CARDIOLOGY
1372,M,1,5,SURGERY
1373,F,7,4,SURGERY
1374,F,1,5,ORTHOPEDICS
1375,F,1,5,SURGERY
1376,F,13,2,CARDIOLOGY
1377,F,6,4,SURGERY
1378,F,1,5,SURGERY
1379,F,7,4,ORTHOPEDICS
1380,M,6,4,GENERAL
1381,F,6,4,ORTHOPEDICS
1382,M,1,5,GENERAL
1383,F,1,5,ORTHOPEDICS
1384,F,1,5,SURGERY
1385,M,13,2,ORTHOPEDICS
1386,M,1,6,GENERAL
1387,F,11,3,ORTHOPEDICS
1388,F,10,3,SURGERY
1389,F,10,3,GENERAL
1390,M,6,4,CARDIOLOGY
1391,F,6,4,GENERAL
1392,F,1,5,ORTHOPEDICS
1393,F,1,5,GENERAL
1394,F,10,3,ORTHOPEDICS
1395,M,10,3,CARDIOLOGY
1396,F,1,5,GENERAL
1397,M,13,3,CARDIOLOGY
1398,M,11,3,GENERAL
1399,M,13,3,GENERAL
1400,M,1,5,GENERAL
1401,M,6,4,GENERAL
1402,F,6,5,GENERAL
1403,M,10,3,GENERAL
1404,F,6,4,CARDIOLOGY
1405,M,1,5,SURGERY
1406,F,7,4,ORTHOPEDICS
1407,M,1,6,GENERAL
1408,F,1,6,GENERAL
1409,M,10,4,GENERAL
1410,F,7,4,CARDIOLOGY
1411,F,6,4,SURGERY
1412,F,7,4,CARDIOLOGY
1413,F,7,4,GENERAL
1414,M,1,6,GENERAL
1415,M,6,4,GENERAL
1416,M,1,5,ORTHOPEDICS
1417,M,1,5,ORTHOPEDICS
1418,M,1,5,GENERAL
1419,M,10,3,GENERAL
1420,M,1,6,GENERAL
1421,M,1,6,CARDIOLOGY
1422,M,6,4,SURGERY
1423,F,7,4,SURGERY
1424,M,10,3,GENERAL
1425,M,10,4,SURGERY
1426,F,10,3,GENERAL
1427,M,10,4,CARDIOLOGY
1428,M,1,5,SURGERY
1429,M,10,4,CARDIOLOGY
1430,F,13,1,ORTHOPEDICS
1431,M,1,5,CARDIOLOGY
1432,M,13,3,GENERAL
1433,F,10,4,GENERAL
1434,F,13,2,ORTHOPEDICS
1435,F,1,5,ORTHOPEDICS
1436,F,1,5,SURGERY
1437,F,13,2,GENERAL
1438,F,7,4,GENERAL
1439,F,6,4,ORTHOPEDICS
1440,F,10,4,CARDIOLOGY
1441,M,10,4,GENERAL
1442,F,1,5,SURGERY
1443,M,6,4,ORTHOPEDICS
1444,F,1,6,GENERAL
1445,M,10,3,GENERAL
1446,F,6,4,SURGERY
1447,F,10,4,GENERAL
1448,F,6,4,GENERAL
1449,F,6,4,ORTHOPEDICS
1450,M,1,5,CARDIOLOGY
1451,F,1,5,GENERAL
1452,F,6,4,GENERAL
1453,M,1,5,CARDIOLOGY
1454,F,10,4,GENERAL
1455,F,11,3,GENERAL
1456,M,6,4,GENERAL
1457,F,7,4,ORTHOPEDICS
1458,M,6,4,ORTHOPEDICS
1459,M,6,4,CARDIOLOGY
1460,M,1,5,GENERAL
1461,F,7,4,SURGERY
1462,M,1,5,SURGERY
1463,F,10,3,SURGERY
1464,F,1,5,SURGERY
1465,F,1,5,GENERAL
1466,F,1,5,SURGERY
1467,F,10,3,ORTHOPEDICS
1468,F,1,5,SURGERY
1469,M,11,3,GENERAL
1470,F,13,3,GENERAL
1471,F,10,4,ORTHOPEDICS
1472,F,1,5,GENERAL
1473,M,1,5,GENERAL
1474,F,1,5,CARDIOLOGY
1475,M,10,3,GENERAL
1476,M,1,5,SURGERY
1477,M,6,4,SURGERY
1478,M,6,4,ORTHOPEDICS
1479,F,7,4,CARDIOLOGY
1480,F,7,4,ORTHOPEDICS
1481,F,1,5,ORTHOPEDICS
1482,M,6,4,GENERAL
1483,M,6,4,SURGERY
1484,F,1,5,CARDIOLOGY
1485,M,6,4,GENERAL
1486,F,8,4,CARDIOLOGY
1487,F,13,3,GENERAL
1488,F,11,3,GENERAL
1489,F,6,4,SURGERY
1490,M,1,5,GENERAL
1491,M,1,5,SURGERY
1492,M,13,2,GENERAL
1493,F,1,5,GENERAL
1494,M,1,5,SURGERY
1495,F,10,4,GENERAL
1496,F,10,3,CARDIOLOGY
1497,F,10,4,GENERAL
1498,M,13,2,ORTHOPEDICS
1499,F,1,5,GENERAL
1500,F,10,4,GENERAL
1501,M,6,5,GENERAL
1502,M,6,4,CARDIOLOGY
1503,F,1,5,CARDIOLOGY
1504,M,1,7,GENERAL
1505,M,10,4,GENERAL
1506,F,10,3,GENERAL
1507,F,6,4,CARDIOLOGY
1508,M,10,4,ORTHOPEDICS
1509,F,1,5,SURGERY
1510,M,1,5,CARDIOLOGY
1511,F,13,3,ORTHOPEDICS
1512,F,10,4,GENERAL
1513,F,1,5,ORTHOPEDICS
1514,M,11,3,GENERAL
1515,M,7,4,GENERAL
1516,F,1,5,CARDIOLOGY
1517,F,6,4,CARDIOLOGY
1518,M,6,4,GENERAL
1519,M,11,3,CARDIOLOGY
1520,M,1,5,ORTHOPEDICS
1521,M,11,3,ORTHOPEDICS
1522,F,13,2,CARDIOLOGY
1523,F,13,2,SURGERY
1524,F,6,4,SURGERY
1525,F,13,3,SURGERY
1526,M,6,4,SURGERY
1527,F,10,4,SURGERY
1528,F,6,4,CARDIOLOGY
1529,M,13,3,ORTHOPEDICS
1530,M,1,5,GENERAL
1531,M,6,4,GENERAL
1532,M,13,3,GENERAL
1533,M,13,2,CARDIOLOGY
1534,F,7,4,GENERAL
1535,M,10,4,SURGERY
1536,M,1,5,GENERAL
1537,F,1,5,CARDIOLOGY
1538,M,10,4,GENERAL
1539,F,10,3,GENERAL
1540,F,6,4,CARDIOLOGY
1541,F,10,3,ORTHOPEDICS
1542,M,1,5,GENERAL
1543,F,10,4,GENERAL
1544,M,11,3,SURGERY
1545,M,1,5,CARDIOLOGY
1546,F,6,4,SURGERY
1547,F,1,6,ORTHOPEDICS
1548,M,13,3,GENERAL
1549,M,1,5,GENERAL
1550,F,1,5,SURGERY
1551,F,7,4,GENERAL
1552,F,10,4,GENERAL
1553,M,11,3,CARDIOLOGY
1554,M,11,3,GENERAL
1555,M,6,4,GENERAL
1556,F,1,5,GENERAL
1557,M,10,3,GENERAL
1558,F,1,5,CARDIOLOGY
1559,F,11,3,CARDIOLOGY
1560,F,10,3,GENERAL
1561,F,6,4,ORTHOPEDICS
1562,F,7,4,CARDIOLOGY
1563,M,13,3,GENERAL
1564,F,10,3,SURGERY
1565,F,1,5,GENERAL
1566,M,1,5,GENERAL
1567,F,7,4,GENERAL
1568,F,1,6,GENERAL
1569,M,1,5,ORTHOPEDICS
1570,F,1,5,ORTHOPEDICS
1571,M,10,4,CARDIOLOGY
1572,F,11,3,CARDIOLOGY
1573,M,13,2,GENERAL
1574,M,6,4,GENERAL
1575,F,1,6,GENERAL
1576,M,11,3,ORTHOPEDICS
1577,M,1,5,GENERAL
1578,F,11,3,ORTHOPEDICS
1579,F,7,4,SURGERY
1580,F,10,4,GENERAL
1581,M,13,3,SURGERY
1582,M,7,4,GENERAL
1583,M,1,5,CARDIOLOGY
1584,F,11,3,GENERAL
1585,F,11,3,GENERAL
1586,M,6,4,GENERAL
1587,M,6,4,GENERAL
1588,F,10,3,GENERAL
1589,M,1,5,GENERAL
1590,F,10,4,ORTHOPEDICS
1591,F,6,4,SURGERY
1592,M,6,4,ORTHOPEDICS
1593,M,6,4,SURGERY
1594,F,6,4,SURGERY
1595,M,10,4,ORTHOPEDICS
1596,F,7,4,CARDIOLOGY
1597,F,7,4,CARDIOLOGY
1598,F,10,3,GENERAL
1599,M,11,3,ORTHOPEDICS
1600,F,1,5,SURGERY
1601,M,13,2,GENERAL
1602,F,6,4,CARDIOLOGY
1603,M,7,4,GENERAL
1604,M,10,4,ORTHOPEDICS
1605,M,1,5,GENERAL
1606,M,8,4,ORTHOPEDICS
1607,F,1,5,GENERAL
1608,M,1,6,ORTHOPEDICS
1609,F,6,5,SURGERY
1610,F,7,4,CARDIOLOGY
1611,M,1,5,GENERAL
1612,F,6,4,GENERAL
1613,M,10,3,GENERAL
1614,M,10,4,GENERAL
1615,F,1,6,GENERAL
1616,F,1,5,GENERAL
1617,M,1,5,GENERAL
1618,F,1,6,SURGERY
1619,M,10,4,CARDIOLOGY
1620,M,1,5,SURGERY
1621,F,1,6,GENERAL
1622,F,6,4,SURGERY
1623,M,1,5,SURGERY
1624,M,1,5,GENERAL
1625,M,1,5,ORTHOPEDICS
1626,F,10,4,ORTHOPEDICS
1627,F,1,5,GENERAL
1628,M,10,3,ORTHOPEDICS
1629,F,1,6,SURGERY
1630,F,6,4,SURGERY
1631,F,10,3,CARDIOLOGY
1632,F,1,5,GENERAL
1633,F,10,3,GENERAL
1634,M,7,4,GENERAL
1635,F,13,2,GENERAL
1636,F,6,4,ORTHOPEDICS
1637,F,6,4,GENERAL
1638,F,1,6,ORTHOPEDICS
1639,F,7,4,SURGERY
1640,M,6,4,ORTHOPEDICS
1641,F,13,3,ORTHOPEDICS
1642,F,6,4,GENERAL
1643,M,6,4,CARDIOLOGY
1644,F,1,6,GENERAL
1645,M,11,3,GENERAL
1646,M,13,3,GENERAL
1647,F,10,3,GENERAL
1648,M,1,6,GENERAL
1649,M,10,4,CARDIOLOGY
1650,F,1,6,CARDIOLOGY
1651,M,1,5,GENERAL
1652,M,1,5,GENERAL
1653,M,6,4,GENERAL
1654,M,10,3,ORTHOPEDICS
1655,M,10,3,SURGERY
1656,M,1,6,CARDIOLOGY
1657,F,10,3,GENERAL
1658,F,6,4,CARDIOLOGY
1659,M,13,2,GENERAL
1660,F,1,6,SURGERY
1661,M,1,5,GENERAL
1662,F,1,5,GENERAL
1663,F,1,5,ORTHOPEDICS
1664,F,10,3,GENERAL
1665,M,1,5,CARDIOLOGY
1666,M,1,6,GENERAL
1667,M,13,2,GENERAL
1668,M,10,4,CARDIOLOGY
1669,M,11,3,GENERAL
1670,F,6,4,ORTHOPEDICS
1671,M,7,4,GENERAL
1672,F,6,4,GENERAL
1673,M,13,2,GENERAL
1674,M,13,2,GENERAL
1675,M,1,6,CARDIOLOGY
1676,F,1,5,ORTHOPEDICS
1677,F,1,5,SURGERY
1678,M,1,5,ORTHOPEDICS
1679,M,10,3,CARDIOLOGY
1680,F,6,4,GENERAL
1681,F,1,5,GENERAL
1682,F,6,4,GENERAL
1683,M,7,4,SURGERY
1684,F,13,2,GENERAL
1685,M,6,4,GENERAL
1686,M,12,3,CARDIOLOGY
1687,F,10,4,ORTHOPEDICS
1688,F,1,5,ORTHOPEDICS
1689,M,1,6,GENERAL
1690,M,11,3,CARDIOLOGY
1691,M,6,4,GENERAL
1692,M,10,3,CARDIOLOGY
1693,M,6,4,ORTHOPEDICS
1694,M,10,4,SURGERY
1695,F,1,6,CARDIOLOGY
1696,F,6,5,GENERAL
1697,F,10,3,SURGERY
1698,F,10,3,GENERAL
1699,M,1,5,GENERAL
1700,F,10,4,SURGERY
1701,F,11,3,CARDIOLOGY
1702,M,1,5,GENERAL
1703,F,1,5,GENERAL
1704,M,10,3,CARDIOLOGY
1705,M,1,5,SURGERY
1706,M,11,3,ORTHOPEDICS
1707,M,6,4,ORTHOPEDICS
1708,M,6,4,SURGERY
1709,M,1,6,CARDIOLOGY
1710,F,10,3,CARDIOLOGY
1711,M,7,4,ORTHOPEDICS
1712,M,6,4,GENERAL
1713,F,11,3,CARDIOLOGY
1714,M,10,4,GENERAL
1715,M,1,6,SURGERY
1716,M,6,4,GENERAL
1717,F,1,5,ORTHOPEDICS
1718,M,13,3,CARDIOLOGY
1719,M,1,5,GENERAL
1720,M,1,5,SURGERY
1721,F,13,3,CARDIOLOGY
1722,F,1,5,GENERAL
1723,F,1,5,GENERAL
1724,M,13,3,ORTHOPEDICS
1725,M,10,3,GENERAL
1726,M,6,4,SURGERY
1727,F,13,2,CARDIOLOGY
1728,M,11,3,SURGERY
1729,F,10,3,SURGERY
1730,F,6,4,SURGERY
1731,M,11,3,ORTHOPEDICS
1732,F,1,5,GENERAL
1733,F,10,3,ORTHOPEDICS
1734,F,6,4,SURGERY
1735,F,13,3,GENERAL
1736,M,11,3,ORTHOPEDICS
1737,F,1,5,ORTHOPEDICS
1738,M,1,5,ORTHOPEDICS
1739,M,11,3,GENERAL
1740,F,10,4,GENERAL
1741,M,7,4,GENERAL
1742,F,10,3,ORTHOPEDICS
1743,F,10,4,SURGERY
1744,M,1,5,CARDIOLOGY
1745,F,10,3,CARDIOLOGY
1746,M,6,4,SURGERY
1747,F,11,3,SURGERY
1748,F,6,4,ORTHOPEDICS
1749,M,10,3,CARDIOLOGY
1750,M,10,4,CARDIOLOGY
1751,F,1,5,GENERAL
1752,F,10,4,CARDIOLOGY
1753,M,1,5,CARDIOLOGY
1754,F,6,4,GENERAL
1755,M,10,4,ORTHOPEDICS
1756,F,11,3,GENERAL
1757,M,13,3,CARDIOLOGY
1758,F,1,5,ORTHOPEDICS
1759,F,1,5,GENERAL
1760,M,6,4,ORTHOPEDICS
1761,F,6,4,GENERAL
1762,F,13,3,CARDIOLOGY
1763,M,11,3,CARDIOLOGY
1764,M,13,2,CARDIOLOGY
1765,F,7,4,SURGERY
1766,F,1,5,SURGERY
1767,F,1,5,GENERAL
1768,F,10,3,SURGERY
1769,F,6,4,GENERAL
1770,F,1,5,SURGERY
1771,M,1,5,GENERAL
1772,M,1,6,ORTHOPEDICS
1773,F,1,6,GENERAL
1774,M,8,4,ORTHOPEDICS
1775,M,6,4,ORTHOPEDICS
1776,F,13,3,ORTHOPEDICS
1777,F,10,3,GENERAL
1778,M,1,5,GENERAL
1779,F,1,5,SURGERY
1780,F,6,4,ORTHOPEDICS
1781,M,10,3,SURGERY
1782,M,11,3,SURGERY
1783,M,6,4,GENERAL
1784,F,6,4,CARDIOLOGY
1785,M,10,4,ORTHOPEDICS
1786,M,7,4,ORTHOPEDICS
1787,M,1,5,ORTHOPEDICS
1788,F,1,5,GENERAL
1789,F,1,6,SURGERY
1790,M,11,3,ORTHOPEDICS
1791,F,13,2,CARDIOLOGY
1792,F,6,4,ORTHOPEDICS
1793,F,11,3,GENERAL
1794,F,7,4,SURGERY
1795,M,10,4,CARDIOLOGY
1796,F,10,4,CARDIOLOGY
1797,M,6,4,SURGERY
1798,F,1,5,GENERAL
1799,M,10,3,CARDIOLOGY
1800,F,1,5,CARDIOLOGY
1801,F,10,3,CARDIOLOGY
1802,M,1,5,SURGERY
1803,M,1,5,ORTHOPEDICS
1804,M,1,5,CARDIOLOGY
1805,F,1,5,GENERAL
1806,F,7,4,GENERAL
1807,M,10,3,GENERAL
1808,F,6,4,SURGERY
1809,M,10,3,GENERAL
1810,M,13,3,GENERAL
1811,M,10,3,GENERAL
1812,F,10,3,GENERAL
1813,F,7,4,SURGERY
1814,M,13,2,SURGERY
1815,M,1,5,GENERAL
1816,M,10,3,ORTHOPEDICS
1817,F,1,5,GENERAL
1818,M,8,4,SURGERY
1819,M,6,4,SURGERY
1820,M,10,3,GENERAL
1821,F,10,3,SURGERY
1822,F,13,2,SURGERY
1823,M,13,3,ORTHOPEDICS
1824,F,6,4,ORTHOPEDICS
1825,F,6,4,GENERAL
1826,M,6,4,GENERAL
1827,F,1,7,SURGERY
1828,F,10,3,ORTHOPEDICS
1829,M,6,4,ORTHOPEDICS
1830,F,10,4,CARDIOLOGY
1831,F,6,4,ORTHOPEDICS
1832,M,10,3,ORTHOPEDICS
1833,M,13,3,ORTHOPEDICS
1834,F,6,5,ORTHOPEDICS
1835,M,1,6,SURGERY
1836,M,7,4,GENERAL
1837,M,7,4,GENERAL
1838,M,6,4,GENERAL
1839,M,6,4,ORTHOPEDICS
1840,F,6,4,GENERAL
1841,F,1,5,SURGERY
1842,M,7,4,ORTHOPEDICS
1843,F,1,6,SURGERY
1844,F,1,5,CARDIOLOGY
1845,F,1,5,GENERAL
1846,F,1,6,CARDIOLOGY
1847,M,10,4,GENERAL
1848,M,10,3,CARDIOLOGY
1849,F,11,3,CARDIOLOGY
1850,F,13,2,ORTHOPEDICS
1851,M,6,4,CARDIOLOGY
1852,M,1,5,GENERAL
1853,F,13,3,CARDIOLOGY
1854,M,10,3,SURGERY
1855,M,1,7,SURGERY
1856,F,6,4,SURGERY
1857,F,6,4,SURGERY
1858,M,10,3,GENERAL
1859,M,13,3,SURGERY
1860,F,1,5,CARDIOLOGY
1861,F,1,5,GENERAL
1862,M,10,3,CARDIOLOGY
1863,F,6,4,GENERAL
1864,M,1,5,GENERAL
1865,M,6,4,ORTHOPEDICS
1866,M,1,6,GENERAL
1867,F,10,3,CARDIOLOGY
1868,M,1,6,ORTHOPEDICS
1869,F,7,4,CARDIOLOGY
1870,M,10,4,GENERAL
1871,F,10,4,CARDIOLOGY
1872,M,13,2,GENERAL
1873,M,1,5,ORTHOPEDICS
1874,M,6,4,CARDIOLOGY
1875,M,1,5,ORTHOPEDICS
1876,F,1,6,SURGERY
1877,F,11,3,CARDIOLOGY
1878,M,1,5,GENERAL
1879,M,6,4,CARDIOLOGY
1880,M,6,4,CARDIOLOGY
1881,F,7,4,GENERAL
1882,M,1,5,GENERAL
1883,M,6,4,GENERAL
1884,M,11,3,GENERAL
1885,M,6,4,ORTHOPEDICS
1886,F,6,4,GENERAL
1887,M,1,5,ORTHOPEDICS
1888,F,6,4,GENERAL
1889,M,1,5,GENERAL
1890,M,10,4,SURGERY
1891,M,1,5,GENERAL
1892,F,10,3,CARDIOLOGY
1893,F,6,4,CARDIOLOGY
1894,M,10,3,CARDIOLOGY
1895,M,1,5,GENERAL
1896,M,10,3,SURGERY
1897,M,11,3,GENERAL
1898,F,10,3,ORTHOPEDICS
1899,F,6,4,CARDIOLOGY
1900,M,1,5,ORTHOPEDICS
1901,F,10,4,GENERAL
1902,M,11,3,CARDIOLOGY
1903,M,1,5,SURGERY
1904,M,1,6,SURGERY
1905,M,1,6,GENERAL
1906,M,1,5,SURGERY
1907,M,1,5,GENERAL
1908,M,1,6,CARDIOLOGY
1909,M,11,3,GENERAL
1910,F,6,4,GENERAL
1911,F,1,5,GENERAL
1912,F,1,5,CARDIOLOGY
1913,F,10,4,GENERAL
1914,M,1,5,SURGERY
1915,F,1,5,GENERAL
1916,F,6,4,SURGERY
1917,M,1,6,SURGERY
1918,M,10,4,CARDIOLOGY
1919,M,10,3,GENERAL
1920,F,6,4,GENERAL
1921,M,10,4,GENERAL
1922,M,1,5,GENERAL
1923,F,6,4,SURGERY
1924,F,10,3,GENERAL
1925,M,1,5,SURGERY
1926,M,13,2,ORTHOPEDICS
1927,F,1,5,CARDIOLOGY
1928,F,7,4,SURGERY
1929,F,10,4,GENERAL
1930,M,6,4,GENERAL
1931,F,6,4,GENERAL
1932,F,11,3,ORTHOPEDICS
1933,M,10,3,GENERAL
1934,M,1,7,SURGERY
1935,F,6,4,GENERAL
1936,M,6,4,ORTHOPEDICS
1937,F,11,3,ORTHOPEDICS
1938,M,11,3,SURGERY
1939,F,6,4,SURGERY
1940,F,6,4,SURGERY
1941,F,10,4,GENERAL
1942,F,10,4,SURGERY
1943,M,13,2,GENERAL
1944,M,10,4,GENERAL
1945,F,1,5,SURGERY
1946,F,1,5,GENERAL
1947,M,1,5,SURGERY
1948,F,6,4,ORTHOPEDICS
1949,M,10,3,CARDIOLOGY
1950,F,1,5,ORTHOPEDICS
1951,F,11,3,CARDIOLOGY
1952,M,10,3,SURGERY
1953,M,11,3,CARDIOLOGY
1954,F,13,3,GENERAL
1955,M,6,4,ORTHOPEDICS
1956,M,13,2,GENERAL
1957,F,7,4,GENERAL
1958,F,6,4,CARDIOLOGY
1959,F,6,4,SURGERY
1960,M,10,3,CARDIOLOGY
1961,M,12,3,SURGERY
1962,F,6,4,GENERAL
1963,F,6,4,SURGERY
1964,M,6,4,GENERAL
1965,M,11,3,ORTHOPEDICS
1966,M,1,5,GENERAL
1967,F,1,6,ORTHOPEDICS
1968,F,1,5,ORTHOPEDICS
1969,M,7,4,GENERAL
1970,M,10,3,CARDIOLOGY
1971,F,1,6,CARDIOLOGY
1972,M,6,4,GENERAL
1973,F,11,3,SURGERY
1974,M,6,4,ORTHOPEDICS
1975,M,10,4,GENERAL
1976,F,10,4,CARDIOLOGY
1977,F,11,3,SURGERY
1978,F,13,3,GENERAL
1979,F,6,4,GENERAL
1980,M,1,5,ORTHOPEDICS
1981,M,1,5,ORTHOPEDICS
1982,M,7,4,SURGERY
1983,F,1,5,CARDIOLOGY
1984,M,1,5,SURGERY
1985,M,6,4,GENERAL
1986,M,1,5,GENERAL
1987,M,6,4,GENERAL
1988,M,6,4,ORTHOPEDICS
1989,F,7,4,SURGERY
1990,F,1,5,GENERAL
1991,M,1,5,GENERAL
1992,F,1,5,CARDIOLOGY
1993,M,10,4,GENERAL
1994,M,7,4,CARDIOLOGY
1995,F,13,2,SURGERY
1996,M,6,4,GENERAL
1997,F,1,5,CARDIOLOGY
1998,F,11,3,ORTHOPEDICS
1999,M,6,4,GENERAL
2000,M,1,6,CARDIOLOGY
2001,M,1,5,ORTHOPEDICS
2002,F,13,2,ORTHOPEDICS
2003,M,6,5,CARDIOLOGY
2004,M,6,4,GENERAL
2005,F,7,4,GENERAL
2006,F,1,5,GENERAL
2007,F,6,4,GENERAL
2008,F,1,5,ORTHOPEDICS
2009,F,7,4,GENERAL
2010,F,7,4,CARDIOLOGY
2011,M,1,6,GENERAL
2012,F,10,4,GENERAL
2013,F,13,2,GENERAL
2014,M,6,4,CARDIOLOGY
2015,F,1,5,GENERAL
2016,M,1,5,GENERAL
2017,F,11,3,SURGERY
2018,M,10,4,GENERAL
2019,M,1,6,ORTHOPEDICS
2020,F,1,6,SURGERY
2021,M,1,5,SURGERY
2022,F,1,5,SURGERY
2023,F,1,5,GENERAL
2024,M,1,6,GENERAL
2025,M,10,4,ORTHOPEDICS
2026,F,7,4,SURGERY
2027,F,13,3,SURGERY
2028,F,12,3,GENERAL
2029,F,10,3,ORTHOPEDICS
2030,M,10,4,CARDIOLOGY
2031,F,10,4,GENERAL
2032,F,10,3,SURGERY
2033,F,1,5,CARDIOLOGY
2034,F,1,5,ORTHOPEDICS
2035,M,6,4,SURGERY
2036,F,6,4,GENERAL
2037,M,1,5,CARDIOLOGY
2038,F,13,3,SURGERY
2039,M,7,4,ORTHOPEDICS
2040,F,10,4,SURGERY
2041,F,13,2,CARDIOLOGY
2042,M,6,4,ORTHOPEDICS
2043,F,10,3,GENERAL
2044,F,10,4,GENERAL
2045,F,13,2,ORTHOPEDICS
2046,F,10,4,ORTHOPEDICS
2047,M,8,4,GENERAL
2048,M,1,5,GENERAL
2049,F,6,4,CARDIOLOGY
2050,M,13,3,SURGERY
2051,M,10,4,GENERAL
2052,F,13,3,SURGERY
2053,F,11,3,CARDIOLOGY
2054,F,1,5,GENERAL
2055,F,12,3,CARDIOLOGY
2056,M,10,4,ORTHOPEDICS
2057,M,8,4,ORTHOPEDICS
2058,M,13,2,ORTHOPEDICS
2059,F,1,5,CARDIOLOGY
2060,M,11,3,GENERAL
2061,F,6,4,ORTHOPEDICS
2062,M,6,4,GENERAL
2063,M,7,4,ORTHOPEDICS
2064,F,10,4,GENERAL
2065,M,10,3,CARDIOLOGY
2066,F,10,3,SURGERY
2067,M,1,6,CARDIOLOGY
2068,M,11,3,CARDIOLOGY
2069,F,7,4,GENERAL
2070,F,1,6,GENERAL
2071,M,10,3,GENERAL
2072,M,7,4,GENERAL
2073,M,6,4,GENERAL
2074,F,6,4,ORTHOPEDICS
2075,F,1,5,SURGERY
2076,F,10,4,SURGERY
2077,F,7,4,GENERAL
2078,M,6,4,SURGERY
2079,M,10,3,CARDIOLOGY
2080,F,13,2,GENERAL
2081,F,1,5,ORTHOPEDICS
2082,F,1,5,GENERAL
2083,M,1,5,SURGERY
2084,M,6,4,ORTHOPEDICS
2085,M,10,4,ORTHOPEDICS
2086,F,13,2,SURGERY
2087,F,11,3,SURGERY
2088,F,6,4,CARDIOLOGY
2089,M,1,5,GENERAL
2090,F,10,3,CARDIOLOGY
2091,F,6,4,SURGERY
2092,F,10,4,CARDIOLOGY
2093,M,1,5,CARDIOLOGY
2094,F,7,4,GENERAL
2095,M,1,5,CARDIOLOGY
2096,M,6,4,GENERAL
2097,M,6,4,GENERAL
2098,F,10,4,CARDIOLOGY
2099,M,6,4,CARDIOLOGY
2100,M,10,4,GENERAL
2101,F,1,5,GENERAL
2102,F,1,6,GENERAL
2103,F,1,5,GENERAL
2104,F,1,5,GENERAL
2105,F,1,5,GENERAL
2106,F,11,3,CARDIOLOGY
2107,M,1,5,CARDIOLOGY
2108,M,13,2,ORTHOPEDICS
2109,F,6,4,SURGERY
2110,M,1,5,SURGERY
2111,M,1,5,CARDIOLOGY
2112,F,6,5,CARDIOLOGY
2113,F,13,2,GENERAL
2114,F,10,3,ORTHOPEDICS
2115,F,1,5,ORTHOPEDICS
2116,F,1,5,CARDIOLOGY
2117,F,1,5,ORTHOPEDICS
2118,F,10,3,ORTHOPEDICS
2119,F,10,3,GENERAL
2120,F,6,5,SURGERY
2121,F,10,3,SURGERY
2122,M,10,4,CARDIOLOGY
2123,F,6,4,GENERAL
2124,M,1,5,GENERAL
2125,F,1,5,SURGERY
2126,F,6,4,CARDIOLOGY
2127,M,13,3,CARDIOLOGY
2128,M,13,2,SURGERY
2129,M,1,5,GENERAL
2130,F,13,3,GENERAL
2131,F,10,3,ORTHOPEDICS
2132,M,1,5,GENERAL
2133,F,6,4,GENERAL
2134,F,7,4,GENERAL
2135,F,13,3,SURGERY
2136,M,1,6,GENERAL
2137,M,7,4,SURGERY
2138,M,1,5,GENERAL
2139,M,6,4,GENERAL
2140,M,7,4,GENERAL
2141,F,6,4,CARDIOLOGY
2142,M,6,4,GENERAL
2143,F,10,4,SURGERY
2144,M,6,4,CARDIOLOGY
2145,M,1,5,GENERAL
2146,F,13,2,CARDIOLOGY
2147,F,6,5,CARDIOLOGY
2148,F,11,3,ORTHOPEDICS
2149,F,11,3,SURGERY
2150,F,7,4,SURGERY
2151,F,13,3,GENERAL
2152,F,6,4,GENERAL
2153,M,1,5,ORTHOPEDICS
2154,F,1,5,SURGERY
2155,F,6,4,GENERAL
2156,M,1,6,SURGERY
2157,F,10,3,GENERAL
2158,F,1,5,ORTHOPEDICS
2159,F,1,5,ORTHOPEDICS
2160,F,7,4,CARDIOLOGY
2161,M,10,4,ORTHOPEDICS
2162,F,11,3,ORTHOPEDICS
2163,F,13,2,ORTHOPEDICS
2164,M,11,3,CARDIOLOGY
2165,F,1,5,CARDIOLOGY
2166,M,10,4,CARDIOLOGY
2167,M,1,6,ORTHOPEDICS
2168,M,1,5,SURGERY
2169,F,6,4,CARDIOLOGY
2170,M,10,4,CARDIOLOGY
2171,F,7,4,GENERAL
2172,F,6,4,GENERAL
2173,M,1,5,GENERAL
2174,M,13,2,ORTHOPEDICS
2175,F,1,6,ORTHOPEDICS
2176,M,1,5,SURGERY
2177,F,6,4,GENERAL
2178,M,13,2,ORTHOPEDICS
2179,F,6,4,ORTHOPEDICS
2180,F,10,3,GENERAL
2181,M,10,4,ORTHOPEDICS
2182,M,1,6,GENERAL
2183,F,1,6,GENERAL
2184,M,13,2,SURGERY
2185,M,7,4,GENERAL
2186,M,11,3,SURGERY
2187,F,1,5,GENERAL
2188,M,11,3,ORTHOPEDICS
2189,F,1,6,SURGERY
2190,M,10,3,SURGERY
2191,M,1,5,GENERAL
2192,M,1,5,GENERAL
2193,F,6,4,ORTHOPEDICS
2194,F,1,5,ORTHOPEDICS
2195,F,6,4,ORTHOPEDICS
2196,M,1,5,CARDIOLOGY
2197,M,1,5,CARDIOLOGY
2198,M,13,2,CARDIOLOGY
2199,F,1,5,ORTHOPEDICS
2200,F,10,4,ORTHOPEDICS
2201,F,10,3,ORTHOPEDICS
2202,F,1,5,GENERAL
2203,F,6,4,GENERAL
2204,F,6,4,GENERAL
2205,M,7,4,CARDIOLOGY
2206,M,10,3,GENERAL
2207,M,7,4,GENERAL
2208,M,10,4,GENERAL
2209,F,1,5,GENERAL
2210,M,1,6,ORTHOPEDICS
2211,M,1,5,ORTHOPEDICS
2212,F,6,4,ORTHOPEDICS
2213,M,10,3,SURGERY
2214,M,1,5,GENERAL
2215,M,1,6,SURGERY
2216,F,1,6,GENERAL
2217,M,13,2,CARDIOLOGY
2218,M,1,5,GENERAL
2219,M,1,5,SURGERY
2220,M,6,4,SURGERY
2221,F,11,3,SURGERY
2222,F,10,4,ORTHOPEDICS
2223,F,10,3,CARDIOLOGY
2224,F,10,4,GENERAL
2225,F,10,4,GENERAL
2226,M,11,3,GENERAL
2227,M,7,4,ORTHOPEDICS
2228,M,1,6,CARDIOLOGY
2229,F,10,4,GENERAL
2230,F,11,3,CARDIOLOGY
2231,F,1,5,ORTHOPEDICS
2232,F,6,4,GENERAL
2233,F,1,5,ORTHOPEDICS
2234,F,11,3,SURGERY
2235,F,13,3,SURGERY
2236,M,6,4,GENERAL
2237,M,7,4,ORTHOPEDICS
2238,F,1,6,ORTHOPEDICS
2239,F,11,3,GENERAL
2240,F,11,3,CARDIOLOGY
2241,M,10,4,ORTHOPEDICS
2242,M,7,4,SURGERY
2243,M,10,4,GENERAL
2244,F,13,1,GENERAL
2245,F,13,3,SURGERY
2246,M,10,4,ORTHOPEDICS
2247,F,13,2,GENERAL
2248,M,1,5,CARDIOLOGY
2249,F,13,2,CARDIOLOGY
2250,M,10,3,GENERAL
2251,M,6,4,GENERAL
2252,M,1,5,GENERAL
2253,F,1,6,GENERAL
2254,F,6,4,SURGERY
2255,M,1,5,GENERAL
2256,F,1,5,ORTHOPEDICS
2257,F,6,4,SURGERY
2258,F,6,4,GENERAL
2259,F,1,5,GENERAL
2260,M,10,4,CARDIOLOGY
2261,F,13,3,GENERAL
2262,M,10,3,GENERAL
2263,M,6,4,GENERAL
2264,F,10,4,GENERAL
2265,M,11,3,GENERAL
2266,M,6,4,CARDIOLOGY
2267,F,13,2,GENERAL
2268,F,10,4,CARDIOLOGY
2269,F,6,4,GENERAL
2270,F,1,5,GENERAL
2271,F,13,2,ORTHOPEDICS
2272,F,10,3,GENERAL
2273,M,13,3,GENERAL
2274,M,1,5,GENERAL
2275,M,13,3,GENERAL
2276,M,1,5,GENERAL
2277,F,11,3,ORTHOPEDICS
2278,M,6,4,ORTHOPEDICS
2279,F,10,4,SURGERY
2280,M,11,3,SURGERY
2281,F,7,4,ORTHOPEDICS
2282,M,7,4,ORTHOPEDICS
2283,M,1,5,GENERAL
2284,F,1,5,CARDIOLOGY
2285,F,6,4,SURGERY
2286,F,1,5,GENERAL
2287,F,13,1,CARDIOLOGY
2288,F,1,5,ORTHOPEDICS
2289,M,1,7,GENERAL
2290,F,10,4,CARDIOLOGY
2291,F,11,3,CARDIOLOGY
2292,F,1,5,SURGERY
2293,F,10,4,GENERAL
2294,F,11,3,SURGERY
2295,F,6,4,SURGERY
2296,F,6,4,SURGERY
2297,M,1,5,GENERAL
2298,F,1,5,GENERAL
2299,M,6,4,CARDIOLOGY
2300,F,6,4,GENERAL
2301,M,13,2,SURGERY
2302,M,10,3,CARDIOLOGY
2303,M,6,4,GENERAL
2304,F,1,6,SURGERY
2305,M,13,3,GENERAL
2306,F,6,4,GENERAL
2307,F,10,3,SURGERY
2308,F,10,4,CARDIOLOGY
2309,M,10,3,GENERAL
2310,F,6,4,GENERAL
2311,M,6,4,CARDIOLOGY
2312,M,10,4,SURGERY
2313,F,6,4,CARDIOLOGY
2314,F,1,5,CARDIOLOGY
2315,F,6,4,ORTHOPEDICS
2316,F,1,5,ORTHOPEDICS
2317,F,1,6,CARDIOLOGY
2318,F,1,5,GENERAL
2319,M,6,4,ORTHOPEDICS
2320,F,1,6,GENERAL
2321,M,1,5,GENERAL
2322,M,7,4,GENERAL
2323,M,7,4,SURGERY
2324,F,8,4,SURGERY
2325,M,1,5,GENERAL
2326,F,1,5,GENERAL
2327,M,1,5,CARDIOLOGY
2328,F,10,4,CARDIOLOGY
2329,F,1,6,SURGERY
2330,M,1,5,GENERAL
2331,F,13,2,CARDIOLOGY
2332,F,7,4,ORTHOPEDICS
2333,M,6,4,ORTHOPEDICS
2334,F,11,3,SURGERY
2335,F,10,4,SURGERY
2336,F,1,5,ORTHOPEDICS
2337,M,10,4,SURGERY
2338,F,1,5,GENERAL
2339,F,8,4,CARDIOLOGY
2340,F,6,4,GENERAL
2341,F,6,4,SURGERY
2342,M,13,2,SURGERY
2343,F,7,4,GENERAL
2344,F,7,4,CARDIOLOGY
2345,F,1,5,ORTHOPEDICS
2346,F,11,3,GENERAL
2347,F,1,5,ORTHOPEDICS
2348,M,1,6,CARDIOLOGY
2349,M,1,6,GENERAL
2350,F,6,5,GENERAL
2351,M,7,4,CARDIOLOGY
2352,M,1,6,GENERAL
2353,F,1,6,SURGERY
2354,M,12,3,ORTHOPEDICS
2355,F,11,3,SURGERY
2356,F,11,3,CARDIOLOGY
2357,M,6,4,SURGERY
2358,M,7,4,ORTHOPEDICS
2359,F,1,6,CARDIOLOGY
2360,F,7,4,SURGERY
2361,F,6,4,CARDIOLOGY
2362,F,1,6,GENERAL
2363,M,7,4,SURGERY
2364,M,1,5,CARDIOLOGY
2365,F,10,4,GENERAL
2366,M,10,4,GENERAL
2367,F,7,4,GENERAL
2368,F,10,3,CARDIOLOGY
2369,M,1,5,SURGERY
2370,M,7,4,ORTHOPEDICS
2371,M,6,4,SURGERY
2372,F,1,5,ORTHOPEDICS
2373,M,13,2,ORTHOPEDICS
2374,F,11,3,CARDIOLOGY
2375,M,11,3,GENERAL
2376,F,13,2,SURGERY
2377,F,6,4,CARDIOLOGY
2378,M,10,4,GENERAL
2379,M,6,4,SURGERY
2380,M,1,5,CARDIOLOGY
2381,F,1,5,CARDIOLOGY
2382,M,6,4,GENERAL
2383,F,10,4,GENERAL
2384,F,13,2,CARDIOLOGY
2385,M,1,5,GENERAL
2386,M,10,3,ORTHOPEDICS
2387,M,6,4,GENERAL
2388,M,6,4,ORTHOPEDICS
2389,M,6,4,ORTHOPEDICS
2390,M,1,5,SURGERY
2391,M,1,5,GENERAL
2392,M,11,3,GENERAL
2393,F,6,4,GENERAL
2394,F,10,4,SURGERY
2395,F,10,3,CARDIOLOGY
2396,M,13,2,CARDIOLOGY
2397,M,11,3,CARDIOLOGY
2398,F,6,4,CARDIOLOGY
2399,F,13,3,CARDIOLOGY
2400,M,1,6,ORTHOPEDICS
2401,M,10,3,ORTHOPEDICS
2402,M,7,4,GENERAL
2403,F,10,3,ORTHOPEDICS
2404,F,6,4,SURGERY
2405,F,6,4,SURGERY
2406,F,1,6,ORTHOPEDICS
2407,F,6,4,SURGERY
2408,M,6,4,CARDIOLOGY
2409,M,10,4,SURGERY
2410,M,1,5,GENERAL
2411,F,1,5,GENERAL
2412,F,1,5,GENERAL
2413,F,1,6,GENERAL
2414,F,1,6,GENERAL
2415,F,6,4,SURGERY
2416,F,1,5,ORTHOPEDICS
2417,F,1,5,SURGERY
2418,M,1,5,GENERAL
2419,F,6,4,GENERAL
2420,F,1,5,ORTHOPEDICS
2421,F,13,3,GENERAL
2422,F,7,4,SURGERY
2423,F,1,5,GENERAL
2424,M,1,5,ORTHOPEDICS
2425,M,6,4,CARDIOLOGY
2426,F,7,4,GENERAL
2427,F,1,5,SURGERY
2428,M,1,6,ORTHOPEDICS
2429,M,1,5,SURGERY
2430,F,1,6,GENERAL
2431,M,6,4,GENERAL
2432,F,7,4,ORTHOPEDICS
2433,F,6,4,GENERAL
2434,M,1,5,ORTHOPEDICS
2435,M,1,5,CARDIOLOGY
2436,F,1,5,ORTHOPEDICS
2437,F,7,4,GENERAL
2438,M,10,3,CARDIOLOGY
2439,F,1,5,GENERAL
2440,F,13,2,GENERAL
2441,F,1,6,CARDIOLOGY
2442,F,1,5,ORTHOPEDICS
2443,F,6,4,GENERAL
2444,F,10,3,ORTHOPEDICS
2445,F,10,3,CARDIOLOGY
2446,M,1,5,ORTHOPEDICS
2447,M,10,3,GENERAL
2448,M,1,5,GENERAL
2449,M,1,5,SURGERY
2450,M,1,5,GENERAL
2451,F,7,4,GENERAL
2452,F,6,4,ORTHOPEDICS
2453,M,1,5,ORTHOPEDICS
2454,F,13,3,CARDIOLOGY
2455,F,10,4,GENERAL
2456,M,10,3,GENERAL
2457,F,6,4,CARDIOLOGY
2458,F,6,4,CARDIOLOGY
2459,F,6,4,CARDIOLOGY
2460,M,11,3,CARDIOLOGY
2461,F,13,2,CARDIOLOGY
2462,M,10,3,GENERAL
2463,F,1,5,GENERAL
2464,M,1,5,SURGERY
2465,F,6,4,SURGERY
2466,F,1,6,GENERAL
2467,F,7,4,GENERAL
2468,M,1,6,SURGERY
2469,F,6,4,ORTHOPEDICS
2470,F,1,5,SURGERY
2471,F,10,4,GENERAL
2472,F,10,4,GENERAL
2473,M,7,4,GENERAL
2474,F,1,5,CARDIOLOGY
2475,M,1,5,SURGERY
2476,M,1,5,ORTHOPEDICS
2477,M,10,3,CARDIOLOGY
2478,F,1,5,CARDIOLOGY
2479,F,1,5,SURGERY
2480,M,6,4,SURGERY
2481,F,1,5,CARDIOLOGY
2482,M,11,3,GENERAL
2483,F,1,6,ORTHOPEDICS
2484,F,13,3,GENERAL
2485,M,7,4,CARDIOLOGY
2486,M,6,4,GENERAL
2487,F,10,3,ORTHOPEDICS
2488,M,1,5,CARDIOLOGY
2489,M,1,6,ORTHOPEDICS
2490,M,1,5,SURGERY
2491,M,7,4,GENERAL
2492,M,6,4,CARDIOLOGY
2493,M,10,4,GENERAL
2494,F,13,2,SURGERY
2495,F,7,4,GENERAL
2496,M,6,4,GENERAL
2497,F,6,4,SURGERY
2498,F,6,4,ORTHOPEDICS
2499,M,1,5,GENERAL
2500,M,11,3,ORTHOPEDICS
2501,F,1,6,GENERAL
2502,M,6,4,CARDIOLOGY
2503,F,8,4,SURGERY
2504,F,1,5,CARDIOLOGY
2505,F,1,6,ORTHOPEDICS
2506,F,10,4,CARDIOLOGY
2507,M,13,2,GENERAL
2508,M,7,4,SURGERY
2509,F,1,5,SURGERY
2510,M,10,4,SURGERY
2511,M,10,4,CARDIOLOGY
2512,F,1,5,SURGERY
2513,F,6,4,ORTHOPEDICS
2514,F,6,4,ORTHOPEDICS
2515,F,7,4,ORTHOPEDICS
2516,F,1,5,CARDIOLOGY
2517,M,11,3,GENERAL
2518,F,1,7,GENERAL
2519,F,11,3,ORTHOPEDICS
2520,M,13,2,GENERAL
2521,F,10,4,CARDIOLOGY
2522,F,13,2,GENERAL
2523,M,13,3,CARDIOLOGY
2524,F,10,4,ORTHOPEDICS
2525,F,11,3,GENERAL
2526,M,6,4,GENERAL
2527,M,10,4,CARDIOLOGY
2528,M,11,3,SURGERY
2529,F,10,3,SURGERY
2530,F,7,4,CARDIOLOGY
2531,M,6,4,GENERAL
2532,M,6,4,CARDIOLOGY
2533,M,6,4,CARDIOLOGY
2534,F,6,4,ORTHOPEDICS
2535,M,7,4,ORTHOPEDICS
2536,M,11,3,CARDIOLOGY
2537,F,10,3,CARDIOLOGY
2538,F,8,4,SURGERY
2539,F,1,6,GENERAL
2540,M,1,5,GENERAL
2541,F,6,4,GENERAL
2542,M,6,4,CARDIOLOGY
2543,F,1,5,CARDIOLOGY
2544,F,6,4,GENERAL
2545,F,6,4,GENERAL
2546,M,10,3,GENERAL
2547,M,6,4,GENERAL
2548,M,10,4,CARDIOLOGY
2549,M,13,2,GENERAL
2550,M,7,4,CARDIOLOGY
2551,F,1,5,SURGERY
2552,F,7,4,SURGERY
2553,M,10,3,GENERAL
2554,F,13,3,ORTHOPEDICS
2555,F,10,4,CARDIOLOGY
2556,M,13,1,GENERAL
2557,M,7,4,SURGERY
2558,M,6,4,ORTHOPEDICS
2559,F,6,4,ORTHOPEDICS
2560,M,1,5,GENERAL
2561,F,10,4,GENERAL
2562,M,1,5,GENERAL
2563,M,1,5,CARDIOLOGY
2564,M,6,5,ORTHOPEDICS
2565,F,10,4,ORTHOPEDICS
2566,F,6,4,ORTHOPEDICS
2567,F,11,3,ORTHOPEDICS
2568,M,1,5,GENERAL
2569,F,1,5,CARDIOLOGY
2570,F,1,5,GENERAL
2571,F,13,2,GENERAL
2572,M,10,3,ORTHOPEDICS
2573,M,10,4,CARDIOLOGY
2574,M,11,3,GENERAL
2575,M,1,5,SURGERY
2576,F,1,6,SURGERY
2577,M,11,3,GENERAL
2578,F,6,4,SURGERY
2579,F,10,3,CARDIOLOGY
2580,F,1,6,GENERAL
2581,M,6,4,GENERAL
2582,F,6,4,GENERAL
2583,F,7,4,GENERAL
2584,M,1,5,CARDIOLOGY
2585,M,1,5,SURGERY
2586,F,1,6,GENERAL
2587,M,7,4,CARDIOLOGY
2588,M,6,4,ORTHOPEDICS
2589,M,1,6,CARDIOLOGY
2590,F,1,6,GENERAL
2591,M,6,4,SURGERY
2592,M,7,4,ORTHOPEDICS
2593,M,10,3,ORTHOPEDICS
2594,F,6,4,GENERAL
2595,F,13,2,SURGERY
2596,F,1,5,CARDIOLOGY
2597,F,1,5,SURGERY
2598,M,1,5,GENERAL
2599,F,10,4,CARDIOLOGY
2600,M,10,3,SURGERY
2601,F,6,4,CARDIOLOGY
2602,M,13,3,ORTHOPEDICS
2603,M,6,4,SURGERY
2604,F,1,5,ORTHOPEDICS
2605,F,1,5,GENERAL
2606,M,1,5,GENERAL
2607,M,10,4,GENERAL
2608,M,6,4,GENERAL
2609,M,10,3,GENERAL
2610,M,10,3,GENERAL
2611,F,13,3,CARDIOLOGY
2612,F,11,3,ORTHOPEDICS
2613,M,1,5,GENERAL
2614,M,10,4,GENERAL
2615,M,13,2,SURGERY
2616,M,10,3,SURGERY
2617,M,6,4,CARDIOLOGY
2618,M,10,3,ORTHOPEDICS
2619,F,1,5,GENERAL
2620,M,6,4,GENERAL
2621,F,6,4,ORTHOPEDICS
2622,F,10,3,GENERAL
2623,F,7,4,GENERAL
2624,F,13,2,GENERAL
2625,M,6,4,GENERAL
2626,M,7,4,GENERAL
2627,M,6,4,GENERAL
2628,M,13,2,GENERAL
2629,F,13,3,ORTHOPEDICS
2630,F,6,4,GENERAL
2631,M,1,5,GENERAL
2632,F,11,3,ORTHOPEDICS
2633,M,1,5,GENERAL
2634,M,10,3,CARDIOLOGY
2635,F,1,6,SURGERY
2636,F,12,3,GENERAL
2637,M,6,5,SURGERY
2638,M,6,4,GENERAL
2639,M,13,2,CARDIOLOGY
2640,F,11,3,CARDIOLOGY
2641,F,1,5,SURGERY
2642,M,11,3,ORTHOPEDICS
2643,F,11,3,GENERAL
2644,F,1,5,GENERAL
2645,F,10,3,CARDIOLOGY
2646,M,1,5,GENERAL
2647,M,1,5,GENERAL
2648,F,1,5,ORTHOPEDICS
2649,M,13,2,GENERAL
2650,M,6,4,SURGERY
2651,F,1,7,GENERAL
2652,M,12,3,GENERAL
2653,M,7,4,GENERAL
2654,F,6,5,SURGERY
2655,M,10,4,SURGERY
2656,M,1,6,CARDIOLOGY
2657,F,1,5,ORTHOPEDICS
2658,F,10,3,CARDIOLOGY
2659,F,6,4,ORTHOPEDICS
2660,M,10,3,CARDIOLOGY
2661,F,10,4,GENERAL
2662,F,6,4,SURGERY
2663,M,6,4,ORTHOPEDICS
2664,F,10,4,ORTHOPEDICS
2665,M,1,5,ORTHOPEDICS
2666,M,11,3,GENERAL
2667,F,6,4,SURGERY
2668,F,1,5,GENERAL
2669,M,6,4,ORTHOPEDICS
2670,F,1,5,GENERAL
2671,M,1,5,SURGERY
2672,F,11,3,GENERAL
2673,M,13,3,SURGERY
2674,M,1,5,SURGERY
2675,F,6,4,GENERAL
2676,F,13,3,SURGERY
2677,M,6,4,GENERAL
2678,M,1,5,SURGERY
2679,M,6,4,ORTHOPEDICS
2680,M,10,4,ORTHOPEDICS
2681,F,10,3,GENERAL
2682,M,1,5,CARDIOLOGY
2683,M,1,5,ORTHOPEDICS
2684,M,1,5,GENERAL
2685,F,1,6,CARDIOLOGY
2686,M,13,3,GENERAL
2687,M,11,3,GENERAL
2688,F,7,4,GENERAL
2689,M,13,3,CARDIOLOGY
2690,F,6,4,SURGERY
2691,M,6,4,GENERAL
2692,F,1,5,ORTHOPEDICS
2693,M,1,5,CARDIOLOGY
2694,F,6,4,ORTHOPEDICS
2695,F,1,5,GENERAL
2696,F,10,4,GENERAL
2697,M,1,5,GENERAL
2698,M,10,4,GENERAL
2699,F,1,5,SURGERY
2700,M,13,2,GENERAL
2701,F,13,3,GENERAL
2702,M,1,6,ORTHOPEDICS
2703,F,1,5,CARDIOLOGY
2704,M,7,4,GENERAL
2705,F,6,4,SURGERY
2706,M,6,4,CARDIOLOGY
2707,F,10,3,SURGERY
2708,F,10,4,GENERAL
2709,M,11,3,ORTHOPEDICS
2710,F,6,4,GENERAL
2711,F,11,3,SURGERY
2712,F,13,2,ORTHOPEDICS
2713,M,10,3,GENERAL
2714,F,11,3,CARDIOLOGY
2715,M,1,5,GENERAL
2716,F,1,5,GENERAL
2717,F,1,6,GENERAL
2718,F,8,4,ORTHOPEDICS
2719,M,6,4,ORTHOPEDICS
2720,M,6,5,GENERAL
2721,F,10,4,SURGERY
2722,F,1,5,CARDIOLOGY
2723,F,1,5,GENERAL
2724,M,6,4,GENERAL
2725,F,6,5,ORTHOPEDICS
2726,M,1,5,GENERAL
2727,M,6,4,CARDIOLOGY
2728,M,10,4,GENERAL
2729,M,11,3,ORTHOPEDICS
2730,M,11,3,GENERAL
2731,M,10,3,ORTHOPEDICS
2732,M,10,4,SURGERY
2733,M,1,5,ORTHOPEDICS
2734,F,10,3,SURGERY
2735,F,6,4,SURGERY
2736,M,11,3,SURGERY
2737,F,6,4,SURGERY
2738,F,1,6,SURGERY
2739,F,1,6,GENERAL
2740,F,10,4,GENERAL
2741,F,13,2,CARDIOLOGY
2742,F,6,4,CARDIOLOGY
2743,F,13,2,GENERAL
2744,M,1,5,SURGERY
2745,M,10,4,GENERAL
2746,F,10,3,ORTHOPEDICS
2747,M,1,5,GENERAL
2748,F,6,4,CARDIOLOGY
2749,M,10,4,GENERAL
2750,M,1,5,GENERAL
2751,M,6,4,ORTHOPEDICS
2752,F,1,5,GENERAL
2753,M,7,4,CARDIOLOGY
2754,M,10,4,GENERAL
2755,F,1,5,SURGERY
2756,F,6,4,GENERAL
2757,F,11,3,GENERAL
2758,M,1,5,ORTHOPEDICS
2759,M,6,4,ORTHOPEDICS
2760,M,10,3,GENERAL
2761,F,13,3,SURGERY
2762,F,13,2,CARDIOLOGY
2763,F,7,4,SURGERY
2764,F,1,5,GENERAL
2765,F,10,3,GENERAL
2766,F,10,4,CARDIOLOGY
2767,F,6,4,ORTHOPEDICS
2768,F,1,5,CARDIOLOGY
2769,F,1,5,ORTHOPEDICS
2770,M,11,3,GENERAL
2771,M,1,6,GENERAL
2772,F,7,4,GENERAL
2773,F,1,6,GENERAL
2774,M,7,4,CARDIOLOGY
2775,M,1,5,CARDIOLOGY
2776,M,10,3,CARDIOLOGY
2777,F,10,4,ORTHOPEDICS
2778,M,1,5,GENERAL
2779,M,7,4,GENERAL
2780,M,10,4,GENERAL
2781,M,1,5,SURGERY
2782,M,6,4,CARDIOLOGY
2783,M,13,1,SURGERY
2784,F,6,4,ORTHOPEDICS
2785,F,1,5,ORTHOPEDICS
2786,M,1,7,CARDIOLOGY
2787,F,10,3,GENERAL
2788,M,1,5,GENERAL
2789,M,13,2,ORTHOPEDICS
2790,F,1,5,GENERAL
2791,F,6,4,GENERAL
2792,M,1,5,SURGERY
2793,F,1,5,GENERAL
2794,M,6,4,GENERAL
2795,F,10,3,GENERAL
2796,F,1,6,GENERAL
2797,M,10,3,ORTHOPEDICS
2798,F,6,4,GENERAL
2799,F,1,5,ORTHOPEDICS
2800,F,11,3,GENERAL
2801,F,10,3,GENERAL
2802,F,11,3,CARDIOLOGY
2803,F,1,5,GENERAL
2804,F,6,4,SURGERY
2805,F,6,5,GENERAL
2806,F,13,2,CARDIOLOGY
2807,M,1,5,ORTHOPEDICS
2808,M,10,4,CARDIOLOGY
2809,M,13,2,SURGERY
2810,F,10,3,SURGERY
2811,F,11,3,SURGERY
2812,M,1,5,GENERAL
2813,M,1,5,SURGERY
2814,M,1,5,ORTHOPEDICS
2815,M,10,4,CARDIOLOGY
2816,F,1,5,GENERAL
2817,F,10,3,GENERAL
2818,F,11,3,SURGERY
2819,F,10,4,ORTHOPEDICS
2820,M,1,5,SURGERY
2821,M,1,5,SURGERY
2822,F,10,3,GENERAL
2823,M,1,5,ORTHOPEDICS
2824,M,10,3,GENERAL
2825,F,6,4,GENERAL
2826,F,8,4,GENERAL
2827,F,13,2,CARDIOLOGY
2828,M,10,3,SURGERY
2829,F,1,5,CARDIOLOGY
2830,F,13,3,GENERAL
2831,M,6,4,GENERAL
2832,F,6,4,SURGERY
2833,F,1,5,CARDIOLOGY
2834,M,11,3,CARDIOLOGY
2835,F,10,4,SURGERY
2836,F,1,5,GENERAL
2837,F,11,3,SURGERY
2838,F,6,5,GENERAL
2839,M,6,4,GENERAL
2840,M,6,4,GENERAL
2841,M,6,4,GENERAL
2842,M,10,4,GENERAL
2843,M,10,3,SURGERY
2844,F,10,4,CARDIOLOGY
2845,M,6,4,SURGERY
2846,M,11,3,SURGERY
2847,M,10,4,SURGERY
2848,M,6,4,CARDIOLOGY
2849,M,13,3,GENERAL
2850,F,10,3,ORTHOPEDICS
2851,M,10,3,SURGERY
2852,F,10,4,ORTHOPEDICS
2853,M,11,3,CARDIOLOGY
2854,F,7,4,SURGERY
2855,M,1,6,SURGERY
2856,F,7,4,SURGERY
2857,F,10,4,GENERAL
2858,F,11,3,GENERAL
2859,F,6,4,GENERAL
2860,M,6,4,GENERAL
2861,M,13,3,SURGERY
2862,M,6,4,GENERAL
2863,M,1,5,GENERAL
2864,F,13,2,ORTHOPEDICS
2865,F,1,5,GENERAL
2866,F,13,3,GENERAL
2867,F,10,4,CARDIOLOGY
2868,F,1,5,GENERAL
2869,M,13,2,GENERAL
2870,M,11,3,SURGERY
2871,F,13,2,ORTHOPEDICS
2872,M,1,6,GENERAL
2873,F,10,3,CARDIOLOGY
2874,F,13,2,GENERAL
2875,F,1,5,CARDIOLOGY
2876,M,13,3,ORTHOPEDICS
2877,M,10,4,GENERAL
2878,M,13,3,GENERAL
2879,M,1,5,GENERAL
2880,M,10,4,GENERAL
2881,F,1,5,GENERAL
2882,F,6,4,CARDIOLOGY
2883,F,6,4,GENERAL
2884,F,1,5,CARDIOLOGY
2885,F,10,3,CARDIOLOGY
2886,F,1,5,CARDIOLOGY
2887,F,10,3,CARDIOLOGY
2888,M,13,3,CARDIOLOGY
2889,F,11,3,SURGERY
2890,M,11,3,GENERAL
2891,F,1,5,CARDIOLOGY
2892,M,6,4,ORTHOPEDICS
2893,M,13,2,GENERAL
2894,F,1,5,GENERAL
2895,F,1,5,GENERAL
2896,F,6,4,SURGERY
2897,M,13,3,CARDIOLOGY
2898,M,13,2,GENERAL
2899,F,10,4,GENERAL
2900,M,6,4,GENERAL
2901,F,6,4,CARDIOLOGY
2902,M,10,4,GENERAL
2903,F,13,2,ORTHOPEDICS
2904,F,1,5,CARDIOLOGY
2905,F,6,4,SURGERY
2906,M,7,4,GENERAL
2907,F,1,6,GENERAL
2908,F,10,3,GENERAL
2909,M,13,2,ORTHOPEDICS
2910,F,1,5,CARDIOLOGY
2911,F,6,4,SURGERY
2912,M,1,5,GENERAL
2913,F,10,4,CARDIOLOGY
2914,F,13,3,GENERAL
2915,F,11,3,SURGERY
2916,F,10,3,SURGERY
2917,M,1,5,GENERAL
2918,F,1,6,SURGERY
2919,F,6,4,GENERAL
2920,M,1,5,ORTHOPEDICS
2921,M,11,3,ORTHOPEDICS
2922,F,6,4,ORTHOPEDICS
2923,M,11,3,ORTHOPEDICS
2924,F,1,5,GENERAL
2925,M,13,3,ORTHOPEDICS
2926,M,1,5,GENERAL
2927,M,6,4,CARDIOLOGY
2928,F,13,3,ORTHOPEDICS
2929,F,1,6,CARDIOLOGY
2930,M,10,4,ORTHOPEDICS
2931,F,10,4,ORTHOPEDICS
2932,M,1,5,GENERAL
2933,M,10,3,ORTHOPEDICS
2934,F,1,5,CARDIOLOGY
2935,F,10,3,ORTHOPEDICS
2936,M,10,4,ORTHOPEDICS
2937,F,1,5,GENERAL
2938,F,1,5,GENERAL
2939,M,11,3,ORTHOPEDICS
2940,M,13,3,GENERAL
2941,M,10,3,GENERAL
2942,F,10,3,GENERAL
2943,F,1,5,GENERAL
2944,M,1,5,GENERAL
2945,F,10,3,SURGERY
2946,M,10,4,CARDIOLOGY
2947,F,6,4,SURGERY
2948,F,13,3,GENERAL
2949,M,11,3,CARDIOLOGY
2950,F,7,4,CARDIOLOGY
2951,F,7,4,ORTHOPEDICS
2952,M,1,5,CARDIOLOGY
2953,M,11,3,ORTHOPEDICS
2954,F,13,2,GENERAL
2955,F,1,5,SURGERY
2956,F,13,2,CARDIOLOGY
2957,M,6,4,GENERAL
2958,F,11,3,SURGERY
2959,F,6,4,GENERAL
2960,M,13,2,CARDIOLOGY
2961,F,10,3,CARDIOLOGY
2962,M,10,4,SURGERY
2963,F,10,3,ORTHOPEDICS
2964,M,10,3,SURGERY
2965,M,11,3,GENERAL
2966,M,1,5,GENERAL
2967,F,6,4,SURGERY
2968,M,1,5,ORTHOPEDICS
2969,F,1,5,SURGERY
2970,M,10,4,SURGERY
2971,F,10,4,SURGERY
2972,M,6,4,ORTHOPEDICS
2973,M,13,2,GENERAL
2974,F,1,5,GENERAL
2975,F,1,5,GENERAL
2976,F,10,4,GENERAL
2977,M,6,4,SURGERY
2978,M,1,6,GENERAL
2979,F,11,3,CARDIOLOGY
2980,M,1,5,GENERAL
2981,M,6,4,SURGERY
2982,F,10,3,ORTHOPEDICS
2983,M,6,4,SURGERY
2984,F,1,5,CARDIOLOGY
2985,M,1,5,SURGERY
2986,F,11,3,GENERAL
2987,F,13,2,SURGERY
2988,M,1,5,ORTHOPEDICS
2989,F,11,3,GENERAL
2990,F,10,3,ORTHOPEDICS
2991,F,7,4,SURGERY
2992,M,1,5,GENERAL
2993,F,1,5,ORTHOPEDICS
2994,M,10,3,GENERAL
2995,F,7,4,SURGERY
2996,F,10,3,GENERAL
2997,F,13,3,ORTHOPEDICS
2998,F,6,4,GENERAL
2999,M,1,5,GENERAL
3000,M,6,4,GENERAL
3001,F,7,4,GENERAL
3002,F,1,5,SURGERY
3003,M,6,4,ORTHOPEDICS
3004,F,11,3,SURGERY
3005,M,13,3,GENERAL
3006,F,6,4,ORTHOPEDICS
3007,F,7,4,CARDIOLOGY
3008,M,1,5,SURGERY
3009,M,1,5,CARDIOLOGY
3010,M,1,5,GENERAL
3011,F,11,3,ORTHOPEDICS
3012,F,6,4,SURGERY
3013,M,1,6,SURGERY
3014,F,6,4,GENERAL
3015,F,11,3,CARDIOLOGY
3016,F,7,4,ORTHOPEDICS
3017,F,1,6,ORTHOPEDICS
3018,F,6,4,GENERAL
3019,M,1,5,GENERAL
3020,F,7,4,ORTHOPEDICS
3021,M,10,4,SURGERY
3022,F,11,3,ORTHOPEDICS
3023,M,7,4,SURGERY
3024,M,10,4,SURGERY
3025,M,13,3,CARDIOLOGY
3026,M,6,4,CARDIOLOGY
3027,F,1,5,GENERAL
3028,M,10,4,SURGERY
3029,M,11,3,CARDIOLOGY
3030,F,6,4,CARDIOLOGY
3031,M,6,4,CARDIOLOGY
3032,M,6,4,GENERAL
3033,F,6,4,SURGERY
3034,F,1,5,SURGERY
3035,F,1,5,ORTHOPEDICS
3036,M,10,4,CARDIOLOGY
3037,F,6,4,GENERAL
3038,F,1,5,GENERAL
3039,F,6,4,GENERAL
3040,M,1,5,GENERAL
3041,F,6,4,CARDIOLOGY
3042,F,6,4,ORTHOPEDICS
3043,M,11,3,GENERAL
3044,M,1,5,ORTHOPEDICS
3045,M,6,4,ORTHOPEDICS
3046,M,10,3,GENERAL
3047,F,6,4,GENERAL
3048,M,1,6,GENERAL
3049,F,10,3,GENERAL
3050,M,6,4,CARDIOLOGY
3051,F,1,5,ORTHOPEDICS
3052,F,1,5,GENERAL
3053,M,13,2,GENERAL
3054,M,6,4,GENERAL
3055,F,1,5,GENERAL
3056,M,1,5,GENERAL
3057,F,6,4,CARDIOLOGY
3058,F,10,3,ORTHOPEDICS
3059,F,13,2,GENERAL
3060,M,11,3,GENERAL
3061,F,10,3,GENERAL
3062,M,6,4,GENERAL
3063,M,7,4,SURGERY
3064,F,11,3,SURGERY
3065,M,1,5,SURGERY
3066,M,1,5,GENERAL
3067,F,6,4,SURGERY
3068,F,11,3,GENERAL
3069,F,1,5,GENERAL
3070,M,1,6,CARDIOLOGY
3071,M,7,4,GENERAL
3072,F,13,3,SURGERY
3073,M,6,4,CARDIOLOGY
3074,M,6,4,CARDIOLOGY
3075,F,1,5,CARDIOLOGY
3076,M,13,2,GENERAL
3077,F,7,4,GENERAL
3078,F,6,4,SURGERY
3079,F,8,4,GENERAL
3080,M,11,3,GENERAL
3081,M,10,3,GENERAL
3082,M,10,4,SURGERY
3083,F,13,2,GENERAL
3084,M,1,5,GENERAL
3085,F,10,4,SURGERY
3086,M,6,4,GENERAL
3087,M,10,4,SURGERY
3088,F,6,4,CARDIOLOGY
3089,M,10,4,CARDIOLOGY
3090,M,6,4,ORTHOPEDICS
3091,M,11,3,GENERAL
3092,M,11,3,GENERAL
3093,F,1,5,SURGERY
3094,M,1,6,CARDIOLOGY
3095,M,10,4,CARDIOLOGY
3096,M,13,3,GENERAL
3097,M,13,2,CARDIOLOGY
3098,F,13,2,GENERAL
3099,M,1,5,ORTHOPEDICS
3100,M,10,3,CARDIOLOGY
3101,F,1,5,CARDIOLOGY
3102,F,13,3,ORTHOPEDICS
3103,M,1,5,ORTHOPEDICS
3104,M,1,5,GENERAL
3105,M,1,5,GENERAL
3106,F,10,4,SURGERY
3107,M,6,4,ORTHOPEDICS
3108,F,10,3,ORTHOPEDICS
3109,F,7,4,CARDIOLOGY
3110,M,8,4,SURGERY
3111,M,11,3,CARDIOLOGY
3112,F,10,3,CARDIOLOGY
3113,M,1,5,SURGERY
3114,F,1,5,SURGERY
3115,M,1,5,ORTHOPEDICS
3116,M,1,5,GENERAL
3117,F,12,3,SURGERY
3118,M,6,4,ORTHOPEDICS
3119,M,10,4,ORTHOPEDICS
3120,F,1,5,ORTHOPEDICS
3121,F,13,2,SURGERY
3122,M,13,2,ORTHOPEDICS
3123,F,1,5,ORTHOPEDICS
3124,M,6,4,SURGERY
3125,F,1,5,SURGERY
3126,F,6,4,GENERAL
3127,M,1,7,ORTHOPEDICS
3128,M,1,6,GENERAL
3129,M,6,4,SURGERY
3130,M,6,4,CARDIOLOGY
3131,M,1,5,GENERAL
3132,M,10,4,GENERAL
3133,M,10,4,GENERAL
3134,M,6,4,GENERAL
3135,F,1,5,GENERAL
3136,M,13,3,CARDIOLOGY
3137,F,6,4,CARDIOLOGY
3138,F,10,4,GENERAL
3139,F,6,4,GENERAL
3140,F,10,4,CARDIOLOGY
3141,M,1,5,GENERAL
3142,M,1,5,ORTHOPEDICS
3143,M,1,5,CARDIOLOGY
3144,M,1,6,GENERAL
3145,F,6,4,GENERAL
3146,M,6,4,GENERAL
3147,F,1,5,CARDIOLOGY
3148,M,6,4,GENERAL
3149,M,1,6,SURGERY
3150,M,10,3,GENERAL
3151,M,13,3,CARDIOLOGY
3152,F,7,4,GENERAL
3153,F,6,4,GENERAL
3154,F,1,6,ORTHOPEDICS
3155,M,1,5,SURGERY
3156,F,6,4,GENERAL
3157,F,1,6,SURGERY
3158,F,1,7,GENERAL
3159,M,10,4,SURGERY
3160,M,6,4,SURGERY
3161,M,7,4,SURGERY
3162,F,10,4,GENERAL
3163,F,10,3,GENERAL
3164,M,10,3,GENERAL
3165,M,6,4,GENERAL
3166,F,1,5,ORTHOPEDICS
3167,M,6,4,ORTHOPEDICS
3168,M,10,4,SURGERY
3169,M,13,2,SURGERY
3170,M,6,4,GENERAL
3171,M,1,5,GENERAL
3172,M,6,4,CARDIOLOGY
3173,M,6,4,ORTHOPEDICS
3174,F,1,5,GENERAL
3175,F,7,4,GENERAL
3176,M,1,5,GENERAL
3177,F,6,4,SURGERY
3178,F,7,4,GENERAL
3179,M,1,5,SURGERY
3180,M,1,5,ORTHOPEDICS
3181,F,1,5,CARDIOLOGY
3182,M,1,5,ORTHOPEDICS
3183,M,10,4,GENERAL
3184,F,10,3,ORTHOPEDICS
3185,F,6,4,GENERAL
3186,F,1,5,SURGERY
3187,M,1,5,GENERAL
3188,F,10,4,GENERAL
3189,M,6,4,GENERAL
3190,M,1,6,ORTHOPEDICS
3191,M,1,6,ORTHOPEDICS
3192,F,1,5,ORTHOPEDICS
3193,M,13,2,GENERAL
3194,M,12,3,CARDIOLOGY
3195,F,6,4,GENERAL
3196,F,1,5,GENERAL
3197,M,6,4,CARDIOLOGY
3198,F,10,4,ORTHOPEDICS
3199,M,7,4,CARDIOLOGY
3200,M,1,5,CARDIOLOGY
3201,F,10,3,ORTHOPEDICS
3202,M,13,2,SURGERY
3203,F,6,4,GENERAL
3204,F,10,4,GENERAL
3205,M,1,5,SURGERY
3206,F,6,4,SURGERY
3207,M,13,1,GENERAL
3208,M,10,3,GENERAL
3209,F,13,1,CARDIOLOGY
3210,F,11,3,ORTHOPEDICS
3211,F,6,4,ORTHOPEDICS
3212,M,7,4,ORTHOPEDICS
3213,M,13,3,CARDIOLOGY
3214,F,10,4,GENERAL
3215,M,1,5,ORTHOPEDICS
3216,F,13,3,ORTHOPEDICS
3217,F,10,3,CARDIOLOGY
3218,F,13,3,GENERAL
3219,F,10,4,GENERAL
3220,M,7,4,ORTHOPEDICS
3221,M,1,5,CARDIOLOGY
3222,M,6,4,SURGERY
3223,F,1,5,GENERAL
3224,F,6,4,GENERAL
3225,M,1,5,CARDIOLOGY
3226,M,11,3,GENERAL
3227,F,1,5,GENERAL
3228,M,1,6,GENERAL
3229,F,6,4,SURGERY
3230,F,1,5,SURGERY
3231,M,6,4,CARDIOLOGY
3232,F,6,4,ORTHOPEDICS
3233,M,10,3,GENERAL
3234,F,10,3,SURGERY
3235,M,1,5,SURGERY
3236,M,6,4,ORTHOPEDICS
3237,M,1,6,GENERAL
3238,M,11,3,GENERAL
3239,M,1,5,SURGERY
3240,M,1,5,ORTHOPEDICS
3241,M,1,5,GENERAL
3242,F,13,2,CARDIOLOGY
3243,M,1,5,GENERAL
3244,M,1,5,GENERAL
3245,F,10,4,GENERAL
3246,F,11,3,SURGERY
3247,F,11,3,GENERAL
3248,M,1,6,SURGERY
3249,M,10,3,ORTHOPEDICS
3250,F,6,4,GENERAL
3251,M,1,5,GENERAL
3252,F,1,5,GENERAL
3253,M,6,4,CARDIOLOGY
3254,M,11,3,CARDIOLOGY
3255,M,10,4,SURGERY
3256,F,10,3,SURGERY
3257,M,7,4,CARDIOLOGY
3258,F,10,4,ORTHOPEDICS
3259,M,1,5,GENERAL
3260,M,6,5,SURGERY
3261,M,10,4,SURGERY
3262,F,11,3,ORTHOPEDICS
3263,F,7,4,SURGERY
3264,F,6,4,GENERAL
3265,F,1,5,GENERAL
3266,F,6,4,CARDIOLOGY
3267,F,1,5,SURGERY
3268,F,10,3,CARDIOLOGY
3269,M,10,4,GENERAL
3270,F,1,5,GENERAL
3271,M,1,5,CARDIOLOGY
3272,M,6,4,ORTHOPEDICS
3273,M,1,6,SURGERY
3274,F,10,3,ORTHOPEDICS
3275,F,1,5,CARDIOLOGY
3276,M,1,5,SURGERY
3277,M,10,3,CARDIOLOGY
3278,M,1,5,GENERAL
3279,M,1,5,SURGERY
3280,F,1,6,SURGERY
3281,M,6,4,ORTHOPEDICS
3282,M,7,4,GENERAL
3283,F,10,3,SURGERY
3284,M,10,4,SURGERY
3285,M,13,2,ORTHOPEDICS
3286,F,6,4,ORTHOPEDICS
3287,M,7,4,ORTHOPEDICS
3288,M,1,5,SURGERY
3289,M,1,5,SURGERY
3290,M,10,3,GENERAL
3291,F,1,5,ORTHOPEDICS
3292,F,10,3,ORTHOPEDICS
3293,F,10,4,GENERAL
3294,F,6,4,GENERAL
3295,M,13,3,GENERAL
3296,M,1,5,CARDIOLOGY
3297,F,6,4,ORTHOPEDICS
3298,M,8,4,GENERAL
3299,F,1,5,CARDIOLOGY
3300,F,11,3,GENERAL
3301,F,13,3,CARDIOLOGY
3302,M,10,4,GENERAL
3303,F,13,2,CARDIOLOGY
3304,F,13,2,GENERAL
3305,M,10,3,ORTHOPEDICS
3306,M,10,4,GENERAL
3307,M,6,4,GENERAL
3308,M,10,3,ORTHOPEDICS
3309,M,1,5,GENERAL
3310,M,6,4,GENERAL
3311,M,10,3,SURGERY
3312,F,10,4,GENERAL
3313,F,13,2,SURGERY
3314,F,11,3,CARDIOLOGY
3315,M,13,2,ORTHOPEDICS
3316,F,7,4,SURGERY
3317,F,10,3,ORTHOPEDICS
3318,M,10,4,GENERAL
3319,F,1,6,GENERAL
3320,M,10,4,CARDIOLOGY
3321,F,10,4,SURGERY
3322,F,6,4,CARDIOLOGY
3323,M,6,5,GENERAL
3324,F,13,2,ORTHOPEDICS
3325,M,1,5,CARDIOLOGY
3326,F,1,5,SURGERY
3327,M,10,3,GENERAL
3328,F,1,5,SURGERY
3329,F,1,5,ORTHOPEDICS
3330,M,1,6,ORTHOPEDICS
3331,M,6,5,SURGERY
3332,M,10,4,CARDIOLOGY
3333,M,11,3,ORTHOPEDICS
3334,F,10,4,GENERAL
3335,F,10,3,SURGERY
3336,F,6,4,GENERAL
3337,F,13,3,GENERAL
3338,F,10,3,GENERAL
3339,F,1,5,GENERAL
3340,M,6,4,CARDIOLOGY
3341,M,1,6,CARDIOLOGY
3342,M,13,2,CARDIOLOGY
3343,M,1,5,CARDIOLOGY
3344,F,6,4,SURGERY
3345,M,11,3,GENERAL
3346,F,6,5,ORTHOPEDICS
3347,F,7,4,CARDIOLOGY
3348,F,10,3,GENERAL
3349,M,13,2,GENERAL
3350,F,10,4,ORTHOPEDICS
3351,F,1,5,GENERAL
3352,F,11,3,CARDIOLOGY
3353,F,1,5,ORTHOPEDICS
3354,M,1,5,GENERAL
3355,M,1,5,ORTHOPEDICS
3356,F,6,4,GENERAL
3357,F,1,5,ORTHOPEDICS
3358,M,6,4,CARDIOLOGY
3359,M,10,4,GENERAL
3360,F,10,3,SURGERY
3361,F,1,6,CARDIOLOGY
3362,M,7,4,GENERAL
3363,F,10,4,GENERAL
3364,F,10,4,GENERAL
3365,F,13,3,GENERAL
3366,M,7,4,SURGERY
3367,M,6,5,SURGERY
3368,M,10,3,ORTHOPEDICS
3369,M,11,3,ORTHOPEDICS
3370,F,6,4,GENERAL
3371,M,10,4,GENERAL
3372,M,7,4,CARDIOLOGY
3373,F,10,3,SURGERY
3374,M,10,4,GENERAL
3375,M,1,5,GENERAL
3376,F,1,6,GENERAL
3377,F,1,5,GENERAL
3378,M,13,3,GENERAL
3379,F,6,4,SURGERY
3380,M,1,6,SURGERY
3381,F,6,4,ORTHOPEDICS
3382,F,6,4,GENERAL
3383,F,7,4,GENERAL
3384,F,7,4,GENERAL
3385,F,13,2,GENERAL
3386,F,1,5,CARDIOLOGY
3387,M,13,2,SURGERY
3388,M,1,5,ORTHOPEDICS
3389,F,10,4,GENERAL
3390,F,6,4,GENERAL
3391,M,1,5,GENERAL
3392,M,10,3,GENERAL
3393,F,10,3,CARDIOLOGY
3394,F,10,3,GENERAL
3395,F,1,5,ORTHOPEDICS
3396,F,6,4,CARDIOLOGY
3397,M,10,3,GENERAL
3398,F,10,3,CARDIOLOGY
3399,M,6,4,GENERAL
3400,F,13,3,ORTHOPEDICS
3401,M,1,5,GENERAL
3402,M,6,4,GENERAL
3403,M,6,4,GENERAL
3404,M,11,3,SURGERY
3405,F,6,4,SURGERY
3406,F,6,4,GENERAL
3407,F,11,3,SURGERY
3408,M,1,5,GENERAL
3409,M,13,1,GENERAL
3410,F,7,4,CARDIOLOGY
3411,F,1,5,GENERAL
3412,F,1,7,SURGERY
3413,F,11,3,CARDIOLOGY
3414,M,7,4,SURGERY
3415,F,6,4,CARDIOLOGY
3416,F,1,5,SURGERY
3417,F,7,4,CARDIOLOGY
3418,F,10,3,CARDIOLOGY
3419,M,1,5,CARDIOLOGY
3420,M,1,5,GENERAL
3421,F,6,4,GENERAL
3422,M,6,4,GENERAL
3423,M,1,6,ORTHOPEDICS
3424,F,1,5,SURGERY
3425,M,1,5,CARDIOLOGY
3426,F,10,3,ORTHOPEDICS
3427,M,1,5,SURGERY
3428,M,6,4,CARDIOLOGY
3429,M,10,3,SURGERY
3430,F,6,4,SURGERY
3431,F,6,4,CARDIOLOGY
3432,M,10,3,GENERAL
3433,F,1,6,ORTHOPEDICS
3434,F,6,4,SURGERY
3435,M,6,4,GENERAL
3436,M,6,4,SURGERY
3437,M,6,4,GENERAL
3438,F,12,3,GENERAL
3439,M,11,3,GENERAL
3440,M,10,3,ORTHOPEDICS
3441,F,6,4,GENERAL
3442,M,1,6,GENERAL
3443,M,13,1,ORTHOPEDICS
3444,F,1,5,GENERAL
3445,M,13,3,GENERAL
3446,M,1,5,SURGERY
3447,M,10,3,CARDIOLOGY
3448,M,10,3,ORTHOPEDICS
3449,M,10,4,CARDIOLOGY
3450,M,10,4,GENERAL
3451,M,10,3,GENERAL
3452,F,1,6,ORTHOPEDICS
3453,F,6,4,GENERAL
3454,F,1,5,GENERAL
3455,F,1,5,ORTHOPEDICS
3456,M,1,6,CARDIOLOGY
3457,M,1,6,CARDIOLOGY
3458,F,10,4,CARDIOLOGY
3459,M,10,4,GENERAL
3460,M,1,5,GENERAL
3461,F,11,3,CARDIOLOGY
3462,M,1,5,ORTHOPEDICS
3463,F,11,3,GENERAL
3464,F,1,5,CARDIOLOGY
3465,M,10,4,CARDIOLOGY
3466,M,13,3,ORTHOPEDICS
3467,M,6,4,ORTHOPEDICS
3468,F,10,3,CARDIOLOGY
3469,M,11,3,GENERAL
3470,M,10,4,CARDIOLOGY
3471,F,1,5,GENERAL
3472,M,6,4,GENERAL
3473,F,6,4,ORTHOPEDICS
3474,M,10,4,GENERAL
3475,F,10,3,SURGERY
3476,F,1,5,ORTHOPEDICS
3477,M,6,4,GENERAL
3478,F,1,5,CARDIOLOGY
3479,F,13,2,GENERAL
3480,M,1,6,GENERAL
3481,F,10,4,CARDIOLOGY
3482,F,10,3,SURGERY
3483,F,10,4,SURGERY
3484,M,1,5,GENERAL
3485,M,10,4,SURGERY
3486,M,13,3,CARDIOLOGY
3487,M,6,4,GENERAL
3488,M,6,4,ORTHOPEDICS
3489,F,11,3,GENERAL
3490,M,1,5,SURGERY
3491,M,1,5,CARDIOLOGY
3492,F,13,3,GENERAL
3493,M,10,4,CARDIOLOGY
3494,F,1,5,SURGERY
3495,F,10,4,CARDIOLOGY
3496,M,10,3,ORTHOPEDICS
3497,F,10,4,GENERAL
3498,M,7,4,SURGERY
3499,M,6,5,CARDIOLOGY
3500,M,11,3,GENERAL
3501,F,1,5,GENERAL
3502,M,6,4,SURGERY
3503,F,6,5,GENERAL
3504,F,13,2,SURGERY
3505,F,7,4,CARDIOLOGY
3506,F,1,5,SURGERY
3507,M,10,4,GENERAL
3508,M,7,4,GENERAL
3509,F,1,5,CARDIOLOGY
3510,M,1,6,SURGERY
3511,F,6,4,SURGERY
3512,M,6,4,ORTHOPEDICS
3513,F,13,2,CARDIOLOGY
3514,F,10,4,GENERAL
3515,F,1,6,CARDIOLOGY
3516,M,11,3,SURGERY
3517,F,1,5,GENERAL
3518,M,10,3,CARDIOLOGY
3519,F,10,3,SURGERY
3520,M,11,3,SURGERY
3521,M,13,3,SURGERY
3522,M,10,4,CARDIOLOGY
3523,M,6,4,GENERAL
3524,F,1,5,SURGERY
3525,M,10,3,GENERAL
3526,M,1,5,ORTHOPEDICS
3527,F,1,5,ORTHOPEDICS
3528,F,10,4,SURGERY
3529,M,13,3,CARDIOLOGY
3530,F,6,4,CARDIOLOGY
3531,M,7,4,GENERAL
3532,M,6,4,CARDIOLOGY
3533,F,6,4,SURGERY
3534,F,10,3,ORTHOPEDICS
3535,F,1,5,ORTHOPEDICS
3536,M,7,4,ORTHOPEDICS
3537,M,1,6,SURGERY
3538,M,10,4,SURGERY
3539,F,11,3,GENERAL
3540,M,11,3,SURGERY
3541,M,6,4,GENERAL
3542,M,13,3,GENERAL
3543,M,1,5,SURGERY
3544,F,10,4,ORTHOPEDICS
3545,F,1,6,SURGERY
3546,F,13,2,CARDIOLOGY
3547,F,6,4,GENERAL
3548,F,1,7,CARDIOLOGY
3549,F,10,3,CARDIOLOGY
3550,M,1,6,ORTHOPEDICS
3551,M,10,3,CARDIOLOGY
3552,F,6,4,SURGERY
3553,M,1,5,ORTHOPEDICS
3554,F,1,6,ORTHOPEDICS
3555,F,1,5,SURGERY
3556,M,6,4,GENERAL
3557,F,6,4,ORTHOPEDICS
3558,M,6,4,SURGERY
3559,F,11,3,GENERAL
3560,M,7,4,GENERAL
3561,F,10,4,ORTHOPEDICS
3562,M,1,5,CARDIOLOGY
3563,F,10,3,GENERAL
3564,F,6,4,ORTHOPEDICS
3565,M,6,4,SURGERY
3566,M,1,5,CARDIOLOGY
3567,M,7,4,ORTHOPEDICS
3568,M,1,6,SURGERY
3569,M,13,2,GENERAL
3570,F,1,5,SURGERY
3571,F,1,5,ORTHOPEDICS
3572,F,13,1,CARDIOLOGY
3573,F,7,4,ORTHOPEDICS
3574,F,6,4,CARDIOLOGY
3575,M,11,3,CARDIOLOGY
3576,F,1,5,ORTHOPEDICS
3577,F,1,5,SURGERY
3578,M,6,4,SURGERY
3579,M,1,7,ORTHOPEDICS
3580,M,1,5,CARDIOLOGY
3581,F,13,3,CARDIOLOGY
3582,F,6,4,ORTHOPEDICS
3583,M,7,4,GENERAL
3584,F,6,4,GENERAL
3585,F,7,4,GENERAL
3586,F,7,4,GENERAL
3587,M,13,3,CARDIOLOGY
3588,M,13,1,SURGERY
3589,M,1,5,SURGERY
3590,F,1,6,ORTHOPEDICS
3591,M,13,2,GENERAL
3592,M,8,4,CARDIOLOGY
3593,M,1,5,CARDIOLOGY
3594,M,6,4,SURGERY
3595,F,1,5,CARDIOLOGY
3596,F,1,5,GENERAL
3597,M,10,3,GENERAL
3598,M,10,4,CARDIOLOGY
3599,F,6,4,ORTHOPEDICS
3600,M,1,6,ORTHOPEDICS
3601,F,1,6,SURGERY
3602,F,11,3,ORTHOPEDICS
3603,F,6,4,GENERAL
3604,F,6,4,GENERAL
3605,F,7,4,GENERAL
3606,M,1,5,ORTHOPEDICS
3607,F,7,4,GENERAL
3608,M,11,3,ORTHOPEDICS
3609,F,10,3,CARDIOLOGY
3610,M,6,4,GENERAL
3611,M,1,5,CARDIOLOGY
3612,F,6,4,GENERAL
3613,M,11,3,GENERAL
3614,F,10,3,SURGERY
3615,M,1,6,CARDIOLOGY
3616,F,13,2,CARDIOLOGY
3617,M,6,4,SURGERY
3618,M,11,3,ORTHOPEDICS
3619,M,11,3,GENERAL
3620,M,1,5,GENERAL
3621,M,6,4,GENERAL
3622,F,10,4,SURGERY
3623,M,10,4,GENERAL
3624,M,6,4,GENERAL
3625,F,6,4,ORTHOPEDICS
3626,M,1,5,GENERAL
3627,F,6,4,GENERAL
3628,M,6,4,GENERAL
3629,F,10,3,ORTHOPEDICS
3630,F,1,5,SURGERY
3631,F,6,4,SURGERY
3632,F,7,4,SURGERY
3633,M,11,3,ORTHOPEDICS
3634,F,1,5,SURGERY
3635,F,8,4,GENERAL
3636,M,6,4,ORTHOPEDICS
3637,F,1,5,CARDIOLOGY
3638,F,1,5,GENERAL
3639,F,10,4,GENERAL
3640,F,6,4,GENERAL
3641,F,13,3,SURGERY
3642,F,13,3,GENERAL
3643,F,10,3,GENERAL
3644,F,6,4,GENERAL
3645,M,13,3,SURGERY
3646,M,6,4,CARDIOLOGY
3647,M,11,3,SURGERY
3648,M,10,4,GENERAL
3649,M,1,5,GENERAL
3650,F,6,4,CARDIOLOGY
3651,F,10,3,CARDIOLOGY
3652,M,1,5,GENERAL
3653,F,7,4,GENERAL
3654,M,10,3,ORTHOPEDICS
3655,M,7,4,ORTHOPEDICS
3656,M,1,5,ORTHOPEDICS
3657,M,6,4,SURGERY
3658,M,13,2,GENERAL
3659,F,13,3,GENERAL
3660,M,6,4,ORTHOPEDICS
3661,M,13,1,ORTHOPEDICS
3662,M,10,4,ORTHOPEDICS
3663,M,7,4,GENERAL
3664,M,11,3,GENERAL
3665,F,7,4,GENERAL
3666,M,10,4,ORTHOPEDICS
3667,F,1,6,GENERAL
3668,F,6,4,GENERAL
3669,M,7,4,GENERAL
3670,F,1,5,ORTHOPEDICS
3671,M,7,4,GENERAL
3672,M,10,4,GENERAL
3673,M,10,4,ORTHOPEDICS
3674,M,10,3,ORTHOPEDICS
3675,F,1,5,SURGERY
3676,M,1,6,CARDIOLOGY
3677,F,6,4,CARDIOLOGY
3678,F,12,3,CARDIOLOGY
3679,M,1,5,GENERAL
3680,M,13,2,GENERAL
3681,M,1,6,SURGERY
3682,F,10,4,ORTHOPEDICS
3683,M,10,3,ORTHOPEDICS
3684,F,1,6,CARDIOLOGY
3685,F,1,5,ORTHOPEDICS
3686,F,1,5,CARDIOLOGY
3687,M,10,4,SURGERY
3688,F,11,3,ORTHOPEDICS
3689,F,6,4,SURGERY
3690,F,1,5,GENERAL
3691,F,6,4,GENERAL
3692,F,1,5,GENERAL
3693,M,10,3,GENERAL
3694,M,1,5,GENERAL
3695,F,1,6,CARDIOLOGY
3696,M,6,4,ORTHOPEDICS
3697,M,6,4,ORTHOPEDICS
3698,F,6,4,CARDIOLOGY
3699,M,12,3,GENERAL
3700,M,6,4,GENERAL
3701,M,6,4,SURGERY
3702,F,10,3,ORTHOPEDICS
3703,M,1,7,GENERAL
3704,F,6,4,CARDIOLOGY
3705,M,1,5,SURGERY
3706,F,1,6,GENERAL
3707,F,10,3,ORTHOPEDICS
3708,F,1,5,SURGERY
3709,M,6,4,GENERAL
3710,F,11,3,GENERAL
3711,F,6,5,ORTHOPEDICS
3712,F,1,5,CARDIOLOGY
3713,M,10,3,GENERAL
3714,M,13,2,ORTHOPEDICS
3715,F,1,5,SURGERY
3716,M,1,5,ORTHOPEDICS
3717,F,10,3,ORTHOPEDICS
3718,M,1,5,GENERAL
3719,M,10,3,ORTHOPEDICS
3720,F,1,6,SURGERY
3721,F,7,4,SURGERY
3722,F,1,5,GENERAL
3723,M,13,2,GENERAL
3724,M,6,4,GENERAL
3725,M,10,4,CARDIOLOGY
3726,M,13,2,GENERAL
3727,M,11,3,CARDIOLOGY
3728,F,6,4,ORTHOPEDICS
3729,F,1,5,GENERAL
3730,F,6,4,ORTHOPEDICS
3731,F,6,4,GENERAL
3732,F,6,5,ORTHOPEDICS
3733,M,6,4,ORTHOPEDICS
3734,M,1,5,SURGERY
3735,F,13,2,GENERAL
3736,F,1,6,GENERAL
3737,F,10,4,SURGERY
3738,F,1,6,GENERAL
3739,F,10,4,SURGERY
3740,M,1,5,GENERAL
3741,F,10,3,ORTHOPEDICS
3742,M,13,3,CARDIOLOGY
3743,M,10,4,ORTHOPEDICS
3744,M,1,6,ORTHOPEDICS
3745,F,7,4,ORTHOPEDICS
3746,F,13,3,GENERAL
3747,M,1,5,SURGERY
3748,F,10,3,GENERAL
3749,F,13,3,CARDIOLOGY
3750,M,10,4,GENERAL
3751,F,11,3,SURGERY
3752,F,7,4,CARDIOLOGY
3753,M,10,4,GENERAL
3754,M,13,2,GENERAL
3755,F,13,3,GENERAL
3756,F,1,5,GENERAL
3757,M,1,5,GENERAL
3758,F,1,5,ORTHOPEDICS
3759,M,10,3,ORTHOPEDICS
3760,M,1,5,CARDIOLOGY
3761,M,10,4,GENERAL
3762,F,6,4,GENERAL
3763,F,6,4,ORTHOPEDICS
3764,F,10,3,GENERAL
3765,M,10,4,GENERAL
3766,F,11,3,CARDIOLOGY
3767,M,10,4,GENERAL
3768,F,10,3,ORTHOPEDICS
3769,F,1,5,SURGERY
3770,F,6,4,ORTHOPEDICS
3771,M,1,5,GENERAL
3772,F,7,4,CARDIOLOGY
3773,M,13,2,GENERAL
3774,F,1,5,GENERAL
3775,M,1,6,SURGERY
3776,M,6,4,GENERAL
3777,F,10,3,GENERAL
3778,F,10,3,SURGERY
3779,M,1,5,GENERAL
3780,M,1,5,ORTHOPEDICS
3781,F,1,6,SURGERY
3782,F,11,3,SURGERY
3783,F,1,6,GENERAL
3784,M,1,6,GENERAL
3785,M,13,2,GENERAL
3786,M,1,7,ORTHOPEDICS
3787,F,10,3,ORTHOPEDICS
3788,M,10,3,SURGERY
3789,F,1,5,GENERAL
3790,M,7,4,SURGERY
3791,F,1,5,GENERAL
3792,M,1,5,GENERAL
3793,F,1,5,GENERAL
3794,M,1,5,GENERAL
3795,M,1,5,SURGERY
3796,M,11,3,SURGERY
3797,F,1,5,GENERAL
3798,M,1,5,GENERAL
3799,M,10,3,GENERAL
3800,M,10,4,CARDIOLOGY
3801,M,13,2,SURGERY
3802,M,7,4,GENERAL
3803,F,10,3,SURGERY
3804,M,13,2,SURGERY
3805,F,6,4,GENERAL
3806,M,6,4,CARDIOLOGY
3807,M,11,3,SURGERY
3808,F,6,4,GENERAL
3809,F,1,6,GENERAL
3810,F,13,3,GENERAL
3811,F,6,4,GENERAL
3812,F,10,4,GENERAL
3813,M,11,3,GENERAL
3814,M,1,6,CARDIOLOGY
3815,F,11,3,SURGERY
3816,F,1,5,GENERAL
3817,F,7,4,GENERAL
3818,M,1,6,SURGERY
3819,M,6,4,CARDIOLOGY
3820,M,1,6,CARDIOLOGY
3821,F,6,4,GENERAL
3822,M,6,4,GENERAL
3823,F,11,3,CARDIOLOGY
3824,M,7,4,GENERAL
3825,M,6,4,ORTHOPEDICS
3826,F,7,4,SURGERY
3827,M,10,4,SURGERY
3828,F,10,4,GENERAL
3829,F,6,4,GENERAL
3830,F,6,4,GENERAL
3831,M,1,5,SURGERY
3832,M,1,5,SURGERY
3833,M,1,5,ORTHOPEDICS
3834,F,10,4,GENERAL
3835,M,11,3,GENERAL
3836,F,6,4,SURGERY
3837,M,6,4,CARDIOLOGY
3838,F,6,4,GENERAL
3839,F,11,3,GENERAL
3840,M,1,5,GENERAL
3841,M,6,4,SURGERY
3842,M,10,3,ORTHOPEDICS
3843,F,8,4,GENERAL
3844,F,1,5,GENERAL
3845,F,6,4,ORTHOPEDICS
3846,M,1,5,ORTHOPEDICS
3847,F,1,5,GENERAL
3848,M,10,4,CARDIOLOGY
3849,M,10,4,GENERAL
3850,F,13,3,GENERAL
3851,F,10,3,ORTHOPEDICS
3852,M,10,4,SURGERY
3853,M,11,3,SURGERY
3854,F,10,4,GENERAL
3855,F,10,3,GENERAL
3856,M,6,4,CARDIOLOGY
3857,F,10,3,ORTHOPEDICS
3858,F,13,1,ORTHOPEDICS
3859,F,12,3,SURGERY
3860,F,10,4,ORTHOPEDICS
3861,M,1,5,SURGERY
3862,F,10,4,CARDIOLOGY
3863,M,6,4,SURGERY
3864,M,6,4,ORTHOPEDICS
3865,F,1,5,CARDIOLOGY
3866,F,1,5,SURGERY
3867,F,1,6,SURGERY
3868,M,10,3,GENERAL
3869,F,13,1,GENERAL
3870,M,1,6,ORTHOPEDICS
3871,M,10,4,CARDIOLOGY
3872,F,1,6,GENERAL
3873,M,10,3,GENERAL
3874,F,11,3,ORTHOPEDICS
3875,M,13,2,GENERAL
3876,M,10,4,SURGERY
3877,M,1,5,GENERAL
3878,M,6,4,SURGERY
3879,F,10,4,GENERAL
3880,M,7,4,GENERAL
3881,F,1,5,ORTHOPEDICS
3882,F,1,6,GENERAL
3883,F,10,4,ORTHOPEDICS
3884,M,10,4,SURGERY
3885,F,6,4,SURGERY
3886,F,13,2,GENERAL
3887,F,7,4,GENERAL
3888,F,1,5,CARDIOLOGY
3889,M,6,4,GENERAL
3890,M,6,4,SURGERY
3891,M,1,5,ORTHOPEDICS
3892,F,7,4,GENERAL
3893,M,6,4,GENERAL
3894,F,6,4,SURGERY
3895,F,10,3,CARDIOLOGY
3896,F,1,6,GENERAL
3897,M,1,6,GENERAL
3898,F,7,4,CARDIOLOGY
3899,F,6,4,GENERAL
3900,M,6,4,GENERAL
3901,M,1,5,CARDIOLOGY
3902,M,13,2,SURGERY
3903,M,6,4,GENERAL
3904,F,10,3,SURGERY
3905,M,13,3,ORTHOPEDICS
3906,M,1,5,SURGERY
3907,M,11,3,GENERAL
3908,F,7,4,CARDIOLOGY
3909,M,6,4,GENERAL
3910,M,1,6,SURGERY
3911,F,1,6,SURGERY
3912,F,6,4,ORTHOPEDICS
3913,F,10,4,SURGERY
3914,F,13,3,CARDIOLOGY
3915,M,6,4,GENERAL
3916,M,1,5,GENERAL
3917,F,1,5,GENERAL
3918,M,6,4,ORTHOPEDICS
3919,M,6,4,ORTHOPEDICS
3920,M,11,3,ORTHOPEDICS
3921,M,6,4,GENERAL
3922,F,7,4,ORTHOPEDICS
3923,F,11,3,GENERAL
3924,F,6,4,GENERAL
3925,M,1,5,ORTHOPEDICS
3926,M,13,3,SURGERY
3927,F,10,3,GENERAL
3928,F,6,4,ORTHOPEDICS
3929,M,10,4,ORTHOPEDICS
3930,M,10,3,ORTHOPEDICS
3931,M,7,4,SURGERY
3932,M,10,4,SURGERY
3933,F,6,4,GENERAL
3934,M,1,5,CARDIOLOGY
3935,F,10,3,CARDIOLOGY
3936,M,7,4,CARDIOLOGY
3937,F,6,4,ORTHOPEDICS
3938,F,1,5,ORTHOPEDICS
3939,F,6,4,GENERAL
3940,F,10,4,GENERAL
3941,F,11,3,SURGERY
3942,M,10,4,CARDIOLOGY
3943,M,6,4,GENERAL
3944,F,10,4,ORTHOPEDICS
3945,M,10,4,GENERAL
3946,F,10,4,GENERAL
3947,M,6,4,CARDIOLOGY
3948,F,10,4,GENERAL
3949,M,6,4,ORTHOPEDICS
3950,F,6,4,CARDIOLOGY
3951,M,6,4,GENERAL
3952,M,6,4,SURGERY
3953,F,6,4,CARDIOLOGY
3954,F,10,3,GENERAL
3955,F,13,2,CARDIOLOGY
3956,M,1,5,SURGERY
3957,M,6,4,GENERAL
3958,M,6,4,SURGERY
3959,M,10,4,GENERAL
3960,M,1,5,SURGERY
3961,F,7,4,CARDIOLOGY
3962,F,13,2,SURGERY
3963,M,1,5,ORTHOPEDICS
3964,M,6,4,ORTHOPEDICS
3965,F,10,3,ORTHOPEDICS
3966,M,10,3,CARDIOLOGY
3967,F,13,2,SURGERY
3968,F,6,4,SURGERY
3969,F,1,6,GENERAL
3970,F,13,2,SURGERY
3971,F,13,3,ORTHOPEDICS
3972,F,10,3,CARDIOLOGY
3973,M,1,5,ORTHOPEDICS
3974,M,8,4,SURGERY
3975,F,10,4,GENERAL
3976,M,6,4,SURGERY
3977,M,1,6,GENERAL
3978,F,1,6,SURGERY
3979,M,13,2,SURGERY
3980,M,1,5,ORTHOPEDICS
3981,F,7,4,ORTHOPEDICS
3982,M,1,5,GENERAL
3983,M,6,4,SURGERY
3984,F,8,4,CARDIOLOGY
3985,F,6,4,CARDIOLOGY
3986,M,10,4,GENERAL
3987,M,10,3,GENERAL
3988,M,10,3,SURGERY
3989,M,10,4,ORTHOPEDICS
3990,M,6,4,CARDIOLOGY
3991,F,13,3,ORTHOPEDICS
3992,F,1,5,GENERAL
3993,M,13,3,GENERAL
3994,F,6,5,SURGERY
3995,M,1,5,CARDIOLOGY
3996,M,13,2,CARDIOLOGY
3997,M,11,3,CARDIOLOGY
3998,F,1,6,SURGERY
3999,F,10,4,CARDIOLOGY
4000,F,10,4,GENERAL
4001,M,11,3,CARDIOLOGY
4002,M,13,3,CARDIOLOGY
4003,M,13,2,CARDIOLOGY
4004,F,11,3,SURGERY
4005,F,6,4,ORTHOPEDICS
4006,M,1,6,SURGERY
4007,F,10,4,GENERAL
4008,F,1,7,CARDIOLOGY
4009,F,6,4,GENERAL
4010,F,7,4,ORTHOPEDICS
4011,F,10,4,SURGERY
4012,M,6,4,SURGERY
4013,M,6,4,GENERAL
4014,M,6,4,SURGERY
4015,M,6,4,ORTHOPEDICS
4016,M,11,3,SURGERY
4017,M,1,5,GENERAL
4018,F,1,5,GENERAL
4019,M,10,4,GENERAL
4020,F,10,4,GENERAL
4021,M,1,5,SURGERY
4022,M,10,3,SURGERY
4023,F,12,3,GENERAL
4024,M,10,4,GENERAL
4025,F,13,3,SURGERY
4026,M,6,4,GENERAL
4027,F,1,5,GENERAL
4028,M,10,3,ORTHOPEDICS
4029,M,1,5,CARDIOLOGY
4030,F,1,5,ORTHOPEDICS
4031,M,1,5,SURGERY
4032,F,11,3,SURGERY
4033,M,10,3,CARDIOLOGY
4034,F,6,4,CARDIOLOGY
4035,M,10,4,ORTHOPEDICS
4036,M,1,5,ORTHOPEDICS
4037,F,10,3,ORTHOPEDICS
4038,F,1,6,GENERAL
4039,F,6,4,SURGERY
4040,F,6,4,SURGERY
4041,F,12,3,GENERAL
4042,F,6,4,ORTHOPEDICS
4043,F,1,5,SURGERY
4044,M,1,7,SURGERY
4045,M,1,5,CARDIOLOGY
4046,F,13,2,GENERAL
4047,F,1,6,GENERAL
4048,M,10,4,GENERAL
4049,M,1,5,CARDIOLOGY
4050,M,11,3,GENERAL
4051,M,10,3,CARDIOLOGY
4052,M,10,3,CARDIOLOGY
4053,M,6,4,ORTHOPEDICS
4054,F,10,3,GENERAL
4055,M,1,5,GENERAL
4056,M,13,2,GENERAL
4057,F,13,3,GENERAL
4058,F,1,6,ORTHOPEDICS
4059,M,10,4,SURGERY
4060,M,13,3,GENERAL
4061,M,13,2,ORTHOPEDICS
4062,M,10,3,CARDIOLOGY
4063,F,1,5,CARDIOLOGY
4064,F,6,4,ORTHOPEDICS
4065,F,1,5,ORTHOPEDICS
4066,M,13,2,SURGERY
4067,F,6,4,SURGERY
4068,M,1,5,ORTHOPEDICS
4069,M,1,5,GENERAL
4070,M,10,3,SURGERY
4071,M,1,5,CARDIOLOGY
4072,M,1,5,CARDIOLOGY
4073,F,1,5,CARDIOLOGY
4074,F,10,3,ORTHOPEDICS
4075,F,1,5,SURGERY
4076,F,7,4,GENERAL
4077,F,11,3,ORTHOPEDICS
4078,F,6,4,ORTHOPEDICS
4079,M,6,4,GENERAL
4080,F,10,4,CARDIOLOGY
4081,M,6,5,GENERAL
4082,F,7,4,CARDIOLOGY
4083,M,6,4,SURGERY
4084,M,1,6,ORTHOPEDICS
4085,F,10,4,GENERAL
4086,F,1,5,ORTHOPEDICS
4087,F,7,4,GENERAL
4088,F,11,3,ORTHOPEDICS
4089,M,6,4,ORTHOPEDICS
4090,F,13,2,GENERAL
4091,F,1,5,GENERAL
4092,M,6,4,GENERAL
4093,M,10,3,SURGERY
4094,M,6,4,GENERAL
4095,M,10,3,GENERAL
4096,M,1,6,GENERAL
4097,F,11,3,GENERAL
4098,F,13,3,GENERAL
4099,M,10,4,CARDIOLOGY
4100,M,6,4,ORTHOPEDICS
4101,M,1,5,SURGERY
4102,M,10,3,SURGERY
4103,F,1,5,CARDIOLOGY
4104,M,1,5,GENERAL
4105,F,10,3,GENERAL
4106,F,6,4,GENERAL
4107,F,10,3,GENERAL
4108,F,6,4,GENERAL
4109,F,1,6,ORTHOPEDICS
4110,F,7,4,CARDIOLOGY
4111,M,1,5,ORTHOPEDICS
4112,F,6,4,GENERAL
4113,M,13,3,CARDIOLOGY
4114,M,7,4,SURGERY
4115,F,6,4,GENERAL
4116,M,10,4,SURGERY
4117,M,6,4,SURGERY
4118,M,1,5,GENERAL
4119,M,1,5,GENERAL
4120,F,1,5,ORTHOPEDICS
4121,F,1,5,SURGERY
4122,F,10,4,GENERAL
4123,F,10,4,CARDIOLOGY
4124,F,10,3,GENERAL
4125,M,1,6,GENERAL
4126,M,6,4,SURGERY
4127,M,1,5,SURGERY
4128,M,10,4,ORTHOPEDICS
4129,M,6,4,GENERAL
4130,M,1,5,ORTHOPEDICS
4131,F,1,5,CARDIOLOGY
4132,M,11,3,ORTHOPEDICS
4133,M,10,3,GENERAL
4134,F,6,4,CARDIOLOGY
4135,F,11,3,GENERAL
4136,F,1,5,GENERAL
4137,F,10,3,ORTHOPEDICS
4138,M,1,6,SURGERY
4139,F,1,5,GENERAL
4140,F,13,2,CARDIOLOGY
4141,M,13,2,SURGERY
4142,M,10,4,SURGERY
4143,M,1,5,CARDIOLOGY
4144,M,13,2,CARDIOLOGY
4145,F,13,2,GENERAL
4146,M,1,5,GENERAL
4147,M,10,4,SURGERY
4148,M,6,4,ORTHOPEDICS
4149,M,10,4,CARDIOLOGY
4150,M,8,4,GENERAL
4151,F,1,5,CARDIOLOGY
4152,M,10,3,CARDIOLOGY
4153,M,7,4,GENERAL
4154,M,6,4,ORTHOPEDICS
4155,F,6,5,ORTHOPEDICS
4156,F,10,4,SURGERY
4157,M,11,3,GENERAL
4158,F,6,4,CARDIOLOGY
4159,F,10,3,GENERAL
4160,M,12,3,GENERAL
4161,M,10,4,ORTHOPEDICS
4162,M,1,5,GENERAL
4163,M,1,5,GENERAL
4164,F,6,4,ORTHOPEDICS
4165,M,6,4,CARDIOLOGY
4166,F,1,5,SURGERY
4167,F,1,5,SURGERY
4168,F,11,3,SURGERY
4169,F,10,4,ORTHOPEDICS
4170,M,1,5,GENERAL
4171,M,6,4,ORTHOPEDICS
4172,F,13,2,GENERAL
4173,F,11,3,CARDIOLOGY
4174,F,1,5,GENERAL
4175,F,6,4,ORTHOPEDICS
4176,M,1,6,SURGERY
4177,M,11,3,GENERAL
4178,F,1,6,SURGERY
4179,M,6,4,GENERAL
4180,F,13,2,GENERAL
4181,M,13,2,GENERAL
4182,M,6,4,ORTHOPEDICS
4183,F,1,6,GENERAL
4184,F,6,4,SURGERY
4185,M,10,3,SURGERY
4186,F,10,3,ORTHOPEDICS
4187,F,1,5,ORTHOPEDICS
4188,F,6,4,SURGERY
4189,M,6,4,SURGERY
4190,F,10,3,CARDIOLOGY
4191,F,10,4,ORTHOPEDICS
4192,M,1,5,SURGERY
4193,M,1,6,ORTHOPEDICS
4194,M,1,5,CARDIOLOGY
4195,M,10,4,ORTHOPEDICS
4196,F,1,5,ORTHOPEDICS
4197,F,13,2,GENERAL
4198,F,1,5,ORTHOPEDICS
4199,M,10,3,GENERAL
4200,M,7,4,SURGERY
4201,M,6,4,CARDIOLOGY
4202,F,10,4,CARDIOLOGY
4203,M,10,4,GENERAL
4204,F,1,5,ORTHOPEDICS
4205,M,6,4,GENERAL
4206,M,10,3,GENERAL
4207,M,10,4,ORTHOPEDICS
4208,F,1,5,GENERAL
4209,M,10,3,GENERAL
4210,F,6,4,ORTHOPEDICS
4211,M,13,3,ORTHOPEDICS
4212,M,1,5,ORTHOPEDICS
4213,M,1,7,CARDIOLOGY
4214,M,6,4,ORTHOPEDICS
4215,F,11,3,SURGERY
4216,M,11,3,GENERAL
4217,F,1,5,GENERAL
4218,M,10,4,GENERAL
4219,M,1,5,SURGERY
4220,F,6,4,SURGERY
4221,F,10,4,ORTHOPEDICS
4222,F,10,4,GENERAL
4223,F,6,4,CARDIOLOGY
4224,M,1,6,GENERAL
4225,M,1,5,SURGERY
4226,F,6,4,GENERAL
4227,F,6,4,ORTHOPEDICS
4228,F,1,6,GENERAL
4229,M,6,4,GENERAL
4230,F,10,4,SURGERY
4231,M,10,3,GENERAL
4232,M,11,3,GENERAL
4233,F,1,6,SURGERY
4234,F,1,5,SURGERY
4235,M,1,5,CARDIOLOGY
4236,M,1,5,GENERAL
4237,M,10,3,ORTHOPEDICS
4238,M,6,4,GENERAL
4239,F,11,3,ORTHOPEDICS
4240,M,6,4,SURGERY
4241,M,6,4,SURGERY
4242,F,10,4,ORTHOPEDICS
4243,F,7,4,CARDIOLOGY
4244,F,1,5,CARDIOLOGY
4245,M,1,5,GENERAL
4246,F,1,5,CARDIOLOGY
4247,F,7,4,SURGERY
4248,F,13,1,GENERAL
4249,F,1,6,CARDIOLOGY
4250,M,13,3,ORTHOPEDICS
4251,F,1,5,SURGERY
4252,M,7,4,GENERAL
4253,M,10,4,GENERAL
4254,F,7,4,CARDIOLOGY
4255,M,1,5,ORTHOPEDICS
4256,F,10,4,SURGERY
4257,F,1,5,SURGERY
4258,F,13,2,GENERAL
4259,F,10,3,SURGERY
4260,F,7,4,ORTHOPEDICS
4261,M,10,4,SURGERY
4262,F,6,4,CARDIOLOGY
4263,F,13,2,SURGERY
4264,M,13,3,GENERAL
4265,F,6,4,ORTHOPEDICS
4266,F,13,3,ORTHOPEDICS
4267,M,6,4,SURGERY
4268,F,6,4,SURGERY
4269,F,1,5,CARDIOLOGY
4270,F,10,4,GENERAL
4271,F,1,5,ORTHOPEDICS
4272,F,13,3,SURGERY
4273,M,10,3,SURGERY
4274,F,10,4,ORTHOPEDICS
4275,M,1,6,ORTHOPEDICS
4276,M,10,4,GENERAL
4277,M,6,5,GENERAL
4278,F,7,4,ORTHOPEDICS
4279,M,1,5,SURGERY
4280,M,7,4,CARDIOLOGY
4281,F,6,4,ORTHOPEDICS
4282,M,1,5,GENERAL
4283,F,6,4,SURGERY
4284,M,13,2,GENERAL
4285,M,1,5,SURGERY
4286,M,13,3,GENERAL
4287,M,8,4,GENERAL
4288,M,13,1,GENERAL
4289,F,6,4,GENERAL
4290,M,13,2,SURGERY
4291,F,1,5,SURGERY
4292,F,6,4,ORTHOPEDICS
4293,M,1,5,GENERAL
4294,F,6,4,SURGERY
4295,F,6,4,GENERAL
4296,M,13,3,CARDIOLOGY
4297,M,6,4,CARDIOLOGY
4298,F,1,6,SURGERY
4299,F,7,4,CARDIOLOGY
4300,M,11,3,ORTHOPEDICS
4301,F,13,3,GENERAL
4302,M,6,4,CARDIOLOGY
4303,M,13,2,CARDIOLOGY
4304,F,6,4,CARDIOLOGY
4305,M,1,5,ORTHOPEDICS
4306,F,11,3,GENERAL
4307,F,6,4,SURGERY
4308,F,1,5,GENERAL
4309,F,6,4,ORTHOPEDICS
4310,F,6,4,GENERAL
4311,F,6,4,SURGERY
4312,M,1,5,SURGERY
4313,M,6,4,ORTHOPEDICS
4314,M,1,6,GENERAL
4315,M,13,2,GENERAL
4316,F,1,5,SURGERY
4317,F,6,4,GENERAL
4318,M,10,3,SURGERY
4319,F,1,6,GENERAL
4320,F,1,5,ORTHOPEDICS
4321,F,7,4,GENERAL
4322,M,11,3,SURGERY
4323,M,6,4,SURGERY
4324,M,6,4,GENERAL
4325,F,6,4,GENERAL
4326,M,10,4,GENERAL
4327,M,13,2,CARDIOLOGY
4328,M,6,4,GENERAL
4329,M,11,3,GENERAL
4330,M,10,4,GENERAL
4331,M,1,5,ORTHOPEDICS
4332,F,10,3,SURGERY
4333,F,1,5,GENERAL
4334,M,13,2,SURGERY
4335,M,7,4,ORTHOPEDICS
4336,M,10,3,ORTHOPEDICS
4337,M,10,3,GENERAL
4338,F,6,4,GENERAL
4339,M,6,4,GENERAL
4340,M,13,2,SURGERY
4341,M,1,5,ORTHOPEDICS
4342,M,6,4,GENERAL
4343,M,6,4,CARDIOLOGY
4344,M,1,5,ORTHOPEDICS
4345,M,10,4,GENERAL
4346,M,10,4,GENERAL
4347,F,6,4,GENERAL
4348,F,6,4,GENERAL
4349,F,1,5,GENERAL
4350,F,6,4,SURGERY
4351,M,1,6,GENERAL
4352,F,6,4,GENERAL
4353,F,1,6,CARDIOLOGY
4354,F,6,4,CARDIOLOGY
4355,F,10,4,SURGERY
4356,M,13,2,CARDIOLOGY
4357,M,7,4,ORTHOPEDICS
4358,F,7,4,SURGERY
4359,F,6,4,SURGERY
4360,M,6,4,SURGERY
4361,F,10,4,CARDIOLOGY
4362,F,6,4,ORTHOPEDICS
4363,M,6,4,GENERAL
4364,F,6,4,CARDIOLOGY
4365,M,13,3,SURGERY
4366,F,10,3,GENERAL
4367,M,13,2,GENERAL
4368,M,11,3,GENERAL
4369,F,10,4,CARDIOLOGY
4370,F,10,3,ORTHOPEDICS
4371,F,6,4,CARDIOLOGY
4372,F,1,6,GENERAL
4373,M,10,4,GENERAL
4374,F,10,3,SURGERY
4375,M,13,2,SURGERY
4376,F,10,4,GENERAL
4377,M,1,5,SURGERY
4378,F,10,3,ORTHOPEDICS
4379,M,10,4,SURGERY
4380,M,10,3,GENERAL
4381,F,10,4,SURGERY
4382,F,11,3,CARDIOLOGY
4383,F,10,4,GENERAL
4384,F,1,5,ORTHOPEDICS
4385,M,1,5,ORTHOPEDICS
4386,F,1,5,ORTHOPEDICS
4387,M,10,3,ORTHOPEDICS
4388,F,10,3,ORTHOPEDICS
4389,F,1,6,ORTHOPEDICS
4390,M,10,3,SURGERY
4391,M,10,3,GENERAL
4392,M,11,3,GENERAL
4393,F,7,4,GENERAL
4394,M,11,3,GENERAL
4395,F,1,5,GENERAL
4396,F,10,3,GENERAL
4397,M,6,4,GENERAL
4398,M,6,4,CARDIOLOGY
4399,M,1,5,GENERAL
4400,F,10,4,GENERAL
4401,F,10,4,ORTHOPEDICS
4402,M,6,4,GENERAL
4403,M,1,5,GENERAL
4404,M,6,4,SURGERY
4405,F,11,3,GENERAL
4406,M,7,4,GENERAL
4407,M,7,4,GENERAL
4408,M,13,2,GENERAL
4409,M,7,4,GENERAL
4410,M,10,3,SURGERY
4411,F,13,2,CARDIOLOGY
4412,M,10,4,ORTHOPEDICS
4413,M,6,4,SURGERY
4414,M,6,4,CARDIOLOGY
4415,M,1,5,CARDIOLOGY
4416,F,1,5,GENERAL
4417,F,13,2,ORTHOPEDICS
4418,M,1,5,GENERAL
4419,M,1,5,ORTHOPEDICS
4420,M,11,3,GENERAL
4421,M,6,4,GENERAL
4422,M,7,4,SURGERY
4423,F,10,3,CARDIOLOGY
4424,F,10,4,SURGERY
4425,M,12,3,ORTHOPEDICS
4426,M,6,4,ORTHOPEDICS
4427,F,1,5,ORTHOPEDICS
4428,M,10,4,GENERAL
4429,F,10,4,GENERAL
4430,F,6,4,CARDIOLOGY
4431,M,6,4,ORTHOPEDICS
4432,F,1,5,ORTHOPEDICS
4433,M,6,4,GENERAL
4434,M,7,4,GENERAL
4435,M,6,4,GENERAL
4436,M,11,3,SURGERY
4437,F,7,4,GENERAL
4438,M,1,5,SURGERY
4439,M,7,4,ORTHOPEDICS
4440,M,6,4,GENERAL
4441,M,7,4,GENERAL
4442,M,6,4,GENERAL
4443,M,6,4,CARDIOLOGY
4444,F,13,3,ORTHOPEDICS
4445,F,1,5,GENERAL
4446,M,11,3,GENERAL
4447,F,1,5,SURGERY
4448,M,6,4,ORTHOPEDICS
4449,M,6,4,GENERAL
4450,F,6,4,ORTHOPEDICS
4451,F,6,4,SURGERY
4452,M,6,4,CARDIOLOGY
4453,F,1,5,ORTHOPEDICS
4454,M,13,3,ORTHOPEDICS
4455,F,6,4,CARDIOLOGY
4456,M,10,4,GENERAL
4457,F,11,3,ORTHOPEDICS
4458,M,10,4,SURGERY
4459,M,11,3,SURGERY
4460,F,13,2,SURGERY
4461,M,1,5,GENERAL
4462,F,6,4,SURGERY
4463,M,6,4,SURGERY
4464,F,6,4,GENERAL
4465,M,10,4,CARDIOLOGY
4466,F,7,4,GENERAL
4467,M,7,4,GENERAL
4468,F,1,5,GENERAL
4469,F,6,4,GENERAL
4470,M,6,4,CARDIOLOGY
4471,F,11,3,ORTHOPEDICS
4472,M,1,5,GENERAL
4473,F,1,6,SURGERY
4474,F,10,4,GENERAL
4475,F,6,4,ORTHOPEDICS
4476,F,7,4,SURGERY
4477,M,1,6,GENERAL
4478,F,1,5,ORTHOPEDICS
4479,F,6,4,SURGERY
4480,M,6,4,GENERAL
4481,M,10,4,GENERAL
4482,F,6,4,GENERAL
4483,F,6,4,SURGERY
4484,F,1,6,ORTHOPEDICS
4485,M,1,5,GENERAL
4486,F,6,4,SURGERY
4487,F,6,4,GENERAL
4488,F,1,6,GENERAL
4489,M,1,6,GENERAL
4490,M,6,4,GENERAL
4491,M,1,5,GENERAL
4492,F,11,3,CARDIOLOGY
4493,M,13,2,CARDIOLOGY
4494,M,6,4,SURGERY
4495,F,1,5,GENERAL
4496,M,7,4,SURGERY
4497,F,6,4,CARDIOLOGY
4498,F,6,4,ORTHOPEDICS
4499,F,1,6,GENERAL
4500,M,6,4,GENERAL
4501,M,1,5,ORTHOPEDICS
4502,F,11,3,CARDIOLOGY
4503,F,7,4,GENERAL
4504,F,10,3,ORTHOPEDICS
4505,M,6,4,SURGERY
4506,F,6,4,GENERAL
4507,M,13,2,CARDIOLOGY
4508,F,7,4,ORTHOPEDICS
4509,F,13,2,GENERAL
4510,F,13,2,GENERAL
4511,M,6,4,ORTHOPEDICS
4512,F,1,5,ORTHOPEDICS
4513,F,10,3,ORTHOPEDICS
4514,F,13,3,ORTHOPEDICS
4515,M,1,5,GENERAL
4516,M,10,4,GENERAL
4517,F,13,2,GENERAL
4518,M,6,4,GENERAL
4519,F,6,4,SURGERY
4520,M,1,5,CARDIOLOGY
4521,M,1,6,ORTHOPEDICS
4522,F,1,5,ORTHOPEDICS
4523,F,1,5,SURGERY
4524,F,1,5,GENERAL
4525,M,10,3,CARDIOLOGY
4526,M,13,3,ORTHOPEDICS
4527,F,13,1,CARDIOLOGY
4528,M,10,4,GENERAL
4529,F,1,5,GENERAL
4530,F,1,5,ORTHOPEDICS
4531,M,10,3,CARDIOLOGY
4532,M,10,4,GENERAL
4533,M,1,5,ORTHOPEDICS
4534,F,1,5,GENERAL
4535,F,6,4,CARDIOLOGY
4536,F,1,6,GENERAL
4537,M,6,4,ORTHOPEDICS
4538,F,1,5,SURGERY
4539,F,10,3,GENERAL
4540,F,7,4,GENERAL
4541,F,11,3,CARDIOLOGY
4542,F,13,2,CARDIOLOGY
4543,F,1,5,ORTHOPEDICS
4544,F,1,6,GENERAL
4545,F,10,3,ORTHOPEDICS
4546,M,1,5,CARDIOLOGY
4547,F,11,3,GENERAL
4548,M,1,5,GENERAL
4549,M,1,5,GENERAL
4550,F,10,3,GENERAL
4551,F,10,3,GENERAL
4552,F,10,3,GENERAL
4553,M,6,4,CARDIOLOGY
4554,F,1,6,CARDIOLOGY
4555,F,10,4,GENERAL
4556,M,11,3,ORTHOPEDICS
4557,F,6,4,ORTHOPEDICS
4558,F,11,3,ORTHOPEDICS
4559,F,1,6,GENERAL
4560,M,10,4,CARDIOLOGY
4561,M,1,6,SURGERY
4562,F,6,4,GENERAL
4563,F,6,5,GENERAL
4564,M,1,6,SURGERY
4565,M,6,4,CARDIOLOGY
4566,F,1,7,CARDIOLOGY
4567,M,6,4,SURGERY
4568,M,1,6,SURGERY
4569,F,1,5,GENERAL
4570,M,11,3,GENERAL
4571,F,6,4,GENERAL
4572,F,10,3,CARDIOLOGY
4573,M,1,5,SURGERY
4574,M,1,5,ORTHOPEDICS
4575,F,1,5,GENERAL
4576,M,1,5,GENERAL
4577,F,10,4,GENERAL
4578,M,13,3,GENERAL
4579,F,11,3,GENERAL
4580,M,10,4,CARDIOLOGY
4581,F,6,4,GENERAL
4582,M,10,4,CARDIOLOGY
4583,F,10,3,GENERAL
4584,M,10,4,CARDIOLOGY
4585,M,6,4,CARDIOLOGY
4586,M,6,4,GENERAL
4587,F,1,5,GENERAL
4588,F,1,6,SURGERY
4589,M,6,4,CARDIOLOGY
4590,F,13,2,GENERAL
4591,M,1,6,GENERAL
4592,F,10,4,ORTHOPEDICS
4593,F,6,4,CARDIOLOGY
4594,M,1,5,ORTHOPEDICS
4595,M,6,4,SURGERY
4596,F,1,5,GENERAL
4597,F,8,4,GENERAL
4598,F,6,4,GENERAL
4599,F,1,5,GENERAL
4600,F,1,5,ORTHOPEDICS
4601,M,10,4,CARDIOLOGY
4602,M,1,5,SURGERY
4603,F,1,6,SURGERY
4604,M,6,4,ORTHOPEDICS
4605,M,6,4,GENERAL
4606,M,1,5,CARDIOLOGY
4607,F,1,6,ORTHOPEDICS
4608,M,1,5,CARDIOLOGY
4609,F,6,4,CARDIOLOGY
4610,M,10,4,CARDIOLOGY
4611,M,11,3,CARDIOLOGY
4612,M,13,2,GENERAL
4613,M,13,3,SURGERY
4614,F,6,4,GENERAL
4615,M,6,4,GENERAL
4616,F,11,3,GENERAL
4617,F,7,4,ORTHOPEDICS
4618,M,13,3,SURGERY
4619,F,7,4,GENERAL
4620,F,1,5,ORTHOPEDICS
4621,M,13,3,ORTHOPEDICS
4622,F,10,4,GENERAL
4623,M,1,6,GENERAL
4624,F,6,4,ORTHOPEDICS
4625,F,7,4,GENERAL
4626,M,11,3,GENERAL
4627,M,10,3,SURGERY
4628,F,1,6,GENERAL
4629,M,10,4,GENERAL
4630,F,7,4,GENERAL
4631,F,11,3,GENERAL
4632,M,10,4,ORTHOPEDICS
4633,F,10,3,GENERAL
4634,M,10,3,GENERAL
4635,M,1,5,GENERAL
4636,F,10,4,CARDIOLOGY
4637,M,7,4,GENERAL
4638,F,7,4,ORTHOPEDICS
4639,M,10,3,SURGERY
4640,M,6,4,ORTHOPEDICS
4641,F,7,4,GENERAL
4642,M,1,5,GENERAL
4643,M,1,6,GENERAL
4644,F,6,4,GENERAL
4645,F,10,4,GENERAL
4646,F,10,3,GENERAL
4647,M,10,3,GENERAL
4648,F,6,4,CARDIOLOGY
4649,F,10,3,CARDIOLOGY
4650,M,1,5,CARDIOLOGY
4651,F,10,4,CARDIOLOGY
4652,M,10,4,ORTHOPEDICS
4653,F,13,2,SURGERY
4654,M,1,5,SURGERY
4655,F,1,5,SURGERY
4656,F,13,2,GENERAL
4657,M,10,3,SURGERY
4658,F,1,5,ORTHOPEDICS
4659,M,10,4,ORTHOPEDICS
4660,M,1,5,ORTHOPEDICS
4661,F,6,4,GENERAL
4662,M,1,5,GENERAL
4663,M,1,6,ORTHOPEDICS
4664,M,11,3,ORTHOPEDICS
4665,F,1,5,CARDIOLOGY
4666,F,10,4,CARDIOLOGY
4667,M,6,4,CARDIOLOGY
4668,M,13,2,SURGERY
4669,F,6,4,GENERAL
4670,M,10,4,GENERAL
4671,F,10,3,CARDIOLOGY
4672,F,13,2,ORTHOPEDICS
4673,M,10,3,ORTHOPEDICS
4674,F,10,3,CARDIOLOGY
4675,M,13,3,GENERAL
4676,M,6,4,SURGERY
4677,M,10,4,GENERAL
4678,F,1,5,CARDIOLOGY
4679,M,1,5,GENERAL
4680,F,10,4,GENERAL
4681,F,10,4,SURGERY
4682,F,10,4,GENERAL
4683,M,6,4,GENERAL
4684,F,6,4,GENERAL
4685,M,11,3,GENERAL
4686,F,10,3,SURGERY
4687,F,1,6,GENERAL
4688,M,10,3,ORTHOPEDICS
4689,M,1,5,ORTHOPEDICS
4690,M,13,2,GENERAL
4691,M,7,4,CARDIOLOGY
4692,F,1,5,CARDIOLOGY
4693,M,6,4,SURGERY
4694,M,10,4,GENERAL
4695,M,13,2,CARDIOLOGY
4696,F,6,4,GENERAL
4697,M,10,3,ORTHOPEDICS
4698,F,1,5,SURGERY
4699,F,1,6,ORTHOPEDICS
4700,M,6,4,CARDIOLOGY
4701,F,10,3,GENERAL
4702,M,1,5,ORTHOPEDICS
4703,F,10,3,CARDIOLOGY
4704,F,6,4,GENERAL
4705,M,1,5,GENERAL
4706,M,1,5,GENERAL
4707,F,10,4,GENERAL
4708,M,1,5,CARDIOLOGY
4709,F,10,3,SURGERY
4710,M,1,7,CARDIOLOGY
4711,F,6,4,CARDIOLOGY
4712,F,7,4,ORTHOPEDICS
4713,F,6,4,GENERAL
4714,M,1,5,SURGERY
4715,F,10,3,ORTHOPEDICS
4716,F,11,3,GENERAL
4717,F,13,3,GENERAL
4718,F,6,4,GENERAL
4719,F,1,5,CARDIOLOGY
4720,F,13,2,SURGERY
4721,F,6,5,ORTHOPEDICS
4722,F,1,5,ORTHOPEDICS
4723,M,1,5,ORTHOPEDICS
4724,M,13,3,SURGERY
4725,M,6,4,SURGERY
4726,F,10,3,SURGERY
4727,F,7,4,ORTHOPEDICS
4728,F,10,3,SURGERY
4729,M,1,5,CARDIOLOGY
4730,F,1,5,ORTHOPEDICS
4731,M,6,4,SURGERY
4732,F,1,6,SURGERY
4733,F,10,3,ORTHOPEDICS
4734,M,1,5,CARDIOLOGY
4735,F,6,4,SURGERY
4736,M,1,6,ORTHOPEDICS
4737,F,1,6,GENERAL
4738,F,1,7,ORTHOPEDICS
4739,M,10,4,CARDIOLOGY
4740,M,11,3,GENERAL
4741,F,6,4,ORTHOPEDICS
4742,F,7,4,ORTHOPEDICS
4743,M,6,4,GENERAL
4744,M,1,5,ORTHOPEDICS
4745,F,1,5,GENERAL
4746,F,1,5,GENERAL
4747,M,1,5,GENERAL
4748,F,10,4,GENERAL
4749,M,11,3,GENERAL
4750,F,13,2,GENERAL
4751,M,11,3,SURGERY
4752,F,10,3,GENERAL
4753,M,7,4,CARDIOLOGY
4754,M,1,5,GENERAL
4755,F,10,4,CARDIOLOGY
4756,F,10,3,GENERAL
4757,M,10,4,CARDIOLOGY
4758,M,10,3,SURGERY
4759,F,7,4,GENERAL
4760,F,13,3,SURGERY
4761,F,6,5,CARDIOLOGY
4762,F,6,4,SURGERY
4763,F,1,5,CARDIOLOGY
4764,M,1,5,SURGERY
4765,F,10,4,ORTHOPEDICS
4766,F,6,4,GENERAL
4767,M,13,3,SURGERY
4768,M,10,3,CARDIOLOGY
4769,F,6,4,SURGERY
4770,M,13,2,SURGERY
4771,M,13,3,ORTHOPEDICS
4772,F,6,4,GENERAL
4773,M,1,6,CARDIOLOGY
4774,M,10,4,ORTHOPEDICS
4775,M,6,4,CARDIOLOGY
4776,F,1,5,ORTHOPEDICS
4777,F,1,5,GENERAL
4778,F,10,4,CARDIOLOGY
4779,F,1,5,CARDIOLOGY
4780,F,1,6,GENERAL
4781,M,13,3,GENERAL
4782,F,11,3,CARDIOLOGY
4783,F,6,4,ORTHOPEDICS
4784,M,10,3,SURGERY
4785,F,1,5,CARDIOLOGY
4786,F,6,4,GENERAL
4787,F,1,5,SURGERY
4788,M,1,5,ORTHOPEDICS
4789,F,10,4,CARDIOLOGY
4790,M,10,4,GENERAL
4791,F,6,4,GENERAL
4792,M,10,4,GENERAL
4793,M,6,4,GENERAL
4794,F,13,2,CARDIOLOGY
4795,M,6,4,GENERAL
4796,F,6,4,GENERAL
4797,F,1,6,GENERAL
4798,M,10,4,SURGERY
4799,M,6,4,GENERAL
4800,M,1,5,GENERAL
4801,M,10,3,GENERAL
4802,M,6,4,GENERAL
4803,M,6,5,CARDIOLOGY
4804,M,10,4,GENERAL
4805,F,1,5,CARDIOLOGY
4806,M,1,5,GENERAL
4807,F,11,3,CARDIOLOGY
4808,M,1,5,SURGERY
4809,F,13,2,GENERAL
4810,F,1,5,CARDIOLOGY
4811,M,10,3,GENERAL
4812,M,6,4,GENERAL
4813,F,10,3,ORTHOPEDICS
4814,M,1,6,GENERAL
4815,M,6,4,CARDIOLOGY
4816,M,1,5,CARDIOLOGY
4817,M,13,2,ORTHOPEDICS
4818,M,6,4,GENERAL
4819,F,1,5,SURGERY
4820,M,13,3,ORTHOPEDICS
4821,M,7,4,ORTHOPEDICS
4822,F,7,4,GENERAL
4823,M,1,6,ORTHOPEDICS
4824,F,6,4,CARDIOLOGY
4825,F,1,5,GENERAL
4826,M,1,5,GENERAL
4827,F,6,4,SURGERY
4828,M,1,5,CARDIOLOGY
4829,F,7,4,SURGERY
4830,F,6,4,ORTHOPEDICS
4831,F,1,5,ORTHOPEDICS
4832,M,1,5,ORTHOPEDICS
4833,F,6,4,ORTHOPEDICS
4834,F,6,4,ORTHOPEDICS
4835,F,1,5,CARDIOLOGY
4836,M,10,4,ORTHOPEDICS
4837,M,1,5,GENERAL
4838,M,1,6,ORTHOPEDICS
4839,F,1,5,ORTHOPEDICS
4840,F,12,3,SURGERY
4841,F,6,4,CARDIOLOGY
4842,M,10,3,CARDIOLOGY
4843,M,6,4,CARDIOLOGY
4844,M,1,5,CARDIOLOGY
4845,M,1,5,SURGERY
4846,F,10,4,ORTHOPEDICS
4847,F,6,4,GENERAL
4848,M,11,3,GENERAL
4849,F,1,6,ORTHOPEDICS
4850,M,13,2,ORTHOPEDICS
4851,M,6,4,CARDIOLOGY
4852,F,11,3,SURGERY
4853,F,10,4,ORTHOPEDICS
4854,M,1,5,SURGERY
4855,F,13,2,ORTHOPEDICS
4856,M,1,5,GENERAL
4857,M,7,4,GENERAL
4858,M,1,5,GENERAL
4859,F,13,2,SURGERY
4860,M,1,5,CARDIOLOGY
4861,M,13,2,GENERAL
4862,F,8,4,GENERAL
4863,M,11,3,CARDIOLOGY
4864,M,6,4,GENERAL
4865,M,10,3,SURGERY
4866,F,6,4,CARDIOLOGY
4867,F,1,5,ORTHOPEDICS
4868,M,6,4,ORTHOPEDICS
4869,F,10,4,SURGERY
4870,M,10,3,GENERAL
4871,M,1,6,SURGERY
4872,M,10,4,GENERAL
4873,F,1,6,CARDIOLOGY
4874,F,6,4,GENERAL
4875,F,1,5,ORTHOPEDICS
4876,M,1,5,CARDIOLOGY
4877,M,6,5,GENERAL
4878,F,11,3,SURGERY
4879,M,1,5,GENERAL
4880,M,10,3,GENERAL
4881,M,1,5,GENERAL
4882,F,7,4,ORTHOPEDICS
4883,F,11,3,SURGERY
4884,M,11,3,GENERAL
4885,F,10,3,ORTHOPEDICS
4886,M,7,4,SURGERY
4887,F,6,4,ORTHOPEDICS
4888,F,1,5,ORTHOPEDICS
4889,M,10,4,GENERAL
4890,M,10,3,SURGERY
4891,F,1,5,SURGERY
4892,F,6,4,GENERAL
4893,M,11,3,GENERAL
4894,F,10,3,ORTHOPEDICS
4895,F,6,4,GENERAL
4896,F,1,6,GENERAL
4897,F,10,4,GENERAL
4898,F,6,4,CARDIOLOGY
4899,F,11,3,GENERAL
4900,F,6,4,ORTHOPEDICS
4901,M,11,3,GENERAL
4902,F,6,4,ORTHOPEDICS
4903,M,6,4,SURGERY
4904,F,6,4,ORTHOPEDICS
4905,M,13,3,GENERAL
4906,F,10,4,SURGERY
4907,M,11,3,GENERAL
4908,M,8,4,SURGERY
4909,F,13,3,SURGERY
4910,M,1,5,SURGERY
4911,M,11,3,CARDIOLOGY
4912,F,1,5,CARDIOLOGY
4913,M,10,3,ORTHOPEDICS
4914,F,6,4,GENERAL
4915,M,10,4,CARDIOLOGY
4916,M,1,5,ORTHOPEDICS
4917,M,6,4,CARDIOLOGY
4918,F,6,4,CARDIOLOGY
4919,M,6,4,GENERAL
4920,M,1,6,GENERAL
4921,F,1,5,GENERAL
4922,M,1,5,GENERAL
4923,F,6,4,CARDIOLOGY
4924,M,1,7,GENERAL
4925,F,1,5,GENERAL
4926,M,1,5,ORTHOPEDICS
4927,F,1,6,SURGERY
4928,M,10,4,GENERAL
4929,M,1,5,GENERAL
4930,F,1,5,GENERAL
4931,M,1,5,GENERAL
4932,M,13,3,ORTHOPEDICS
4933,M,1,5,ORTHOPEDICS
4934,F,13,2,ORTHOPEDICS
4935,M,6,4,SURGERY
4936,M,1,6,ORTHOPEDICS
4937,F,10,3,SURGERY
4938,M,1,5,CARDIOLOGY
4939,M,13,2,CARDIOLOGY
4940,M,1,5,GENERAL
4941,M,6,4,SURGERY
4942,F,11,3,GENERAL
4943,F,1,7,SURGERY
4944,F,10,3,GENERAL
4945,F,13,3,SURGERY
4946,F,6,4,ORTHOPEDICS
4947,F,1,6,GENERAL
4948,F,6,4,GENERAL
4949,M,1,5,ORTHOPEDICS
4950,M,10,4,GENERAL
4951,M,10,3,GENERAL
4952,F,10,3,GENERAL
4953,M,10,4,GENERAL
4954,F,6,4,GENERAL
4955,F,6,4,SURGERY
4956,F,10,3,ORTHOPEDICS
4957,F,10,4,GENERAL
4958,M,6,4,GENERAL
4959,M,6,4,GENERAL
4960,M,1,6,SURGERY
4961,M,6,4,GENERAL
4962,M,6,4,GENERAL
4963,M,13,2,GENERAL
4964,M,6,4,SURGERY
4965,F,8,4,ORTHOPEDICS
4966,M,1,5,CARDIOLOGY
4967,F,6,4,GENERAL
4968,M,1,5,ORTHOPEDICS
4969,M,11,3,GENERAL
4970,F,6,5,CARDIOLOGY
4971,M,10,3,CARDIOLOGY
4972,M,10,4,GENERAL
4973,M,1,5,GENERAL
4974,F,1,5,ORTHOPEDICS
4975,M,13,3,SURGERY
4976,F,1,5,CARDIOLOGY
4977,M,10,4,GENERAL
4978,M,10,3,ORTHOPEDICS
4979,M,1,5,SURGERY
4980,F,6,4,SURGERY
4981,M,1,5,GENERAL
4982,F,10,4,GENERAL
4983,F,1,6,SURGERY
4984,M,10,3,GENERAL
4985,F,6,4,GENERAL
4986,F,6,4,GENERAL
4987,M,13,2,CARDIOLOGY
4988,F,10,3,SURGERY
4989,M,13,2,SURGERY
4990,M,6,4,CARDIOLOGY
4991,F,7,4,SURGERY
4992,M,10,3,SURGERY
4993,F,7,4,ORTHOPEDICS
4994,M,13,2,CARDIOLOGY
4995,M,6,4,GENERAL
4996,M,6,4,ORTHOPEDICS
4997,M,6,4,GENERAL
4998,F,1,5,CARDIOLOGY
4999,F,1,5,GENERAL
5000,M,6,4,ORTHOPEDICS
5001,F,11,3,ORTHOPEDICS
5002,M,10,3,GENERAL
5003,F,1,5,GENERAL
5004,F,1,5,CARDIOLOGY
5005,F,13,2,SURGERY
5006,M,7,4,GENERAL
5007,F,6,4,GENERAL
5008,F,6,4,SURGERY
5009,M,10,3,GENERAL
5010,M,10,4,SURGERY
5011,M,13,3,SURGERY
5012,F,6,4,GENERAL
5013,F,13,2,GENERAL
5014,F,6,4,CARDIOLOGY
5015,F,10,3,ORTHOPEDICS
5016,F,6,4,GENERAL
5017,F,1,5,SURGERY
5018,F,10,4,GENERAL
5019,M,1,5,ORTHOPEDICS
5020,M,11,3,GENERAL
5021,F,10,3,CARDIOLOGY
5022,M,10,4,GENERAL
5023,F,10,4,GENERAL
5024,M,1,6,GENERAL
5025,F,1,5,CARDIOLOGY
5026,F,11,3,GENERAL
5027,F,10,4,CARDIOLOGY
5028,F,10,4,SURGERY
5029,F,1,5,SURGERY
5030,F,1,6,GENERAL
5031,F,13,3,GENERAL
5032,M,10,3,GENERAL
5033,F,7,4,GENERAL
5034,F,6,4,GENERAL
5035,M,10,4,GENERAL
5036,M,6,4,CARDIOLOGY
5037,M,10,4,CARDIOLOGY
5038,M,1,5,ORTHOPEDICS
5039,F,6,4,GENERAL
5040,M,1,5,GENERAL
5041,M,10,4,CARDIOLOGY
5042,F,6,4,SURGERY
5043,F,10,4,SURGERY
5044,M,1,5,GENERAL
5045,F,1,6,CARDIOLOGY
5046,F,6,4,GENERAL
5047,F,10,3,ORTHOPEDICS
5048,M,1,5,CARDIOLOGY
5049,F,10,4,GENERAL
5050,M,10,4,GENERAL
5051,F,6,4,SURGERY
5052,M,1,5,ORTHOPEDICS
5053,M,10,3,CARDIOLOGY
5054,M,13,3,CARDIOLOGY
5055,M,13,3,SURGERY
5056,M,1,5,GENERAL
5057,F,6,4,SURGERY
5058,M,10,4,CARDIOLOGY
5059,M,13,2,CARDIOLOGY
5060,M,10,3,ORTHOPEDICS
5061,F,1,5,GENERAL
5062,F,10,4,GENERAL
5063,F,1,5,GENERAL
5064,F,1,5,SURGERY
5065,M,7,4,SURGERY
5066,M,1,5,CARDIOLOGY
5067,F,6,4,SURGERY
5068,M,1,5,GENERAL
5069,M,10,3,CARDIOLOGY
5070,F,13,2,SURGERY
5071,F,1,5,SURGERY
5072,F,10,4,GENERAL
5073,F,6,4,GENERAL
5074,M,13,3,GENERAL
5075,M,13,3,ORTHOPEDICS
5076,M,1,5,SURGERY
5077,M,1,5,SURGERY
5078,M,1,7,GENERAL
5079,M,10,4,SURGERY
5080,F,11,3,CARDIOLOGY
5081,F,6,4,GENERAL
5082,M,7,4,GENERAL
5083,F,1,5,SURGERY
5084,M,6,4,GENERAL
5085,M,1,5,ORTHOPEDICS
5086,F,10,4,CARDIOLOGY
5087,F,6,4,GENERAL
5088,F,1,5,ORTHOPEDICS
5089,M,1,6,SURGERY
5090,F,6,5,ORTHOPEDICS
5091,F,7,4,ORTHOPEDICS
5092,F,13,2,GENERAL
5093,F,10,3,SURGERY
5094,F,7,4,SURGERY
5095,F,6,4,CARDIOLOGY
5096,F,6,4,ORTHOPEDICS
5097,M,11,3,CARDIOLOGY
5098,M,13,3,CARDIOLOGY
5099,F,10,4,GENERAL
5100,F,10,3,ORTHOPEDICS
5101,M,6,4,CARDIOLOGY
5102,F,1,7,SURGERY
5103,M,10,4,GENERAL
5104,F,11,3,GENERAL
5105,M,1,5,GENERAL
5106,F,6,4,ORTHOPEDICS
5107,F,6,4,CARDIOLOGY
5108,F,6,4,GENERAL
5109,F,1,5,ORTHOPEDICS
5110,M,1,5,ORTHOPEDICS
5111,M,1,5,ORTHOPEDICS
5112,F,6,5,SURGERY
5113,M,1,5,ORTHOPEDICS
5114,M,6,4,ORTHOPEDICS
5115,M,6,4,GENERAL
5116,M,1,5,ORTHOPEDICS
5117,F,11,3,GENERAL
5118,F,1,5,GENERAL
5119,F,10,3,SURGERY
5120,M,1,5,SURGERY
5121,F,1,6,GENERAL
5122,M,10,3,GENERAL
5123,F,1,5,GENERAL
5124,F,10,4,SURGERY
5125,M,1,5,GENERAL
5126,F,11,3,CARDIOLOGY
5127,M,1,5,GENERAL
5128,F,7,4,ORTHOPEDICS
5129,M,10,3,ORTHOPEDICS
5130,M,10,3,GENERAL
5131,F,10,4,GENERAL
5132,F,1,5,ORTHOPEDICS
5133,M,10,3,SURGERY
5134,F,6,4,GENERAL
5135,M,1,5,GENERAL
5136,F,10,4,GENERAL
5137,F,7,4,GENERAL
5138,F,10,3,SURGERY
5139,M,11,3,CARDIOLOGY
5140,M,6,4,GENERAL
5141,M,1,7,ORTHOPEDICS
5142,F,1,5,GENERAL
5143,M,1,5,CARDIOLOGY
5144,M,6,4,CARDIOLOGY
5145,F,13,3,GENERAL
5146,F,1,5,GENERAL
5147,F,10,3,GENERAL
5148,M,7,4,ORTHOPEDICS
5149,M,1,6,GENERAL
5150,M,13,2,CARDIOLOGY
5151,F,10,4,ORTHOPEDICS
5152,F,1,5,GENERAL
5153,F,1,5,CARDIOLOGY
5154,M,6,4,ORTHOPEDICS
5155,F,6,4,SURGERY
5156,M,10,3,GENERAL
5157,M,6,4,GENERAL
5158,M,10,4,GENERAL
5159,M,6,4,SURGERY
5160,M,1,5,SURGERY
5161,F,6,4,GENERAL
5162,F,11,3,CARDIOLOGY
5163,M,10,4,ORTHOPEDICS
5164,F,6,4,GENERAL
5165,F,6,4,ORTHOPEDICS
5166,M,6,4,CARDIOLOGY
5167,F,10,3,GENERAL
5168,M,13,3,SURGERY
5169,F,11,3,GENERAL
5170,F,13,2,GENERAL
5171,M,7,4,SURGERY
5172,F,6,4,GENERAL
5173,M,6,4,CARDIOLOGY
5174,F,10,3,GENERAL
5175,F,6,4,SURGERY
5176,F,1,5,GENERAL
5177,F,10,4,CARDIOLOGY
5178,M,6,4,CARDIOLOGY
5179,M,13,2,ORTHOPEDICS
5180,F,10,3,GENERAL
5181,M,6,4,GENERAL
5182,F,1,5,SURGERY
5183,F,7,4,ORTHOPEDICS
5184,M,13,3,GENERAL
5185,M,13,2,GENERAL
5186,F,1,5,GENERAL
5187,F,13,2,SURGERY
5188,F,1,5,ORTHOPEDICS
5189,M,10,3,GENERAL
5190,M,10,4,SURGERY
5191,F,1,5,CARDIOLOGY
5192,M,6,4,SURGERY
5193,F,6,4,CARDIOLOGY
5194,M,10,3,SURGERY
5195,F,10,3,CARDIOLOGY
5196,F,10,3,GENERAL
5197,F,1,5,GENERAL
5198,M,10,4,ORTHOPEDICS
5199,M,6,4,GENERAL
5200,F,10,3,GENERAL
5201,F,6,4,CARDIOLOGY
5202,M,13,2,CARDIOLOGY
5203,F,1,5,SURGERY
5204,M,6,4,GENERAL
5205,F,6,4,GENERAL
5206,M,6,4,GENERAL
5207,M,6,4,GENERAL
5208,M,10,3,CARDIOLOGY
5209,M,13,3,CARDIOLOGY
5210,F,12,3,GENERAL
5211,M,13,3,CARDIOLOGY
5212,M,11,3,CARDIOLOGY
5213,M,1,5,GENERAL
5214,M,10,3,ORTHOPEDICS
5215,F,6,5,CARDIOLOGY
5216,F,6,4,GENERAL
5217,F,6,4,GENERAL
5218,M,10,4,CARDIOLOGY
5219,F,1,5,CARDIOLOGY
5220,M,10,3,SURGERY
5221,M,10,3,GENERAL
5222,F,1,5,CARDIOLOGY
5223,F,1,5,SURGERY
5224,F,10,4,SURGERY
5225,M,6,4,GENERAL
5226,F,10,4,SURGERY
5227,F,7,4,GENERAL
5228,F,1,5,ORTHOPEDICS
5229,F,10,4,GENERAL
5230,F,1,5,GENERAL
5231,M,10,3,GENERAL
5232,F,10,4,GENERAL
5233,F,11,3,GENERAL
5234,F,10,3,ORTHOPEDICS
5235,F,6,5,GENERAL
5236,F,1,5,GENERAL
5237,M,10,4,CARDIOLOGY
5238,M,7,4,ORTHOPEDICS
5239,M,13,2,SURGERY
5240,F,1,5,ORTHOPEDICS
5241,F,10,4,CARDIOLOGY
5242,F,6,4,ORTHOPEDICS
5243,F,6,4,CARDIOLOGY
5244,F,1,6,GENERAL
5245,F,1,6,SURGERY
5246,M,11,3,CARDIOLOGY
5247,M,13,1,SURGERY
5248,F,10,3,SURGERY
5249,M,11,3,CARDIOLOGY
5250,F,11,3,GENERAL
5251,F,7,4,GENERAL
5252,F,11,3,SURGERY
5253,F,6,4,SURGERY
5254,F,6,4,SURGERY
5255,M,10,3,CARDIOLOGY
5256,M,13,2,SURGERY
5257,F,1,5,GENERAL
5258,F,11,3,SURGERY
5259,F,1,6,GENERAL
5260,F,1,5,CARDIOLOGY
5261,F,11,3,GENERAL
5262,M,6,4,SURGERY
5263,M,1,5,SURGERY
5264,M,10,4,CARDIOLOGY
5265,F,11,3,GENERAL
5266,F,11,3,GENERAL
5267,M,10,4,CARDIOLOGY
5268,F,13,2,GENERAL
5269,F,13,2,GENERAL
5270,M,6,4,GENERAL
5271,M,11,3,ORTHOPEDICS
5272,F,1,6,SURGERY
5273,M,6,4,SURGERY
5274,M,11,3,SURGERY
5275,M,10,3,GENERAL
5276,F,1,6,CARDIOLOGY
5277,M,1,5,GENERAL
5278,F,1,5,CARDIOLOGY
5279,M,6,4,GENERAL
5280,F,6,4,GENERAL
5281,M,1,5,SURGERY
5282,F,1,5,GENERAL
5283,F,1,5,CARDIOLOGY
5284,M,11,3,GENERAL
5285,M,1,5,GENERAL
5286,M,6,4,GENERAL
5287,M,10,4,SURGERY
5288,F,1,5,CARDIOLOGY
5289,M,13,2,SURGERY
5290,F,6,4,CARDIOLOGY
5291,M,1,5,ORTHOPEDICS
5292,M,6,4,GENERAL
5293,F,10,3,GENERAL
5294,F,6,4,CARDIOLOGY
5295,F,10,3,SURGERY
5296,F,1,6,SURGERY
5297,M,6,4,ORTHOPEDICS
5298,M,13,3,ORTHOPEDICS
5299,F,6,4,SURGERY
5300,M,1,6,ORTHOPEDICS
5301,M,10,3,GENERAL
5302,F,11,3,ORTHOPEDICS
5303,M,6,5,SURGERY
5304,M,10,3,GENERAL
5305,F,6,4,SURGERY
5306,M,7,4,ORTHOPEDICS
5307,M,6,4,SURGERY
5308,F,1,5,GENERAL
5309,F,10,3,GENERAL
5310,M,10,3,GENERAL
5311,F,6,4,CARDIOLOGY
5312,M,7,4,CARDIOLOGY
5313,M,1,6,SURGERY
5314,F,10,3,ORTHOPEDICS
5315,F,10,3,ORTHOPEDICS
5316,F,1,5,SURGERY
5317,F,6,4,GENERAL
5318,M,11,3,SURGERY
5319,F,1,5,GENERAL
5320,M,6,4,ORTHOPEDICS
5321,M,1,5,GENERAL
5322,M,1,6,CARDIOLOGY
5323,M,13,2,GENERAL
5324,M,13,3,SURGERY
5325,F,8,4,SURGERY
5326,F,6,4,GENERAL
5327,F,13,3,SURGERY
5328,F,10,4,ORTHOPEDICS
5329,M,1,5,CARDIOLOGY
5330,M,1,5,GENERAL
5331,F,1,5,CARDIOLOGY
5332,F,10,3,GENERAL
5333,M,13,2,GENERAL
5334,F,11,3,CARDIOLOGY
5335,F,10,3,SURGERY
5336,M,1,5,CARDIOLOGY
5337,M,13,3,GENERAL
5338,M,1,5,GENERAL
5339,F,1,5,GENERAL
5340,M,6,4,SURGERY
5341,F,13,3,CARDIOLOGY
5342,M,10,3,SURGERY
5343,M,13,3,CARDIOLOGY
5344,F,10,3,GENERAL
5345,M,13,1,CARDIOLOGY
5346,M,13,2,ORTHOPEDICS
5347,F,10,4,CARDIOLOGY
5348,M,13,2,ORTHOPEDICS
5349,F,13,1,GENERAL
5350,M,6,4,GENERAL
5351,F,1,5,ORTHOPEDICS
5352,M,6,4,CARDIOLOGY
5353,M,7,4,CARDIOLOGY
5354,M,1,6,SURGERY
5355,M,1,5,SURGERY
5356,F,7,4,GENERAL
5357,M,1,5,GENERAL
5358,M,11,3,GENERAL
5359,F,6,4,ORTHOPEDICS
5360,F,1,5,ORTHOPEDICS
5361,M,13,3,GENERAL
5362,M,10,4,ORTHOPEDICS
5363,F,10,4,GENERAL
5364,M,8,4,ORTHOPEDICS
5365,M,6,4,SURGERY
5366,F,1,5,ORTHOPEDICS
5367,M,1,5,ORTHOPEDICS
5368,M,6,4,GENERAL
5369,F,11,3,ORTHOPEDICS
5370,F,6,4,GENERAL
5371,F,13,2,SURGERY
5372,M,10,4,GENERAL
5373,M,10,3,SURGERY
5374,M,6,4,CARDIOLOGY
5375,M,1,5,GENERAL
5376,F,10,3,ORTHOPEDICS
5377,M,1,5,GENERAL
5378,F,6,4,GENERAL
5379,M,6,4,ORTHOPEDICS
5380,M,10,3,CARDIOLOGY
5381,F,6,4,GENERAL
5382,M,6,4,SURGERY
5383,M,11,3,CARDIOLOGY
5384,M,6,4,CARDIOLOGY
5385,F,10,3,GENERAL
5386,M,1,5,ORTHOPEDICS
5387,M,1,5,SURGERY
5388,M,6,4,GENERAL
5389,M,6,4,SURGERY
5390,F,13,2,SURGERY
5391,F,10,4,GENERAL
5392,F,6,4,CARDIOLOGY
5393,F,6,4,SURGERY
5394,F,1,5,SURGERY
5395,F,7,4,CARDIOLOGY
5396,F,1,5,GENERAL
5397,M,13,2,SURGERY
5398,F,1,5,GENERAL
5399,M,6,4,CARDIOLOGY
5400,F,6,4,SURGERY
5401,M,12,3,GENERAL
5402,F,10,4,GENERAL
5403,F,10,3,SURGERY
5404,F,10,3,GENERAL
5405,F,1,5,GENERAL
5406,M,6,4,GENERAL
5407,F,10,3,CARDIOLOGY
5408,M,10,4,GENERAL
5409,M,10,3,GENERAL
5410,M,13,3,GENERAL
5411,F,13,2,CARDIOLOGY
5412,M,1,5,ORTHOPEDICS
5413,F,1,5,GENERAL
5414,M,10,3,GENERAL
5415,M,1,5,GENERAL
5416,F,7,4,ORTHOPEDICS
5417,F,1,5,CARDIOLOGY
5418,M,6,4,GENERAL
5419,M,6,4,SURGERY
5420,F,1,6,CARDIOLOGY
5421,M,6,4,GENERAL
5422,M,11,3,CARDIOLOGY
5423,F,1,5,GENERAL
5424,F,13,1,ORTHOPEDICS
5425,M,13,2,ORTHOPEDICS
5426,F,10,3,ORTHOPEDICS
5427,F,11,3,CARDIOLOGY
5428,M,1,6,GENERAL
5429,F,1,5,ORTHOPEDICS
5430,F,11,3,SURGERY
5431,M,6,4,CARDIOLOGY
5432,F,6,4,ORTHOPEDICS
5433,M,6,4,ORTHOPEDICS
5434,M,1,5,GENERAL
5435,F,8,4,CARDIOLOGY
5436,F,7,4,GENERAL
5437,F,6,4,ORTHOPEDICS
5438,M,10,3,GENERAL
5439,F,11,3,ORTHOPEDICS
5440,M,1,5,GENERAL
5441,M,6,4,GENERAL
5442,F,1,5,ORTHOPEDICS
5443,M,10,4,SURGERY
5444,M,10,3,ORTHOPEDICS
5445,F,10,4,CARDIOLOGY
5446,F,10,3,CARDIOLOGY
5447,F,6,4,GENERAL
5448,F,6,4,CARDIOLOGY
5449,F,6,4,GENERAL
5450,F,1,5,ORTHOPEDICS
5451,F,1,6,GENERAL
5452,M,11,3,CARDIOLOGY
5453,F,1,5,ORTHOPEDICS
5454,F,10,3,SURGERY
5455,M,1,6,GENERAL
5456,M,1,5,ORTHOPEDICS
5457,M,10,4,SURGERY
5458,M,10,4,GENERAL
5459,F,10,3,GENERAL
5460,F,13,2,SURGERY
5461,F,10,3,CARDIOLOGY
5462,F,12,3,CARDIOLOGY
5463,M,1,5,SURGERY
5464,M,7,4,CARDIOLOGY
5465,M,13,3,GENERAL
5466,F,1,5,GENERAL
5467,F,6,4,SURGERY
5468,F,6,4,GENERAL
5469,M,6,4,SURGERY
5470,F,6,4,GENERAL
5471,M,6,4,SURGERY
5472,M,7,4,SURGERY
5473,M,1,6,GENERAL
5474,F,10,3,GENERAL
5475,M,11,3,ORTHOPEDICS
5476,F,10,4,GENERAL
5477,M,6,4,ORTHOPEDICS
5478,M,1,5,GENERAL
5479,M,13,2,CARDIOLOGY
5480,F,1,5,GENERAL
5481,M,7,4,SURGERY
5482,F,13,2,SURGERY
5483,M,1,5,CARDIOLOGY
5484,M,11,3,GENERAL
5485,F,6,4,CARDIOLOGY
5486,F,1,5,GENERAL
5487,M,11,3,ORTHOPEDICS
5488,F,1,5,ORTHOPEDICS
5489,M,1,5,GENERAL
5490,M,10,4,SURGERY
5491,M,6,4,GENERAL
5492,M,1,5,ORTHOPEDICS
5493,M,1,6,GENERAL
5494,M,1,5,GENERAL
5495,M,6,4,GENERAL
5496,F,10,4,ORTHOPEDICS
5497,F,1,5,ORTHOPEDICS
5498,M,1,5,GENERAL
5499,F,6,4,CARDIOLOGY
5500,M,6,4,SURGERY
5501,F,6,4,GENERAL
5502,F,1,5,CARDIOLOGY
5503,F,10,4,SURGERY
5504,F,1,5,CARDIOLOGY
5505,F,1,5,CARDIOLOGY
5506,M,10,3,SURGERY
5507,M,13,3,GENERAL
5508,M,10,3,GENERAL
5509,M,10,4,ORTHOPEDICS
5510,M,6,4,GENERAL
5511,M,11,3,GENERAL
5512,M,11,3,CARDIOLOGY
5513,F,10,4,SURGERY
5514,M,6,4,SURGERY
5515,F,1,5,CARDIOLOGY
5516,M,1,6,ORTHOPEDICS
5517,M,6,4,CARDIOLOGY
5518,M,1,5,SURGERY
5519,F,11,3,ORTHOPEDICS
5520,F,10,4,GENERAL
5521,M,10,3,GENERAL
5522,F,1,5,SURGERY
5523,M,6,4,ORTHOPEDICS
5524,M,6,4,GENERAL
5525,F,13,2,ORTHOPEDICS
5526,F,12,3,ORTHOPEDICS
5527,M,10,4,CARDIOLOGY
5528,M,1,5,GENERAL
5529,F,10,4,CARDIOLOGY
5530,F,7,4,GENERAL
5531,F,1,5,SURGERY
5532,F,1,5,CARDIOLOGY
5533,F,6,4,GENERAL
5534,F,10,3,GENERAL
5535,F,11,3,CARDIOLOGY
5536,F,1,6,CARDIOLOGY
5537,M,13,1,ORTHOPEDICS
5538,F,1,5,GENERAL
5539,M,7,4,ORTHOPEDICS
5540,M,6,4,CARDIOLOGY
5541,F,1,5,ORTHOPEDICS
5542,F,11,3,ORTHOPEDICS
5543,M,6,4,GENERAL
5544,M,6,4,GENERAL
5545,F,7,4,GENERAL
5546,M,1,5,ORTHOPEDICS
5547,F,11,3,GENERAL
5548,M,6,4,CARDIOLOGY
5549,M,6,4,CARDIOLOGY
5550,M,13,1,SURGERY
5551,M,13,2,ORTHOPEDICS
5552,M,1,6,GENERAL
5553,M,6,4,GENERAL
5554,F,6,4,SURGERY
5555,F,10,4,GENERAL
5556,F,1,5,SURGERY
5557,M,1,5,CARDIOLOGY
5558,M,10,4,GENERAL
5559,F,7,4,CARDIOLOGY
5560,F,6,4,CARDIOLOGY
5561,F,6,4,GENERAL
5562,M,1,5,GENERAL
5563,F,6,4,SURGERY
5564,M,6,4,SURGERY
5565,F,1,6,SURGERY
5566,F,6,4,CARDIOLOGY
5567,F,10,3,CARDIOLOGY
5568,M,1,5,CARDIOLOGY
5569,M,11,3,GENERAL
5570,M,10,4,GENERAL
5571,M,6,4,ORTHOPEDICS
5572,M,10,4,GENERAL
5573,M,6,4,CARDIOLOGY
5574,M,10,4,ORTHOPEDICS
5575,F,10,4,ORTHOPEDICS
5576,F,8,4,ORTHOPEDICS
5577,F,6,4,SURGERY
5578,M,13,3,ORTHOPEDICS
5579,F,6,4,ORTHOPEDICS
5580,M,6,4,CARDIOLOGY
5581,F,1,5,CARDIOLOGY
5582,M,6,4,ORTHOPEDICS
5583,F,10,3,ORTHOPEDICS
5584,F,1,5,GENERAL
5585,F,10,3,GENERAL
5586,F,6,4,ORTHOPEDICS
5587,F,6,4,CARDIOLOGY
5588,M,1,5,SURGERY
5589,M,1,5,SURGERY
5590,M,10,4,CARDIOLOGY
5591,M,6,4,SURGERY
5592,M,10,3,ORTHOPEDICS
5593,F,6,4,SURGERY
5594,F,1,5,SURGERY
5595,M,10,3,GENERAL
5596,F,13,3,CARDIOLOGY
5597,M,10,3,GENERAL
5598,F,6,4,GENERAL
5599,M,1,5,GENERAL
5600,F,1,5,GENERAL
5601,M,1,5,CARDIOLOGY
5602,F,6,4,ORTHOPEDICS
5603,M,10,4,CARDIOLOGY
5604,F,13,3,ORTHOPEDICS
5605,F,10,3,GENERAL
5606,M,1,5,GENERAL
5607,F,1,5,SURGERY
5608,F,6,4,SURGERY
5609,M,7,4,SURGERY
5610,M,1,5,CARDIOLOGY
5611,F,6,4,SURGERY
5612,F,6,4,GENERAL
5613,F,6,4,GENERAL
5614,F,6,4,CARDIOLOGY
5615,F,11,3,SURGERY
5616,M,1,6,CARDIOLOGY
5617,M,10,3,GENERAL
5618,F,1,5,ORTHOPEDICS
5619,M,1,5,SURGERY
5620,M,6,4,GENERAL
5621,M,7,4,GENERAL
5622,M,6,4,CARDIOLOGY
5623,M,10,3,CARDIOLOGY
5624,F,1,5,CARDIOLOGY
5625,M,10,3,GENERAL
5626,M,6,4,SURGERY
5627,F,6,4,CARDIOLOGY
5628,F,11,3,CARDIOLOGY
5629,F,1,5,GENERAL
5630,M,1,6,ORTHOPEDICS
5631,F,6,4,ORTHOPEDICS
5632,M,6,5,ORTHOPEDICS
5633,M,13,2,GENERAL
5634,F,1,6,SURGERY
5635,M,10,3,ORTHOPEDICS
5636,F,1,5,GENERAL
5637,M,1,5,ORTHOPEDICS
5638,M,13,3,ORTHOPEDICS
5639,F,10,4,CARDIOLOGY
5640,M,1,6,GENERAL
5641,F,6,4,SURGERY
5642,F,6,4,GENERAL
5643,F,10,4,GENERAL
5644,F,1,5,GENERAL
5645,M,1,5,GENERAL
5646,F,1,5,CARDIOLOGY
5647,M,10,4,GENERAL
5648,M,7,4,ORTHOPEDICS
5649,F,6,4,ORTHOPEDICS
5650,F,7,4,ORTHOPEDICS
5651,M,11,3,SURGERY
5652,F,6,4,GENERAL
5653,F,11,3,GENERAL
5654,F,1,5,CARDIOLOGY
5655,M,13,3,ORTHOPEDICS
5656,M,10,3,CARDIOLOGY
5657,F,10,4,GENERAL
5658,F,8,4,GENERAL
5659,M,10,3,SURGERY
5660,F,10,4,GENERAL
5661,F,1,5,GENERAL
5662,M,10,4,CARDIOLOGY
5663,F,6,4,ORTHOPEDICS
5664,F,1,6,GENERAL
5665,M,11,3,CARDIOLOGY
5666,M,7,4,ORTHOPEDICS
5667,M,6,4,ORTHOPEDICS
5668,F,1,5,GENERAL
5669,M,6,5,SURGERY
5670,M,13,3,GENERAL
5671,F,10,4,SURGERY
5672,F,13,2,GENERAL
5673,F,10,4,ORTHOPEDICS
5674,M,11,3,GENERAL
5675,M,7,4,GENERAL
5676,F,11,3,CARDIOLOGY
5677,M,11,3,CARDIOLOGY
5678,F,6,4,ORTHOPEDICS
5679,M,10,4,ORTHOPEDICS
5680,M,11,3,GENERAL
5681,F,6,4,CARDIOLOGY
5682,M,7,4,GENERAL
5683,F,1,5,CARDIOLOGY
5684,M,6,5,ORTHOPEDICS
5685,M,11,3,GENERAL
5686,M,6,4,CARDIOLOGY
5687,F,1,5,CARDIOLOGY
5688,M,6,4,CARDIOLOGY
5689,M,7,4,CARDIOLOGY
5690,M,10,4,CARDIOLOGY
5691,F,6,4,GENERAL
5692,F,10,4,GENERAL
5693,M,7,4,ORTHOPEDICS
5694,F,10,3,ORTHOPEDICS
5695,F,6,4,GENERAL
5696,F,6,4,GENERAL
5697,F,6,4,ORTHOPEDICS
5698,M,10,3,GENERAL
5699,M,1,6,SURGERY
5700,M,6,4,SURGERY
5701,F,1,5,SURGERY
5702,F,1,5,CARDIOLOGY
5703,F,7,4,ORTHOPEDICS
5704,F,1,5,GENERAL
5705,F,1,5,GENERAL
5706,F,6,4,ORTHOPEDICS
5707,F,1,5,CARDIOLOGY
5708,M,6,4,ORTHOPEDICS
5709,M,6,4,CARDIOLOGY
5710,F,10,4,GENERAL
5711,F,13,2,GENERAL
5712,F,6,4,GENERAL
5713,M,1,7,GENERAL
5714,F,10,3,ORTHOPEDICS
5715,M,1,6,GENERAL
5716,M,10,4,ORTHOPEDICS
5717,M,1,5,GENERAL
5718,M,11,3,GENERAL
5719,F,1,5,CARDIOLOGY
5720,M,10,4,SURGERY
5721,M,13,2,GENERAL
5722,F,1,6,ORTHOPEDICS
5723,M,13,2,ORTHOPEDICS
5724,M,10,3,GENERAL
5725,M,6,4,ORTHOPEDICS
5726,F,10,3,CARDIOLOGY
5727,F,10,3,GENERAL
5728,F,10,4,GENERAL
5729,M,1,5,ORTHOPEDICS
5730,F,6,4,GENERAL
5731,M,1,5,SURGERY
5732,M,1,5,GENERAL
5733,M,10,3,GENERAL
5734,M,1,6,GENERAL
5735,M,7,4,ORTHOPEDICS
5736,F,6,4,SURGERY
5737,F,10,4,SURGERY
5738,M,6,4,CARDIOLOGY
5739,M,7,4,CARDIOLOGY
5740,F,10,4,GENERAL
5741,M,7,4,GENERAL
5742,M,13,3,GENERAL
5743,M,10,3,GENERAL
5744,F,1,6,GENERAL
5745,F,6,4,ORTHOPEDICS
5746,F,10,3,CARDIOLOGY
5747,M,13,2,GENERAL
5748,M,10,4,GENERAL
5749,F,10,4,CARDIOLOGY
5750,F,1,5,SURGERY
5751,M,1,6,SURGERY
5752,F,6,4,GENERAL
5753,M,6,4,CARDIOLOGY
5754,F,6,4,GENERAL
5755,M,6,4,GENERAL
5756,M,7,4,SURGERY
5757,M,6,4,ORTHOPEDICS
5758,M,10,3,GENERAL
5759,F,6,4,ORTHOPEDICS
5760,M,1,5,GENERAL
5761,F,11,3,GENERAL
5762,M,10,4,GENERAL
5763,M,13,2,GENERAL
5764,F,13,2,GENERAL
5765,F,13,3,ORTHOPEDICS
5766,M,10,4,GENERAL
5767,F,10,3,SURGERY
5768,M,7,4,ORTHOPEDICS
5769,M,10,4,GENERAL
5770,M,6,4,SURGERY
5771,F,10,3,CARDIOLOGY
5772,F,10,3,SURGERY
5773,M,7,4,CARDIOLOGY
5774,F,7,4,SURGERY
5775,F,10,3,GENERAL
5776,M,1,5,ORTHOPEDICS
5777,F,13,2,GENERAL
5778,M,6,4,GENERAL
5779,M,10,4,CARDIOLOGY
5780,F,6,4,CARDIOLOGY
5781,M,6,4,GENERAL
5782,F,13,2,GENERAL
5783,F,1,5,SURGERY
5784,M,10,4,GENERAL
5785,M,10,4,GENERAL
5786,F,7,4,GENERAL
5787,F,1,5,CARDIOLOGY
5788,F,11,3,GENERAL
5789,M,7,4,GENERAL
5790,M,13,2,GENERAL
5791,M,10,4,SURGERY
5792,F,13,3,GENERAL
5793,M,6,4,GENERAL
5794,M,13,2,GENERAL
5795,F,1,5,GENERAL
5796,F,11,3,GENERAL
5797,M,11,3,SURGERY
5798,M,13,3,SURGERY
5799,M,13,2,GENERAL
5800,M,1,6,GENERAL
5801,M,13,3,CARDIOLOGY
5802,F,6,5,SURGERY
5803,M,6,4,GENERAL
5804,F,1,5,CARDIOLOGY
5805,F,13,1,SURGERY
5806,F,10,4,SURGERY
5807,F,1,5,CARDIOLOGY
5808,F,1,5,GENERAL
5809,F,7,4,GENERAL
5810,M,10,3,GENERAL
5811,F,6,4,GENERAL
5812,M,1,5,SURGERY
5813,M,6,4,GENERAL
5814,M,6,4,ORTHOPEDICS
5815,M,10,3,CARDIOLOGY
5816,F,13,2,GENERAL
5817,F,10,3,SURGERY
5818,M,1,5,GENERAL
5819,M,11,3,SURGERY
5820,M,7,4,GENERAL
5821,M,1,5,CARDIOLOGY
5822,F,7,4,SURGERY
5823,M,6,4,GENERAL
5824,M,10,4,GENERAL
5825,F,11,3,SURGERY
5826,M,13,2,GENERAL
5827,F,10,4,GENERAL
5828,F,6,4,GENERAL
5829,M,10,4,GENERAL
5830,M,1,5,SURGERY
5831,F,10,3,ORTHOPEDICS
5832,M,1,5,SURGERY
5833,M,7,4,CARDIOLOGY
5834,M,6,4,ORTHOPEDICS
5835,F,6,4,GENERAL
5836,F,13,2,ORTHOPEDICS
5837,F,11,3,GENERAL
5838,F,1,5,CARDIOLOGY
5839,F,10,4,SURGERY
5840,M,11,3,CARDIOLOGY
5841,M,7,4,SURGERY
5842,M,1,5,CARDIOLOGY
5843,F,1,5,CARDIOLOGY
5844,F,10,4,GENERAL
5845,M,7,4,ORTHOPEDICS
5846,F,1,5,SURGERY
5847,F,10,3,CARDIOLOGY
5848,M,1,5,GENERAL
5849,M,11,3,ORTHOPEDICS
5850,M,1,6,ORTHOPEDICS
5851,M,10,3,SURGERY
5852,F,13,2,CARDIOLOGY
5853,F,1,5,CARDIOLOGY
5854,M,13,2,GENERAL
5855,F,6,4,SURGERY
5856,M,11,3,GENERAL
5857,F,1,5,GENERAL
5858,F,1,6,CARDIOLOGY
5859,F,1,5,GENERAL
5860,F,6,4,ORTHOPEDICS
5861,F,10,4,GENERAL
5862,M,1,5,ORTHOPEDICS
5863,M,7,4,GENERAL
5864,F,1,5,CARDIOLOGY
5865,F,1,5,GENERAL
5866,M,1,5,ORTHOPEDICS
5867,F,13,1,SURGERY
5868,M,1,6,ORTHOPEDICS
5869,F,11,3,GENERAL
5870,F,10,3,GENERAL
5871,F,10,4,GENERAL
5872,M,7,4,CARDIOLOGY
5873,M,1,5,GENERAL
5874,F,1,5,ORTHOPEDICS
5875,F,10,4,GENERAL
5876,F,10,3,ORTHOPEDICS
5877,M,1,5,CARDIOLOGY
5878,F,1,5,ORTHOPEDICS
5879,F,10,4,ORTHOPEDICS
5880,M,1,5,GENERAL
5881,F,7,4,GENERAL
5882,M,11,3,SURGERY
5883,F,1,5,ORTHOPEDICS
5884,M,1,6,GENERAL
5885,M,6,4,ORTHOPEDICS
5886,M,10,3,GENERAL
5887,F,6,4,CARDIOLOGY
5888,M,1,6,ORTHOPEDICS
5889,M,1,5,GENERAL
5890,F,6,4,CARDIOLOGY
5891,F,1,6,SURGERY
5892,F,6,4,ORTHOPEDICS
5893,M,10,4,GENERAL
5894,M,6,4,GENERAL
5895,F,6,4,CARDIOLOGY
5896,M,10,3,CARDIOLOGY
5897,M,1,6,ORTHOPEDICS
5898,F,1,6,SURGERY
5899,M,1,5,CARDIOLOGY
5900,M,13,2,SURGERY
5901,F,1,6,SURGERY
5902,F,7,4,ORTHOPEDICS
5903,F,10,3,CARDIOLOGY
5904,F,1,5,ORTHOPEDICS
5905,M,6,4,SURGERY
5906,M,7,4,CARDIOLOGY
5907,M,6,4,CARDIOLOGY
5908,F,10,4,GENERAL
5909,F,6,4,ORTHOPEDICS
5910,M,10,3,CARDIOLOGY
5911,M,1,5,GENERAL
5912,F,1,5,SURGERY
5913,M,6,4,ORTHOPEDICS
5914,M,10,4,GENERAL
5915,M,1,5,GENERAL
5916,F,1,5,GENERAL
5917,M,13,3,GENERAL
5918,M,10,4,ORTHOPEDICS
5919,F,13,3,GENERAL
5920,M,1,5,CARDIOLOGY
5921,M,10,3,SURGERY
5922,M,1,6,ORTHOPEDICS
5923,F,11,3,GENERAL
5924,F,10,4,GENERAL
5925,M,13,2,ORTHOPEDICS
5926,F,1,5,CARDIOLOGY
5927,M,13,2,GENERAL
5928,M,10,3,SURGERY
5929,F,10,4,CARDIOLOGY
5930,F,11,3,ORTHOPEDICS
5931,M,11,3,ORTHOPEDICS
5932,M,7,4,CARDIOLOGY
5933,F,13,3,CARDIOLOGY
5934,M,1,6,ORTHOPEDICS
5935,M,6,4,SURGERY
5936,F,10,4,GENERAL
5937,F,6,4,GENERAL
5938,M,10,3,SURGERY
5939,M,6,4,GENERAL
5940,F,1,5,ORTHOPEDICS
5941,M,6,4,SURGERY
5942,M,10,3,ORTHOPEDICS
5943,M,6,4,ORTHOPEDICS
5944,M,10,4,SURGERY
5945,F,12,3,GENERAL
5946,F,7,4,SURGERY
5947,M,1,5,GENERAL
5948,F,10,3,SURGERY
5949,M,10,3,GENERAL
5950,F,1,5,SURGERY
5951,F,6,4,GENERAL
5952,F,1,5,GENERAL
5953,M,6,4,GENERAL
5954,F,10,3,CARDIOLOGY
5955,F,6,4,GENERAL
5956,F,1,5,GENERAL
5957,M,7,4,ORTHOPEDICS
5958,M,10,4,GENERAL
5959,M,11,3,GENERAL
5960,F,10,3,GENERAL
5961,M,11,3,CARDIOLOGY
5962,M,1,6,GENERAL
5963,F,10,4,CARDIOLOGY
5964,M,10,3,GENERAL
5965,M,1,5,CARDIOLOGY
5966,F,11,3,SURGERY
5967,M,6,4,ORTHOPEDICS
5968,F,7,4,GENERAL
5969,F,6,4,CARDIOLOGY
5970,F,1,5,SURGERY
5971,F,6,4,ORTHOPEDICS
5972,F,10,3,GENERAL
5973,M,6,4,ORTHOPEDICS
5974,M,8,4,GENERAL
5975,F,1,5,GENERAL
5976,M,10,3,CARDIOLOGY
5977,M,10,3,CARDIOLOGY
5978,F,13,1,GENERAL
5979,M,1,6,CARDIOLOGY
5980,F,6,4,GENERAL
5981,F,1,5,CARDIOLOGY
5982,F,7,4,GENERAL
5983,M,13,2,GENERAL
5984,M,1,5,GENERAL
5985,M,10,4,GENERAL
5986,M,10,3,SURGERY
5987,M,1,5,SURGERY
5988,M,6,4,GENERAL
5989,F,13,3,CARDIOLOGY
5990,M,6,4,ORTHOPEDICS
5991,M,10,4,ORTHOPEDICS
5992,M,11,3,GENERAL
5993,F,1,6,CARDIOLOGY
5994,M,6,4,GENERAL
5995,F,13,3,CARDIOLOGY
5996,F,1,5,ORTHOPEDICS
5997,M,10,3,SURGERY
5998,F,6,4,GENERAL
5999,F,1,5,ORTHOPEDICS
6000,M,1,5,GENERAL
6001,M,6,4,CARDIOLOGY
6002,F,1,5,GENERAL
6003,F,6,4,CARDIOLOGY
6004,F,10,3,GENERAL
6005,M,1,6,ORTHOPEDICS
6006,M,10,4,GENERAL
6007,M,10,3,GENERAL
6008,F,10,3,GENERAL
6009,F,1,6,SURGERY
6010,M,6,5,CARDIOLOGY
6011,F,10,3,ORTHOPEDICS
6012,M,11,3,GENERAL
6013,F,10,4,CARDIOLOGY
6014,F,6,4,CARDIOLOGY
6015,M,13,3,SURGERY
6016,M,6,4,GENERAL
6017,F,1,5,GENERAL
6018,F,6,4,CARDIOLOGY
6019,F,10,4,CARDIOLOGY
6020,M,10,3,SURGERY
6021,F,7,4,GENERAL
6022,M,1,5,CARDIOLOGY
6023,F,1,5,SURGERY
6024,M,1,5,SURGERY
6025,F,10,3,GENERAL
6026,F,1,5,ORTHOPEDICS
6027,F,1,5,GENERAL
6028,F,6,4,GENERAL
6029,F,10,3,SURGERY
6030,M,1,5,GENERAL
6031,F,1,5,ORTHOPEDICS
6032,F,1,5,ORTHOPEDICS
6033,F,11,3,SURGERY
6034,F,10,4,CARDIOLOGY
6035,F,1,5,ORTHOPEDICS
6036,F,6,4,CARDIOLOGY
6037,F,6,4,CARDIOLOGY
6038,F,10,3,GENERAL
6039,M,6,4,CARDIOLOGY
6040,F,10,4,GENERAL
6041,F,11,3,SURGERY
6042,F,6,4,CARDIOLOGY
6043,M,6,4,CARDIOLOGY
6044,M,1,6,GENERAL
6045,F,6,4,SURGERY
6046,F,1,5,GENERAL
6047,M,1,5,SURGERY
6048,M,1,5,GENERAL
6049,M,1,5,GENERAL
6050,M,6,4,GENERAL
6051,M,1,5,GENERAL
6052,F,6,4,CARDIOLOGY
6053,M,6,4,CARDIOLOGY
6054,M,10,3,CARDIOLOGY
6055,M,13,3,ORTHOPEDICS
6056,F,6,4,ORTHOPEDICS
6057,M,10,3,GENERAL
6058,M,10,3,GENERAL
6059,M,13,2,GENERAL
6060,F,1,5,CARDIOLOGY
6061,M,10,4,GENERAL
6062,M,6,5,CARDIOLOGY
6063,F,10,3,SURGERY
6064,M,6,4,GENERAL
6065,F,11,3,CARDIOLOGY
6066,F,10,4,GENERAL
6067,M,1,5,GENERAL
6068,M,11,3,GENERAL
6069,F,1,5,SURGERY
6070,M,1,5,GENERAL
6071,M,6,4,CARDIOLOGY
6072,M,1,5,GENERAL
6073,F,6,4,ORTHOPEDICS
6074,M,10,3,ORTHOPEDICS
6075,F,1,5,CARDIOLOGY
6076,F,6,4,GENERAL
6077,M,6,4,GENERAL
6078,M,6,4,SURGERY
6079,M,7,4,GENERAL
6080,F,10,3,CARDIOLOGY
6081,M,6,4,ORTHOPEDICS
6082,F,1,5,SURGERY
6083,F,1,5,GENERAL
6084,F,13,2,GENERAL
6085,M,6,4,SURGERY
6086,M,13,2,ORTHOPEDICS
6087,M,10,4,CARDIOLOGY
6088,F,7,4,CARDIOLOGY
6089,M,1,6,ORTHOPEDICS
6090,F,10,4,SURGERY
6091,F,1,5,SURGERY
6092,F,1,5,CARDIOLOGY
6093,F,13,2,SURGERY
6094,F,10,3,GENERAL
6095,M,6,4,GENERAL
6096,M,10,4,GENERAL
6097,M,1,5,CARDIOLOGY
6098,F,6,4,CARDIOLOGY
6099,F,7,4,CARDIOLOGY
6100,F,11,3,GENERAL
6101,F,6,4,CARDIOLOGY
6102,F,13,2,CARDIOLOGY
6103,F,6,4,SURGERY
6104,F,11,3,GENERAL
6105,M,10,3,ORTHOPEDICS
6106,F,10,3,SURGERY
6107,M,6,4,ORTHOPEDICS
6108,F,13,2,GENERAL
6109,F,1,5,CARDIOLOGY
6110,M,11,3,SURGERY
6111,M,1,7,ORTHOPEDICS
6112,F,13,2,SURGERY
6113,M,1,6,SURGERY
6114,M,10,3,GENERAL
6115,F,6,4,CARDIOLOGY
6116,F,1,5,GENERAL
6117,F,1,6,CARDIOLOGY
6118,M,1,6,GENERAL
6119,M,7,4,GENERAL
6120,M,10,3,GENERAL
6121,M,13,2,ORTHOPEDICS
6122,F,10,3,GENERAL
6123,M,10,3,GENERAL
6124,F,6,4,CARDIOLOGY
6125,F,1,5,SURGERY
6126,F,1,6,SURGERY
6127,M,10,4,GENERAL
6128,F,6,4,SURGERY
6129,M,1,6,GENERAL
6130,F,10,4,ORTHOPEDICS
6131,F,10,3,CARDIOLOGY
6132,F,1,5,GENERAL
6133,F,10,4,GENERAL
6134,F,10,3,ORTHOPEDICS
6135,M,11,3,SURGERY
6136,F,1,5,ORTHOPEDICS
6137,F,10,3,GENERAL
6138,M,1,6,GENERAL
6139,M,10,3,CARDIOLOGY
6140,M,1,5,SURGERY
6141,F,7,4,SURGERY
6142,F,13,2,GENERAL
6143,F,1,5,GENERAL
6144,F,10,3,CARDIOLOGY
6145,F,10,3,CARDIOLOGY
6146,F,11,3,ORTHOPEDICS
6147,F,10,4,SURGERY
6148,F,11,3,CARDIOLOGY
6149,M,10,3,ORTHOPEDICS
6150,M,6,4,CARDIOLOGY
6151,F,1,5,SURGERY
6152,M,10,4,SURGERY
6153,F,13,3,SURGERY
6154,M,13,3,SURGERY
6155,M,11,3,GENERAL
6156,M,10,3,GENERAL
6157,M,6,4,SURGERY
6158,F,1,5,GENERAL
6159,M,6,4,GENERAL
6160,F,11,3,ORTHOPEDICS
6161,F,1,5,CARDIOLOGY
6162,F,1,6,ORTHOPEDICS
6163,F,13,2,GENERAL
6164,F,1,5,CARDIOLOGY
6165,M,13,3,GENERAL
6166,F,11,3,ORTHOPEDICS
6167,F,1,5,GENERAL
6168,M,1,6,GENERAL
6169,F,10,4,GENERAL
6170,F,10,4,ORTHOPEDICS
6171,F,6,4,ORTHOPEDICS
6172,M,7,4,CARDIOLOGY
6173,M,10,3,SURGERY
6174,F,10,4,GENERAL
6175,F,1,5,GENERAL
6176,F,6,4,CARDIOLOGY
6177,M,1,5,SURGERY
6178,F,10,4,GENERAL
6179,F,6,4,GENERAL
6180,M,10,4,SURGERY
6181,F,10,3,ORTHOPEDICS
6182,F,10,3,ORTHOPEDICS
6183,F,7,4,ORTHOPEDICS
6184,F,13,3,GENERAL
6185,F,6,4,GENERAL
6186,F,10,3,GENERAL
6187,M,10,4,CARDIOLOGY
6188,M,6,4,ORTHOPEDICS
6189,M,11,3,GENERAL
6190,M,13,2,GENERAL
6191,M,1,5,ORTHOPEDICS
6192,M,10,4,CARDIOLOGY
6193,M,6,4,SURGERY
6194,M,1,5,CARDIOLOGY
6195,F,6,4,CARDIOLOGY
6196,F,1,5,GENERAL
6197,F,13,2,SURGERY
6198,F,6,4,CARDIOLOGY
6199,F,13,2,SURGERY
6200,F,7,4,SURGERY
6201,M,1,5,GENERAL
6202,F,6,4,GENERAL
6203,F,1,5,CARDIOLOGY
6204,F,1,5,CARDIOLOGY
6205,M,13,3,GENERAL
6206,F,1,5,ORTHOPEDICS
6207,M,13,3,GENERAL
6208,M,11,3,GENERAL
6209,F,10,3,SURGERY
6210,F,6,4,CARDIOLOGY
6211,M,7,4,GENERAL
6212,F,7,4,GENERAL
6213,M,6,4,GENERAL
6214,M,6,4,GENERAL
6215,F,10,3,GENERAL
6216,M,6,4,SURGERY
6217,F,11,3,GENERAL
6218,F,6,4,SURGERY
6219,M,7,4,SURGERY
6220,F,1,6,GENERAL
6221,F,10,4,SURGERY
6222,M,10,4,CARDIOLOGY
6223,M,10,3,SURGERY
6224,M,10,3,GENERAL
6225,M,11,3,SURGERY
6226,F,10,4,SURGERY
6227,F,6,4,GENERAL
6228,M,11,3,GENERAL
6229,M,11,3,ORTHOPEDICS
6230,F,1,5,SURGERY
6231,M,6,4,GENERAL
6232,F,6,4,GENERAL
6233,M,10,3,CARDIOLOGY
6234,F,1,5,GENERAL
6235,F,8,4,SURGERY
6236,M,1,5,SURGERY
6237,M,7,4,GENERAL
6238,M,10,4,CARDIOLOGY
6239,M,1,5,CARDIOLOGY
6240,F,11,3,GENERAL
6241,F,6,4,CARDIOLOGY
6242,M,6,4,GENERAL
6243,M,1,5,GENERAL
6244,F,1,6,SURGERY
6245,M,11,3,GENERAL
6246,F,10,4,SURGERY
6247,F,1,5,GENERAL
6248,F,6,5,CARDIOLOGY
6249,M,10,3,ORTHOPEDICS
6250,M,6,4,GENERAL
6251,F,1,5,GENERAL
6252,M,10,4,GENERAL
6253,F,10,4,GENERAL
6254,M,6,4,SURGERY
6255,F,10,3,CARDIOLOGY
6256,M,13,2,GENERAL
6257,F,7,4,GENERAL
6258,F,11,3,GENERAL
6259,M,13,2,ORTHOPEDICS
6260,M,6,4,ORTHOPEDICS
6261,M,7,4,ORTHOPEDICS
6262,F,7,4,GENERAL
6263,F,6,4,SURGERY
6264,F,10,4,CARDIOLOGY
6265,M,10,4,CARDIOLOGY
6266,M,10,3,GENERAL
6267,M,1,6,CARDIOLOGY
6268,F,1,5,CARDIOLOGY
6269,F,1,5,CARDIOLOGY
6270,M,11,3,GENERAL
6271,F,6,4,CARDIOLOGY
6272,F,10,3,CARDIOLOGY
6273,F,1,6,GENERAL
6274,F,11,3,GENERAL
6275,M,7,4,GENERAL
6276,F,6,4,SURGERY
6277,F,11,3,SURGERY
6278,F,1,5,ORTHOPEDICS
6279,M,1,6,GENERAL
6280,F,1,5,ORTHOPEDICS
6281,F,10,3,GENERAL
6282,F,11,3,CARDIOLOGY
6283,M,11,3,GENERAL
6284,M,1,5,GENERAL
6285,M,11,3,SURGERY
6286,M,1,5,GENERAL
6287,M,6,4,SURGERY
6288,F,10,3,SURGERY
6289,F,11,3,CARDIOLOGY
6290,F,1,5,GENERAL
6291,F,6,4,SURGERY
6292,F,1,5,GENERAL
6293,M,1,5,GENERAL
6294,F,1,6,ORTHOPEDICS
6295,M,13,2,CARDIOLOGY
6296,F,1,5,GENERAL
6297,F,7,4,SURGERY
6298,F,6,4,ORTHOPEDICS
6299,F,1,5,SURGERY
6300,M,10,3,GENERAL
6301,M,1,6,GENERAL
6302,F,6,4,GENERAL
6303,F,1,5,GENERAL
6304,M,6,4,ORTHOPEDICS
6305,M,1,5,ORTHOPEDICS
6306,F,10,3,GENERAL
6307,F,13,2,GENERAL
6308,M,1,5,SURGERY
6309,M,6,4,CARDIOLOGY
6310,F,10,4,ORTHOPEDICS
6311,F,7,4,SURGERY
6312,F,6,4,CARDIOLOGY
6313,M,13,2,GENERAL
6314,M,1,6,GENERAL
6315,F,6,4,GENERAL
6316,M,13,3,GENERAL
6317,F,10,3,CARDIOLOGY
6318,M,10,3,ORTHOPEDICS
6319,M,1,5,GENERAL
6320,M,6,4,ORTHOPEDICS
6321,F,1,5,GENERAL
6322,F,10,4,ORTHOPEDICS
6323,M,6,5,GENERAL
6324,M,11,3,CARDIOLOGY
6325,F,10,3,GENERAL
6326,M,6,5,GENERAL
6327,F,11,3,GENERAL
6328,F,1,5,SURGERY
6329,F,1,5,GENERAL
6330,F,10,3,CARDIOLOGY
6331,M,6,4,CARDIOLOGY
6332,M,10,3,CARDIOLOGY
6333,F,11,3,CARDIOLOGY
6334,M,10,3,GENERAL
6335,F,6,4,GENERAL
6336,M,13,2,CARDIOLOGY
6337,F,10,4,ORTHOPEDICS
6338,M,6,4,CARDIOLOGY
6339,M,10,4,CARDIOLOGY
6340,M,11,3,CARDIOLOGY
6341,F,1,6,SURGERY
6342,M,1,5,GENERAL
6343,M,11,3,GENERAL
6344,M,1,5,SURGERY
6345,F,7,4,SURGERY
6346,F,6,4,SURGERY
6347,F,6,4,GENERAL
6348,F,1,5,ORTHOPEDICS
6349,M,6,4,GENERAL
6350,M,13,2,GENERAL
6351,F,6,4,GENERAL
6352,M,10,3,GENERAL
6353,M,1,5,GENERAL
6354,M,7,4,SURGERY
6355,M,6,4,ORTHOPEDICS
6356,F,6,4,CARDIOLOGY
6357,M,6,4,CARDIOLOGY
6358,M,13,1,GENERAL
6359,F,1,5,SURGERY
6360,M,11,3,GENERAL
6361,F,13,2,SURGERY
6362,M,8,4,SURGERY
6363,M,1,5,SURGERY
6364,F,1,5,ORTHOPEDICS
6365,F,1,5,CARDIOLOGY
6366,F,6,4,ORTHOPEDICS
6367,F,13,2,CARDIOLOGY
6368,M,10,3,ORTHOPEDICS
6369,M,10,3,CARDIOLOGY
6370,M,1,5,SURGERY
6371,F,10,3,CARDIOLOGY
6372,F,6,4,GENERAL
6373,F,6,4,SURGERY
6374,M,1,5,SURGERY
6375,F,10,4,ORTHOPEDICS
6376,M,10,3,ORTHOPEDICS
6377,F,1,5,GENERAL
6378,F,6,4,ORTHOPEDICS
6379,F,13,3,SURGERY
6380,M,7,4,GENERAL
6381,F,1,6,CARDIOLOGY
6382,M,13,2,GENERAL
6383,F,10,4,CARDIOLOGY
6384,F,10,3,GENERAL
6385,M,6,4,SURGERY
6386,F,6,4,CARDIOLOGY
6387,F,11,3,SURGERY
6388,M,11,3,GENERAL
6389,F,10,3,GENERAL
6390,F,10,4,CARDIOLOGY
6391,M,6,4,GENERAL
6392,F,10,4,CARDIOLOGY
6393,F,10,4,SURGERY
6394,F,10,4,ORTHOPEDICS
6395,F,1,5,ORTHOPEDICS
6396,F,7,4,CARDIOLOGY
6397,M,11,3,ORTHOPEDICS
6398,F,10,4,CARDIOLOGY
6399,M,10,3,GENERAL
6400,M,6,4,SURGERY
