patient_id,gender,admission_day,los,required_specialty
1,M,6,4,ORTHOPEDICS
2,M,1,5,GENERAL
3,M,6,5,GENERAL
4,F,1,5,GENERAL
5,M,6,4,GENERAL
6,F,10,3,GENERAL
7,M,6,4,GENERAL
8,F,11,3,CARDIOLOGY
9,M,6,4,SURGERY
10,F,13,1,ORTHOPEDICS
11,F,8,4,CARDIOLOGY
12,F,1,5,SURGERY
13,M,1,5,CARDIOLOGY
14,M,6,4,ORTHOPEDICS
15,F,10,3,GENERAL
16,F,10,3,SURGERY
17,F,10,3,SURGERY
18,M,1,5,ORTHOPEDICS
19,F,10,3,GENERAL
20,M,10,3,CARDIOLOGY
21,M,10,3,ORTHOPEDICS
22,F,13,3,GENERAL
23,M,1,6,ORTHOPEDICS
24,M,10,4,GENERAL
25,M,1,5,GENERAL
26,M,1,5,ORTHOPEDICS
27,F,1,5,GENERAL
28,M,1,6,SURGERY
29,F,13,2,ORTHOPEDICS
30,M,10,3,GENERAL
31,M,10,3,GENERAL
32,F,1,5,SURGERY
33,M,1,5,ORTHOPEDICS
34,F,1,6,SURGERY
35,F,11,3,GENERAL
36,M,1,5,SURGERY
37,F,6,4,SURGERY
38,F,6,4,GENERAL
39,F,11,3,CARDIOLOGY
40,F,10,3,ORTHOPEDICS
41,M,13,2,SURGERY
42,F,6,4,GENERAL
43,M,7,4,CARDIOLOGY
44,F,13,2,SURGERY
45,F,11,3,SURGERY
46,F,6,4,GENERAL
47,F,6,4,CARDIOLOGY
48,M,6,4,CARDIOLOGY
49,M,1,5,ORTHOPEDICS
50,M,6,4,GENERAL
51,M,1,5,ORTHOPEDICS
52,M,10,3,ORTHOPEDICS
53,F,6,4,SURGERY
54,F,1,6,ORTHOPEDICS
55,M,1,5,CARDIOLOGY
56,M,1,5,GENERAL
57,F,13,2,ORTHOPEDICS
58,F,6,4,GENERAL
59,M,10,4,CARDIOLOGY
60,F,1,5,CARDIOLOGY
61,F,6,4,GENERAL
62,F,1,5,CARDIOLOGY
63,F,1,6,GENERAL
64,M,10,3,GENERAL
65,M,10,3,CARDIOLOGY
66,M,1,5,GENERAL
67,M,6,4,ORTHOPEDICS
68,M,6,4,GENERAL
69,M,11,3,CARDIOLOGY
70,F,12,3,SURGERY
71,M,6,4,GENERAL
72,F,10,3,ORTHOPEDICS
73,F,13,2,CARDIOLOGY
74,M,12,3,SURGERY
75,F,6,4,ORTHOPEDICS
76,M,1,5,CARDIOLOGY
77,M,1,6,GENERAL
78,M,6,4,ORTHOPEDICS
79,M,11,3,CARDIOLOGY
80,F,10,3,GENERAL
81,F,6,4,GENERAL
82,F,1,5,ORTHOPEDICS
83,F,1,5,SURGERY
84,F,1,5,GENERAL
85,F,6,4,ORTHOPEDICS
86,F,6,4,GENERAL
87,F,6,4,SURGERY
88,F,13,3,CARDIOLOGY
89,F,1,5,CARDIOLOGY
90,M,1,5,GENERAL
91,F,1,5,GENERAL
92,F,1,5,GENERAL
93,M,1,5,GENERAL
94,M,6,4,CARDIOLOGY
95,F,10,3,SURGERY
96,F,6,4,ORTHOPEDICS
97,F,11,3,CARDIOLOGY
98,M,12,3,CARDIOLOGY
99,F,10,3,SURGERY
100,M,1,5,CARDIOLOGY
101,F,1,5,ORTHOPEDICS
102,F,1,5,SURGERY
103,M,7,4,GENERAL
104,M,10,4,GENERAL
105,M,6,4,GENERAL
106,M,7,4,SURGERY
107,F,7,4,ORTHOPEDICS
108,M,11,3,ORTHOPEDICS
109,M,10,3,CARDIOLOGY
110,M,6,4,SURGERY
111,M,10,3,ORTHOPEDICS
112,F,11,3,GENERAL
113,F,13,3,GENERAL
114,F,1,5,GENERAL
115,M,6,4,SURGERY
116,F,6,4,GENERAL
117,M,10,3,GENERAL
118,M,10,4,GENERAL
119,M,1,6,SURGERY
120,M,6,4,ORTHOPEDICS
121,M,13,2,CARDIOLOGY
122,M,1,5,SURGERY
123,F,10,3,GENERAL
124,M,6,4,ORTHOPEDICS
125,F,6,4,GENERAL
126,M,6,4,ORTHOPEDICS
127,F,10,3,GENERAL
128,M,1,6,GENERAL
129,F,6,4,CARDIOLOGY
130,M,6,4,GENERAL
131,M,6,4,GENERAL
132,F,1,6,GENERAL
133,F,10,3,CARDIOLOGY
134,M,7,4,ORTHOPEDICS
135,M,1,5,GENERAL
136,F,6,4,CARDIOLOGY
137,M,10,3,GENERAL
138,F,13,2,GENERAL
139,M,1,5,ORTHOPEDICS
140,F,6,4,ORTHOPEDICS
141,M,10,4,GENERAL
142,F,1,5,GENERAL
143,F,13,2,GENERAL
144,F,10,3,GENERAL
145,F,10,4,CARDIOLOGY
146,M,13,2,ORTHOPEDICS
147,M,6,4,GENERAL
148,F,6,4,ORTHOPEDICS
149,M,7,4,ORTHOPEDICS
150,M,10,3,GENERAL
151,M,10,3,ORTHOPEDICS
152,F,10,4,CARDIOLOGY
153,F,10,3,GENERAL
154,F,1,5,ORTHOPEDICS
155,M,1,5,ORTHOPEDICS
156,F,6,4,ORTHOPEDICS
157,M,1,5,SURGERY
158,M,6,4,CARDIOLOGY
159,M,1,5,SURGERY
160,F,7,4,GENERAL
161,M,6,4,ORTHOPEDICS
162,F,1,5,GENERAL
163,F,6,4,GENERAL
164,M,6,4,SURGERY
165,F,10,4,CARDIOLOGY
166,M,11,3,ORTHOPEDICS
167,F,6,4,GENERAL
168,M,8,4,ORTHOPEDICS
169,M,10,4,ORTHOPEDICS
170,F,10,4,SURGERY
171,F,12,3,ORTHOPEDICS
172,M,13,2,GENERAL
173,M,1,5,SURGERY
174,F,1,5,GENERAL
175,M,10,3,GENERAL
176,F,10,4,CARDIOLOGY
177,M,6,4,CARDIOLOGY
178,F,1,5,ORTHOPEDICS
179,M,10,4,GENERAL
180,F,6,4,SURGERY
181,M,1,5,GENERAL
182,F,6,4,GENERAL
183,M,1,5,GENERAL
184,F,7,4,ORTHOPEDICS
185,M,1,5,GENERAL
186,F,1,5,CARDIOLOGY
187,M,10,4,CARDIOLOGY
188,F,1,5,GENERAL
189,M,1,5,GENERAL
190,F,6,4,SURGERY
191,M,1,5,SURGERY
192,F,7,4,GENERAL
193,M,1,5,SURGERY
194,M,10,4,SURGERY
195,F,6,4,CARDIOLOGY
196,M,1,6,SURGERY
197,F,7,4,CARDIOLOGY
198,M,10,3,CARDIOLOGY
199,F,6,4,ORTHOPEDICS
200,M,10,3,GENERAL
201,F,6,4,GENERAL
202,F,11,3,SURGERY
203,M,1,5,GENERAL
204,M,10,3,ORTHOPEDICS
205,F,6,4,CARDIOLOGY
206,F,1,6,GENERAL
207,F,1,5,CARDIOLOGY
208,F,1,5,SURGERY
209,F,11,3,ORTHOPEDICS
210,M,1,5,GENERAL
211,M,6,4,GENERAL
212,F,6,4,ORTHOPEDICS
213,F,10,4,GENERAL
214,F,6,4,CARDIOLOGY
215,M,6,4,ORTHOPEDICS
216,M,10,4,SURGERY
217,M,6,4,CARDIOLOGY
218,M,6,4,GENERAL
219,M,13,3,SURGERY
220,M,1,5,GENERAL
221,M,1,5,GENERAL
222,F,6,4,ORTHOPEDICS
223,M,6,4,GENERAL
224,M,1,5,SURGERY
225,M,10,3,SURGERY
226,M,10,3,CARDIOLOGY
227,M,10,3,ORTHOPEDICS
228,F,11,3,GENERAL
229,M,6,5,ORTHOPEDICS
230,F,6,4,SURGERY
231,M,1,5,ORTHOPEDICS
232,M,13,2,CARDIOLOGY
233,F,11,3,CARDIOLOGY
234,F,10,3,GENERAL
235,M,10,4,GENERAL
236,F,6,4,SURGERY
237,F,10,3,SURGERY
238,M,11,3,SURGERY
239,F,10,4,ORTHOPEDICS
240,M,1,5,GENERAL
241,M,1,5,CARDIOLOGY
242,F,11,3,GENERAL
243,F,7,4,GENERAL
244,M,6,4,GENERAL
245,M,1,5,GENERAL
246,F,10,3,ORTHOPEDICS
247,F,10,3,SURGERY
248,F,10,4,CARDIOLOGY
249,M,12,3,GENERAL
250,M,11,3,SURGERY
251,M,13,2,ORTHOPEDICS
252,F,6,4,ORTHOPEDICS
253,F,1,6,CARDIOLOGY
254,M,1,5,GENERAL
255,M,1,5,GENERAL
256,F,6,4,GENERAL
257,F,6,4,CARDIOLOGY
258,F,6,5,SURGERY
259,F,1,5,GENERAL
260,M,6,4,ORTHOPEDICS
261,F,1,7,CARDIOLOGY
262,M,1,5,ORTHOPEDICS
263,M,7,4,SURGERY
264,M,11,3,SURGERY
265,F,6,4,ORTHOPEDICS
266,F,6,4,ORTHOPEDICS
267,F,10,3,SURGERY
268,F,6,4,GENERAL
269,F,13,2,GENERAL
270,M,1,5,SURGERY
271,F,11,3,ORTHOPEDICS
272,M,10,4,ORTHOPEDICS
273,F,1,5,ORTHOPEDICS
274,F,10,3,GENERAL
275,F,13,3,GENERAL
276,M,11,3,ORTHOPEDICS
277,F,1,5,CARDIOLOGY
278,F,1,6,ORTHOPEDICS
279,M,13,3,GENERAL
280,F,10,3,ORTHOPEDICS
281,M,11,3,SURGERY
282,F,6,4,GENERAL
283,F,10,4,GENERAL
284,F,10,3,GENERAL
285,M,10,4,GENERAL
286,F,13,3,GENERAL
287,M,1,6,CARDIOLOGY
288,M,13,3,CARDIOLOGY
289,F,7,4,GENERAL
290,F,1,5,CARDIOLOGY
291,M,13,2,GENERAL
292,M,10,4,CARDIOLOGY
293,F,1,5,SURGERY
294,F,6,4,ORTHOPEDICS
295,F,1,5,SURGERY
296,F,10,3,GENERAL
297,M,10,3,ORTHOPEDICS
298,M,6,4,CARDIOLOGY
299,M,1,5,GENERAL
300,M,1,5,GENERAL
301,F,12,3,GENERAL
302,M,1,5,CARDIOLOGY
303,F,10,3,ORTHOPEDICS
304,F,1,5,SURGERY
305,M,10,3,GENERAL
306,M,1,6,ORTHOPEDICS
307,M,1,5,SURGERY
308,F,10,4,ORTHOPEDICS
309,M,11,3,GENERAL
310,F,10,3,SURGERY
311,F,6,4,CARDIOLOGY
312,F,1,5,SURGERY
313,F,6,4,CARDIOLOGY
314,F,10,3,CARDIOLOGY
315,M,6,4,CARDIOLOGY
316,F,7,4,GENERAL
317,F,13,2,SURGERY
318,F,1,6,ORTHOPEDICS
319,M,10,4,ORTHOPEDICS
320,M,6,4,ORTHOPEDICS
321,M,13,2,GENERAL
322,F,6,4,GENERAL
323,F,7,4,GENERAL
324,M,10,4,ORTHOPEDICS
325,F,11,3,ORTHOPEDICS
326,F,11,3,GENERAL
327,M,13,2,GENERAL
328,M,10,4,GENERAL
329,F,1,6,SURGERY
330,F,6,4,ORTHOPEDICS
331,M,1,5,ORTHOPEDICS
332,M,10,4,CARDIOLOGY
333,M,10,4,SURGERY
334,M,13,2,GENERAL
335,M,6,4,GENERAL
336,F,6,4,CARDIOLOGY
337,M,1,5,CARDIOLOGY
338,M,13,2,SURGERY
339,M,10,3,GENERAL
340,F,6,4,GENERAL
341,F,13,2,SURGERY
342,M,1,5,SURGERY
343,F,1,5,CARDIOLOGY
344,M,13,3,GENERAL
345,F,10,3,SURGERY
346,F,13,3,GENERAL
347,F,6,4,GENERAL
348,F,1,5,GENERAL
349,M,10,3,CARDIOLOGY
350,F,1,5,ORTHOPEDICS
351,M,6,4,SURGERY
352,M,11,3,CARDIOLOGY
353,M,6,4,SURGERY
354,M,13,2,SURGERY
355,M,13,2,GENERAL
356,M,11,3,SURGERY
357,M,6,4,GENERAL
358,M,6,4,ORTHOPEDICS
359,F,10,4,CARDIOLOGY
360,F,1,5,GENERAL
361,F,1,5,GENERAL
362,M,1,5,SURGERY
363,F,11,3,ORTHOPEDICS
364,F,1,5,GENERAL
365,M,6,4,ORTHOPEDICS
366,F,1,6,CARDIOLOGY
367,F,6,4,GENERAL
368,M,13,1,GENERAL
369,M,6,4,SURGERY
370,F,11,3,GENERAL
371,F,13,2,ORTHOPEDICS
372,F,1,5,ORTHOPEDICS
373,M,1,5,CARDIOLOGY
374,F,10,4,SURGERY
375,F,6,4,GENERAL
376,F,1,5,GENERAL
377,M,6,4,GENERAL
378,F,10,4,CARDIOLOGY
379,F,10,3,CARDIOLOGY
380,F,6,4,CARDIOLOGY
381,M,1,6,ORTHOPEDICS
382,M,10,3,CARDIOLOGY
383,M,6,4,ORTHOPEDICS
384,M,13,3,ORTHOPEDICS
385,F,6,4,ORTHOPEDICS
386,M,10,3,GENERAL
387,M,10,3,ORTHOPEDICS
388,F,6,4,ORTHOPEDICS
389,M,6,4,ORTHOPEDICS
390,F,11,3,GENERAL
391,M,7,4,GENERAL
392,M,11,3,GENERAL
393,F,1,5,SURGERY
394,M,13,3,GENERAL
395,M,6,4,SURGERY
396,M,10,3,SURGERY
397,M,11,3,CARDIOLOGY
398,F,10,4,ORTHOPEDICS
399,F,1,5,GENERAL
400,M,13,2,GENERAL
401,F,6,4,GENERAL
402,F,1,5,CARDIOLOGY
403,F,1,5,ORTHOPEDICS
404,M,10,3,GENERAL
405,M,1,5,CARDIOLOGY
406,M,10,3,ORTHOPEDICS
407,F,1,7,CARDIOLOGY
408,M,6,4,GENERAL
409,F,10,3,SURGERY
410,M,6,4,SURGERY
411,F,1,5,GENERAL
412,M,6,4,ORTHOPEDICS
413,M,6,4,GENERAL
414,M,10,3,SURGERY
415,M,10,4,CARDIOLOGY
416,F,13,1,SURGERY
417,F,6,4,GENERAL
418,M,10,3,ORTHOPEDICS
419,F,1,5,GENERAL
420,M,11,3,CARDIOLOGY
421,F,7,4,ORTHOPEDICS
422,M,1,5,SURGERY
423,F,6,4,ORTHOPEDICS
424,M,11,3,CARDIOLOGY
425,M,10,3,SURGERY
426,M,6,4,GENERAL
427,F,10,3,ORTHOPEDICS
428,M,6,4,GENERAL
429,F,6,4,ORTHOPEDICS
430,F,1,5,GENERAL
431,F,13,2,SURGERY
432,M,10,3,ORTHOPEDICS
433,M,6,5,SURGERY
434,F,7,4,ORTHOPEDICS
435,M,6,4,SURGERY
436,M,6,4,CARDIOLOGY
437,F,11,3,SURGERY
438,M,13,2,SURGERY
439,F,6,4,GENERAL
440,M,11,3,GENERAL
441,M,1,5,ORTHOPEDICS
442,F,6,4,GENERAL
443,M,1,5,SURGERY
444,F,1,5,GENERAL
445,F,10,3,ORTHOPEDICS
446,M,10,3,CARDIOLOGY
447,M,10,3,GENERAL
448,M,1,5,GENERAL
449,F,1,5,ORTHOPEDICS
450,F,10,3,CARDIOLOGY
451,M,6,4,ORTHOPEDICS
452,F,1,5,SURGERY
453,F,10,4,GENERAL
454,M,6,4,ORTHOPEDICS
455,M,7,4,CARDIOLOGY
456,M,1,5,SURGERY
457,F,7,4,ORTHOPEDICS
458,M,1,5,ORTHOPEDICS
459,M,1,5,GENERAL
460,M,6,4,ORTHOPEDICS
461,M,6,4,CARDIOLOGY
462,M,6,4,GENERAL
463,F,6,4,SURGERY
464,F,1,5,GENERAL
465,F,10,4,ORTHOPEDICS
466,F,1,7,GENERAL
467,M,10,3,GENERAL
468,F,6,4,CARDIOLOGY
469,M,1,5,CARDIOLOGY
470,M,1,5,GENERAL
471,F,11,3,ORTHOPEDICS
472,F,1,5,SURGERY
473,F,10,4,SURGERY
474,F,8,4,GENERAL
475,M,10,4,CARDIOLOGY
476,M,10,3,CARDIOLOGY
477,M,6,4,CARDIOLOGY
478,F,7,4,GENERAL
479,M,6,4,GENERAL
480,F,1,5,CARDIOLOGY
481,M,11,3,ORTHOPEDICS
482,F,6,4,CARDIOLOGY
483,F,1,5,CARDIOLOGY
484,M,6,4,CARDIOLOGY
485,M,6,4,GENERAL
486,M,6,4,SURGERY
487,F,10,4,GENERAL
488,F,10,3,SURGERY
489,M,1,5,SURGERY
490,M,10,3,GENERAL
491,F,13,2,SURGERY
492,M,1,5,GENERAL
493,F,13,2,ORTHOPEDICS
494,F,6,4,ORTHOPEDICS
495,M,6,4,GENERAL
496,F,1,5,GENERAL
497,F,6,4,SURGERY
498,F,13,2,SURGERY
499,F,1,5,CARDIOLOGY
500,F,6,4,GENERAL
501,M,1,7,ORTHOPEDICS
502,F,1,5,SURGERY
503,F,1,5,GENERAL
504,F,6,4,CARDIOLOGY
505,F,7,4,GENERAL
506,M,6,4,SURGERY
507,M,6,4,CARDIOLOGY
508,F,6,4,SURGERY
509,F,6,4,CARDIOLOGY
510,M,11,3,GENERAL
511,M,7,4,ORTHOPEDICS
512,F,13,2,GENERAL
513,F,1,5,GENERAL
514,M,13,1,GENERAL
515,M,10,3,GENERAL
516,M,1,5,ORTHOPEDICS
517,F,1,5,SURGERY
518,F,7,4,SURGERY
519,F,6,4,GENERAL
520,M,10,3,ORTHOPEDICS
521,M,6,4,CARDIOLOGY
522,M,6,4,GENERAL
523,M,1,5,CARDIOLOGY
524,F,1,5,CARDIOLOGY
525,F,6,4,SURGERY
526,F,6,4,GENERAL
527,F,1,5,CARDIOLOGY
528,F,6,4,GENERAL
529,F,10,3,GENERAL
530,F,6,4,SURGERY
531,F,13,2,SURGERY
532,M,10,4,GENERAL
533,F,1,5,CARDIOLOGY
534,F,10,3,CARDIOLOGY
535,F,1,6,GENERAL
536,M,13,1,CARDIOLOGY
537,M,6,4,GENERAL
538,F,6,4,GENERAL
539,M,10,4,ORTHOPEDICS
540,M,1,6,GENERAL
541,M,13,2,SURGERY
542,F,13,1,GENERAL
543,M,1,5,GENERAL
544,M,7,4,ORTHOPEDICS
545,M,1,6,CARDIOLOGY
546,M,10,3,GENERAL
547,M,10,3,ORTHOPEDICS
548,M,13,3,SURGERY
549,M,6,4,GENERAL
550,F,1,5,ORTHOPEDICS
551,F,6,5,GENERAL
552,F,1,6,GENERAL
553,M,11,3,SURGERY
554,F,1,5,CARDIOLOGY
555,M,7,4,GENERAL
556,F,10,4,GENERAL
557,M,10,3,GENERAL
558,F,6,4,CARDIOLOGY
559,F,10,3,CARDIOLOGY
560,F,1,5,GENERAL
561,M,1,5,CARDIOLOGY
562,M,8,4,ORTHOPEDICS
563,F,11,3,ORTHOPEDICS
564,F,13,2,CARDIOLOGY
565,F,6,4,SURGERY
566,F,10,4,GENERAL
567,F,1,5,SURGERY
568,M,10,3,GENERAL
569,M,7,4,GENERAL
570,F,1,6,GENERAL
571,F,6,4,GENERAL
572,M,11,3,SURGERY
573,F,13,3,GENERAL
574,M,7,4,CARDIOLOGY
575,M,1,5,SURGERY
576,M,7,4,ORTHOPEDICS
577,M,1,5,CARDIOLOGY
578,F,6,4,GENERAL
579,F,1,5,ORTHOPEDICS
580,F,6,4,GENERAL
581,M,1,5,GENERAL
582,M,6,4,ORTHOPEDICS
583,F,6,4,GENERAL
584,M,1,5,CARDIOLOGY
585,F,11,3,ORTHOPEDICS
586,M,10,3,ORTHOPEDICS
587,F,7,4,SURGERY
588,F,1,5,GENERAL
589,F,6,4,GENERAL
590,F,1,5,CARDIOLOGY
591,M,7,4,GENERAL
592,M,11,3,GENERAL
593,F,1,5,SURGERY
594,F,10,3,SURGERY
595,M,10,4,GENERAL
596,F,1,5,SURGERY
597,M,10,4,ORTHOPEDICS
598,F,6,4,GENERAL
599,F,1,5,CARDIOLOGY
600,M,6,4,SURGERY
601,F,1,5,GENERAL
602,M,6,4,CARDIOLOGY
603,F,11,3,GENERAL
604,M,6,4,GENERAL
605,M,1,5,SURGERY
606,F,13,2,ORTHOPEDICS
607,M,1,5,GENERAL
608,F,1,5,CARDIOLOGY
609,F,13,3,ORTHOPEDICS
610,F,1,5,CARDIOLOGY
611,M,10,3,ORTHOPEDICS
612,F,6,4,CARDIOLOGY
613,F,6,4,SURGERY
614,F,6,4,CARDIOLOGY
615,M,6,4,ORTHOPEDICS
616,F,10,4,GENERAL
617,M,6,4,CARDIOLOGY
618,M,10,3,CARDIOLOGY
619,F,13,2,CARDIOLOGY
620,M,1,5,GENERAL
621,F,10,3,CARDIOLOGY
622,M,13,1,GENERAL
623,F,1,6,GENERAL
624,M,1,6,SURGERY
625,M,6,4,GENERAL
626,F,1,6,CARDIOLOGY
627,F,6,4,SURGERY
628,M,1,5,ORTHOPEDICS
629,M,6,4,GENERAL
630,M,6,4,ORTHOPEDICS
631,M,11,3,GENERAL
632,M,10,3,ORTHOPEDICS
633,F,1,5,ORTHOPEDICS
634,F,13,3,GENERAL
635,M,10,4,ORTHOPEDICS
636,F,13,2,SURGERY
637,F,13,2,ORTHOPEDICS
638,M,6,4,SURGERY
639,F,1,6,GENERAL
640,M,6,4,CARDIOLOGY
641,M,6,4,GENERAL
642,M,13,2,GENERAL
643,F,6,4,GENERAL
644,F,1,5,ORTHOPEDICS
645,M,13,3,ORTHOPEDICS
646,F,1,5,GENERAL
647,F,1,5,SURGERY
648,M,1,5,SURGERY
649,M,10,3,GENERAL
650,F,1,5,GENERAL
651,F,10,4,ORTHOPEDICS
652,M,1,5,CARDIOLOGY
653,M,1,5,GENERAL
654,M,10,3,ORTHOPEDICS
655,F,1,5,SURGERY
656,M,6,4,GENERAL
657,F,10,3,ORTHOPEDICS
658,M,1,6,GENERAL
659,M,1,5,SURGERY
660,M,13,3,SURGERY
661,M,11,3,CARDIOLOGY
662,M,10,3,GENERAL
663,M,13,3,GENERAL
664,F,1,5,SURGERY
665,F,1,5,GENERAL
666,F,1,5,CARDIOLOGY
667,M,6,4,SURGERY
668,F,1,5,CARDIOLOGY
669,M,1,5,ORTHOPEDICS
670,M,6,4,GENERAL
671,M,13,2,ORTHOPEDICS
672,F,1,5,SURGERY
673,F,13,1,SURGERY
674,M,10,3,GENERAL
675,F,10,3,SURGERY
676,F,11,3,GENERAL
677,M,1,5,GENERAL
678,M,1,5,SURGERY
679,F,6,4,GENERAL
680,F,7,4,CARDIOLOGY
681,M,10,3,SURGERY
682,M,13,2,SURGERY
683,F,1,6,GENERAL
684,F,7,4,GENERAL
685,M,1,5,GENERAL
686,M,10,3,ORTHOPEDICS
687,M,1,5,ORTHOPEDICS
688,F,6,4,GENERAL
689,M,6,5,SURGERY
690,M,1,5,CARDIOLOGY
691,M,7,4,GENERAL
692,M,10,3,ORTHOPEDICS
693,F,1,5,ORTHOPEDICS
694,M,1,5,ORTHOPEDICS
695,F,11,3,GENERAL
696,F,1,5,ORTHOPEDICS
697,F,10,3,GENERAL
698,F,1,5,CARDIOLOGY
699,F,1,6,CARDIOLOGY
700,F,6,4,CARDIOLOGY
701,M,1,6,GENERAL
702,F,6,4,GENERAL
703,F,6,4,GENERAL
704,F,10,4,CARDIOLOGY
705,F,1,5,SURGERY
706,M,1,6,CARDIOLOGY
707,F,6,4,GENERAL
708,F,6,5,SURGERY
709,F,1,5,SURGERY
710,M,10,3,CARDIOLOGY
711,M,10,4,CARDIOLOGY
712,M,1,5,GENERAL
713,M,1,5,SURGERY
714,M,6,4,ORTHOPEDICS
715,F,11,3,ORTHOPEDICS
716,M,1,5,SURGERY
717,F,6,4,SURGERY
718,M,10,3,ORTHOPEDICS
719,F,1,5,ORTHOPEDICS
720,M,1,5,ORTHOPEDICS
721,M,13,2,GENERAL
722,F,1,7,GENERAL
723,F,1,6,GENERAL
724,F,6,4,GENERAL
725,M,10,4,SURGERY
726,M,11,3,CARDIOLOGY
727,F,1,5,GENERAL
728,M,10,4,GENERAL
729,M,6,4,CARDIOLOGY
730,F,1,5,SURGERY
731,M,1,5,GENERAL
732,M,11,3,ORTHOPEDICS
733,M,10,3,ORTHOPEDICS
734,M,1,5,ORTHOPEDICS
735,M,10,3,ORTHOPEDICS
736,F,6,4,GENERAL
737,F,6,4,ORTHOPEDICS
738,M,1,6,SURGERY
739,F,10,4,SURGERY
740,F,6,5,GENERAL
741,F,6,4,GENERAL
742,F,1,6,GENERAL
743,M,1,5,CARDIOLOGY
744,F,6,4,ORTHOPEDICS
745,M,6,4,GENERAL
746,F,6,4,ORTHOPEDICS
747,M,10,3,ORTHOPEDICS
748,M,6,4,SURGERY
749,F,10,4,SURGERY
750,M,1,5,CARDIOLOGY
751,M,10,3,ORTHOPEDICS
752,F,10,3,GENERAL
753,M,10,4,CARDIOLOGY
754,M,7,4,GENERAL
755,M,6,4,GENERAL
756,F,11,3,GENERAL
757,M,6,4,CARDIOLOGY
758,M,6,4,CARDIOLOGY
759,M,10,4,GENERAL
760,F,10,3,CARDIOLOGY
761,M,1,5,ORTHOPEDICS
762,F,1,5,GENERAL
763,M,6,4,ORTHOPEDICS
764,F,10,3,GENERAL
765,F,1,5,GENERAL
766,M,6,4,ORTHOPEDICS
767,M,1,6,SURGERY
768,M,11,3,SURGERY
769,F,13,2,ORTHOPEDICS
770,M,1,5,ORTHOPEDICS
771,F,1,5,CARDIOLOGY
772,M,10,3,GENERAL
773,M,1,5,ORTHOPEDICS
774,M,10,3,CARDIOLOGY
775,M,11,3,SURGERY
776,F,11,3,GENERAL
777,F,10,4,CARDIOLOGY
778,M,1,5,CARDIOLOGY
779,F,10,3,CARDIOLOGY
780,F,1,5,GENERAL
781,F,11,3,GENERAL
782,F,6,4,CARDIOLOGY
783,F,10,4,GENERAL
784,M,1,5,SURGERY
785,M,1,5,GENERAL
786,F,13,2,SURGERY
787,F,10,3,CARDIOLOGY
788,M,6,4,ORTHOPEDICS
789,M,10,3,SURGERY
790,M,1,5,GENERAL
791,M,1,6,GENERAL
792,M,1,5,GENERAL
793,M,10,3,SURGERY
794,M,10,3,SURGERY
795,F,10,4,GENERAL
796,F,1,5,SURGERY
797,M,10,4,CARDIOLOGY
798,M,7,4,ORTHOPEDICS
799,F,1,5,GENERAL
800,F,7,4,CARDIOLOGY
801,F,6,4,ORTHOPEDICS
802,M,10,3,GENERAL
803,M,1,5,GENERAL
804,F,10,4,CARDIOLOGY
805,M,13,2,ORTHOPEDICS
806,M,11,3,ORTHOPEDICS
807,F,6,4,GENERAL
808,F,13,3,ORTHOPEDICS
809,F,10,4,CARDIOLOGY
810,F,1,6,SURGERY
811,F,13,2,ORTHOPEDICS
812,M,1,6,CARDIOLOGY
813,M,10,4,SURGERY
814,M,10,3,ORTHOPEDICS
815,M,6,4,GENERAL
816,F,7,4,GENERAL
817,M,6,4,CARDIOLOGY
818,M,10,3,GENERAL
819,F,1,5,GENERAL
820,M,6,4,CARDIOLOGY
821,M,10,4,GENERAL
822,M,10,4,ORTHOPEDICS
823,M,1,5,GENERAL
824,F,10,4,CARDIOLOGY
825,M,6,4,ORTHOPEDICS
826,F,1,5,GENERAL
827,F,6,4,GENERAL
828,M,11,3,GENERAL
829,F,1,5,GENERAL
830,M,6,5,GENERAL
831,M,6,4,CARDIOLOGY
832,M,11,3,GENERAL
833,F,13,2,SURGERY
834,M,13,2,SURGERY
835,F,6,4,ORTHOPEDICS
836,M,10,4,SURGERY
837,F,10,4,GENERAL
838,M,10,3,CARDIOLOGY
839,F,13,2,SURGERY
840,M,1,5,SURGERY
841,M,13,2,SURGERY
842,M,6,5,ORTHOPEDICS
843,M,1,6,GENERAL
844,F,13,3,SURGERY
845,M,1,5,ORTHOPEDICS
846,F,7,4,SURGERY
847,M,6,4,SURGERY
848,M,1,6,ORTHOPEDICS
849,F,13,2,GENERAL
850,M,6,4,GENERAL
851,M,13,2,ORTHOPEDICS
852,F,1,5,CARDIOLOGY
853,M,1,5,GENERAL
854,F,1,5,SURGERY
855,M,6,4,CARDIOLOGY
856,F,10,4,GENERAL
857,M,1,5,GENERAL
858,M,6,4,GENERAL
859,M,1,5,CARDIOLOGY
860,M,10,4,SURGERY
861,M,11,3,GENERAL
862,M,6,4,GENERAL
863,F,1,6,CARDIOLOGY
864,M,1,5,GENERAL
865,F,1,6,GENERAL
866,M,8,4,SURGERY
867,F,1,5,GENERAL
868,M,6,4,GENERAL
869,F,6,4,GENERAL
870,M,7,4,CARDIOLOGY
871,F,1,6,CARDIOLOGY
872,M,1,5,SURGERY
873,M,1,5,ORTHOPEDICS
874,M,6,4,CARDIOLOGY
875,F,11,3,GENERAL
876,M,10,4,GENERAL
877,M,6,4,ORTHOPEDICS
878,M,10,3,ORTHOPEDICS
879,M,1,5,GENERAL
880,M,11,3,CARDIOLOGY
881,F,7,4,CARDIOLOGY
882,F,10,3,CARDIOLOGY
883,M,1,5,SURGERY
884,F,1,5,SURGERY
885,F,12,3,ORTHOPEDICS
886,F,1,5,ORTHOPEDICS
887,F,13,2,SURGERY
888,F,6,4,GENERAL
889,M,6,4,ORTHOPEDICS
890,M,6,4,ORTHOPEDICS
891,F,6,4,CARDIOLOGY
892,M,10,3,ORTHOPEDICS
893,M,10,3,GENERAL
894,M,6,4,SURGERY
895,M,1,5,GENERAL
896,M,10,4,GENERAL
897,M,1,6,GENERAL
898,F,6,4,CARDIOLOGY
899,M,1,6,GENERAL
900,M,1,7,CARDIOLOGY
901,F,1,5,SURGERY
902,M,6,4,ORTHOPEDICS
903,M,13,2,GENERAL
904,M,10,4,GENERAL
905,M,13,2,SURGERY
906,F,10,3,GENERAL
907,M,13,2,GENERAL
908,M,1,6,CARDIOLOGY
909,F,6,4,GENERAL
910,M,6,4,CARDIOLOGY
911,F,6,4,GENERAL
912,M,11,3,GENERAL
913,M,13,2,CARDIOLOGY
914,F,10,3,GENERAL
915,F,6,4,ORTHOPEDICS
916,M,6,4,GENERAL
917,M,6,4,ORTHOPEDICS
918,M,1,5,ORTHOPEDICS
919,M,6,4,GENERAL
920,M,10,4,GENERAL
921,M,10,4,GENERAL
922,M,10,3,GENERAL
923,M,13,3,CARDIOLOGY
924,M,10,4,GENERAL
925,F,13,2,CARDIOLOGY
926,F,10,3,ORTHOPEDICS
927,F,6,4,SURGERY
928,F,1,5,GENERAL
929,F,13,2,SURGERY
930,M,13,2,SURGERY
931,M,1,5,CARDIOLOGY
932,F,1,5,GENERAL
933,F,6,4,ORTHOPEDICS
934,M,10,3,GENERAL
935,M,10,3,GENERAL
936,M,10,3,SURGERY
937,F,1,5,GENERAL
938,F,1,5,CARDIOLOGY
939,M,10,3,SURGERY
940,F,6,4,GENERAL
941,M,10,4,GENERAL
942,F,11,3,ORTHOPEDICS
943,M,6,4,GENERAL
944,F,6,4,GENERAL
945,M,6,4,CARDIOLOGY
946,F,10,3,CARDIOLOGY
947,M,6,4,GENERAL
948,M,13,3,ORTHOPEDICS
949,M,10,3,CARDIOLOGY
950,M,1,5,GENERAL
951,F,10,4,GENERAL
952,F,6,4,SURGERY
953,F,1,5,SURGERY
954,F,6,4,ORTHOPEDICS
955,M,6,4,GENERAL
956,M,13,2,CARDIOLOGY
957,F,1,6,SURGERY
958,M,10,3,CARDIOLOGY
959,M,1,5,GENERAL
960,F,1,5,CARDIOLOGY
961,M,1,5,ORTHOPEDICS
962,F,1,5,CARDIOLOGY
963,F,1,5,ORTHOPEDICS
964,F,6,4,CARDIOLOGY
965,F,13,2,GENERAL
966,F,1,5,CARDIOLOGY
967,M,13,2,CARDIOLOGY
968,M,1,5,ORTHOPEDICS
969,F,10,3,SURGERY
970,F,6,4,GENERAL
971,M,1,6,GENERAL
972,F,1,5,SURGERY
973,F,6,4,CARDIOLOGY
974,M,13,3,ORTHOPEDICS
975,F,10,4,GENERAL
976,F,10,3,GENERAL
977,F,6,4,CARDIOLOGY
978,F,11,3,GENERAL
979,M,6,4,GENERAL
980,M,1,5,GENERAL
981,F,10,3,GENERAL
982,M,7,4,GENERAL
983,F,10,3,ORTHOPEDICS
984,F,6,4,SURGERY
985,F,10,4,GENERAL
986,M,1,5,GENERAL
987,M,1,5,SURGERY
988,M,6,4,CARDIOLOGY
989,F,1,5,CARDIOLOGY
990,F,11,3,GENERAL
991,F,13,3,SURGERY
992,M,6,4,GENERAL
993,M,10,3,SURGERY
994,M,6,4,CARDIOLOGY
995,F,6,4,GENERAL
996,M,1,5,ORTHOPEDICS
997,M,11,3,GENERAL
998,F,6,4,ORTHOPEDICS
999,F,1,6,ORTHOPEDICS
1000,F,10,3,CARDIOLOGY
1001,F,1,5,CARDIOLOGY
1002,F,1,5,ORTHOPEDICS
1003,M,6,4,SURGERY
1004,M,10,3,GENERAL
1005,F,1,6,CARDIOLOGY
1006,F,10,3,GENERAL
1007,F,6,4,CARDIOLOGY
1008,M,10,4,GENERAL
1009,F,11,3,SURGERY
1010,M,6,4,GENERAL
1011,F,10,4,CARDIOLOGY
1012,F,6,4,GENERAL
1013,M,1,5,ORTHOPEDICS
1014,F,6,4,CARDIOLOGY
1015,F,1,5,CARDIOLOGY
1016,M,1,5,GENERAL
1017,M,10,3,GENERAL
1018,F,10,3,ORTHOPEDICS
1019,F,13,2,ORTHOPEDICS
1020,M,6,4,CARDIOLOGY
1021,F,6,4,CARDIOLOGY
1022,F,1,5,GENERAL
1023,F,1,5,GENERAL
1024,F,1,5,GENERAL
1025,F,11,3,ORTHOPEDICS
1026,F,11,3,ORTHOPEDICS
1027,M,6,4,SURGERY
1028,F,1,5,ORTHOPEDICS
1029,F,6,4,CARDIOLOGY
1030,M,6,4,SURGERY
1031,M,6,4,GENERAL
1032,F,6,4,ORTHOPEDICS
1033,F,13,2,ORTHOPEDICS
1034,F,10,4,ORTHOPEDICS
1035,M,1,5,CARDIOLOGY
1036,M,1,5,CARDIOLOGY
1037,F,10,3,GENERAL
1038,M,10,4,GENERAL
1039,M,10,4,ORTHOPEDICS
1040,M,6,4,ORTHOPEDICS
1041,F,13,3,CARDIOLOGY
1042,M,6,4,GENERAL
1043,F,10,4,GENERAL
1044,M,7,4,ORTHOPEDICS
1045,M,6,4,CARDIOLOGY
1046,F,13,2,ORTHOPEDICS
1047,F,1,5,GENERAL
1048,F,1,5,ORTHOPEDICS
1049,F,13,2,CARDIOLOGY
1050,F,13,2,GENERAL
1051,F,7,4,ORTHOPEDICS
1052,M,12,3,CARDIOLOGY
1053,F,10,3,SURGERY
1054,M,11,3,GENERAL
1055,F,6,4,GENERAL
1056,M,10,4,GENERAL
1057,M,6,4,ORTHOPEDICS
1058,F,11,3,ORTHOPEDICS
1059,F,10,3,ORTHOPEDICS
1060,M,1,5,SURGERY
1061,M,1,5,GENERAL
1062,M,6,4,ORTHOPEDICS
1063,M,13,2,ORTHOPEDICS
1064,M,6,4,ORTHOPEDICS
1065,F,1,6,SURGERY
1066,M,10,3,ORTHOPEDICS
1067,M,10,4,GENERAL
1068,M,6,4,ORTHOPEDICS
1069,M,6,4,SURGERY
1070,F,10,4,CARDIOLOGY
1071,F,10,4,SURGERY
1072,M,1,7,GENERAL
1073,M,6,4,ORTHOPEDICS
1074,M,10,4,GENERAL
1075,F,10,3,GENERAL
1076,F,10,4,SURGERY
1077,F,1,5,GENERAL
1078,M,1,5,SURGERY
1079,M,1,5,GENERAL
1080,F,6,4,GENERAL
1081,M,10,3,GENERAL
1082,F,6,4,GENERAL
1083,F,1,5,ORTHOPEDICS
1084,M,10,3,SURGERY
1085,M,1,5,GENERAL
1086,F,13,3,CARDIOLOGY
1087,F,10,4,ORTHOPEDICS
1088,M,6,4,SURGERY
1089,F,10,3,GENERAL
1090,M,10,3,CARDIOLOGY
1091,M,10,3,ORTHOPEDICS
1092,F,1,5,GENERAL
1093,M,6,4,GENERAL
1094,F,10,3,SURGERY
1095,M,6,4,GENERAL
1096,F,10,3,ORTHOPEDICS
1097,F,7,4,GENERAL
1098,M,6,4,ORTHOPEDICS
1099,F,7,4,GENERAL
1100,F,1,5,SURGERY
1101,F,13,2,ORTHOPEDICS
1102,M,1,5,GENERAL
1103,F,6,4,ORTHOPEDICS
1104,M,10,4,GENERAL
1105,F,10,3,ORTHOPEDICS
1106,M,6,4,SURGERY
1107,M,10,3,SURGERY
1108,F,1,5,CARDIOLOGY
1109,M,10,3,ORTHOPEDICS
1110,F,10,4,ORTHOPEDICS
1111,F,1,5,ORTHOPEDICS
1112,F,7,4,SURGERY
1113,F,10,3,CARDIOLOGY
1114,F,13,2,GENERAL
1115,M,10,3,SURGERY
1116,M,1,5,CARDIOLOGY
1117,F,10,3,GENERAL
1118,M,1,6,SURGERY
1119,M,10,4,GENERAL
1120,F,7,4,GENERAL
1121,M,10,3,GENERAL
1122,M,6,4,CARDIOLOGY
1123,F,1,5,CARDIOLOGY
1124,F,6,4,GENERAL
1125,F,10,3,SURGERY
1126,M,10,4,ORTHOPEDICS
1127,M,6,4,ORTHOPEDICS
1128,M,1,6,CARDIOLOGY
1129,M,7,4,GENERAL
1130,F,6,4,GENERAL
1131,F,13,2,SURGERY
1132,M,6,4,CARDIOLOGY
1133,M,1,5,CARDIOLOGY
1134,M,1,5,CARDIOLOGY
1135,F,1,5,GENERAL
1136,M,6,4,CARDIOLOGY
1137,F,10,3,CARDIOLOGY
1138,M,6,4,SURGERY
1139,F,10,4,GENERAL
1140,F,10,4,GENERAL
1141,F,6,4,CARDIOLOGY
1142,M,1,5,SURGERY
1143,M,13,3,CARDIOLOGY
1144,F,6,4,CARDIOLOGY
1145,M,10,3,CARDIOLOGY
1146,M,1,5,SURGERY
1147,M,7,4,GENERAL
1148,M,6,4,CARDIOLOGY
1149,M,1,5,GENERAL
1150,M,1,5,SURGERY
1151,F,1,5,GENERAL
1152,M,1,6,CARDIOLOGY
1153,F,10,4,SURGERY
1154,M,1,5,SURGERY
1155,F,1,5,GENERAL
1156,F,13,2,GENERAL
1157,M,7,4,GENERAL
1158,F,6,4,GENERAL
1159,F,10,4,GENERAL
1160,M,11,3,ORTHOPEDICS
1161,M,1,5,GENERAL
1162,F,10,3,CARDIOLOGY
1163,F,1,5,GENERAL
1164,M,1,6,SURGERY
1165,M,13,2,ORTHOPEDICS
1166,M,10,3,ORTHOPEDICS
1167,F,10,3,SURGERY
1168,M,1,5,ORTHOPEDICS
1169,M,1,5,GENERAL
1170,M,10,4,GENERAL
1171,F,10,3,GENERAL
1172,M,13,2,GENERAL
1173,M,6,4,CARDIOLOGY
1174,M,1,6,ORTHOPEDICS
1175,F,13,3,SURGERY
1176,M,10,3,ORTHOPEDICS
1177,F,10,3,SURGERY
1178,M,6,4,ORTHOPEDICS
1179,M,7,4,ORTHOPEDICS
1180,M,6,4,SURGERY
1181,F,10,4,GENERAL
1182,F,10,3,GENERAL
1183,F,13,3,GENERAL
1184,F,6,4,GENERAL
1185,F,1,5,SURGERY
1186,M,6,4,GENERAL
1187,M,1,5,ORTHOPEDICS
1188,M,10,3,SURGERY
1189,F,10,3,GENERAL
1190,F,6,4,ORTHOPEDICS
1191,M,6,4,GENERAL
1192,F,7,4,ORTHOPEDICS
1193,F,7,4,GENERAL
1194,M,6,4,ORTHOPEDICS
1195,M,1,5,SURGERY
1196,M,6,4,CARDIOLOGY
1197,M,6,4,CARDIOLOGY
1198,M,11,3,GENERAL
1199,M,13,3,SURGERY
1200,M,1,6,GENERAL
1201,F,13,3,GENERAL
1202,F,10,3,GENERAL
1203,M,1,6,GENERAL
1204,M,10,3,ORTHOPEDICS
1205,F,1,6,GENERAL
1206,F,1,5,SURGERY
1207,M,10,3,SURGERY
1208,M,6,4,GENERAL
1209,F,6,4,GENERAL
1210,F,6,5,GENERAL
1211,F,10,4,GENERAL
1212,F,10,4,ORTHOPEDICS
1213,F,1,5,CARDIOLOGY
1214,F,1,6,ORTHOPEDICS
1215,M,10,3,ORTHOPEDICS
1216,F,1,5,SURGERY
1217,M,7,4,GENERAL
1218,F,6,4,CARDIOLOGY
1219,F,6,5,GENERAL
1220,M,6,4,GENERAL
1221,M,6,4,ORTHOPEDICS
1222,F,10,3,CARDIOLOGY
1223,F,10,3,GENERAL
1224,M,1,5,CARDIOLOGY
1225,F,6,4,CARDIOLOGY
1226,F,13,2,SURGERY
1227,F,1,6,ORTHOPEDICS
1228,M,1,5,GENERAL
1229,M,10,4,SURGERY
1230,M,1,5,GENERAL
1231,M,1,6,CARDIOLOGY
1232,M,6,4,ORTHOPEDICS
1233,M,7,4,GENERAL
1234,M,10,4,ORTHOPEDICS
1235,M,11,3,ORTHOPEDICS
1236,F,1,5,CARDIOLOGY
1237,F,11,3,ORTHOPEDICS
1238,F,6,4,GENERAL
1239,F,1,5,SURGERY
1240,M,1,5,GENERAL
1241,F,1,5,GENERAL
1242,F,1,5,GENERAL
1243,M,6,4,GENERAL
1244,M,11,3,ORTHOPEDICS
1245,M,6,5,ORTHOPEDICS
1246,M,13,2,GENERAL
1247,F,6,4,GENERAL
1248,M,6,4,CARDIOLOGY
1249,F,6,4,SURGERY
1250,F,11,3,GENERAL
1251,F,6,4,GENERAL
1252,M,7,4,CARDIOLOGY
1253,M,1,5,CARDIOLOGY
1254,F,10,4,ORTHOPEDICS
1255,F,10,4,SURGERY
1256,M,10,3,CARDIOLOGY
1257,M,1,5,GENERAL
1258,M,10,4,GENERAL
1259,M,6,4,GENERAL
1260,F,6,4,ORTHOPEDICS
1261,M,6,4,GENERAL
1262,F,10,3,CARDIOLOGY
1263,F,6,4,GENERAL
1264,M,6,4,CARDIOLOGY
1265,M,1,5,SURGERY
1266,F,6,4,GENERAL
1267,M,12,3,SURGERY
1268,M,1,5,SURGERY
1269,F,1,5,GENERAL
1270,F,10,3,ORTHOPEDICS
1271,F,6,5,CARDIOLOGY
1272,F,13,1,ORTHOPEDICS
1273,F,1,6,ORTHOPEDICS
1274,F,6,4,GENERAL
1275,M,10,3,GENERAL
1276,F,1,5,SURGERY
1277,M,1,5,SURGERY
1278,F,10,3,GENERAL
1279,F,1,5,CARDIOLOGY
1280,M,6,5,GENERAL
1281,F,1,5,SURGERY
1282,M,6,4,GENERAL
1283,M,1,5,ORTHOPEDICS
1284,M,11,3,SURGERY
1285,F,1,6,SURGERY
1286,F,10,3,CARDIOLOGY
1287,M,11,3,CARDIOLOGY
1288,M,13,3,GENERAL
1289,M,7,4,GENERAL
1290,F,1,5,SURGERY
1291,F,6,5,CARDIOLOGY
1292,M,11,3,ORTHOPEDICS
1293,M,6,4,ORTHOPEDICS
1294,M,6,4,GENERAL
1295,M,1,5,SURGERY
1296,F,10,3,GENERAL
1297,M,6,4,CARDIOLOGY
1298,F,10,3,CARDIOLOGY
1299,M,10,4,CARDIOLOGY
1300,M,6,4,SURGERY
1301,M,1,5,CARDIOLOGY
1302,M,13,2,ORTHOPEDICS
1303,M,11,3,GENERAL
1304,M,1,5,ORTHOPEDICS
1305,F,10,3,ORTHOPEDICS
1306,M,1,5,SURGERY
1307,F,6,4,ORTHOPEDICS
1308,M,10,4,GENERAL
1309,M,1,6,GENERAL
1310,F,10,3,SURGERY
1311,F,1,5,CARDIOLOGY
1312,M,1,5,GENERAL
1313,M,10,3,SURGERY
1314,F,12,3,GENERAL
1315,M,1,6,GENERAL
1316,F,10,4,GENERAL
1317,F,6,4,SURGERY
1318,F,6,4,ORTHOPEDICS
1319,F,1,5,SURGERY
1320,M,6,4,CARDIOLOGY
1321,F,1,5,SURGERY
1322,F,10,3,SURGERY
1323,M,1,5,SURGERY
1324,M,13,2,GENERAL
1325,M,1,5,ORTHOPEDICS
1326,F,13,2,CARDIOLOGY
1327,M,10,3,GENERAL
1328,F,1,5,GENERAL
1329,M,10,4,GENERAL
1330,M,6,4,CARDIOLOGY
1331,M,1,5,SURGERY
1332,F,7,4,ORTHOPEDICS
1333,M,1,5,GENERAL
1334,M,11,3,ORTHOPEDICS
1335,M,6,4,GENERAL
1336,F,6,4,SURGERY
1337,M,1,6,GENERAL
1338,M,6,4,GENERAL
1339,F,10,3,SURGERY
1340,F,1,6,GENERAL
1341,M,1,5,ORTHOPEDICS
1342,F,6,4,GENERAL
1343,F,10,3,SURGERY
1344,M,6,4,ORTHOPEDICS
1345,F,1,5,ORTHOPEDICS
1346,M,6,4,SURGERY
1347,F,1,5,GENERAL
1348,M,1,5,SURGERY
1349,M,7,4,GENERAL
1350,M,6,4,CARDIOLOGY
1351,F,13,3,GENERAL
1352,F,10,3,CARDIOLOGY
1353,F,10,4,SURGERY
1354,F,1,5,CARDIOLOGY
1355,F,1,6,SURGERY
1356,M,10,4,GENERAL
1357,F,11,3,SURGERY
1358,F,10,4,ORTHOPEDICS
1359,F,7,4,CARDIOLOGY
1360,M,1,6,GENERAL
1361,F,6,4,SURGERY
1362,M,13,2,GENERAL
1363,M,12,3,SURGERY
1364,M,1,5,GENERAL
1365,F,1,5,CARDIOLOGY
1366,M,10,3,GENERAL
1367,F,1,5,ORTHOPEDICS
1368,F,1,5,CARDIOLOGY
1369,M,10,4,SURGERY
1370,M,11,3,ORTHOPEDICS
1371,F,10,4,GENERAL
1372,F,6,5,GENERAL
1373,M,6,4,CARDIOLOGY
1374,F,6,4,CARDIOLOGY
1375,M,1,5,GENERAL
1376,M,1,8,GENERAL
1377,M,1,5,CARDIOLOGY
1378,M,10,4,ORTHOPEDICS
1379,F,1,5,SURGERY
1380,M,7,4,ORTHOPEDICS
1381,M,13,3,SURGERY
1382,F,1,6,SURGERY
1383,M,6,4,ORTHOPEDICS
1384,M,6,4,GENERAL
1385,M,7,4,GENERAL
1386,M,6,4,ORTHOPEDICS
1387,F,1,5,GENERAL
1388,M,7,4,SURGERY
1389,F,7,4,GENERAL
1390,M,7,4,SURGERY
1391,F,6,4,CARDIOLOGY
1392,M,13,2,GENERAL
1393,F,10,3,SURGERY
1394,F,6,4,SURGERY
1395,M,10,3,ORTHOPEDICS
1396,M,1,5,GENERAL
1397,F,1,5,GENERAL
1398,F,10,3,SURGERY
1399,M,10,4,GENERAL
1400,M,1,6,GENERAL
1401,F,1,5,GENERAL
1402,F,1,7,SURGERY
1403,M,1,5,GENERAL
1404,F,10,3,CARDIOLOGY
1405,M,1,5,ORTHOPEDICS
1406,M,7,4,GENERAL
1407,F,1,5,ORTHOPEDICS
1408,M,1,6,ORTHOPEDICS
1409,F,10,3,SURGERY
1410,F,1,5,GENERAL
1411,M,1,6,SURGERY
1412,F,1,5,ORTHOPEDICS
1413,F,10,3,CARDIOLOGY
1414,F,1,6,GENERAL
1415,F,1,5,CARDIOLOGY
1416,M,10,3,GENERAL
1417,F,6,4,SURGERY
1418,F,13,2,CARDIOLOGY
1419,M,6,4,SURGERY
1420,M,1,5,SURGERY
1421,F,10,4,GENERAL
1422,F,1,5,GENERAL
1423,M,1,5,GENERAL
1424,M,1,5,SURGERY
1425,F,6,4,SURGERY
1426,F,1,5,GENERAL
1427,F,1,6,GENERAL
1428,M,1,7,ORTHOPEDICS
1429,M,13,2,CARDIOLOGY
1430,M,10,3,ORTHOPEDICS
1431,M,10,3,GENERAL
1432,F,11,3,SURGERY
1433,M,1,5,CARDIOLOGY
1434,F,1,5,SURGERY
1435,M,6,4,CARDIOLOGY
1436,M,1,5,CARDIOLOGY
1437,M,13,2,GENERAL
1438,M,1,5,GENERAL
1439,F,6,5,CARDIOLOGY
1440,M,1,6,CARDIOLOGY
1441,M,6,4,GENERAL
1442,M,1,6,GENERAL
1443,M,6,4,GENERAL
1444,M,10,4,CARDIOLOGY
1445,F,1,6,CARDIOLOGY
1446,M,6,4,GENERAL
1447,M,6,4,SURGERY
1448,F,1,5,ORTHOPEDICS
1449,M,8,4,GENERAL
1450,M,11,3,SURGERY
1451,M,10,3,ORTHOPEDICS
1452,F,1,5,CARDIOLOGY
1453,F,10,4,CARDIOLOGY
1454,M,1,5,GENERAL
1455,M,13,3,ORTHOPEDICS
1456,M,1,5,GENERAL
1457,M,10,4,SURGERY
1458,F,1,5,CARDIOLOGY
1459,F,13,3,SURGERY
1460,M,11,3,GENERAL
1461,F,10,3,GENERAL
1462,F,11,3,ORTHOPEDICS
1463,F,10,3,CARDIOLOGY
1464,F,13,2,GENERAL
1465,F,13,2,CARDIOLOGY
1466,F,11,3,GENERAL
1467,F,1,5,CARDIOLOGY
1468,F,13,3,CARDIOLOGY
1469,F,10,4,GENERAL
1470,M,1,5,GENERAL
1471,M,10,3,GENERAL
1472,M,13,1,CARDIOLOGY
1473,M,1,6,SURGERY
1474,F,10,3,SURGERY
1475,F,1,5,SURGERY
1476,M,1,5,ORTHOPEDICS
1477,F,10,3,GENERAL
1478,M,1,6,ORTHOPEDICS
1479,M,13,2,SURGERY
1480,F,10,3,GENERAL
1481,F,6,4,CARDIOLOGY
1482,M,1,5,GENERAL
1483,M,10,3,GENERAL
1484,M,7,4,GENERAL
1485,F,10,4,GENERAL
1486,F,13,1,CARDIOLOGY
1487,F,6,4,GENERAL
1488,M,10,3,ORTHOPEDICS
1489,M,13,2,SURGERY
1490,F,1,5,GENERAL
1491,M,6,4,SURGERY
1492,F,1,6,GENERAL
1493,F,10,3,CARDIOLOGY
1494,M,11,3,GENERAL
1495,F,6,4,ORTHOPEDICS
1496,F,11,3,ORTHOPEDICS
1497,F,10,3,GENERAL
1498,F,6,4,CARDIOLOGY
1499,F,6,4,GENERAL
1500,F,1,6,GENERAL
1501,F,13,3,GENERAL
1502,F,6,4,SURGERY
1503,M,1,6,SURGERY
1504,F,10,3,ORTHOPEDICS
1505,M,6,4,ORTHOPEDICS
1506,F,8,4,GENERAL
1507,F,11,3,SURGERY
1508,F,1,5,CARDIOLOGY
1509,M,1,5,SURGERY
1510,M,1,5,GENERAL
1511,M,10,4,GENERAL
1512,F,13,2,ORTHOPEDICS
1513,M,13,2,GENERAL
1514,M,6,4,GENERAL
1515,F,10,3,GENERAL
1516,M,6,4,SURGERY
1517,F,10,4,GENERAL
1518,M,1,6,SURGERY
1519,F,6,4,ORTHOPEDICS
1520,F,10,4,GENERAL
1521,M,6,4,SURGERY
1522,M,1,5,GENERAL
1523,M,6,4,SURGERY
1524,M,1,5,ORTHOPEDICS
1525,M,1,5,GENERAL
1526,M,13,2,GENERAL
1527,M,11,3,SURGERY
1528,M,1,5,SURGERY
1529,F,10,4,GENERAL
1530,F,6,4,GENERAL
1531,M,10,3,ORTHOPEDICS
1532,M,13,3,GENERAL
1533,F,6,4,GENERAL
1534,M,6,4,CARDIOLOGY
1535,M,10,3,GENERAL
1536,M,13,2,SURGERY
1537,F,6,4,ORTHOPEDICS
1538,F,10,3,CARDIOLOGY
1539,F,1,6,CARDIOLOGY
1540,F,1,5,CARDIOLOGY
1541,F,1,6,ORTHOPEDICS
1542,M,6,4,SURGERY
1543,M,6,4,CARDIOLOGY
1544,M,6,4,ORTHOPEDICS
1545,M,7,4,ORTHOPEDICS
1546,F,1,5,ORTHOPEDICS
1547,M,1,5,GENERAL
1548,M,1,5,GENERAL
1549,M,10,4,SURGERY
1550,F,1,7,SURGERY
1551,F,10,4,GENERAL
1552,M,1,6,GENERAL
1553,F,1,5,GENERAL
1554,M,10,3,ORTHOPEDICS
1555,M,6,4,ORTHOPEDICS
1556,F,6,4,SURGERY
1557,F,1,5,ORTHOPEDICS
1558,F,6,4,CARDIOLOGY
1559,M,6,4,ORTHOPEDICS
1560,M,6,4,SURGERY
1561,F,10,3,GENERAL
1562,M,6,4,GENERAL
1563,F,1,5,SURGERY
1564,F,10,3,SURGERY
1565,F,10,4,GENERAL
1566,F,6,4,CARDIOLOGY
1567,F,10,4,ORTHOPEDICS
1568,F,13,2,GENERAL
1569,F,10,4,CARDIOLOGY
1570,M,7,4,SURGERY
1571,F,10,3,ORTHOPEDICS
1572,M,1,5,GENERAL
1573,M,1,5,CARDIOLOGY
1574,F,10,3,GENERAL
1575,F,7,4,GENERAL
1576,F,11,3,GENERAL
1577,M,13,2,GENERAL
1578,F,1,5,CARDIOLOGY
1579,M,6,4,SURGERY
1580,M,1,5,GENERAL
1581,M,1,5,GENERAL
1582,F,6,4,SURGERY
1583,F,6,5,GENERAL
1584,F,6,4,SURGERY
1585,F,11,3,CARDIOLOGY
1586,F,1,5,GENERAL
1587,F,1,5,CARDIOLOGY
1588,F,10,3,SURGERY
1589,F,1,5,GENERAL
1590,F,1,6,GENERAL
1591,M,6,4,SURGERY
1592,M,10,4,CARDIOLOGY
1593,M,1,5,ORTHOPEDICS
1594,F,1,5,SURGERY
1595,M,1,6,CARDIOLOGY
1596,F,6,4,CARDIOLOGY
1597,M,10,3,SURGERY
1598,F,10,3,GENERAL
1599,F,1,6,GENERAL
1600,F,10,4,GENERAL
1601,F,6,4,GENERAL
1602,F,6,4,SURGERY
1603,F,6,4,GENERAL
1604,M,6,4,CARDIOLOGY
1605,F,1,5,GENERAL
1606,M,11,3,ORTHOPEDICS
1607,M,1,5,SURGERY
1608,F,10,3,CARDIOLOGY
1609,F,10,4,CARDIOLOGY
1610,F,13,2,CARDIOLOGY
1611,M,1,5,ORTHOPEDICS
1612,F,10,4,ORTHOPEDICS
1613,F,1,5,CARDIOLOGY
1614,F,7,4,CARDIOLOGY
1615,F,11,3,ORTHOPEDICS
1616,F,10,3,ORTHOPEDICS
1617,M,10,4,SURGERY
1618,M,6,4,CARDIOLOGY
1619,F,13,2,ORTHOPEDICS
1620,M,11,3,CARDIOLOGY
1621,M,13,3,GENERAL
1622,F,6,4,SURGERY
1623,M,1,5,ORTHOPEDICS
1624,F,6,4,GENERAL
1625,M,10,4,GENERAL
1626,F,6,4,CARDIOLOGY
1627,F,11,3,GENERAL
1628,F,7,4,SURGERY
1629,F,7,4,GENERAL
1630,F,7,4,CARDIOLOGY
1631,M,1,5,ORTHOPEDICS
1632,M,10,4,CARDIOLOGY
1633,M,1,5,GENERAL
1634,M,6,4,SURGERY
1635,F,6,4,GENERAL
1636,F,7,4,GENERAL
1637,F,1,5,GENERAL
1638,M,1,6,CARDIOLOGY
1639,F,1,5,SURGERY
1640,F,1,5,SURGERY
1641,F,6,4,ORTHOPEDICS
1642,M,6,4,SURGERY
1643,M,7,4,CARDIOLOGY
1644,F,10,4,SURGERY
1645,M,1,5,SURGERY
1646,F,1,5,GENERAL
1647,F,10,4,ORTHOPEDICS
1648,F,13,2,SURGERY
1649,F,1,6,ORTHOPEDICS
1650,F,10,3,SURGERY
1651,F,10,3,GENERAL
1652,F,1,5,ORTHOPEDICS
1653,F,13,3,GENERAL
1654,M,7,4,ORTHOPEDICS
1655,F,1,5,GENERAL
1656,F,10,4,ORTHOPEDICS
1657,F,1,6,CARDIOLOGY
1658,M,6,4,GENERAL
1659,F,6,4,ORTHOPEDICS
1660,M,13,2,GENERAL
1661,F,10,4,ORTHOPEDICS
1662,M,6,4,GENERAL
1663,M,1,5,GENERAL
1664,F,10,3,GENERAL
1665,F,1,5,ORTHOPEDICS
1666,F,1,5,SURGERY
1667,M,13,2,ORTHOPEDICS
1668,M,10,4,ORTHOPEDICS
1669,M,1,6,SURGERY
1670,M,11,3,ORTHOPEDICS
1671,F,6,4,ORTHOPEDICS
1672,M,6,4,ORTHOPEDICS
1673,F,13,2,ORTHOPEDICS
1674,M,13,2,SURGERY
1675,M,10,4,CARDIOLOGY
1676,F,1,7,GENERAL
1677,F,1,6,GENERAL
1678,M,10,4,SURGERY
1679,F,1,5,CARDIOLOGY
1680,M,6,4,GENERAL
1681,F,10,4,GENERAL
1682,F,10,3,SURGERY
1683,F,11,3,SURGERY
1684,M,6,4,GENERAL
1685,M,10,4,GENERAL
1686,F,6,4,GENERAL
1687,M,6,4,GENERAL
1688,M,1,5,ORTHOPEDICS
1689,F,6,4,GENERAL
1690,F,1,5,CARDIOLOGY
1691,M,7,4,CARDIOLOGY
1692,M,1,5,SURGERY
1693,M,10,3,SURGERY
1694,F,6,4,CARDIOLOGY
1695,M,10,4,CARDIOLOGY
1696,M,11,3,GENERAL
1697,F,13,2,ORTHOPEDICS
1698,M,1,6,CARDIOLOGY
1699,M,1,5,GENERAL
1700,M,11,3,GENERAL
1701,M,1,5,GENERAL
1702,F,10,3,ORTHOPEDICS
1703,M,1,5,GENERAL
1704,F,6,4,GENERAL
1705,M,1,6,GENERAL
1706,F,10,3,GENERAL
1707,F,10,3,SURGERY
1708,M,11,3,CARDIOLOGY
1709,F,11,3,ORTHOPEDICS
1710,M,10,4,CARDIOLOGY
1711,M,1,5,ORTHOPEDICS
1712,M,6,4,GENERAL
1713,F,6,4,GENERAL
1714,F,6,4,ORTHOPEDICS
1715,M,10,4,CARDIOLOGY
1716,M,10,3,SURGERY
1717,M,1,5,ORTHOPEDICS
1718,F,7,4,GENERAL
1719,F,6,4,SURGERY
1720,F,11,3,SURGERY
1721,M,7,4,GENERAL
1722,M,1,5,SURGERY
1723,M,11,3,GENERAL
1724,M,6,4,GENERAL
1725,F,1,5,GENERAL
1726,F,6,4,ORTHOPEDICS
1727,M,1,5,CARDIOLOGY
1728,M,11,3,GENERAL
1729,F,7,4,CARDIOLOGY
1730,M,10,3,GENERAL
1731,F,6,4,GENERAL
1732,F,6,4,SURGERY
1733,F,6,4,GENERAL
1734,F,6,4,CARDIOLOGY
1735,F,7,4,SURGERY
1736,F,13,2,GENERAL
1737,F,1,5,ORTHOPEDICS
1738,F,10,3,SURGERY
1739,M,6,4,CARDIOLOGY
1740,F,1,5,GENERAL
1741,F,10,4,CARDIOLOGY
1742,M,1,5,GENERAL
1743,F,6,4,ORTHOPEDICS
1744,M,10,4,GENERAL
1745,M,10,3,GENERAL
1746,M,1,5,SURGERY
1747,F,1,5,ORTHOPEDICS
1748,M,6,4,SURGERY
1749,M,6,4,SURGERY
1750,F,10,4,SURGERY
1751,M,6,4,CARDIOLOGY
1752,M,10,3,ORTHOPEDICS
1753,M,6,4,ORTHOPEDICS
1754,F,10,3,GENERAL
1755,M,6,4,SURGERY
1756,F,10,3,GENERAL
1757,F,7,4,GENERAL
1758,M,10,4,GENERAL
1759,M,10,4,ORTHOPEDICS
1760,F,6,4,GENERAL
1761,F,6,4,CARDIOLOGY
1762,F,10,3,ORTHOPEDICS
1763,M,6,4,GENERAL
1764,M,13,2,CARDIOLOGY
1765,F,1,6,SURGERY
1766,M,10,4,GENERAL
1767,F,10,3,ORTHOPEDICS
1768,M,1,5,GENERAL
1769,F,6,4,GENERAL
1770,M,13,3,ORTHOPEDICS
1771,M,10,3,GENERAL
1772,F,7,4,GENERAL
1773,F,6,4,GENERAL
1774,F,1,5,CARDIOLOGY
1775,M,11,3,SURGERY
1776,F,6,4,GENERAL
1777,F,6,4,GENERAL
1778,F,6,4,ORTHOPEDICS
1779,M,10,4,GENERAL
1780,F,1,5,SURGERY
1781,F,6,4,CARDIOLOGY
1782,F,7,4,CARDIOLOGY
1783,F,11,3,GENERAL
1784,M,1,5,CARDIOLOGY
1785,F,10,3,GENERAL
1786,F,1,5,GENERAL
1787,M,1,5,SURGERY
1788,M,1,5,SURGERY
1789,F,13,2,GENERAL
1790,F,1,6,CARDIOLOGY
1791,F,1,6,SURGERY
1792,F,1,5,GENERAL
1793,M,1,5,ORTHOPEDICS
1794,F,11,3,CARDIOLOGY
1795,F,7,4,ORTHOPEDICS
1796,F,13,2,ORTHOPEDICS
1797,M,10,4,ORTHOPEDICS
1798,F,1,5,GENERAL
1799,M,11,3,CARDIOLOGY
1800,M,1,5,GENERAL
1801,M,1,5,GENERAL
1802,M,10,3,SURGERY
1803,M,6,4,GENERAL
1804,F,6,4,SURGERY
1805,M,6,4,CARDIOLOGY
1806,M,6,4,CARDIOLOGY
1807,M,8,4,GENERAL
1808,F,10,3,CARDIOLOGY
1809,M,11,3,GENERAL
1810,F,1,5,CARDIOLOGY
1811,F,7,4,SURGERY
1812,M,1,5,CARDIOLOGY
1813,F,1,5,GENERAL
1814,F,10,4,CARDIOLOGY
1815,F,1,5,SURGERY
1816,F,6,4,GENERAL
1817,F,6,4,GENERAL
1818,F,10,3,GENERAL
1819,M,10,4,CARDIOLOGY
1820,F,10,4,GENERAL
1821,M,10,4,CARDIOLOGY
1822,F,11,3,GENERAL
1823,F,10,3,SURGERY
1824,F,10,3,GENERAL
1825,F,6,4,GENERAL
1826,M,1,6,GENERAL
1827,F,1,5,SURGERY
1828,F,11,3,GENERAL
1829,F,10,4,GENERAL
1830,M,7,4,ORTHOPEDICS
1831,F,6,4,ORTHOPEDICS
1832,F,1,7,GENERAL
1833,M,11,3,GENERAL
1834,M,10,3,SURGERY
1835,M,1,5,ORTHOPEDICS
1836,M,6,4,GENERAL
1837,M,6,4,SURGERY
1838,F,6,4,GENERAL
1839,M,6,4,CARDIOLOGY
1840,M,6,4,CARDIOLOGY
1841,M,1,5,GENERAL
1842,F,1,6,GENERAL
1843,F,10,3,ORTHOPEDICS
1844,M,1,5,GENERAL
1845,M,7,4,ORTHOPEDICS
1846,M,1,5,CARDIOLOGY
1847,M,1,5,SURGERY
1848,M,1,5,GENERAL
1849,M,6,4,GENERAL
1850,M,11,3,GENERAL
1851,M,1,5,CARDIOLOGY
1852,F,6,4,ORTHOPEDICS
1853,F,13,2,SURGERY
1854,M,1,5,SURGERY
1855,M,1,5,GENERAL
1856,F,6,4,CARDIOLOGY
1857,F,7,4,GENERAL
1858,M,1,5,ORTHOPEDICS
1859,M,10,3,SURGERY
1860,M,6,4,CARDIOLOGY
1861,F,1,5,GENERAL
1862,M,11,3,GENERAL
1863,F,10,3,ORTHOPEDICS
1864,M,1,5,SURGERY
1865,M,6,4,SURGERY
1866,M,10,4,CARDIOLOGY
1867,M,1,5,GENERAL
1868,F,1,6,GENERAL
1869,F,10,4,GENERAL
1870,F,13,2,SURGERY
1871,F,10,3,CARDIOLOGY
1872,F,10,4,ORTHOPEDICS
1873,M,13,2,CARDIOLOGY
1874,F,10,4,ORTHOPEDICS
1875,F,1,5,CARDIOLOGY
1876,M,13,3,GENERAL
1877,M,10,3,ORTHOPEDICS
1878,M,6,4,GENERAL
1879,M,6,4,ORTHOPEDICS
1880,F,10,3,ORTHOPEDICS
1881,M,11,3,SURGERY
1882,M,1,5,CARDIOLOGY
1883,M,7,4,GENERAL
1884,M,6,4,CARDIOLOGY
1885,F,6,4,CARDIOLOGY
1886,F,6,4,GENERAL
1887,M,10,4,CARDIOLOGY
1888,F,13,2,SURGERY
1889,F,1,5,CARDIOLOGY
1890,M,10,4,GENERAL
1891,F,10,4,GENERAL
1892,F,1,5,CARDIOLOGY
1893,F,6,4,CARDIOLOGY
1894,F,1,5,ORTHOPEDICS
1895,F,6,4,ORTHOPEDICS
1896,F,1,5,ORTHOPEDICS
1897,F,1,5,CARDIOLOGY
1898,F,10,4,CARDIOLOGY
1899,M,1,5,SURGERY
1900,F,13,2,ORTHOPEDICS
1901,F,1,5,CARDIOLOGY
1902,M,6,5,GENERAL
1903,F,10,4,ORTHOPEDICS
1904,F,6,4,CARDIOLOGY
1905,F,1,5,GENERAL
1906,M,10,3,SURGERY
1907,M,10,3,ORTHOPEDICS
1908,M,6,4,CARDIOLOGY
1909,M,7,4,GENERAL
1910,M,1,5,ORTHOPEDICS
1911,F,13,2,GENERAL
1912,M,10,3,SURGERY
1913,F,13,1,CARDIOLOGY
1914,F,1,6,GENERAL
1915,F,10,4,SURGERY
1916,M,7,4,ORTHOPEDICS
1917,F,10,4,GENERAL
1918,M,10,4,SURGERY
1919,F,7,4,GENERAL
1920,F,1,5,ORTHOPEDICS
1921,F,1,5,GENERAL
1922,F,11,3,GENERAL
1923,F,10,3,GENERAL
1924,M,11,3,CARDIOLOGY
1925,M,1,5,CARDIOLOGY
1926,M,1,6,CARDIOLOGY
1927,F,1,5,GENERAL
1928,M,7,4,GENERAL
1929,F,1,5,ORTHOPEDICS
1930,F,6,4,ORTHOPEDICS
1931,F,1,5,CARDIOLOGY
1932,M,7,4,GENERAL
1933,F,6,4,GENERAL
1934,M,6,4,CARDIOLOGY
1935,M,6,4,ORTHOPEDICS
1936,F,10,4,CARDIOLOGY
1937,M,11,3,GENERAL
1938,M,10,3,ORTHOPEDICS
1939,M,6,4,SURGERY
1940,F,1,5,GENERAL
1941,M,10,3,CARDIOLOGY
1942,M,10,4,GENERAL
1943,M,1,6,GENERAL
1944,M,13,3,ORTHOPEDICS
1945,M,1,5,GENERAL
1946,M,1,6,GENERAL
1947,F,1,5,ORTHOPEDICS
1948,M,6,4,ORTHOPEDICS
1949,F,1,5,GENERAL
1950,F,10,4,ORTHOPEDICS
1951,M,6,4,ORTHOPEDICS
1952,F,6,4,ORTHOPEDICS
1953,F,6,4,SURGERY
1954,M,10,3,ORTHOPEDICS
1955,M,1,5,GENERAL
1956,F,1,6,ORTHOPEDICS
1957,M,1,5,ORTHOPEDICS
1958,F,1,5,SURGERY
1959,F,6,4,GENERAL
1960,F,1,5,SURGERY
1961,M,10,3,GENERAL
1962,F,10,3,ORTHOPEDICS
1963,M,6,4,ORTHOPEDICS
1964,M,1,5,GENERAL
1965,M,10,3,GENERAL
1966,M,6,4,ORTHOPEDICS
1967,F,10,3,ORTHOPEDICS
1968,F,1,5,GENERAL
1969,M,13,2,GENERAL
1970,M,10,3,SURGERY
1971,M,11,3,GENERAL
1972,F,11,3,GENERAL
1973,M,10,3,GENERAL
1974,F,11,3,GENERAL
1975,F,10,3,GENERAL
1976,F,6,4,GENERAL
1977,M,13,3,GENERAL
1978,F,6,4,GENERAL
1979,F,8,4,SURGERY
1980,M,6,4,CARDIOLOGY
1981,F,13,2,GENERAL
1982,M,1,5,GENERAL
1983,M,7,4,ORTHOPEDICS
1984,M,6,4,CARDIOLOGY
1985,M,10,3,CARDIOLOGY
1986,M,10,3,ORTHOPEDICS
1987,M,10,4,GENERAL
1988,M,1,5,CARDIOLOGY
1989,M,1,5,SURGERY
1990,F,1,6,SURGERY
1991,F,1,5,GENERAL
1992,F,11,3,CARDIOLOGY
1993,F,6,4,GENERAL
1994,F,6,4,GENERAL
1995,F,1,7,ORTHOPEDICS
1996,F,6,4,SURGERY
1997,F,6,4,SURGERY
1998,M,1,6,ORTHOPEDICS
1999,F,1,5,ORTHOPEDICS
2000,F,1,5,SURGERY
2001,M,1,5,SURGERY
2002,M,6,4,GENERAL
2003,F,6,4,GENERAL
2004,F,1,5,GENERAL
2005,M,7,4,GENERAL
2006,M,11,3,CARDIOLOGY
2007,M,13,3,ORTHOPEDICS
2008,M,10,4,GENERAL
2009,F,11,3,GENERAL
2010,M,6,4,CARDIOLOGY
2011,F,6,4,ORTHOPEDICS
2012,M,1,5,CARDIOLOGY
2013,F,1,6,GENERAL
2014,F,6,4,CARDIOLOGY
2015,M,6,4,ORTHOPEDICS
2016,M,10,4,ORTHOPEDICS
2017,F,13,2,GENERAL
2018,F,6,4,GENERAL
2019,M,1,6,ORTHOPEDICS
2020,F,10,3,GENERAL
2021,F,10,3,SURGERY
2022,M,11,3,ORTHOPEDICS
2023,M,1,5,GENERAL
2024,M,10,3,SURGERY
2025,F,10,4,SURGERY
2026,F,1,6,ORTHOPEDICS
2027,M,10,4,GENERAL
2028,F,10,3,GENERAL
2029,F,6,4,CARDIOLOGY
2030,M,11,3,GENERAL
2031,M,10,3,GENERAL
2032,M,1,5,SURGERY
2033,F,6,4,GENERAL
2034,M,11,3,GENERAL
2035,F,10,3,GENERAL
2036,F,7,4,CARDIOLOGY
2037,M,6,4,GENERAL
2038,F,6,4,CARDIOLOGY
2039,F,1,5,GENERAL
2040,F,1,5,SURGERY
2041,F,7,4,ORTHOPEDICS
2042,F,10,3,GENERAL
2043,M,10,3,SURGERY
2044,M,13,2,GENERAL
2045,F,10,3,CARDIOLOGY
2046,F,13,2,GENERAL
2047,M,1,6,GENERAL
2048,M,1,5,CARDIOLOGY
2049,F,6,4,CARDIOLOGY
2050,F,1,5,CARDIOLOGY
2051,F,6,4,CARDIOLOGY
2052,F,13,2,GENERAL
2053,F,1,5,GENERAL
2054,F,6,4,GENERAL
2055,M,1,5,CARDIOLOGY
2056,M,10,3,ORTHOPEDICS
2057,F,13,2,GENERAL
2058,M,10,3,CARDIOLOGY
2059,M,10,3,CARDIOLOGY
2060,F,6,4,GENERAL
2061,M,1,5,GENERAL
2062,F,7,4,SURGERY
2063,M,6,4,SURGERY
2064,F,11,3,SURGERY
2065,M,7,4,GENERAL
2066,F,13,2,GENERAL
2067,M,6,4,ORTHOPEDICS
2068,F,7,4,CARDIOLOGY
2069,F,13,2,ORTHOPEDICS
2070,M,1,6,SURGERY
2071,F,10,4,CARDIOLOGY
2072,F,6,4,GENERAL
2073,F,11,3,CARDIOLOGY
2074,F,10,3,ORTHOPEDICS
2075,F,11,3,SURGERY
2076,M,6,4,ORTHOPEDICS
2077,M,11,3,CARDIOLOGY
2078,F,1,5,ORTHOPEDICS
2079,M,7,4,SURGERY
2080,F,8,4,SURGERY
2081,M,11,3,CARDIOLOGY
2082,M,13,2,GENERAL
2083,F,1,5,GENERAL
2084,M,11,3,ORTHOPEDICS
2085,F,1,5,CARDIOLOGY
2086,F,10,4,GENERAL
2087,M,11,3,GENERAL
2088,F,1,5,CARDIOLOGY
2089,M,10,4,SURGERY
2090,F,6,5,CARDIOLOGY
2091,F,10,4,CARDIOLOGY
2092,M,7,4,CARDIOLOGY
2093,M,10,3,CARDIOLOGY
2094,M,1,5,CARDIOLOGY
2095,F,10,3,SURGERY
2096,M,6,4,SURGERY
2097,M,6,4,ORTHOPEDICS
2098,M,13,2,GENERAL
2099,F,6,4,GENERAL
2100,F,1,5,ORTHOPEDICS
2101,F,1,5,CARDIOLOGY
2102,F,1,5,SURGERY
2103,F,1,5,CARDIOLOGY
2104,F,13,2,SURGERY
2105,F,1,5,ORTHOPEDICS
2106,F,6,4,ORTHOPEDICS
2107,M,1,5,SURGERY
2108,M,10,3,CARDIOLOGY
2109,F,6,4,CARDIOLOGY
2110,M,7,4,ORTHOPEDICS
2111,M,11,3,GENERAL
2112,F,1,6,GENERAL
2113,F,10,3,CARDIOLOGY
2114,F,1,5,GENERAL
2115,M,7,4,ORTHOPEDICS
2116,M,6,4,GENERAL
2117,M,1,5,CARDIOLOGY
2118,F,1,5,GENERAL
2119,M,13,2,GENERAL
2120,F,1,5,SURGERY
2121,M,10,4,CARDIOLOGY
2122,M,1,5,GENERAL
2123,F,1,5,GENERAL
2124,F,1,6,ORTHOPEDICS
2125,F,10,4,GENERAL
2126,M,6,4,SURGERY
2127,M,10,3,CARDIOLOGY
2128,M,7,4,ORTHOPEDICS
2129,M,13,2,ORTHOPEDICS
2130,F,10,4,GENERAL
2131,M,6,4,SURGERY
2132,M,6,4,GENERAL
2133,M,13,2,CARDIOLOGY
2134,M,6,5,SURGERY
2135,F,6,4,SURGERY
2136,F,1,5,CARDIOLOGY
2137,M,13,2,GENERAL
2138,M,1,5,GENERAL
2139,M,7,4,CARDIOLOGY
2140,M,1,6,GENERAL
2141,F,10,3,GENERAL
2142,F,6,4,GENERAL
2143,F,6,4,GENERAL
2144,F,10,4,CARDIOLOGY
2145,F,1,5,GENERAL
2146,M,1,5,CARDIOLOGY
2147,F,13,3,GENERAL
2148,M,1,5,GENERAL
2149,M,6,4,SURGERY
2150,F,13,3,GENERAL
2151,M,10,4,ORTHOPEDICS
2152,M,10,3,SURGERY
2153,M,1,5,SURGERY
2154,F,1,5,GENERAL
2155,M,1,5,ORTHOPEDICS
2156,M,1,5,ORTHOPEDICS
2157,M,6,4,GENERAL
2158,M,6,4,CARDIOLOGY
2159,F,1,5,CARDIOLOGY
2160,M,13,3,CARDIOLOGY
2161,F,6,4,SURGERY
2162,F,10,4,ORTHOPEDICS
2163,F,13,3,GENERAL
2164,M,6,4,CARDIOLOGY
2165,M,11,3,SURGERY
2166,F,10,3,ORTHOPEDICS
2167,M,10,4,ORTHOPEDICS
2168,F,1,5,SURGERY
2169,F,1,6,GENERAL
2170,F,12,3,GENERAL
2171,F,11,3,CARDIOLOGY
2172,F,10,4,GENERAL
2173,F,10,3,GENERAL
2174,F,10,3,SURGERY
2175,M,10,4,SURGERY
2176,F,13,3,SURGERY
2177,M,1,5,GENERAL
2178,F,6,4,GENERAL
2179,F,7,4,GENERAL
2180,F,11,3,SURGERY
2181,M,1,5,ORTHOPEDICS
2182,M,1,5,GENERAL
2183,M,13,2,ORTHOPEDICS
2184,F,10,3,GENERAL
2185,M,1,5,GENERAL
2186,M,6,4,GENERAL
2187,M,1,5,SURGERY
2188,M,10,4,ORTHOPEDICS
2189,F,13,2,CARDIOLOGY
2190,F,1,5,ORTHOPEDICS
2191,M,1,5,ORTHOPEDICS
2192,M,1,5,ORTHOPEDICS
2193,F,1,6,CARDIOLOGY
2194,F,10,4,GENERAL
2195,M,13,2,SURGERY
2196,M,13,2,CARDIOLOGY
2197,F,10,4,CARDIOLOGY
2198,F,6,4,CARDIOLOGY
2199,M,1,5,ORTHOPEDICS
2200,F,11,3,GENERAL
2201,M,11,3,ORTHOPEDICS
2202,F,6,4,CARDIOLOGY
2203,M,11,3,GENERAL
2204,F,6,4,CARDIOLOGY
2205,M,11,3,ORTHOPEDICS
2206,F,1,5,SURGERY
2207,F,10,3,ORTHOPEDICS
2208,F,1,5,GENERAL
2209,M,10,3,GENERAL
2210,F,6,4,CARDIOLOGY
2211,F,8,4,GENERAL
2212,F,1,5,CARDIOLOGY
2213,F,6,4,ORTHOPEDICS
2214,M,10,4,ORTHOPEDICS
2215,F,11,3,SURGERY
2216,F,13,2,GENERAL
2217,F,10,4,GENERAL
2218,F,1,6,SURGERY
2219,M,11,3,SURGERY
2220,F,10,4,SURGERY
2221,F,6,4,SURGERY
2222,M,1,5,ORTHOPEDICS
2223,M,10,4,GENERAL
2224,F,13,2,SURGERY
2225,F,1,5,ORTHOPEDICS
2226,M,6,4,SURGERY
2227,F,1,5,CARDIOLOGY
2228,M,6,4,ORTHOPEDICS
2229,F,13,2,GENERAL
2230,F,1,5,ORTHOPEDICS
2231,M,1,5,GENERAL
2232,F,1,5,ORTHOPEDICS
2233,F,6,4,CARDIOLOGY
2234,M,1,5,ORTHOPEDICS
2235,M,1,5,GENERAL
2236,M,1,6,GENERAL
2237,M,1,5,CARDIOLOGY
2238,F,1,5,GENERAL
2239,F,6,4,GENERAL
2240,F,1,6,CARDIOLOGY
2241,M,13,2,SURGERY
2242,M,10,3,ORTHOPEDICS
2243,F,13,2,GENERAL
2244,M,6,5,GENERAL
2245,M,6,4,GENERAL
2246,F,1,5,SURGERY
2247,F,1,5,SURGERY
2248,M,6,4,GENERAL
2249,M,6,5,GENERAL
2250,M,6,4,SURGERY
2251,F,1,5,GENERAL
2252,F,13,2,CARDIOLOGY
2253,M,10,3,ORTHOPEDICS
2254,F,6,4,GENERAL
2255,M,1,5,GENERAL
2256,F,1,5,GENERAL
2257,M,1,6,GENERAL
2258,M,6,4,GENERAL
2259,F,13,2,SURGERY
2260,M,1,5,GENERAL
2261,M,13,1,SURGERY
2262,M,11,3,GENERAL
2263,F,10,3,ORTHOPEDICS
2264,F,1,5,GENERAL
2265,M,7,4,ORTHOPEDICS
2266,F,1,5,CARDIOLOGY
2267,F,10,3,ORTHOPEDICS
2268,F,6,4,GENERAL
2269,M,1,5,ORTHOPEDICS
2270,F,1,5,CARDIOLOGY
2271,F,7,4,SURGERY
2272,F,6,4,CARDIOLOGY
2273,M,10,3,ORTHOPEDICS
2274,M,10,3,GENERAL
2275,M,1,5,CARDIOLOGY
2276,M,6,4,SURGERY
2277,F,1,5,ORTHOPEDICS
2278,F,6,4,ORTHOPEDICS
2279,F,10,3,CARDIOLOGY
2280,F,10,3,SURGERY
2281,F,1,5,GENERAL
2282,M,13,2,ORTHOPEDICS
2283,M,1,5,CARDIOLOGY
2284,F,7,4,CARDIOLOGY
2285,F,6,4,SURGERY
2286,M,6,4,CARDIOLOGY
2287,F,10,3,GENERAL
2288,M,6,4,GENERAL
2289,F,7,4,SURGERY
2290,F,11,3,GENERAL
2291,F,6,4,GENERAL
2292,M,6,4,GENERAL
2293,F,1,6,GENERAL
2294,M,13,1,ORTHOPEDICS
2295,M,13,2,ORTHOPEDICS
2296,M,10,3,CARDIOLOGY
2297,M,13,2,GENERAL
2298,M,6,4,GENERAL
2299,M,6,4,CARDIOLOGY
2300,M,10,4,CARDIOLOGY
2301,F,10,3,ORTHOPEDICS
2302,M,1,5,SURGERY
2303,M,1,5,CARDIOLOGY
2304,F,6,4,SURGERY
2305,M,11,3,CARDIOLOGY
2306,M,10,3,ORTHOPEDICS
2307,F,1,6,CARDIOLOGY
2308,F,10,3,ORTHOPEDICS
2309,M,13,2,GENERAL
2310,F,1,5,GENERAL
2311,F,1,6,GENERAL
2312,M,10,3,GENERAL
2313,M,10,3,CARDIOLOGY
2314,M,1,6,CARDIOLOGY
2315,M,6,4,ORTHOPEDICS
2316,M,1,6,SURGERY
2317,F,6,4,ORTHOPEDICS
2318,F,1,6,CARDIOLOGY
2319,F,7,4,GENERAL
2320,F,1,5,ORTHOPEDICS
2321,F,1,5,GENERAL
2322,M,10,4,GENERAL
2323,M,10,4,SURGERY
2324,M,1,6,GENERAL
2325,F,10,3,SURGERY
2326,M,13,2,GENERAL
2327,F,13,2,SURGERY
2328,M,10,3,SURGERY
2329,F,13,2,SURGERY
2330,F,10,4,ORTHOPEDICS
2331,M,1,6,GENERAL
2332,F,6,4,CARDIOLOGY
2333,F,10,3,GENERAL
2334,F,10,4,SURGERY
2335,F,10,3,ORTHOPEDICS
2336,M,6,4,CARDIOLOGY
2337,F,1,5,CARDIOLOGY
2338,M,6,4,GENERAL
2339,M,1,6,SURGERY
2340,M,1,5,ORTHOPEDICS
2341,M,1,5,GENERAL
2342,F,10,3,SURGERY
2343,M,11,3,GENERAL
2344,M,6,4,CARDIOLOGY
2345,M,11,3,SURGERY
2346,M,1,5,CARDIOLOGY
2347,F,13,2,ORTHOPEDICS
2348,F,6,4,GENERAL
2349,F,13,2,GENERAL
2350,F,11,3,CARDIOLOGY
2351,M,6,4,GENERAL
2352,M,6,4,CARDIOLOGY
2353,M,6,4,SURGERY
2354,M,11,3,GENERAL
2355,F,6,4,SURGERY
2356,M,6,4,GENERAL
2357,F,1,5,SURGERY
2358,M,10,3,CARDIOLOGY
2359,F,10,3,SURGERY
2360,M,13,2,GENERAL
2361,F,7,4,GENERAL
2362,F,13,2,GENERAL
2363,M,11,3,CARDIOLOGY
2364,M,10,3,CARDIOLOGY
2365,F,10,3,GENERAL
2366,M,11,3,GENERAL
2367,F,6,4,GENERAL
2368,F,10,3,CARDIOLOGY
2369,M,6,4,GENERAL
2370,F,10,3,ORTHOPEDICS
2371,M,1,5,GENERAL
2372,M,10,3,CARDIOLOGY
2373,F,13,2,GENERAL
2374,F,1,5,SURGERY
2375,M,10,4,SURGERY
2376,M,1,5,ORTHOPEDICS
2377,M,6,4,GENERAL
2378,M,1,5,CARDIOLOGY
2379,F,6,4,SURGERY
2380,F,1,5,ORTHOPEDICS
2381,F,1,5,SURGERY
2382,M,1,6,GENERAL
2383,F,6,4,GENERAL
2384,M,13,2,CARDIOLOGY
2385,F,10,3,ORTHOPEDICS
2386,M,6,4,GENERAL
2387,F,1,6,CARDIOLOGY
2388,F,6,4,CARDIOLOGY
2389,F,1,5,SURGERY
2390,M,10,4,SURGERY
2391,M,10,3,SURGERY
2392,F,1,5,GENERAL
2393,F,6,4,GENERAL
2394,F,6,4,SURGERY
2395,F,6,4,GENERAL
2396,F,6,4,SURGERY
2397,F,13,2,GENERAL
2398,M,13,2,GENERAL
2399,M,1,6,GENERAL
2400,M,10,4,CARDIOLOGY
2401,M,11,3,ORTHOPEDICS
2402,F,11,3,SURGERY
2403,M,11,3,GENERAL
2404,F,7,4,CARDIOLOGY
2405,M,10,3,SURGERY
2406,M,10,3,SURGERY
2407,M,1,5,CARDIOLOGY
2408,M,6,4,ORTHOPEDICS
2409,F,6,4,GENERAL
2410,M,11,3,SURGERY
2411,F,7,4,ORTHOPEDICS
2412,M,6,4,SURGERY
2413,F,10,3,CARDIOLOGY
2414,M,6,4,GENERAL
2415,F,10,4,CARDIOLOGY
2416,M,6,4,GENERAL
2417,F,6,4,GENERAL
2418,F,1,7,GENERAL
2419,M,1,5,GENERAL
2420,F,10,3,GENERAL
2421,M,8,4,GENERAL
2422,F,1,5,CARDIOLOGY
2423,M,10,4,SURGERY
2424,F,12,3,ORTHOPEDICS
2425,F,1,5,ORTHOPEDICS
2426,M,1,5,GENERAL
2427,F,7,4,CARDIOLOGY
2428,F,1,6,GENERAL
2429,M,1,5,SURGERY
2430,M,1,5,GENERAL
2431,F,10,3,GENERAL
2432,F,11,3,GENERAL
2433,M,10,4,SURGERY
2434,F,13,2,SURGERY
2435,M,1,5,CARDIOLOGY
2436,M,1,5,GENERAL
2437,F,7,4,ORTHOPEDICS
2438,F,10,3,CARDIOLOGY
2439,F,6,4,SURGERY
2440,F,6,4,CARDIOLOGY
2441,F,1,5,SURGERY
2442,F,13,1,ORTHOPEDICS
2443,F,6,4,ORTHOPEDICS
2444,M,1,5,GENERAL
2445,F,6,4,SURGERY
2446,M,1,5,CARDIOLOGY
2447,F,13,2,CARDIOLOGY
2448,M,10,3,GENERAL
2449,F,6,4,CARDIOLOGY
2450,F,1,5,GENERAL
2451,M,6,4,ORTHOPEDICS
2452,M,10,4,CARDIOLOGY
2453,F,6,4,ORTHOPEDICS
2454,M,10,4,GENERAL
2455,F,11,3,SURGERY
2456,M,7,4,CARDIOLOGY
2457,F,10,3,GENERAL
2458,M,13,3,SURGERY
2459,F,10,3,CARDIOLOGY
2460,M,6,4,CARDIOLOGY
2461,F,13,3,SURGERY
2462,M,10,4,GENERAL
2463,F,1,5,GENERAL
2464,F,6,4,GENERAL
2465,F,7,4,SURGERY
2466,F,6,4,ORTHOPEDICS
2467,M,10,3,CARDIOLOGY
2468,F,1,6,GENERAL
2469,F,13,3,SURGERY
2470,F,10,3,GENERAL
2471,F,1,5,CARDIOLOGY
2472,M,13,3,ORTHOPEDICS
2473,M,7,4,CARDIOLOGY
2474,F,7,4,ORTHOPEDICS
2475,M,6,4,GENERAL
2476,M,10,4,ORTHOPEDICS
2477,F,11,3,SURGERY
2478,F,6,4,GENERAL
2479,F,13,2,GENERAL
2480,M,10,4,GENERAL
2481,M,1,5,SURGERY
2482,M,1,5,ORTHOPEDICS
2483,F,1,5,GENERAL
2484,F,1,7,SURGERY
2485,M,1,5,GENERAL
2486,M,11,3,ORTHOPEDICS
2487,M,1,5,ORTHOPEDICS
2488,M,13,3,ORTHOPEDICS
2489,F,10,4,CARDIOLOGY
2490,F,10,3,CARDIOLOGY
2491,M,10,3,SURGERY
2492,M,6,4,GENERAL
2493,M,1,5,SURGERY
2494,M,1,5,GENERAL
2495,F,10,3,CARDIOLOGY
2496,F,1,5,CARDIOLOGY
2497,M,1,5,SURGERY
2498,F,10,4,CARDIOLOGY
2499,F,1,5,GENERAL
2500,M,10,3,CARDIOLOGY
2501,M,10,3,GENERAL
2502,F,6,4,CARDIOLOGY
2503,M,10,4,CARDIOLOGY
2504,F,10,4,GENERAL
2505,F,10,3,GENERAL
2506,F,6,4,GENERAL
2507,M,10,3,CARDIOLOGY
2508,F,1,5,GENERAL
2509,M,10,3,CARDIOLOGY
2510,M,1,5,ORTHOPEDICS
2511,F,13,2,GENERAL
2512,M,6,4,GENERAL
2513,F,6,4,GENERAL
2514,F,1,7,ORTHOPEDICS
2515,F,1,5,ORTHOPEDICS
2516,M,10,3,CARDIOLOGY
2517,M,6,4,GENERAL
2518,M,11,3,GENERAL
2519,M,10,4,GENERAL
2520,M,7,4,ORTHOPEDICS
2521,M,10,3,SURGERY
2522,F,7,4,SURGERY
2523,M,1,5,SURGERY
2524,M,1,5,CARDIOLOGY
2525,M,1,5,GENERAL
2526,M,1,5,GENERAL
2527,F,10,3,SURGERY
2528,F,10,3,SURGERY
2529,M,13,1,SURGERY
2530,F,10,4,SURGERY
2531,F,13,2,CARDIOLOGY
2532,F,6,4,GENERAL
2533,M,10,3,GENERAL
2534,M,10,3,ORTHOPEDICS
2535,F,1,5,ORTHOPEDICS
2536,F,6,4,GENERAL
2537,M,7,4,SURGERY
2538,M,1,6,GENERAL
2539,F,6,4,SURGERY
2540,M,10,3,SURGERY
2541,M,10,3,SURGERY
2542,M,10,4,ORTHOPEDICS
2543,F,13,2,CARDIOLOGY
2544,F,13,1,SURGERY
2545,F,6,4,GENERAL
2546,M,1,5,SURGERY
2547,M,10,4,GENERAL
2548,F,7,4,GENERAL
2549,M,7,4,ORTHOPEDICS
2550,F,6,4,CARDIOLOGY
2551,M,1,6,GENERAL
2552,M,1,6,CARDIOLOGY
2553,M,1,5,GENERAL
2554,F,1,5,GENERAL
2555,F,13,3,GENERAL
2556,M,1,7,SURGERY
2557,F,1,5,CARDIOLOGY
2558,F,1,5,GENERAL
2559,F,7,4,ORTHOPEDICS
2560,F,13,2,GENERAL
2561,F,6,4,GENERAL
2562,M,1,5,CARDIOLOGY
2563,M,6,4,SURGERY
2564,F,6,4,SURGERY
2565,F,10,3,SURGERY
2566,F,6,4,GENERAL
2567,M,1,5,SURGERY
2568,M,1,5,GENERAL
2569,M,11,3,ORTHOPEDICS
2570,M,1,5,GENERAL
2571,F,1,5,CARDIOLOGY
2572,M,1,5,GENERAL
2573,F,6,4,SURGERY
2574,M,6,4,CARDIOLOGY
2575,M,1,5,CARDIOLOGY
2576,M,1,5,SURGERY
2577,M,10,3,ORTHOPEDICS
2578,F,6,4,GENERAL
2579,M,1,5,CARDIOLOGY
2580,M,13,2,ORTHOPEDICS
2581,F,10,3,CARDIOLOGY
2582,M,13,2,SURGERY
2583,F,13,2,CARDIOLOGY
2584,F,11,3,ORTHOPEDICS
2585,M,10,3,SURGERY
2586,F,1,5,ORTHOPEDICS
2587,M,11,3,GENERAL
2588,M,11,3,GENERAL
2589,F,1,6,GENERAL
2590,M,11,3,ORTHOPEDICS
2591,F,1,5,ORTHOPEDICS
2592,F,1,6,GENERAL
2593,M,6,4,SURGERY
2594,M,11,3,CARDIOLOGY
2595,M,7,4,ORTHOPEDICS
2596,M,6,4,ORTHOPEDICS
2597,M,1,6,ORTHOPEDICS
2598,M,10,3,ORTHOPEDICS
2599,M,6,4,CARDIOLOGY
2600,F,10,3,CARDIOLOGY
2601,F,7,4,SURGERY
2602,M,1,6,GENERAL
2603,M,11,3,ORTHOPEDICS
2604,F,10,4,CARDIOLOGY
2605,M,13,2,GENERAL
2606,F,6,4,CARDIOLOGY
2607,F,10,3,CARDIOLOGY
2608,F,6,4,CARDIOLOGY
2609,M,11,3,SURGERY
2610,F,1,5,SURGERY
2611,M,10,3,ORTHOPEDICS
2612,M,6,4,SURGERY
2613,F,7,4,CARDIOLOGY
2614,M,10,4,SURGERY
2615,M,11,3,SURGERY
2616,M,1,6,ORTHOPEDICS
2617,F,6,4,CARDIOLOGY
2618,F,11,3,GENERAL
2619,M,1,5,ORTHOPEDICS
2620,F,6,4,SURGERY
2621,F,6,4,GENERAL
2622,M,1,5,GENERAL
2623,F,13,2,GENERAL
2624,F,11,3,SURGERY
2625,F,10,3,ORTHOPEDICS
2626,F,10,3,GENERAL
2627,F,11,3,ORTHOPEDICS
2628,F,1,5,GENERAL
2629,M,1,5,ORTHOPEDICS
2630,F,10,3,SURGERY
2631,F,6,4,CARDIOLOGY
2632,M,1,5,CARDIOLOGY
2633,F,6,4,GENERAL
2634,M,1,5,SURGERY
2635,M,10,4,ORTHOPEDICS
2636,M,1,5,CARDIOLOGY
2637,M,10,3,GENERAL
2638,F,13,2,ORTHOPEDICS
2639,F,1,5,GENERAL
2640,F,10,4,SURGERY
2641,M,1,6,GENERAL
2642,M,10,3,ORTHOPEDICS
2643,M,6,5,GENERAL
2644,M,1,5,SURGERY
2645,F,8,4,SURGERY
2646,M,1,5,SURGERY
2647,M,10,3,GENERAL
2648,F,1,6,CARDIOLOGY
2649,M,6,4,CARDIOLOGY
2650,F,11,3,ORTHOPEDICS
2651,F,7,4,CARDIOLOGY
2652,F,1,5,SURGERY
2653,M,7,4,GENERAL
2654,M,6,4,GENERAL
2655,M,11,3,CARDIOLOGY
2656,M,6,4,SURGERY
2657,F,1,5,CARDIOLOGY
2658,M,6,4,SURGERY
2659,M,10,3,GENERAL
2660,M,1,5,ORTHOPEDICS
2661,M,1,5,SURGERY
2662,M,1,5,GENERAL
2663,F,11,3,CARDIOLOGY
2664,F,1,5,CARDIOLOGY
2665,F,1,6,GENERAL
2666,M,10,3,ORTHOPEDICS
2667,M,10,3,GENERAL
2668,M,6,4,SURGERY
2669,F,1,5,ORTHOPEDICS
2670,M,1,5,GENERAL
2671,M,6,4,CARDIOLOGY
2672,M,1,5,GENERAL
2673,F,10,3,GENERAL
2674,F,10,4,CARDIOLOGY
2675,M,6,4,SURGERY
2676,F,1,5,SURGERY
2677,M,1,5,GENERAL
2678,M,1,5,GENERAL
2679,M,6,4,CARDIOLOGY
2680,M,7,4,GENERAL
2681,F,1,5,GENERAL
2682,F,1,6,GENERAL
2683,F,1,5,ORTHOPEDICS
2684,F,1,5,GENERAL
2685,F,10,4,GENERAL
2686,M,10,4,ORTHOPEDICS
2687,F,1,5,GENERAL
2688,F,10,4,ORTHOPEDICS
2689,M,10,3,GENERAL
2690,F,6,4,GENERAL
2691,F,1,5,GENERAL
2692,M,6,4,CARDIOLOGY
2693,M,10,3,CARDIOLOGY
2694,M,8,4,GENERAL
2695,F,6,4,ORTHOPEDICS
2696,F,7,4,SURGERY
2697,F,10,3,ORTHOPEDICS
2698,M,13,3,GENERAL
2699,M,1,5,SURGERY
2700,M,1,5,GENERAL
2701,M,10,4,GENERAL
2702,F,1,5,GENERAL
2703,F,10,4,ORTHOPEDICS
2704,F,11,3,CARDIOLOGY
2705,F,1,5,ORTHOPEDICS
2706,F,10,3,CARDIOLOGY
2707,M,13,2,GENERAL
2708,M,7,4,SURGERY
2709,M,6,4,GENERAL
2710,F,1,6,ORTHOPEDICS
2711,M,7,4,GENERAL
2712,F,1,5,CARDIOLOGY
2713,F,7,4,GENERAL
2714,M,1,6,SURGERY
2715,M,10,3,GENERAL
2716,F,6,4,CARDIOLOGY
2717,M,6,4,ORTHOPEDICS
2718,M,13,2,CARDIOLOGY
2719,M,1,6,GENERAL
2720,M,10,3,CARDIOLOGY
2721,M,1,5,CARDIOLOGY
2722,M,10,3,CARDIOLOGY
2723,F,13,2,SURGERY
2724,M,13,3,ORTHOPEDICS
2725,M,11,3,ORTHOPEDICS
2726,F,13,3,ORTHOPEDICS
2727,F,6,4,SURGERY
2728,F,6,4,CARDIOLOGY
2729,M,10,3,SURGERY
2730,M,1,5,ORTHOPEDICS
2731,M,1,5,ORTHOPEDICS
2732,M,1,7,GENERAL
2733,F,10,3,ORTHOPEDICS
2734,F,1,5,GENERAL
2735,F,1,5,CARDIOLOGY
2736,F,10,3,CARDIOLOGY
2737,M,6,4,SURGERY
2738,M,10,3,GENERAL
2739,F,1,5,ORTHOPEDICS
2740,M,6,4,CARDIOLOGY
2741,F,1,5,ORTHOPEDICS
2742,F,13,2,GENERAL
2743,F,6,4,SURGERY
2744,F,10,4,CARDIOLOGY
2745,F,13,2,GENERAL
2746,M,10,4,ORTHOPEDICS
2747,M,10,3,ORTHOPEDICS
2748,F,6,4,SURGERY
2749,M,6,4,ORTHOPEDICS
2750,M,10,3,CARDIOLOGY
2751,M,7,4,GENERAL
2752,M,13,3,SURGERY
2753,F,13,2,ORTHOPEDICS
2754,M,13,2,GENERAL
2755,M,6,5,GENERAL
2756,M,10,3,SURGERY
2757,M,10,3,SURGERY
2758,F,10,3,GENERAL
2759,M,1,6,GENERAL
2760,F,6,4,SURGERY
2761,M,6,4,CARDIOLOGY
2762,M,13,2,ORTHOPEDICS
2763,F,6,4,CARDIOLOGY
2764,F,13,2,CARDIOLOGY
2765,M,1,5,SURGERY
2766,M,1,5,GENERAL
2767,M,10,3,ORTHOPEDICS
2768,F,6,4,ORTHOPEDICS
2769,M,13,2,ORTHOPEDICS
2770,M,6,4,ORTHOPEDICS
2771,F,13,2,GENERAL
2772,F,13,3,GENERAL
2773,F,1,5,GENERAL
2774,F,6,4,ORTHOPEDICS
2775,M,1,5,CARDIOLOGY
2776,M,12,3,CARDIOLOGY
2777,M,1,5,SURGERY
2778,M,10,4,GENERAL
2779,M,11,3,ORTHOPEDICS
2780,F,10,4,ORTHOPEDICS
2781,M,6,5,SURGERY
2782,M,6,4,ORTHOPEDICS
2783,F,1,6,SURGERY
2784,M,11,3,ORTHOPEDICS
2785,F,6,4,SURGERY
2786,F,10,3,GENERAL
2787,M,8,4,CARDIOLOGY
2788,M,10,3,CARDIOLOGY
2789,F,10,3,ORTHOPEDICS
2790,F,1,6,CARDIOLOGY
2791,M,10,4,ORTHOPEDICS
2792,M,10,3,ORTHOPEDICS
2793,F,10,3,SURGERY
2794,M,10,3,CARDIOLOGY
2795,F,10,3,SURGERY
2796,M,6,4,SURGERY
2797,F,6,4,ORTHOPEDICS
2798,M,1,6,GENERAL
2799,M,6,4,GENERAL
2800,F,1,5,SURGERY
2801,M,1,6,GENERAL
2802,M,1,5,ORTHOPEDICS
2803,F,6,4,GENERAL
2804,F,13,3,CARDIOLOGY
2805,M,10,4,GENERAL
2806,F,1,5,GENERAL
2807,F,11,3,GENERAL
2808,F,1,5,CARDIOLOGY
2809,M,1,6,SURGERY
2810,F,1,5,GENERAL
2811,M,13,3,CARDIOLOGY
2812,F,1,5,CARDIOLOGY
2813,M,11,3,GENERAL
2814,M,6,4,ORTHOPEDICS
2815,M,10,3,GENERAL
2816,M,10,4,GENERAL
2817,F,1,5,GENERAL
2818,M,10,4,GENERAL
2819,F,1,5,GENERAL
2820,M,7,4,ORTHOPEDICS
2821,F,1,5,CARDIOLOGY
2822,F,1,5,SURGERY
2823,M,6,4,ORTHOPEDICS
2824,M,11,3,GENERAL
2825,M,1,5,ORTHOPEDICS
2826,M,1,5,GENERAL
2827,F,10,3,SURGERY
2828,F,6,4,ORTHOPEDICS
2829,M,7,4,SURGERY
2830,M,10,4,GENERAL
2831,M,10,3,SURGERY
2832,M,13,2,SURGERY
2833,F,12,3,SURGERY
2834,M,7,4,GENERAL
2835,M,10,3,GENERAL
2836,F,6,4,SURGERY
2837,M,10,3,GENERAL
2838,F,10,4,GENERAL
2839,F,1,5,GENERAL
2840,F,10,3,GENERAL
2841,M,1,6,CARDIOLOGY
2842,M,11,3,SURGERY
2843,F,1,5,GENERAL
2844,F,1,5,CARDIOLOGY
2845,M,6,4,GENERAL
2846,F,6,4,ORTHOPEDICS
2847,F,10,4,ORTHOPEDICS
2848,F,12,3,SURGERY
2849,F,10,3,GENERAL
2850,F,13,2,ORTHOPEDICS
2851,F,6,4,GENERAL
2852,F,10,4,SURGERY
2853,M,8,4,GENERAL
2854,M,6,4,GENERAL
2855,M,1,6,GENERAL
2856,F,11,3,SURGERY
2857,M,6,4,SURGERY
2858,M,1,5,CARDIOLOGY
2859,M,7,4,ORTHOPEDICS
2860,F,11,3,ORTHOPEDICS
2861,F,1,5,SURGERY
2862,F,1,6,SURGERY
2863,F,6,5,GENERAL
2864,F,6,4,SURGERY
2865,F,13,2,GENERAL
2866,F,6,4,GENERAL
2867,M,13,3,GENERAL
2868,M,7,4,GENERAL
2869,M,10,3,GENERAL
2870,M,10,3,GENERAL
2871,M,6,4,CARDIOLOGY
2872,F,7,4,ORTHOPEDICS
2873,F,1,5,CARDIOLOGY
2874,F,10,4,GENERAL
2875,F,6,4,GENERAL
2876,F,6,5,ORTHOPEDICS
2877,M,8,4,ORTHOPEDICS
2878,F,10,3,SURGERY
2879,M,1,5,ORTHOPEDICS
2880,M,6,4,ORTHOPEDICS
2881,M,6,4,GENERAL
2882,F,7,4,ORTHOPEDICS
2883,M,1,5,GENERAL
2884,M,7,4,GENERAL
2885,M,12,3,SURGERY
2886,F,13,2,SURGERY
2887,M,6,4,SURGERY
2888,F,10,4,GENERAL
2889,F,10,3,GENERAL
2890,M,13,3,GENERAL
2891,F,10,3,SURGERY
2892,F,1,5,SURGERY
2893,M,6,4,GENERAL
2894,F,1,5,GENERAL
2895,F,1,5,ORTHOPEDICS
2896,M,11,3,SURGERY
2897,F,6,4,CARDIOLOGY
2898,M,1,6,ORTHOPEDICS
2899,F,1,5,GENERAL
2900,M,7,4,GENERAL
2901,M,10,3,ORTHOPEDICS
2902,M,7,4,ORTHOPEDICS
2903,M,6,4,GENERAL
2904,M,6,4,GENERAL
2905,M,11,3,SURGERY
2906,M,10,3,SURGERY
2907,F,1,5,CARDIOLOGY
2908,F,1,5,CARDIOLOGY
2909,M,10,4,GENERAL
2910,M,1,5,ORTHOPEDICS
2911,M,10,4,SURGERY
2912,F,1,5,ORTHOPEDICS
2913,M,11,3,GENERAL
2914,F,6,4,GENERAL
2915,F,6,4,ORTHOPEDICS
2916,M,10,3,GENERAL
2917,F,6,4,GENERAL
2918,M,11,3,SURGERY
2919,M,6,4,CARDIOLOGY
2920,F,1,5,ORTHOPEDICS
2921,F,1,6,CARDIOLOGY
2922,F,7,4,SURGERY
2923,F,1,6,SURGERY
2924,M,13,2,CARDIOLOGY
2925,M,1,6,GENERAL
2926,M,6,4,ORTHOPEDICS
2927,F,11,3,ORTHOPEDICS
2928,M,10,3,GENERAL
2929,F,13,2,ORTHOPEDICS
2930,F,1,5,CARDIOLOGY
2931,M,6,4,SURGERY
2932,M,1,5,GENERAL
2933,M,1,5,CARDIOLOGY
2934,F,10,3,GENERAL
2935,F,10,3,ORTHOPEDICS
2936,M,1,5,GENERAL
2937,F,6,4,SURGERY
2938,F,13,2,ORTHOPEDICS
2939,F,13,2,SURGERY
2940,F,6,4,CARDIOLOGY
2941,M,6,4,GENERAL
2942,F,1,5,GENERAL
2943,F,1,5,GENERAL
2944,M,6,4,SURGERY
2945,F,1,5,SURGERY
2946,M,1,6,GENERAL
2947,M,6,4,GENERAL
2948,F,1,5,GENERAL
2949,F,13,2,ORTHOPEDICS
2950,M,6,4,GENERAL
2951,M,6,4,GENERAL
2952,M,8,4,SURGERY
2953,F,6,4,ORTHOPEDICS
2954,M,1,6,GENERAL
2955,F,1,6,GENERAL
2956,F,6,4,SURGERY
2957,M,6,4,CARDIOLOGY
2958,M,13,2,ORTHOPEDICS
2959,M,1,5,CARDIOLOGY
2960,F,1,5,SURGERY
2961,M,7,4,ORTHOPEDICS
2962,M,10,3,CARDIOLOGY
2963,F,10,3,GENERAL
2964,M,1,5,CARDIOLOGY
2965,M,13,2,GENERAL
2966,M,11,3,GENERAL
2967,F,1,5,CARDIOLOGY
2968,F,10,4,ORTHOPEDICS
2969,F,13,1,GENERAL
2970,F,10,3,GENERAL
2971,F,10,4,GENERAL
2972,F,8,4,CARDIOLOGY
2973,F,10,4,SURGERY
2974,M,11,3,SURGERY
2975,F,1,5,CARDIOLOGY
2976,F,1,6,GENERAL
2977,F,10,3,ORTHOPEDICS
2978,M,13,3,GENERAL
2979,F,10,4,GENERAL
2980,F,1,5,GENERAL
2981,M,10,3,GENERAL
2982,M,10,3,GENERAL
2983,M,1,5,SURGERY
2984,M,1,5,ORTHOPEDICS
2985,F,10,4,GENERAL
2986,M,1,5,GENERAL
2987,M,13,2,GENERAL
2988,M,7,4,GENERAL
2989,F,10,3,GENERAL
2990,M,1,5,ORTHOPEDICS
2991,F,6,4,SURGERY
2992,F,10,3,SURGERY
2993,M,1,5,GENERAL
2994,F,10,4,ORTHOPEDICS
2995,F,10,3,CARDIOLOGY
2996,F,1,5,ORTHOPEDICS
2997,F,7,4,GENERAL
2998,M,1,5,SURGERY
2999,F,6,4,GENERAL
3000,F,7,4,SURGERY
3001,F,6,4,CARDIOLOGY
3002,F,1,5,GENERAL
3003,F,13,2,CARDIOLOGY
3004,M,1,5,CARDIOLOGY
3005,M,1,5,ORTHOPEDICS
3006,F,10,3,GENERAL
3007,M,13,3,SURGERY
3008,F,1,5,CARDIOLOGY
3009,F,10,3,GENERAL
3010,M,13,3,SURGERY
3011,F,13,2,CARDIOLOGY
3012,F,6,4,SURGERY
3013,M,1,5,GENERAL
3014,M,6,4,CARDIOLOGY
3015,F,10,3,GENERAL
3016,M,6,4,CARDIOLOGY
3017,M,10,4,SURGERY
3018,F,1,5,CARDIOLOGY
3019,F,13,2,SURGERY
3020,F,10,4,GENERAL
3021,M,11,3,GENERAL
3022,F,1,5,SURGERY
3023,F,13,1,GENERAL
3024,M,10,4,ORTHOPEDICS
3025,M,13,2,CARDIOLOGY
3026,F,1,6,GENERAL
3027,F,10,3,CARDIOLOGY
3028,F,1,5,ORTHOPEDICS
3029,M,1,6,CARDIOLOGY
3030,F,11,3,ORTHOPEDICS
3031,F,13,3,ORTHOPEDICS
3032,M,10,3,ORTHOPEDICS
3033,F,1,5,ORTHOPEDICS
3034,F,11,3,SURGERY
3035,F,11,3,ORTHOPEDICS
3036,M,1,5,SURGERY
3037,F,6,4,CARDIOLOGY
3038,M,10,3,GENERAL
3039,F,13,2,ORTHOPEDICS
3040,M,1,6,GENERAL
3041,M,6,4,GENERAL
3042,M,10,4,CARDIOLOGY
3043,F,6,4,ORTHOPEDICS
3044,M,1,7,SURGERY
3045,F,1,5,GENERAL
3046,M,6,4,GENERAL
3047,M,6,4,CARDIOLOGY
3048,M,10,3,GENERAL
3049,F,1,5,CARDIOLOGY
3050,F,1,6,ORTHOPEDICS
3051,M,1,5,GENERAL
3052,M,1,5,CARDIOLOGY
3053,F,11,3,CARDIOLOGY
3054,F,7,4,GENERAL
3055,F,6,4,SURGERY
3056,F,6,4,GENERAL
3057,M,13,2,GENERAL
3058,M,13,3,SURGERY
3059,M,10,4,SURGERY
3060,F,10,4,SURGERY
3061,M,1,5,ORTHOPEDICS
3062,M,6,4,CARDIOLOGY
3063,M,6,4,CARDIOLOGY
3064,M,10,4,CARDIOLOGY
3065,F,7,4,CARDIOLOGY
3066,F,13,2,CARDIOLOGY
3067,M,6,4,SURGERY
3068,F,6,4,ORTHOPEDICS
3069,F,1,5,ORTHOPEDICS
3070,M,13,2,GENERAL
3071,F,13,2,SURGERY
3072,F,7,4,ORTHOPEDICS
3073,M,6,4,GENERAL
3074,M,11,3,ORTHOPEDICS
3075,F,6,4,CARDIOLOGY
3076,M,6,4,GENERAL
3077,M,7,4,CARDIOLOGY
3078,F,1,5,CARDIOLOGY
3079,F,13,3,GENERAL
3080,M,6,4,GENERAL
3081,F,10,3,GENERAL
3082,M,10,4,SURGERY
3083,F,6,4,GENERAL
3084,F,13,2,CARDIOLOGY
3085,M,11,3,GENERAL
3086,F,1,5,ORTHOPEDICS
3087,F,11,3,GENERAL
3088,F,10,3,GENERAL
3089,F,10,3,GENERAL
3090,F,6,4,SURGERY
3091,F,13,3,GENERAL
3092,F,13,2,GENERAL
3093,F,1,5,GENERAL
3094,M,13,3,CARDIOLOGY
3095,M,6,4,CARDIOLOGY
3096,M,6,5,ORTHOPEDICS
3097,M,6,4,ORTHOPEDICS
3098,F,1,6,SURGERY
3099,F,6,4,GENERAL
3100,F,10,4,CARDIOLOGY
3101,F,10,3,GENERAL
3102,F,6,4,CARDIOLOGY
3103,M,1,5,ORTHOPEDICS
3104,F,10,3,CARDIOLOGY
3105,F,1,5,ORTHOPEDICS
3106,F,6,4,GENERAL
3107,M,6,4,SURGERY
3108,F,1,5,ORTHOPEDICS
3109,F,1,5,GENERAL
3110,F,11,3,CARDIOLOGY
3111,F,10,3,SURGERY
3112,F,7,4,SURGERY
3113,M,10,3,ORTHOPEDICS
3114,M,10,3,CARDIOLOGY
3115,F,1,5,ORTHOPEDICS
3116,F,13,3,ORTHOPEDICS
3117,M,13,2,SURGERY
3118,F,13,2,SURGERY
3119,M,10,3,SURGERY
3120,F,11,3,CARDIOLOGY
3121,F,10,4,GENERAL
3122,M,6,4,SURGERY
3123,F,10,3,ORTHOPEDICS
3124,M,1,5,CARDIOLOGY
3125,M,6,4,CARDIOLOGY
3126,F,1,5,ORTHOPEDICS
3127,M,13,2,GENERAL
3128,F,1,5,ORTHOPEDICS
3129,F,6,4,GENERAL
3130,F,1,5,GENERAL
3131,M,1,6,GENERAL
3132,F,10,4,GENERAL
3133,F,1,5,CARDIOLOGY
3134,F,8,4,GENERAL
3135,F,11,3,CARDIOLOGY
3136,M,6,4,SURGERY
3137,M,6,4,CARDIOLOGY
3138,F,6,4,CARDIOLOGY
3139,F,6,4,ORTHOPEDICS
3140,M,1,5,CARDIOLOGY
3141,F,7,4,GENERAL
3142,F,1,5,GENERAL
3143,M,6,4,SURGERY
3144,F,1,5,CARDIOLOGY
3145,F,10,3,GENERAL
3146,F,10,3,CARDIOLOGY
3147,M,7,4,ORTHOPEDICS
3148,M,7,4,ORTHOPEDICS
3149,F,1,5,SURGERY
3150,F,6,4,CARDIOLOGY
3151,M,11,3,SURGERY
3152,M,7,4,SURGERY
3153,M,6,4,GENERAL
3154,F,10,3,GENERAL
3155,M,10,3,CARDIOLOGY
3156,M,1,5,ORTHOPEDICS
3157,F,1,5,CARDIOLOGY
3158,M,13,2,SURGERY
3159,F,12,3,CARDIOLOGY
3160,F,1,5,ORTHOPEDICS
3161,M,13,2,GENERAL
3162,F,6,4,GENERAL
3163,F,1,6,CARDIOLOGY
3164,F,1,5,GENERAL
3165,M,10,3,CARDIOLOGY
3166,M,6,4,ORTHOPEDICS
3167,M,1,5,GENERAL
3168,F,1,5,SURGERY
3169,M,10,3,SURGERY
3170,F,10,4,CARDIOLOGY
3171,F,1,5,GENERAL
3172,F,10,4,GENERAL
3173,F,1,5,SURGERY
3174,M,6,4,GENERAL
3175,F,10,3,GENERAL
3176,M,13,2,GENERAL
3177,F,6,4,SURGERY
3178,F,6,4,SURGERY
3179,M,8,4,ORTHOPEDICS
3180,M,7,4,GENERAL
3181,M,10,4,GENERAL
3182,F,6,4,ORTHOPEDICS
3183,M,1,5,CARDIOLOGY
3184,F,11,3,GENERAL
3185,F,10,4,ORTHOPEDICS
3186,F,6,4,ORTHOPEDICS
3187,F,1,6,SURGERY
3188,F,6,4,SURGERY
3189,F,10,3,ORTHOPEDICS
3190,F,6,5,CARDIOLOGY
3191,F,12,3,GENERAL
3192,M,10,4,ORTHOPEDICS
3193,F,6,4,GENERAL
3194,F,6,4,GENERAL
3195,M,1,5,ORTHOPEDICS
3196,F,10,4,CARDIOLOGY
3197,M,10,4,CARDIOLOGY
3198,F,6,4,ORTHOPEDICS
3199,F,10,4,SURGERY
3200,M,1,5,GENERAL
3201,M,13,2,GENERAL
3202,F,13,3,CARDIOLOGY
3203,F,6,4,CARDIOLOGY
3204,F,10,3,SURGERY
3205,M,1,5,SURGERY
3206,F,7,4,SURGERY
3207,M,7,4,CARDIOLOGY
3208,F,10,3,CARDIOLOGY
3209,M,1,5,ORTHOPEDICS
3210,F,10,3,ORTHOPEDICS
3211,M,6,4,GENERAL
3212,F,10,4,GENERAL
3213,F,10,3,GENERAL
3214,F,1,5,GENERAL
3215,M,6,4,SURGERY
3216,F,10,3,GENERAL
3217,F,6,4,CARDIOLOGY
3218,F,10,3,GENERAL
3219,M,1,5,GENERAL
3220,F,13,3,CARDIOLOGY
3221,M,10,3,CARDIOLOGY
3222,F,13,2,SURGERY
3223,F,6,5,GENERAL
3224,F,1,5,GENERAL
3225,M,6,4,CARDIOLOGY
3226,M,11,3,ORTHOPEDICS
3227,F,13,2,CARDIOLOGY
3228,F,11,3,ORTHOPEDICS
3229,M,13,2,GENERAL
3230,F,1,5,GENERAL
3231,F,6,4,GENERAL
3232,F,10,4,ORTHOPEDICS
3233,M,10,3,GENERAL
3234,M,10,3,CARDIOLOGY
3235,F,11,3,ORTHOPEDICS
3236,F,7,4,GENERAL
3237,M,7,4,CARDIOLOGY
3238,M,10,4,GENERAL
3239,F,6,4,GENERAL
3240,F,10,3,GENERAL
3241,M,6,5,CARDIOLOGY
3242,F,10,4,GENERAL
3243,M,13,2,ORTHOPEDICS
3244,M,1,5,GENERAL
3245,F,6,4,GENERAL
3246,M,6,4,CARDIOLOGY
3247,F,6,4,ORTHOPEDICS
3248,F,1,5,SURGERY
3249,F,6,4,GENERAL
3250,F,10,3,GENERAL
3251,F,10,3,GENERAL
3252,M,1,7,GENERAL
3253,M,7,4,GENERAL
3254,M,6,4,GENERAL
3255,F,1,5,GENERAL
3256,M,11,3,GENERAL
3257,M,1,5,GENERAL
3258,M,10,4,SURGERY
3259,M,12,3,CARDIOLOGY
3260,F,11,3,CARDIOLOGY
3261,F,1,5,GENERAL
3262,M,10,4,GENERAL
3263,F,6,4,SURGERY
3264,F,10,4,SURGERY
3265,M,1,5,GENERAL
3266,F,1,6,GENERAL
3267,M,13,2,ORTHOPEDICS
3268,M,10,3,SURGERY
3269,F,1,5,GENERAL
3270,F,1,6,GENERAL
3271,M,13,1,SURGERY
3272,M,6,4,ORTHOPEDICS
3273,F,10,3,SURGERY
3274,M,11,3,SURGERY
3275,M,1,5,GENERAL
3276,F,10,4,GENERAL
3277,F,6,4,GENERAL
3278,M,13,3,GENERAL
3279,F,13,2,GENERAL
3280,F,1,6,ORTHOPEDICS
3281,F,11,3,GENERAL
3282,M,6,4,CARDIOLOGY
3283,F,10,3,SURGERY
3284,M,6,4,SURGERY
3285,M,10,4,SURGERY
3286,F,7,4,SURGERY
3287,F,6,4,ORTHOPEDICS
3288,F,6,4,GENERAL
3289,F,1,5,GENERAL
3290,M,1,5,CARDIOLOGY
3291,M,6,4,GENERAL
3292,F,1,5,ORTHOPEDICS
3293,F,6,4,SURGERY
3294,F,1,5,SURGERY
3295,M,1,5,ORTHOPEDICS
3296,M,13,2,GENERAL
3297,M,13,2,SURGERY
3298,F,6,4,SURGERY
3299,F,13,3,GENERAL
3300,M,10,3,CARDIOLOGY
3301,M,10,4,GENERAL
3302,M,13,2,CARDIOLOGY
3303,F,7,4,GENERAL
3304,F,13,2,SURGERY
3305,F,10,3,GENERAL
3306,F,10,4,GENERAL
3307,F,6,4,CARDIOLOGY
3308,F,6,4,SURGERY
3309,M,10,3,GENERAL
3310,F,6,4,CARDIOLOGY
3311,M,1,5,ORTHOPEDICS
3312,F,1,5,GENERAL
3313,M,1,5,SURGERY
3314,M,13,1,CARDIOLOGY
3315,F,1,5,SURGERY
3316,F,1,5,GENERAL
3317,F,11,3,SURGERY
3318,F,11,3,ORTHOPEDICS
3319,M,1,6,GENERAL
3320,M,13,3,SURGERY
3321,F,6,4,CARDIOLOGY
3322,F,11,3,ORTHOPEDICS
3323,M,6,4,SURGERY
3324,M,13,2,GENERAL
3325,F,10,4,ORTHOPEDICS
3326,M,1,5,GENERAL
3327,M,1,6,GENERAL
3328,M,6,4,GENERAL
3329,F,10,3,SURGERY
3330,F,10,3,GENERAL
3331,M,1,7,CARDIOLOGY
3332,F,1,5,CARDIOLOGY
3333,F,7,4,SURGERY
3334,M,1,5,ORTHOPEDICS
3335,M,10,3,CARDIOLOGY
3336,F,10,3,GENERAL
3337,F,11,3,CARDIOLOGY
3338,F,1,5,GENERAL
3339,M,6,4,GENERAL
3340,F,13,2,CARDIOLOGY
3341,F,1,5,SURGERY
3342,F,1,5,GENERAL
3343,M,1,6,ORTHOPEDICS
3344,M,6,4,ORTHOPEDICS
3345,F,6,4,SURGERY
3346,F,6,4,GENERAL
3347,F,13,2,ORTHOPEDICS
3348,F,10,3,ORTHOPEDICS
3349,F,1,5,ORTHOPEDICS
3350,M,10,3,CARDIOLOGY
3351,F,11,3,SURGERY
3352,M,7,4,GENERAL
3353,F,1,5,GENERAL
3354,F,1,5,SURGERY
3355,F,1,5,GENERAL
3356,M,11,3,GENERAL
3357,M,13,3,CARDIOLOGY
3358,F,6,4,SURGERY
3359,F,13,2,ORTHOPEDICS
3360,M,1,7,GENERAL
3361,F,10,3,ORTHOPEDICS
3362,F,10,3,CARDIOLOGY
3363,M,1,6,GENERAL
3364,M,1,5,CARDIOLOGY
3365,M,1,5,GENERAL
3366,M,1,5,CARDIOLOGY
3367,F,1,6,GENERAL
3368,F,6,4,GENERAL
3369,M,10,3,ORTHOPEDICS
3370,M,10,4,GENERAL
3371,F,10,3,GENERAL
3372,F,10,4,CARDIOLOGY
3373,M,1,6,SURGERY
3374,M,13,2,ORTHOPEDICS
3375,M,1,5,ORTHOPEDICS
3376,M,6,4,CARDIOLOGY
3377,M,6,4,GENERAL
3378,M,10,4,ORTHOPEDICS
3379,M,11,3,CARDIOLOGY
3380,F,10,4,SURGERY
3381,F,1,5,ORTHOPEDICS
3382,F,7,4,ORTHOPEDICS
3383,F,6,4,SURGERY
3384,F,6,4,GENERAL
3385,F,1,6,GENERAL
3386,M,6,4,GENERAL
3387,F,7,4,CARDIOLOGY
3388,F,10,3,ORTHOPEDICS
3389,F,1,5,GENERAL
3390,F,1,5,GENERAL
3391,M,7,4,CARDIOLOGY
3392,M,1,5,GENERAL
3393,F,10,3,CARDIOLOGY
3394,F,10,3,CARDIOLOGY
3395,F,11,3,GENERAL
3396,F,6,4,GENERAL
3397,M,13,3,CARDIOLOGY
3398,M,10,3,CARDIOLOGY
3399,M,10,3,SURGERY
3400,F,6,4,ORTHOPEDICS
3401,M,1,5,ORTHOPEDICS
3402,M,1,5,GENERAL
3403,F,10,3,GENERAL
3404,F,1,5,CARDIOLOGY
3405,F,7,4,GENERAL
3406,F,7,4,GENERAL
3407,F,10,3,GENERAL
3408,F,10,4,SURGERY
3409,M,13,3,GENERAL
3410,M,1,6,SURGERY
3411,M,7,4,GENERAL
3412,F,10,4,GENERAL
3413,F,1,5,CARDIOLOGY
3414,F,6,4,GENERAL
3415,F,13,3,ORTHOPEDICS
3416,F,13,2,SURGERY
3417,F,1,6,GENERAL
3418,M,7,4,ORTHOPEDICS
3419,F,13,2,GENERAL
3420,M,6,4,SURGERY
3421,F,10,4,GENERAL
3422,F,6,4,GENERAL
3423,M,7,4,ORTHOPEDICS
3424,F,6,4,ORTHOPEDICS
3425,M,6,4,SURGERY
3426,F,6,4,GENERAL
3427,F,6,4,SURGERY
3428,F,13,3,ORTHOPEDICS
3429,M,1,6,GENERAL
3430,M,1,5,SURGERY
3431,F,1,5,SURGERY
3432,M,8,4,GENERAL
3433,F,1,5,ORTHOPEDICS
3434,M,1,5,SURGERY
3435,F,10,4,GENERAL
3436,F,10,3,SURGERY
3437,F,1,5,SURGERY
3438,F,1,5,ORTHOPEDICS
3439,F,6,4,SURGERY
3440,F,1,5,SURGERY
3441,M,10,3,CARDIOLOGY
3442,M,6,4,CARDIOLOGY
3443,F,6,4,GENERAL
3444,F,13,2,SURGERY
3445,M,6,5,CARDIOLOGY
3446,M,7,4,SURGERY
3447,M,1,5,GENERAL
3448,F,1,5,GENERAL
3449,F,10,4,ORTHOPEDICS
3450,F,6,4,CARDIOLOGY
3451,F,7,4,GENERAL
3452,M,13,2,SURGERY
3453,M,7,4,SURGERY
3454,M,7,4,GENERAL
3455,M,13,2,ORTHOPEDICS
3456,M,10,3,CARDIOLOGY
3457,F,6,4,CARDIOLOGY
3458,M,10,3,GENERAL
3459,F,6,4,SURGERY
3460,M,1,5,SURGERY
3461,F,1,5,GENERAL
3462,M,11,3,ORTHOPEDICS
3463,M,6,4,GENERAL
3464,M,10,3,CARDIOLOGY
3465,F,7,4,GENERAL
3466,M,10,4,GENERAL
3467,M,13,2,CARDIOLOGY
3468,M,10,4,GENERAL
3469,M,6,4,SURGERY
3470,F,10,3,GENERAL
3471,M,1,5,GENERAL
3472,M,6,4,GENERAL
3473,F,6,4,GENERAL
3474,M,1,5,GENERAL
3475,M,13,3,CARDIOLOGY
3476,M,1,5,GENERAL
3477,M,11,3,CARDIOLOGY
3478,F,10,4,GENERAL
3479,M,6,4,CARDIOLOGY
3480,M,13,2,GENERAL
3481,M,13,2,GENERAL
3482,M,1,5,GENERAL
3483,M,10,4,GENERAL
3484,F,10,3,GENERAL
3485,M,13,2,CARDIOLOGY
3486,F,13,3,ORTHOPEDICS
3487,M,1,5,GENERAL
3488,F,6,4,GENERAL
3489,M,10,3,GENERAL
3490,M,1,5,GENERAL
3491,F,1,5,CARDIOLOGY
3492,F,6,4,CARDIOLOGY
3493,M,6,4,SURGERY
3494,M,1,5,SURGERY
3495,M,1,5,CARDIOLOGY
3496,M,10,3,ORTHOPEDICS
3497,F,1,6,GENERAL
3498,F,7,4,CARDIOLOGY
3499,F,6,4,GENERAL
3500,M,6,4,CARDIOLOGY
3501,M,7,4,GENERAL
3502,F,11,3,CARDIOLOGY
3503,F,11,3,GENERAL
3504,F,11,3,ORTHOPEDICS
3505,M,10,3,GENERAL
3506,F,10,3,ORTHOPEDICS
3507,F,1,5,GENERAL
3508,F,1,6,ORTHOPEDICS
3509,F,1,5,SURGERY
3510,M,1,5,ORTHOPEDICS
3511,F,7,4,ORTHOPEDICS
3512,F,10,3,GENERAL
3513,M,1,5,GENERAL
3514,M,7,4,GENERAL
3515,F,10,4,CARDIOLOGY
3516,M,1,6,GENERAL
3517,F,10,4,SURGERY
3518,F,6,4,SURGERY
3519,F,1,5,GENERAL
3520,M,1,5,SURGERY
3521,F,1,5,CARDIOLOGY
3522,M,1,6,GENERAL
3523,M,1,5,ORTHOPEDICS
3524,M,6,4,GENERAL
3525,F,6,4,GENERAL
3526,F,10,3,SURGERY
3527,F,10,3,CARDIOLOGY
3528,M,6,4,ORTHOPEDICS
3529,M,10,4,CARDIOLOGY
3530,M,6,4,GENERAL
3531,F,13,3,GENERAL
3532,M,6,5,GENERAL
3533,F,6,4,SURGERY
3534,F,6,4,CARDIOLOGY
3535,F,6,4,GENERAL
3536,M,11,3,SURGERY
3537,M,6,4,SURGERY
3538,F,13,3,GENERAL
3539,M,1,6,SURGERY
3540,F,10,3,CARDIOLOGY
3541,F,10,4,GENERAL
3542,F,7,4,GENERAL
3543,M,1,5,CARDIOLOGY
3544,M,6,4,GENERAL
3545,M,6,4,GENERAL
3546,M,10,3,CARDIOLOGY
3547,M,1,6,GENERAL
3548,F,13,2,GENERAL
3549,F,13,3,GENERAL
3550,F,1,5,GENERAL
3551,M,1,5,GENERAL
3552,F,10,3,GENERAL
3553,M,1,5,ORTHOPEDICS
3554,M,10,4,CARDIOLOGY
3555,M,6,4,ORTHOPEDICS
3556,F,1,5,CARDIOLOGY
3557,F,6,4,ORTHOPEDICS
3558,M,6,4,ORTHOPEDICS
3559,M,7,4,GENERAL
3560,M,11,3,GENERAL
3561,M,6,4,ORTHOPEDICS
3562,M,10,3,GENERAL
3563,M,6,4,GENERAL
3564,F,10,4,SURGERY
3565,M,1,6,GENERAL
3566,M,1,5,GENERAL
3567,F,1,5,GENERAL
3568,M,1,5,GENERAL
3569,M,1,5,GENERAL
3570,F,10,4,SURGERY
3571,F,10,3,ORTHOPEDICS
3572,F,10,3,GENERAL
3573,M,6,4,CARDIOLOGY
3574,M,10,3,ORTHOPEDICS
3575,M,13,2,SURGERY
3576,M,7,4,GENERAL
3577,M,1,5,GENERAL
3578,F,10,3,GENERAL
3579,F,1,5,ORTHOPEDICS
3580,F,6,5,SURGERY
3581,M,13,2,ORTHOPEDICS
3582,M,10,4,CARDIOLOGY
3583,M,6,5,SURGERY
3584,M,6,4,GENERAL
3585,F,6,4,GENERAL
3586,M,6,4,CARDIOLOGY
3587,M,7,4,GENERAL
3588,M,6,4,CARDIOLOGY
3589,F,13,3,ORTHOPEDICS
3590,F,13,2,CARDIOLOGY
3591,F,11,3,SURGERY
3592,F,11,3,CARDIOLOGY
3593,M,10,3,CARDIOLOGY
3594,F,6,4,GENERAL
3595,M,1,6,CARDIOLOGY
3596,M,13,2,SURGERY
3597,F,10,4,GENERAL
3598,F,13,3,GENERAL
3599,M,6,4,ORTHOPEDICS
3600,M,6,4,ORTHOPEDICS
3601,F,7,4,CARDIOLOGY
3602,M,1,5,ORTHOPEDICS
3603,F,1,5,CARDIOLOGY
3604,F,10,4,CARDIOLOGY
3605,M,1,5,SURGERY
3606,F,11,3,GENERAL
3607,M,10,4,GENERAL
3608,F,1,5,GENERAL
3609,F,10,3,GENERAL
3610,F,6,4,GENERAL
3611,M,6,5,ORTHOPEDICS
3612,F,7,4,GENERAL
3613,F,10,3,ORTHOPEDICS
3614,M,6,4,ORTHOPEDICS
3615,F,6,4,CARDIOLOGY
3616,F,6,4,CARDIOLOGY
3617,F,10,3,ORTHOPEDICS
3618,F,13,1,GENERAL
3619,M,13,2,SURGERY
3620,F,6,4,GENERAL
3621,M,6,4,SURGERY
3622,M,10,4,GENERAL
3623,M,10,3,GENERAL
3624,M,1,5,ORTHOPEDICS
3625,M,1,5,GENERAL
3626,M,1,5,ORTHOPEDICS
3627,M,1,5,SURGERY
3628,F,6,4,ORTHOPEDICS
3629,M,10,3,SURGERY
3630,F,1,7,CARDIOLOGY
3631,F,8,4,GENERAL
3632,F,1,6,ORTHOPEDICS
3633,M,1,5,CARDIOLOGY
3634,M,13,3,GENERAL
3635,F,1,5,ORTHOPEDICS
3636,M,13,2,ORTHOPEDICS
3637,M,12,3,CARDIOLOGY
3638,F,10,3,ORTHOPEDICS
3639,F,10,4,GENERAL
3640,M,10,4,GENERAL
3641,F,6,4,GENERAL
3642,M,1,6,ORTHOPEDICS
3643,F,13,2,GENERAL
3644,M,13,2,CARDIOLOGY
3645,F,10,3,SURGERY
3646,M,10,3,ORTHOPEDICS
3647,M,6,4,SURGERY
3648,F,1,5,SURGERY
3649,F,6,4,GENERAL
3650,M,11,3,ORTHOPEDICS
3651,F,1,5,GENERAL
3652,M,13,3,SURGERY
3653,F,11,3,SURGERY
3654,F,13,3,ORTHOPEDICS
3655,M,7,4,GENERAL
3656,F,1,5,GENERAL
3657,M,10,3,GENERAL
3658,F,7,4,GENERAL
3659,F,1,5,GENERAL
3660,M,8,4,ORTHOPEDICS
3661,M,1,5,GENERAL
3662,M,1,5,CARDIOLOGY
3663,F,1,5,ORTHOPEDICS
3664,F,1,6,GENERAL
3665,M,1,5,GENERAL
3666,M,10,3,GENERAL
3667,M,6,4,CARDIOLOGY
3668,M,6,4,CARDIOLOGY
3669,M,13,2,ORTHOPEDICS
3670,M,1,5,CARDIOLOGY
3671,M,1,5,ORTHOPEDICS
3672,M,7,4,ORTHOPEDICS
3673,F,10,3,CARDIOLOGY
3674,M,6,4,SURGERY
3675,F,1,5,ORTHOPEDICS
3676,M,13,2,CARDIOLOGY
3677,M,11,3,CARDIOLOGY
3678,F,7,4,GENERAL
3679,M,10,3,GENERAL
3680,M,1,5,GENERAL
3681,F,6,4,CARDIOLOGY
3682,M,11,3,ORTHOPEDICS
3683,F,6,4,GENERAL
3684,F,10,4,ORTHOPEDICS
3685,F,6,4,GENERAL
3686,F,1,6,ORTHOPEDICS
3687,F,7,4,CARDIOLOGY
3688,M,1,6,ORTHOPEDICS
3689,F,1,6,SURGERY
3690,M,11,3,ORTHOPEDICS
3691,F,10,3,CARDIOLOGY
3692,M,1,6,GENERAL
3693,F,6,4,ORTHOPEDICS
3694,F,1,5,GENERAL
3695,F,11,3,ORTHOPEDICS
3696,M,6,4,GENERAL
3697,M,6,4,ORTHOPEDICS
3698,M,6,4,SURGERY
3699,M,10,4,ORTHOPEDICS
3700,M,13,1,CARDIOLOGY
3701,F,13,2,SURGERY
3702,F,10,3,SURGERY
3703,M,1,5,SURGERY
3704,F,1,5,SURGERY
3705,M,1,5,CARDIOLOGY
3706,M,10,3,GENERAL
3707,M,1,6,SURGERY
3708,F,6,4,CARDIOLOGY
3709,M,10,4,ORTHOPEDICS
3710,F,6,4,SURGERY
3711,M,10,3,GENERAL
3712,F,7,4,GENERAL
3713,M,10,4,CARDIOLOGY
3714,M,13,3,SURGERY
3715,F,1,6,GENERAL
3716,M,7,4,ORTHOPEDICS
3717,M,1,5,CARDIOLOGY
3718,M,1,5,SURGERY
3719,F,11,3,GENERAL
3720,M,10,4,GENERAL
3721,F,10,4,ORTHOPEDICS
3722,M,6,4,GENERAL
3723,F,11,3,GENERAL
3724,M,1,5,CARDIOLOGY
3725,F,1,5,GENERAL
3726,M,1,5,GENERAL
3727,F,10,4,CARDIOLOGY
3728,F,10,3,GENERAL
3729,M,10,4,ORTHOPEDICS
3730,M,1,5,ORTHOPEDICS
3731,M,6,4,GENERAL
3732,M,6,4,CARDIOLOGY
3733,M,10,4,SURGERY
3734,F,10,3,ORTHOPEDICS
3735,M,1,5,CARDIOLOGY
3736,M,10,4,ORTHOPEDICS
3737,M,1,5,ORTHOPEDICS
3738,M,13,2,CARDIOLOGY
3739,M,13,3,GENERAL
3740,M,10,3,GENERAL
3741,M,10,4,GENERAL
3742,M,13,2,GENERAL
3743,F,1,5,GENERAL
3744,M,1,5,GENERAL
3745,M,1,6,SURGERY
3746,F,1,6,GENERAL
3747,M,13,3,SURGERY
3748,F,6,4,GENERAL
3749,F,7,4,GENERAL
3750,F,1,5,CARDIOLOGY
3751,F,1,6,GENERAL
3752,M,10,3,SURGERY
3753,F,10,4,ORTHOPEDICS
3754,F,10,3,GENERAL
3755,M,13,1,GENERAL
3756,M,6,4,GENERAL
3757,M,1,5,SURGERY
3758,F,6,4,ORTHOPEDICS
3759,M,6,4,SURGERY
3760,M,1,6,CARDIOLOGY
3761,F,1,5,ORTHOPEDICS
3762,F,6,4,GENERAL
3763,M,10,3,SURGERY
3764,M,6,4,ORTHOPEDICS
3765,M,1,5,GENERAL
3766,F,6,4,GENERAL
3767,F,1,5,ORTHOPEDICS
3768,M,6,4,GENERAL
3769,F,7,4,SURGERY
3770,M,1,5,SURGERY
3771,M,1,5,GENERAL
3772,F,10,3,CARDIOLOGY
3773,M,11,3,SURGERY
3774,M,6,4,SURGERY
3775,F,7,4,SURGERY
3776,M,1,5,ORTHOPEDICS
3777,F,6,4,CARDIOLOGY
3778,F,11,3,SURGERY
3779,F,13,1,GENERAL
3780,M,10,4,SURGERY
3781,M,1,5,SURGERY
3782,M,6,4,CARDIOLOGY
3783,M,1,5,ORTHOPEDICS
3784,F,13,1,SURGERY
3785,F,1,6,GENERAL
3786,M,6,4,SURGERY
3787,F,1,5,GENERAL
3788,M,10,3,GENERAL
3789,F,10,3,GENERAL
3790,M,13,3,SURGERY
3791,M,11,3,ORTHOPEDICS
3792,M,10,3,GENERAL
3793,F,6,4,SURGERY
3794,F,1,5,CARDIOLOGY
3795,F,6,4,GENERAL
3796,F,6,5,GENERAL
3797,M,1,5,SURGERY
3798,F,10,4,SURGERY
3799,F,10,4,SURGERY
3800,M,11,3,GENERAL
3801,F,6,4,SURGERY
3802,F,12,3,SURGERY
3803,F,6,5,GENERAL
3804,F,1,5,GENERAL
3805,M,10,4,ORTHOPEDICS
3806,M,7,4,GENERAL
3807,F,13,2,ORTHOPEDICS
3808,F,1,5,CARDIOLOGY
3809,F,10,4,GENERAL
3810,M,13,3,CARDIOLOGY
3811,F,7,4,CARDIOLOGY
3812,F,1,5,GENERAL
3813,F,6,4,ORTHOPEDICS
3814,F,6,4,ORTHOPEDICS
3815,M,13,3,CARDIOLOGY
3816,M,6,4,CARDIOLOGY
3817,M,1,6,CARDIOLOGY
3818,F,1,5,SURGERY
3819,F,13,2,GENERAL
3820,F,1,5,CARDIOLOGY
3821,F,6,4,GENERAL
3822,F,1,5,ORTHOPEDICS
3823,M,1,6,GENERAL
3824,M,1,5,ORTHOPEDICS
3825,M,6,4,GENERAL
3826,F,6,4,CARDIOLOGY
3827,F,10,4,ORTHOPEDICS
3828,F,6,4,SURGERY
3829,F,7,4,GENERAL
3830,F,13,2,ORTHOPEDICS
3831,F,10,3,ORTHOPEDICS
3832,M,10,3,CARDIOLOGY
3833,M,10,4,ORTHOPEDICS
3834,F,1,5,GENERAL
3835,F,6,4,CARDIOLOGY
3836,M,1,5,GENERAL
3837,F,11,3,CARDIOLOGY
3838,F,8,4,SURGERY
3839,M,1,6,ORTHOPEDICS
3840,F,6,4,CARDIOLOGY
3841,F,13,3,GENERAL
3842,F,10,3,SURGERY
3843,M,6,4,CARDIOLOGY
3844,M,6,4,ORTHOPEDICS
3845,F,10,4,GENERAL
3846,M,9,4,GENERAL
3847,F,1,5,ORTHOPEDICS
3848,M,6,4,GENERAL
3849,F,1,5,GENERAL
3850,M,7,4,CARDIOLOGY
3851,F,10,3,SURGERY
3852,M,1,5,GENERAL
3853,M,10,3,GENERAL
3854,M,13,1,GENERAL
3855,M,10,4,SURGERY
3856,F,11,3,CARDIOLOGY
3857,F,10,3,GENERAL
3858,M,11,3,CARDIOLOGY
3859,M,13,2,SURGERY
3860,F,1,5,CARDIOLOGY
3861,M,6,4,GENERAL
3862,M,1,7,CARDIOLOGY
3863,M,13,2,GENERAL
3864,M,10,3,GENERAL
3865,F,10,3,CARDIOLOGY
3866,M,6,4,CARDIOLOGY
3867,F,13,2,GENERAL
3868,F,10,4,CARDIOLOGY
3869,M,10,3,GENERAL
3870,M,6,4,GENERAL
3871,M,10,4,SURGERY
3872,F,10,3,SURGERY
3873,F,10,3,SURGERY
3874,F,1,5,SURGERY
3875,M,10,3,ORTHOPEDICS
3876,F,10,3,GENERAL
3877,M,7,4,SURGERY
3878,M,7,4,GENERAL
3879,F,6,4,GENERAL
3880,M,10,3,GENERAL
3881,M,13,2,GENERAL
3882,F,1,6,ORTHOPEDICS
3883,F,10,3,GENERAL
3884,M,10,3,GENERAL
3885,M,10,4,SURGERY
3886,M,13,3,CARDIOLOGY
3887,M,10,4,CARDIOLOGY
3888,M,1,6,CARDIOLOGY
3889,F,7,4,SURGERY
3890,M,1,6,ORTHOPEDICS
3891,M,13,2,SURGERY
3892,M,10,4,CARDIOLOGY
3893,F,11,3,GENERAL
3894,M,6,4,SURGERY
3895,M,6,4,ORTHOPEDICS
3896,M,10,3,CARDIOLOGY
3897,F,10,4,GENERAL
3898,M,13,2,CARDIOLOGY
3899,M,13,2,GENERAL
3900,M,6,4,CARDIOLOGY
3901,M,11,3,CARDIOLOGY
3902,M,1,5,GENERAL
3903,F,6,4,ORTHOPEDICS
3904,M,7,4,ORTHOPEDICS
3905,M,1,5,ORTHOPEDICS
3906,F,6,4,GENERAL
3907,F,1,5,GENERAL
3908,F,13,2,GENERAL
3909,F,1,5,SURGERY
3910,F,1,5,CARDIOLOGY
3911,M,13,3,SURGERY
3912,F,10,4,SURGERY
3913,M,1,5,GENERAL
3914,M,11,3,CARDIOLOGY
3915,M,6,4,SURGERY
3916,M,1,5,SURGERY
3917,F,6,4,ORTHOPEDICS
3918,M,11,3,ORTHOPEDICS
3919,F,10,3,GENERAL
3920,F,11,3,GENERAL
3921,M,13,2,SURGERY
3922,M,11,3,GENERAL
3923,F,10,3,ORTHOPEDICS
3924,M,1,5,CARDIOLOGY
3925,M,11,3,CARDIOLOGY
3926,F,6,4,GENERAL
3927,F,13,3,ORTHOPEDICS
3928,M,10,3,SURGERY
3929,M,7,4,SURGERY
3930,F,1,5,GENERAL
3931,F,6,4,SURGERY
3932,M,11,3,CARDIOLOGY
3933,M,10,4,GENERAL
3934,M,10,3,GENERAL
3935,M,1,5,CARDIOLOGY
3936,M,11,3,GENERAL
3937,M,7,4,GENERAL
3938,F,11,3,GENERAL
3939,M,1,5,GENERAL
3940,F,7,4,CARDIOLOGY
3941,F,6,4,GENERAL
3942,F,6,4,GENERAL
3943,M,1,5,SURGERY
3944,M,7,4,SURGERY
3945,M,1,5,CARDIOLOGY
3946,F,10,3,GENERAL
3947,M,6,4,GENERAL
3948,F,7,4,CARDIOLOGY
3949,M,13,2,CARDIOLOGY
3950,M,1,5,CARDIOLOGY
3951,F,1,5,ORTHOPEDICS
3952,M,6,4,CARDIOLOGY
3953,F,6,4,GENERAL
3954,M,1,5,GENERAL
3955,M,7,4,CARDIOLOGY
3956,M,1,5,ORTHOPEDICS
3957,M,11,3,ORTHOPEDICS
3958,M,1,5,SURGERY
3959,M,6,4,ORTHOPEDICS
3960,F,1,5,GENERAL
3961,M,13,2,GENERAL
3962,F,6,4,GENERAL
3963,M,1,5,GENERAL
3964,F,1,6,GENERAL
3965,F,1,5,GENERAL
3966,M,7,4,GENERAL
3967,F,1,6,CARDIOLOGY
3968,M,6,4,GENERAL
3969,F,6,5,CARDIOLOGY
3970,F,10,3,GENERAL
3971,M,13,2,SURGERY
3972,F,10,4,GENERAL
3973,M,13,2,CARDIOLOGY
3974,F,1,5,SURGERY
3975,F,1,5,SURGERY
3976,M,10,3,GENERAL
3977,M,6,5,SURGERY
3978,F,11,3,ORTHOPEDICS
3979,M,1,6,CARDIOLOGY
3980,M,6,4,ORTHOPEDICS
3981,F,11,3,SURGERY
3982,F,6,4,GENERAL
3983,M,10,3,GENERAL
3984,M,1,5,GENERAL
3985,F,13,2,SURGERY
3986,M,1,5,CARDIOLOGY
3987,M,6,4,CARDIOLOGY
3988,M,10,3,CARDIOLOGY
3989,F,13,2,CARDIOLOGY
3990,F,13,3,GENERAL
3991,F,1,5,ORTHOPEDICS
3992,F,1,5,GENERAL
3993,M,10,3,CARDIOLOGY
3994,F,1,5,CARDIOLOGY
3995,M,7,4,ORTHOPEDICS
3996,M,6,4,SURGERY
3997,M,1,5,CARDIOLOGY
3998,M,6,4,GENERAL
3999,F,6,4,GENERAL
4000,F,1,5,SURGERY
4001,M,1,6,CARDIOLOGY
4002,M,6,4,GENERAL
4003,M,1,5,GENERAL
4004,F,10,4,GENERAL
4005,M,6,4,CARDIOLOGY
4006,M,6,4,SURGERY
4007,M,6,4,CARDIOLOGY
4008,M,1,5,CARDIOLOGY
4009,M,10,3,GENERAL
4010,M,1,5,GENERAL
4011,M,1,5,CARDIOLOGY
4012,F,1,5,GENERAL
4013,M,13,3,GENERAL
4014,M,1,5,SURGERY
4015,F,10,3,CARDIOLOGY
4016,F,1,5,GENERAL
4017,F,1,5,SURGERY
4018,M,6,4,GENERAL
4019,F,1,5,CARDIOLOGY
4020,F,6,4,CARDIOLOGY
4021,M,1,5,ORTHOPEDICS
4022,M,6,4,GENERAL
4023,F,13,3,GENERAL
4024,F,10,4,GENERAL
4025,F,6,4,CARDIOLOGY
4026,F,6,4,GENERAL
4027,F,1,5,CARDIOLOGY
4028,F,13,2,GENERAL
4029,M,6,4,GENERAL
4030,F,1,5,CARDIOLOGY
4031,F,1,5,GENERAL
4032,F,13,2,ORTHOPEDICS
4033,M,10,4,GENERAL
4034,F,12,3,GENERAL
4035,M,10,3,ORTHOPEDICS
4036,M,13,2,CARDIOLOGY
4037,M,10,3,GENERAL
4038,F,10,3,GENERAL
4039,F,10,3,GENERAL
4040,F,6,4,ORTHOPEDICS
4041,F,10,3,GENERAL
4042,M,10,4,ORTHOPEDICS
4043,M,12,3,SURGERY
4044,M,10,3,ORTHOPEDICS
4045,F,7,4,GENERAL
4046,M,6,4,GENERAL
4047,F,1,5,CARDIOLOGY
4048,F,1,6,ORTHOPEDICS
4049,M,1,5,GENERAL
4050,M,1,5,CARDIOLOGY
4051,M,1,5,SURGERY
4052,F,1,5,GENERAL
4053,M,1,5,SURGERY
4054,M,13,2,GENERAL
4055,M,10,4,GENERAL
4056,F,7,4,GENERAL
4057,F,10,3,SURGERY
4058,M,8,4,GENERAL
4059,F,11,3,GENERAL
4060,F,6,4,GENERAL
4061,M,1,5,ORTHOPEDICS
4062,M,1,5,GENERAL
4063,M,6,4,ORTHOPEDICS
4064,M,1,5,GENERAL
4065,F,10,3,ORTHOPEDICS
4066,M,1,5,CARDIOLOGY
4067,F,1,5,SURGERY
4068,F,10,3,SURGERY
4069,M,7,4,GENERAL
4070,M,6,4,CARDIOLOGY
4071,F,6,4,SURGERY
4072,M,6,4,CARDIOLOGY
4073,F,7,4,GENERAL
4074,M,6,4,SURGERY
4075,M,13,2,CARDIOLOGY
4076,M,13,2,SURGERY
4077,F,6,4,GENERAL
4078,M,13,2,ORTHOPEDICS
4079,F,1,6,GENERAL
4080,F,6,4,SURGERY
4081,F,6,4,SURGERY
4082,M,7,4,CARDIOLOGY
4083,M,1,6,GENERAL
4084,F,1,5,CARDIOLOGY
4085,M,6,4,CARDIOLOGY
4086,F,1,6,GENERAL
4087,M,7,4,CARDIOLOGY
4088,M,13,2,ORTHOPEDICS
4089,M,6,4,ORTHOPEDICS
4090,F,6,4,ORTHOPEDICS
4091,M,10,3,ORTHOPEDICS
4092,M,1,5,CARDIOLOGY
4093,M,10,4,SURGERY
4094,M,6,4,CARDIOLOGY
4095,M,11,3,SURGERY
4096,F,1,5,ORTHOPEDICS
4097,F,7,4,GENERAL
4098,F,6,4,SURGERY
4099,M,10,3,GENERAL
4100,F,1,5,GENERAL
4101,M,1,5,ORTHOPEDICS
4102,F,10,3,ORTHOPEDICS
4103,M,6,4,SURGERY
4104,M,1,6,SURGERY
4105,F,10,3,SURGERY
4106,F,6,4,SURGERY
4107,M,10,3,CARDIOLOGY
4108,M,6,4,ORTHOPEDICS
4109,M,10,3,CARDIOLOGY
4110,M,13,1,SURGERY
4111,F,6,4,SURGERY
4112,F,13,2,SURGERY
4113,M,7,4,GENERAL
4114,F,7,4,CARDIOLOGY
4115,M,13,2,CARDIOLOGY
4116,F,13,2,GENERAL
4117,M,13,3,CARDIOLOGY
4118,M,10,4,GENERAL
4119,M,7,4,GENERAL
4120,F,6,4,GENERAL
4121,F,6,4,GENERAL
4122,M,10,3,SURGERY
4123,F,1,5,CARDIOLOGY
4124,F,1,5,SURGERY
4125,F,13,3,ORTHOPEDICS
4126,M,6,4,CARDIOLOGY
4127,M,1,5,CARDIOLOGY
4128,F,13,2,ORTHOPEDICS
4129,M,10,4,GENERAL
4130,F,6,4,SURGERY
4131,F,1,5,CARDIOLOGY
4132,M,1,5,GENERAL
4133,F,10,3,CARDIOLOGY
4134,F,13,2,SURGERY
4135,M,1,5,GENERAL
4136,F,1,5,SURGERY
4137,M,1,5,GENERAL
4138,M,6,4,ORTHOPEDICS
4139,F,10,4,SURGERY
4140,M,6,4,GENERAL
4141,M,6,4,GENERAL
4142,F,1,5,GENERAL
4143,F,13,2,GENERAL
4144,M,1,5,GENERAL
4145,M,10,4,GENERAL
4146,M,7,4,ORTHOPEDICS
4147,M,1,5,CARDIOLOGY
4148,F,1,5,SURGERY
4149,F,6,4,GENERAL
4150,F,10,4,SURGERY
4151,M,6,4,GENERAL
4152,F,1,5,GENERAL
4153,F,7,4,SURGERY
4154,F,1,5,SURGERY
4155,F,10,3,ORTHOPEDICS
4156,F,6,4,GENERAL
4157,F,6,4,CARDIOLOGY
4158,F,10,4,ORTHOPEDICS
4159,M,10,3,SURGERY
4160,M,10,3,SURGERY
4161,F,10,4,GENERAL
4162,F,1,5,GENERAL
4163,F,1,5,GENERAL
4164,F,6,4,GENERAL
4165,F,1,5,GENERAL
4166,M,6,4,GENERAL
4167,F,11,3,ORTHOPEDICS
4168,F,1,5,GENERAL
4169,M,6,4,ORTHOPEDICS
4170,F,11,3,GENERAL
4171,M,10,3,CARDIOLOGY
4172,M,13,3,GENERAL
4173,M,1,6,CARDIOLOGY
4174,F,11,3,GENERAL
4175,F,13,3,ORTHOPEDICS
4176,M,11,3,GENERAL
4177,F,1,5,CARDIOLOGY
4178,F,1,5,SURGERY
4179,M,6,4,GENERAL
4180,F,10,3,GENERAL
4181,F,6,4,ORTHOPEDICS
4182,F,1,5,CARDIOLOGY
4183,F,10,4,GENERAL
4184,F,10,3,SURGERY
4185,F,1,5,ORTHOPEDICS
4186,M,10,3,CARDIOLOGY
4187,M,1,5,GENERAL
4188,F,1,5,GENERAL
4189,F,6,4,ORTHOPEDICS
4190,M,13,3,CARDIOLOGY
4191,M,11,3,CARDIOLOGY
4192,M,11,3,GENERAL
4193,F,10,3,GENERAL
4194,M,7,4,GENERAL
4195,M,11,3,GENERAL
4196,M,6,4,CARDIOLOGY
4197,M,1,6,GENERAL
4198,M,10,3,CARDIOLOGY
4199,F,7,4,CARDIOLOGY
4200,F,7,4,ORTHOPEDICS
4201,F,1,5,GENERAL
4202,F,10,4,SURGERY
4203,M,13,2,ORTHOPEDICS
4204,F,1,5,GENERAL
4205,M,10,3,CARDIOLOGY
4206,F,10,3,CARDIOLOGY
4207,M,11,3,ORTHOPEDICS
4208,M,1,6,GENERAL
4209,F,6,4,GENERAL
4210,M,10,3,SURGERY
4211,M,10,3,ORTHOPEDICS
4212,M,1,6,GENERAL
4213,F,6,4,CARDIOLOGY
4214,M,1,5,SURGERY
4215,M,1,5,GENERAL
4216,F,13,2,SURGERY
4217,F,1,5,ORTHOPEDICS
4218,F,1,7,ORTHOPEDICS
4219,M,10,3,SURGERY
4220,M,10,3,GENERAL
4221,M,1,5,GENERAL
4222,M,1,5,GENERAL
4223,M,10,3,GENERAL
4224,F,6,4,GENERAL
4225,F,11,3,CARDIOLOGY
4226,F,6,4,GENERAL
4227,M,10,4,ORTHOPEDICS
4228,F,13,2,GENERAL
4229,M,6,4,CARDIOLOGY
4230,F,10,3,GENERAL
4231,M,10,3,CARDIOLOGY
4232,M,1,5,CARDIOLOGY
4233,M,10,3,CARDIOLOGY
4234,M,10,4,CARDIOLOGY
4235,F,1,5,ORTHOPEDICS
4236,F,7,4,SURGERY
4237,F,6,4,CARDIOLOGY
4238,M,10,3,GENERAL
4239,M,7,4,ORTHOPEDICS
4240,M,7,4,GENERAL
4241,F,10,3,CARDIOLOGY
4242,F,7,4,SURGERY
4243,M,1,5,CARDIOLOGY
4244,F,10,3,GENERAL
4245,F,6,4,ORTHOPEDICS
4246,M,6,4,GENERAL
4247,F,10,3,ORTHOPEDICS
4248,F,10,3,CARDIOLOGY
4249,F,1,5,GENERAL
4250,M,10,3,ORTHOPEDICS
4251,F,6,4,GENERAL
4252,M,1,5,ORTHOPEDICS
4253,F,6,4,GENERAL
4254,M,6,4,GENERAL
4255,F,1,5,CARDIOLOGY
4256,F,1,6,CARDIOLOGY
4257,F,10,4,SURGERY
4258,F,6,4,SURGERY
4259,F,10,3,GENERAL
4260,F,1,6,SURGERY
4261,F,7,4,GENERAL
4262,M,6,4,ORTHOPEDICS
4263,M,1,5,CARDIOLOGY
4264,F,6,4,GENERAL
4265,M,1,5,ORTHOPEDICS
4266,M,7,4,GENERAL
4267,M,7,4,CARDIOLOGY
4268,M,10,3,CARDIOLOGY
4269,M,6,4,GENERAL
4270,F,6,4,ORTHOPEDICS
4271,M,13,2,GENERAL
4272,F,13,3,SURGERY
4273,F,6,4,CARDIOLOGY
4274,F,13,2,ORTHOPEDICS
4275,M,1,5,CARDIOLOGY
4276,M,10,3,SURGERY
4277,M,1,5,GENERAL
4278,M,13,3,SURGERY
4279,M,1,5,ORTHOPEDICS
4280,F,1,6,CARDIOLOGY
4281,M,6,4,GENERAL
4282,F,13,3,GENERAL
4283,F,10,4,ORTHOPEDICS
4284,F,11,3,SURGERY
4285,M,11,3,ORTHOPEDICS
4286,F,11,3,CARDIOLOGY
4287,M,13,2,SURGERY
4288,M,10,3,ORTHOPEDICS
4289,M,10,4,ORTHOPEDICS
4290,M,11,3,SURGERY
4291,F,1,5,ORTHOPEDICS
4292,M,1,5,GENERAL
4293,F,10,3,SURGERY
4294,M,1,5,SURGERY
4295,F,13,3,SURGERY
4296,F,7,4,GENERAL
4297,M,6,4,GENERAL
4298,F,13,3,CARDIOLOGY
4299,F,6,4,ORTHOPEDICS
4300,F,11,3,CARDIOLOGY
4301,F,6,4,SURGERY
4302,M,13,2,SURGERY
4303,M,6,4,GENERAL
4304,M,1,5,CARDIOLOGY
4305,M,1,5,SURGERY
4306,M,10,4,ORTHOPEDICS
4307,M,13,3,GENERAL
4308,F,13,2,CARDIOLOGY
4309,M,1,5,ORTHOPEDICS
4310,F,7,4,GENERAL
4311,F,6,4,CARDIOLOGY
4312,F,1,6,GENERAL
4313,F,6,4,GENERAL
4314,M,13,3,CARDIOLOGY
4315,F,1,5,GENERAL
4316,M,13,2,GENERAL
4317,F,10,3,ORTHOPEDICS
4318,F,1,5,GENERAL
4319,F,12,3,SURGERY
4320,F,10,4,CARDIOLOGY
4321,M,6,4,ORTHOPEDICS
4322,M,1,5,CARDIOLOGY
4323,F,10,3,SURGERY
4324,M,10,3,GENERAL
4325,M,6,4,SURGERY
4326,M,7,4,GENERAL
4327,F,10,4,CARDIOLOGY
4328,F,10,3,GENERAL
4329,F,6,4,GENERAL
4330,F,7,4,ORTHOPEDICS
4331,F,1,5,SURGERY
4332,F,1,5,GENERAL
4333,F,11,3,ORTHOPEDICS
4334,F,10,4,CARDIOLOGY
4335,M,8,4,SURGERY
4336,M,10,4,ORTHOPEDICS
4337,M,10,4,GENERAL
4338,M,7,4,SURGERY
4339,M,10,3,GENERAL
4340,F,11,3,SURGERY
4341,F,1,5,CARDIOLOGY
4342,M,1,5,ORTHOPEDICS
4343,F,13,2,GENERAL
4344,M,1,5,GENERAL
4345,F,6,4,CARDIOLOGY
4346,F,1,5,GENERAL
4347,F,11,3,ORTHOPEDICS
4348,F,6,4,ORTHOPEDICS
4349,F,6,4,ORTHOPEDICS
4350,M,6,4,GENERAL
4351,F,6,4,GENERAL
4352,F,10,3,GENERAL
4353,F,6,4,CARDIOLOGY
4354,M,6,4,GENERAL
4355,F,6,4,GENERAL
4356,F,6,4,SURGERY
4357,M,6,4,GENERAL
4358,F,1,6,GENERAL
4359,M,7,4,GENERAL
4360,M,7,4,SURGERY
4361,M,6,4,GENERAL
4362,M,6,4,GENERAL
4363,M,1,7,SURGERY
4364,M,10,3,ORTHOPEDICS
4365,F,6,4,GENERAL
4366,M,10,3,CARDIOLOGY
4367,F,1,5,CARDIOLOGY
4368,F,10,4,SURGERY
4369,F,6,5,SURGERY
4370,F,10,3,GENERAL
4371,M,10,3,SURGERY
4372,F,10,3,SURGERY
4373,F,1,5,GENERAL
4374,F,6,4,CARDIOLOGY
4375,M,12,3,GENERAL
4376,M,6,4,GENERAL
4377,M,10,3,SURGERY
4378,M,10,3,GENERAL
4379,F,10,3,GENERAL
4380,M,6,4,GENERAL
4381,M,10,4,GENERAL
4382,F,11,3,GENERAL
4383,M,13,2,CARDIOLOGY
4384,F,13,2,ORTHOPEDICS
4385,M,6,4,GENERAL
4386,F,11,3,ORTHOPEDICS
4387,F,1,5,GENERAL
4388,F,7,4,CARDIOLOGY
4389,F,1,6,GENERAL
4390,F,1,5,GENERAL
4391,F,1,5,GENERAL
4392,F,10,4,GENERAL
4393,M,10,4,GENERAL
4394,F,7,4,GENERAL
4395,M,10,4,ORTHOPEDICS
4396,M,1,5,CARDIOLOGY
4397,M,1,5,SURGERY
4398,M,1,5,GENERAL
4399,F,6,4,GENERAL
4400,M,1,5,GENERAL
4401,F,1,5,SURGERY
4402,F,11,3,GENERAL
4403,M,11,3,GENERAL
4404,M,1,6,CARDIOLOGY
4405,M,1,5,SURGERY
4406,F,7,4,ORTHOPEDICS
4407,F,1,5,CARDIOLOGY
4408,F,1,5,GENERAL
4409,M,6,4,GENERAL
4410,F,1,5,GENERAL
4411,M,7,4,GENERAL
4412,F,6,4,SURGERY
4413,M,7,4,GENERAL
4414,F,10,4,ORTHOPEDICS
4415,M,1,5,GENERAL
4416,M,7,4,GENERAL
4417,F,13,3,CARDIOLOGY
4418,M,13,2,GENERAL
4419,F,7,4,CARDIOLOGY
4420,M,10,3,GENERAL
4421,F,1,6,GENERAL
4422,M,1,5,ORTHOPEDICS
4423,F,6,4,GENERAL
4424,M,1,5,CARDIOLOGY
4425,F,10,4,SURGERY
4426,F,7,4,CARDIOLOGY
4427,M,6,4,SURGERY
4428,M,6,4,ORTHOPEDICS
4429,F,13,2,ORTHOPEDICS
4430,F,11,3,ORTHOPEDICS
4431,M,6,4,CARDIOLOGY
4432,M,11,3,CARDIOLOGY
4433,M,6,4,GENERAL
4434,M,1,5,ORTHOPEDICS
4435,F,10,3,ORTHOPEDICS
4436,F,1,5,SURGERY
4437,M,10,4,GENERAL
4438,M,13,3,CARDIOLOGY
4439,F,6,4,SURGERY
4440,M,1,5,GENERAL
4441,M,10,4,CARDIOLOGY
4442,M,6,4,SURGERY
4443,M,11,3,ORTHOPEDICS
4444,F,6,4,CARDIOLOGY
4445,M,10,4,GENERAL
4446,M,10,3,GENERAL
4447,M,1,5,GENERAL
4448,M,10,4,SURGERY
4449,F,1,5,GENERAL
4450,M,1,5,ORTHOPEDICS
4451,M,6,4,GENERAL
4452,F,1,5,GENERAL
4453,M,10,3,GENERAL
4454,F,6,4,ORTHOPEDICS
4455,F,13,2,CARDIOLOGY
4456,M,1,6,ORTHOPEDICS
4457,M,10,3,SURGERY
4458,F,7,4,ORTHOPEDICS
4459,F,1,6,GENERAL
4460,M,1,5,CARDIOLOGY
4461,F,11,3,CARDIOLOGY
4462,M,6,4,GENERAL
4463,M,6,4,SURGERY
4464,F,13,2,ORTHOPEDICS
4465,M,13,2,CARDIOLOGY
4466,F,10,3,GENERAL
4467,M,7,4,GENERAL
4468,F,10,4,GENERAL
4469,F,10,4,GENERAL
4470,F,10,4,ORTHOPEDICS
4471,F,1,5,GENERAL
4472,M,6,4,GENERAL
4473,F,6,4,GENERAL
4474,M,1,5,GENERAL
4475,M,10,4,GENERAL
4476,F,10,3,CARDIOLOGY
4477,M,6,4,CARDIOLOGY
4478,M,1,5,CARDIOLOGY
4479,F,10,3,GENERAL
4480,F,1,5,GENERAL
4481,F,6,4,ORTHOPEDICS
4482,F,11,3,GENERAL
4483,F,10,4,GENERAL
4484,M,6,4,GENERAL
4485,F,10,4,SURGERY
4486,M,7,4,CARDIOLOGY
4487,M,7,4,CARDIOLOGY
4488,F,6,4,GENERAL
4489,F,13,2,GENERAL
4490,M,6,4,CARDIOLOGY
4491,F,10,3,ORTHOPEDICS
4492,M,10,4,GENERAL
4493,F,1,6,CARDIOLOGY
4494,M,7,4,GENERAL
4495,M,6,4,ORTHOPEDICS
4496,F,6,4,CARDIOLOGY
4497,F,1,5,CARDIOLOGY
4498,F,7,4,GENERAL
4499,M,1,6,GENERAL
4500,M,1,5,SURGERY
4501,M,1,5,GENERAL
4502,M,10,3,GENERAL
4503,M,13,3,CARDIOLOGY
4504,F,11,3,ORTHOPEDICS
4505,M,7,4,GENERAL
4506,F,6,4,GENERAL
4507,F,1,5,ORTHOPEDICS
4508,F,1,5,CARDIOLOGY
4509,F,10,4,ORTHOPEDICS
4510,F,1,5,CARDIOLOGY
4511,F,10,4,GENERAL
4512,M,11,3,SURGERY
4513,M,11,3,SURGERY
4514,M,10,4,GENERAL
4515,F,13,2,GENERAL
4516,M,6,4,GENERAL
4517,F,1,5,CARDIOLOGY
4518,M,1,5,GENERAL
4519,F,1,5,SURGERY
4520,F,6,5,GENERAL
4521,F,1,5,SURGERY
4522,M,10,3,GENERAL
4523,F,10,3,ORTHOPEDICS
4524,F,1,5,GENERAL
4525,M,13,3,GENERAL
4526,M,1,5,CARDIOLOGY
4527,F,13,2,GENERAL
4528,M,1,5,SURGERY
4529,M,11,3,CARDIOLOGY
4530,M,13,1,ORTHOPEDICS
4531,M,13,2,ORTHOPEDICS
4532,F,6,4,GENERAL
4533,M,6,4,SURGERY
4534,M,6,4,SURGERY
4535,F,6,4,GENERAL
4536,M,11,3,ORTHOPEDICS
4537,F,10,3,GENERAL
4538,M,11,3,GENERAL
4539,F,6,4,GENERAL
4540,M,10,4,GENERAL
4541,F,7,4,GENERAL
4542,F,1,5,CARDIOLOGY
4543,F,12,3,SURGERY
4544,M,6,4,SURGERY
4545,M,10,4,GENERAL
4546,M,6,4,SURGERY
4547,M,1,5,GENERAL
4548,M,13,2,GENERAL
4549,F,11,3,GENERAL
4550,F,6,4,GENERAL
4551,F,11,3,ORTHOPEDICS
4552,F,6,5,CARDIOLOGY
4553,F,10,3,SURGERY
4554,F,13,2,SURGERY
4555,F,6,4,SURGERY
4556,F,1,5,SURGERY
4557,M,10,4,SURGERY
4558,F,6,4,ORTHOPEDICS
4559,F,10,3,GENERAL
4560,M,7,4,ORTHOPEDICS
4561,F,8,4,GENERAL
4562,M,1,7,GENERAL
4563,F,1,6,CARDIOLOGY
4564,M,13,2,GENERAL
4565,F,1,5,CARDIOLOGY
4566,M,13,2,SURGERY
4567,M,7,4,ORTHOPEDICS
4568,M,7,4,GENERAL
4569,M,10,3,ORTHOPEDICS
4570,M,6,4,GENERAL
4571,F,10,4,GENERAL
4572,F,6,4,CARDIOLOGY
4573,M,6,4,ORTHOPEDICS
4574,F,7,4,CARDIOLOGY
4575,M,6,4,SURGERY
4576,F,6,4,GENERAL
4577,F,13,3,GENERAL
4578,F,10,3,CARDIOLOGY
4579,M,10,4,GENERAL
4580,F,10,4,GENERAL
4581,F,10,4,SURGERY
4582,M,1,5,SURGERY
4583,M,13,3,CARDIOLOGY
4584,F,13,2,ORTHOPEDICS
4585,M,6,4,CARDIOLOGY
4586,F,6,4,ORTHOPEDICS
4587,F,13,2,ORTHOPEDICS
4588,M,6,4,ORTHOPEDICS
4589,F,1,5,CARDIOLOGY
4590,M,13,2,GENERAL
4591,F,1,5,CARDIOLOGY
4592,M,1,5,GENERAL
4593,M,6,4,CARDIOLOGY
4594,M,10,3,GENERAL
4595,M,6,4,GENERAL
4596,M,6,4,GENERAL
4597,F,1,5,GENERAL
4598,M,10,3,CARDIOLOGY
4599,F,1,6,CARDIOLOGY
4600,M,6,4,GENERAL
4601,F,10,3,GENERAL
4602,F,1,5,GENERAL
4603,F,1,5,ORTHOPEDICS
4604,M,1,6,CARDIOLOGY
4605,M,6,4,GENERAL
4606,M,13,2,SURGERY
4607,M,10,4,ORTHOPEDICS
4608,F,11,3,CARDIOLOGY
4609,M,1,5,GENERAL
4610,F,6,4,ORTHOPEDICS
4611,M,7,4,ORTHOPEDICS
4612,F,13,2,CARDIOLOGY
4613,F,6,4,GENERAL
4614,F,6,4,ORTHOPEDICS
4615,M,6,4,GENERAL
4616,M,1,5,GENERAL
4617,F,1,5,CARDIOLOGY
4618,F,10,3,SURGERY
4619,M,1,5,GENERAL
4620,F,10,3,CARDIOLOGY
4621,M,1,5,GENERAL
4622,M,1,6,GENERAL
4623,M,10,3,SURGERY
4624,F,6,4,GENERAL
4625,M,10,4,SURGERY
4626,F,1,6,GENERAL
4627,F,10,3,ORTHOPEDICS
4628,F,10,4,CARDIOLOGY
4629,F,1,5,GENERAL
4630,F,6,4,GENERAL
4631,M,7,4,CARDIOLOGY
4632,F,10,3,CARDIOLOGY
4633,M,10,3,SURGERY
4634,M,1,5,ORTHOPEDICS
4635,F,7,4,GENERAL
4636,M,7,4,CARDIOLOGY
4637,F,6,4,SURGERY
4638,M,13,2,CARDIOLOGY
4639,M,13,2,CARDIOLOGY
4640,M,6,4,SURGERY
4641,F,10,4,SURGERY
4642,F,11,3,GENERAL
4643,M,10,4,GENERAL
4644,M,1,6,GENERAL
4645,F,1,6,ORTHOPEDICS
4646,M,7,4,GENERAL
4647,F,13,2,SURGERY
4648,M,1,6,ORTHOPEDICS
4649,M,1,5,GENERAL
4650,F,7,4,GENERAL
4651,M,10,4,GENERAL
4652,F,10,3,GENERAL
4653,M,6,4,GENERAL
4654,M,10,3,SURGERY
4655,M,1,6,ORTHOPEDICS
4656,F,1,5,SURGERY
4657,F,13,2,GENERAL
4658,M,13,3,SURGERY
4659,M,1,5,SURGERY
4660,F,10,3,SURGERY
4661,M,11,3,ORTHOPEDICS
4662,M,1,7,CARDIOLOGY
4663,F,1,5,GENERAL
4664,F,10,3,ORTHOPEDICS
4665,M,1,5,ORTHOPEDICS
4666,F,10,4,SURGERY
4667,M,10,4,ORTHOPEDICS
4668,F,10,3,GENERAL
4669,M,1,6,GENERAL
4670,M,13,3,CARDIOLOGY
4671,F,7,4,SURGERY
4672,F,11,3,ORTHOPEDICS
4673,M,1,5,SURGERY
4674,F,6,4,GENERAL
4675,M,10,3,GENERAL
4676,F,6,4,GENERAL
4677,F,10,3,GENERAL
4678,F,1,5,CARDIOLOGY
4679,F,6,4,SURGERY
4680,F,1,5,GENERAL
4681,M,11,3,CARDIOLOGY
4682,M,1,7,GENERAL
4683,F,10,3,SURGERY
4684,M,10,3,GENERAL
4685,M,6,4,GENERAL
4686,M,1,5,SURGERY
4687,M,7,4,SURGERY
4688,F,1,5,GENERAL
4689,M,8,4,GENERAL
4690,F,1,5,ORTHOPEDICS
4691,M,1,5,SURGERY
4692,M,13,3,CARDIOLOGY
4693,M,1,5,GENERAL
4694,M,1,5,GENERAL
4695,M,7,4,SURGERY
4696,F,11,3,ORTHOPEDICS
4697,M,1,5,CARDIOLOGY
4698,F,1,6,CARDIOLOGY
4699,M,6,4,GENERAL
4700,M,13,2,ORTHOPEDICS
4701,M,1,5,GENERAL
4702,F,1,5,GENERAL
4703,F,10,3,SURGERY
4704,M,1,6,GENERAL
4705,M,1,5,CARDIOLOGY
4706,F,7,4,CARDIOLOGY
4707,F,6,4,CARDIOLOGY
4708,M,13,2,CARDIOLOGY
4709,M,6,4,CARDIOLOGY
4710,F,11,3,CARDIOLOGY
4711,M,1,6,GENERAL
4712,F,10,3,CARDIOLOGY
4713,F,7,4,CARDIOLOGY
4714,M,6,4,GENERAL
4715,M,13,2,GENERAL
4716,M,6,4,ORTHOPEDICS
4717,F,7,4,GENERAL
4718,M,1,6,GENERAL
4719,F,1,5,ORTHOPEDICS
4720,F,10,3,GENERAL
4721,M,1,5,SURGERY
4722,M,11,3,CARDIOLOGY
4723,F,11,3,GENERAL
4724,M,1,5,SURGERY
4725,F,10,4,GENERAL
4726,F,1,6,ORTHOPEDICS
4727,F,12,3,GENERAL
4728,M,10,3,GENERAL
4729,F,1,6,GENERAL
4730,F,10,4,GENERAL
4731,M,10,4,CARDIOLOGY
4732,M,13,2,SURGERY
4733,M,7,4,GENERAL
4734,F,10,3,SURGERY
4735,F,1,5,SURGERY
4736,M,6,4,GENERAL
4737,M,1,5,GENERAL
4738,M,7,4,GENERAL
4739,F,10,3,SURGERY
4740,M,10,3,CARDIOLOGY
4741,F,6,4,SURGERY
4742,F,10,3,GENERAL
4743,M,1,7,CARDIOLOGY
4744,F,1,5,GENERAL
4745,M,6,4,SURGERY
4746,M,13,2,CARDIOLOGY
4747,F,1,5,ORTHOPEDICS
4748,M,6,4,ORTHOPEDICS
4749,M,8,4,CARDIOLOGY
4750,F,10,3,ORTHOPEDICS
4751,M,1,5,ORTHOPEDICS
4752,F,10,3,CARDIOLOGY
4753,F,7,4,GENERAL
4754,M,1,5,SURGERY
4755,F,13,2,SURGERY
4756,M,6,4,GENERAL
4757,M,10,3,SURGERY
4758,M,1,5,SURGERY
4759,M,10,3,CARDIOLOGY
4760,M,6,4,CARDIOLOGY
4761,F,6,4,ORTHOPEDICS
4762,F,10,4,GENERAL
4763,F,7,4,GENERAL
4764,M,10,3,GENERAL
4765,F,11,3,ORTHOPEDICS
4766,M,10,4,CARDIOLOGY
4767,M,10,3,ORTHOPEDICS
4768,F,11,3,ORTHOPEDICS
4769,F,13,2,GENERAL
4770,M,10,3,CARDIOLOGY
4771,F,10,4,CARDIOLOGY
4772,F,10,3,ORTHOPEDICS
4773,M,1,5,CARDIOLOGY
4774,M,10,3,SURGERY
4775,M,6,4,GENERAL
4776,F,6,4,GENERAL
4777,F,10,3,GENERAL
4778,F,11,3,CARDIOLOGY
4779,M,10,3,GENERAL
4780,F,1,6,CARDIOLOGY
4781,M,6,4,ORTHOPEDICS
4782,F,1,5,SURGERY
4783,F,1,5,GENERAL
4784,M,13,2,CARDIOLOGY
4785,F,13,3,CARDIOLOGY
4786,M,1,6,GENERAL
4787,M,1,5,CARDIOLOGY
4788,M,6,4,ORTHOPEDICS
4789,F,1,6,ORTHOPEDICS
4790,M,6,4,GENERAL
4791,M,10,4,CARDIOLOGY
4792,F,6,4,GENERAL
4793,F,1,5,CARDIOLOGY
4794,M,10,4,ORTHOPEDICS
4795,F,10,3,ORTHOPEDICS
4796,M,10,3,GENERAL
4797,F,6,4,ORTHOPEDICS
4798,M,11,3,SURGERY
4799,M,1,5,ORTHOPEDICS
4800,M,10,4,GENERAL
4801,F,1,5,ORTHOPEDICS
4802,M,6,4,CARDIOLOGY
4803,F,10,4,GENERAL
4804,F,13,2,GENERAL
4805,F,1,5,CARDIOLOGY
4806,F,7,4,GENERAL
4807,F,11,3,SURGERY
4808,F,10,3,ORTHOPEDICS
4809,M,1,5,CARDIOLOGY
4810,F,7,4,ORTHOPEDICS
4811,M,10,3,GENERAL
4812,F,11,3,ORTHOPEDICS
4813,M,1,5,ORTHOPEDICS
4814,M,6,4,GENERAL
4815,M,6,4,GENERAL
4816,F,6,4,CARDIOLOGY
4817,M,1,5,GENERAL
4818,F,1,5,GENERAL
4819,F,10,3,GENERAL
4820,F,13,3,SURGERY
4821,M,11,3,CARDIOLOGY
4822,M,13,1,GENERAL
4823,M,1,5,CARDIOLOGY
4824,M,1,5,ORTHOPEDICS
4825,F,10,4,ORTHOPEDICS
4826,F,13,2,ORTHOPEDICS
4827,M,13,2,ORTHOPEDICS
4828,F,11,3,GENERAL
4829,M,13,3,GENERAL
4830,M,1,5,ORTHOPEDICS
4831,M,1,5,CARDIOLOGY
4832,F,6,4,GENERAL
4833,F,6,4,SURGERY
4834,F,6,4,GENERAL
4835,M,10,3,CARDIOLOGY
4836,M,11,3,GENERAL
4837,M,11,3,GENERAL
4838,M,13,2,GENERAL
4839,M,10,3,CARDIOLOGY
4840,F,6,4,SURGERY
4841,F,10,3,GENERAL
4842,F,1,5,SURGERY
4843,M,6,4,GENERAL
4844,M,10,3,CARDIOLOGY
4845,F,6,4,GENERAL
4846,F,10,3,ORTHOPEDICS
4847,M,1,5,ORTHOPEDICS
4848,F,1,5,GENERAL
4849,F,10,4,GENERAL
4850,M,6,5,CARDIOLOGY
4851,M,1,5,GENERAL
4852,M,10,3,GENERAL
4853,F,10,3,GENERAL
4854,M,1,5,SURGERY
4855,F,1,5,SURGERY
4856,F,10,4,CARDIOLOGY
4857,F,1,5,GENERAL
4858,M,6,4,ORTHOPEDICS
4859,F,6,4,GENERAL
4860,F,6,4,CARDIOLOGY
4861,F,13,3,GENERAL
4862,F,1,5,GENERAL
4863,F,13,3,GENERAL
4864,F,11,3,GENERAL
4865,F,10,4,ORTHOPEDICS
4866,M,7,4,CARDIOLOGY
4867,M,10,3,CARDIOLOGY
4868,F,1,6,GENERAL
4869,M,13,2,ORTHOPEDICS
4870,F,10,3,SURGERY
4871,M,11,3,GENERAL
4872,F,11,3,SURGERY
4873,F,10,3,CARDIOLOGY
4874,F,11,3,CARDIOLOGY
4875,F,11,3,GENERAL
4876,F,6,4,GENERAL
4877,F,10,3,GENERAL
4878,M,10,3,GENERAL
4879,F,6,4,CARDIOLOGY
4880,M,1,5,SURGERY
4881,F,13,2,CARDIOLOGY
4882,F,7,4,SURGERY
4883,M,1,5,GENERAL
4884,M,1,5,GENERAL
4885,M,7,4,GENERAL
4886,M,6,4,GENERAL
4887,M,1,6,GENERAL
4888,M,6,4,GENERAL
4889,M,6,4,GENERAL
4890,M,6,4,CARDIOLOGY
4891,F,13,3,ORTHOPEDICS
4892,M,1,5,CARDIOLOGY
4893,F,6,4,ORTHOPEDICS
4894,M,1,5,GENERAL
4895,F,6,4,ORTHOPEDICS
4896,F,10,3,GENERAL
4897,F,6,5,CARDIOLOGY
4898,M,11,3,GENERAL
4899,F,10,3,GENERAL
4900,F,1,6,ORTHOPEDICS
4901,M,11,3,ORTHOPEDICS
4902,F,10,4,GENERAL
4903,F,1,5,SURGERY
4904,F,1,5,SURGERY
4905,F,6,4,GENERAL
4906,F,6,4,SURGERY
4907,F,1,5,CARDIOLOGY
4908,F,7,4,ORTHOPEDICS
4909,F,1,5,SURGERY
4910,M,6,4,ORTHOPEDICS
4911,M,1,5,ORTHOPEDICS
4912,M,7,4,CARDIOLOGY
4913,M,10,4,GENERAL
4914,F,1,5,GENERAL
4915,M,6,4,GENERAL
4916,M,1,6,CARDIOLOGY
4917,M,7,4,ORTHOPEDICS
4918,M,11,3,GENERAL
4919,M,6,4,GENERAL
4920,M,1,6,GENERAL
4921,F,1,5,GENERAL
4922,M,10,4,ORTHOPEDICS
4923,F,1,6,GENERAL
4924,F,10,3,ORTHOPEDICS
4925,M,11,3,GENERAL
4926,F,13,2,SURGERY
4927,M,10,3,GENERAL
4928,F,6,4,GENERAL
4929,M,6,4,SURGERY
4930,F,13,1,SURGERY
4931,M,1,5,ORTHOPEDICS
4932,F,13,2,ORTHOPEDICS
4933,F,11,3,GENERAL
4934,F,6,4,CARDIOLOGY
4935,F,1,6,ORTHOPEDICS
4936,F,1,5,SURGERY
4937,F,10,3,CARDIOLOGY
4938,F,13,2,GENERAL
4939,F,13,3,GENERAL
4940,F,1,5,ORTHOPEDICS
4941,F,7,4,ORTHOPEDICS
4942,F,1,5,GENERAL
4943,F,6,4,SURGERY
4944,M,11,3,SURGERY
4945,F,7,4,CARDIOLOGY
4946,M,13,2,ORTHOPEDICS
4947,M,6,4,CARDIOLOGY
4948,M,1,6,SURGERY
4949,M,1,5,CARDIOLOGY
4950,F,6,4,GENERAL
4951,F,6,4,GENERAL
4952,M,1,6,CARDIOLOGY
4953,F,10,4,ORTHOPEDICS
4954,M,1,5,GENERAL
4955,M,6,4,ORTHOPEDICS
4956,F,6,4,ORTHOPEDICS
4957,F,13,2,CARDIOLOGY
4958,M,13,3,GENERAL
4959,F,11,3,CARDIOLOGY
4960,M,11,3,SURGERY
4961,M,1,5,CARDIOLOGY
4962,M,13,2,ORTHOPEDICS
4963,M,10,4,ORTHOPEDICS
4964,M,11,3,GENERAL
4965,M,1,5,ORTHOPEDICS
4966,M,11,3,GENERAL
4967,M,6,4,GENERAL
4968,M,1,5,CARDIOLOGY
4969,M,10,4,GENERAL
4970,M,1,5,ORTHOPEDICS
4971,M,1,5,SURGERY
4972,M,6,4,ORTHOPEDICS
4973,M,1,5,SURGERY
4974,M,13,3,GENERAL
4975,M,7,4,SURGERY
4976,M,1,5,SURGERY
4977,M,13,2,GENERAL
4978,M,8,4,GENERAL
4979,F,11,3,GENERAL
4980,M,7,4,GENERAL
4981,M,1,6,GENERAL
4982,M,13,2,CARDIOLOGY
4983,F,6,4,GENERAL
4984,F,6,4,GENERAL
4985,M,6,4,GENERAL
4986,M,1,5,CARDIOLOGY
4987,M,1,5,ORTHOPEDICS
4988,M,10,4,GENERAL
4989,M,13,2,GENERAL
4990,M,6,4,CARDIOLOGY
4991,F,7,4,SURGERY
4992,F,1,5,GENERAL
4993,F,11,3,ORTHOPEDICS
4994,F,10,3,CARDIOLOGY
4995,M,1,5,GENERAL
4996,M,10,3,GENERAL
4997,M,1,5,ORTHOPEDICS
4998,M,1,5,GENERAL
4999,F,6,4,CARDIOLOGY
5000,F,6,4,GENERAL
5001,M,1,5,SURGERY
5002,M,1,5,GENERAL
5003,F,6,4,CARDIOLOGY
5004,F,6,4,GENERAL
5005,F,10,4,GENERAL
5006,F,6,4,CARDIOLOGY
5007,M,6,4,GENERAL
5008,F,8,4,ORTHOPEDICS
5009,M,13,3,ORTHOPEDICS
5010,M,6,4,SURGERY
5011,M,10,3,ORTHOPEDICS
5012,F,6,4,CARDIOLOGY
5013,M,1,6,ORTHOPEDICS
5014,M,6,4,GENERAL
5015,F,7,4,SURGERY
5016,F,13,1,GENERAL
5017,M,6,4,GENERAL
5018,F,13,2,CARDIOLOGY
5019,F,7,4,CARDIOLOGY
5020,F,6,4,GENERAL
5021,F,1,5,SURGERY
5022,F,7,4,SURGERY
5023,M,6,4,CARDIOLOGY
5024,M,1,5,GENERAL
5025,M,6,4,CARDIOLOGY
5026,F,1,5,CARDIOLOGY
5027,M,1,5,SURGERY
5028,M,6,4,GENERAL
5029,M,6,4,GENERAL
5030,M,6,5,ORTHOPEDICS
5031,F,11,3,GENERAL
5032,F,6,4,GENERAL
5033,F,10,3,GENERAL
5034,M,10,3,SURGERY
5035,M,8,4,CARDIOLOGY
5036,M,6,4,CARDIOLOGY
5037,M,10,4,GENERAL
5038,M,1,5,ORTHOPEDICS
5039,F,1,5,GENERAL
5040,F,1,5,GENERAL
5041,M,6,5,ORTHOPEDICS
5042,M,13,2,ORTHOPEDICS
5043,F,1,5,GENERAL
5044,F,1,6,SURGERY
5045,F,13,2,GENERAL
5046,F,13,3,GENERAL
5047,F,7,4,CARDIOLOGY
5048,F,6,4,ORTHOPEDICS
5049,M,6,4,GENERAL
5050,F,6,4,ORTHOPEDICS
5051,F,1,5,CARDIOLOGY
5052,M,6,4,GENERAL
5053,M,8,4,CARDIOLOGY
5054,M,13,2,GENERAL
5055,M,7,4,ORTHOPEDICS
5056,F,1,6,SURGERY
5057,F,10,3,GENERAL
5058,F,13,2,SURGERY
5059,F,10,3,GENERAL
5060,M,1,6,ORTHOPEDICS
5061,M,1,5,ORTHOPEDICS
5062,M,1,5,ORTHOPEDICS
5063,M,6,4,ORTHOPEDICS
5064,M,7,4,ORTHOPEDICS
5065,M,10,3,ORTHOPEDICS
5066,M,6,4,GENERAL
5067,M,6,4,CARDIOLOGY
5068,M,10,4,GENERAL
5069,F,1,6,SURGERY
5070,F,10,3,CARDIOLOGY
5071,M,1,5,SURGERY
5072,F,1,5,CARDIOLOGY
5073,M,6,4,GENERAL
5074,F,7,4,CARDIOLOGY
5075,M,10,4,SURGERY
5076,M,6,4,CARDIOLOGY
5077,M,6,4,SURGERY
5078,M,11,3,SURGERY
5079,M,6,4,GENERAL
5080,F,6,4,CARDIOLOGY
5081,F,13,2,ORTHOPEDICS
5082,F,10,3,GENERAL
5083,M,10,3,CARDIOLOGY
5084,M,10,4,GENERAL
5085,F,10,4,SURGERY
5086,M,10,3,CARDIOLOGY
5087,F,1,5,GENERAL
5088,M,10,4,ORTHOPEDICS
5089,F,13,3,ORTHOPEDICS
5090,F,6,4,ORTHOPEDICS
5091,M,13,2,ORTHOPEDICS
5092,F,13,2,ORTHOPEDICS
5093,F,13,2,CARDIOLOGY
5094,M,1,5,CARDIOLOGY
5095,F,11,3,GENERAL
5096,F,6,4,GENERAL
5097,F,10,3,ORTHOPEDICS
5098,M,1,5,GENERAL
5099,F,11,3,CARDIOLOGY
5100,M,1,5,SURGERY
5101,F,6,4,GENERAL
5102,M,6,4,SURGERY
5103,M,1,5,GENERAL
5104,M,1,5,ORTHOPEDICS
5105,F,10,3,ORTHOPEDICS
5106,F,1,5,SURGERY
5107,F,11,3,SURGERY
5108,F,10,3,ORTHOPEDICS
5109,M,13,2,CARDIOLOGY
5110,M,6,4,ORTHOPEDICS
5111,F,13,3,SURGERY
5112,M,6,4,CARDIOLOGY
5113,M,10,3,SURGERY
5114,M,1,5,CARDIOLOGY
5115,F,11,3,CARDIOLOGY
5116,F,1,6,GENERAL
5117,M,1,5,ORTHOPEDICS
5118,F,6,4,ORTHOPEDICS
5119,F,13,3,GENERAL
5120,M,10,4,ORTHOPEDICS
5121,M,12,3,GENERAL
5122,M,10,3,CARDIOLOGY
5123,F,10,4,SURGERY
5124,M,1,5,GENERAL
5125,M,11,3,ORTHOPEDICS
5126,M,6,4,CARDIOLOGY
5127,M,1,5,CARDIOLOGY
5128,M,13,2,ORTHOPEDICS
5129,F,6,4,ORTHOPEDICS
5130,M,11,3,SURGERY
5131,M,1,6,CARDIOLOGY
5132,F,1,5,ORTHOPEDICS
5133,M,7,4,CARDIOLOGY
5134,F,11,3,GENERAL
5135,F,6,4,CARDIOLOGY
5136,F,6,4,SURGERY
5137,M,7,4,GENERAL
5138,M,10,4,CARDIOLOGY
5139,F,11,3,CARDIOLOGY
5140,M,10,3,GENERAL
5141,M,7,4,GENERAL
5142,M,1,5,ORTHOPEDICS
5143,M,13,2,GENERAL
5144,M,8,4,CARDIOLOGY
5145,F,6,4,CARDIOLOGY
5146,F,10,3,GENERAL
5147,M,1,5,CARDIOLOGY
5148,F,6,4,CARDIOLOGY
5149,M,6,4,GENERAL
5150,F,6,4,CARDIOLOGY
5151,M,7,4,SURGERY
5152,M,10,4,CARDIOLOGY
5153,F,6,4,ORTHOPEDICS
5154,M,6,4,GENERAL
5155,M,1,7,ORTHOPEDICS
5156,F,13,3,GENERAL
5157,M,10,4,SURGERY
5158,F,1,5,ORTHOPEDICS
5159,M,6,5,CARDIOLOGY
5160,F,10,3,CARDIOLOGY
5161,M,6,4,SURGERY
5162,F,6,5,GENERAL
5163,M,1,5,GENERAL
5164,M,6,4,CARDIOLOGY
5165,F,1,5,GENERAL
5166,M,1,5,GENERAL
5167,M,6,4,GENERAL
5168,M,1,6,GENERAL
5169,F,1,6,CARDIOLOGY
5170,F,10,3,SURGERY
5171,M,6,4,ORTHOPEDICS
5172,F,11,3,SURGERY
5173,F,6,4,GENERAL
5174,F,13,3,GENERAL
5175,M,6,4,CARDIOLOGY
5176,M,1,5,GENERAL
5177,F,11,3,ORTHOPEDICS
5178,M,6,4,ORTHOPEDICS
5179,F,10,4,SURGERY
5180,F,13,2,GENERAL
5181,F,11,3,GENERAL
5182,M,13,2,SURGERY
5183,F,10,3,SURGERY
5184,F,6,4,CARDIOLOGY
5185,M,1,6,GENERAL
5186,F,10,4,ORTHOPEDICS
5187,F,10,3,GENERAL
5188,M,1,5,GENERAL
5189,M,7,4,GENERAL
5190,F,1,5,ORTHOPEDICS
5191,M,13,2,GENERAL
5192,F,6,4,ORTHOPEDICS
5193,M,1,5,SURGERY
5194,F,11,3,SURGERY
5195,F,1,5,CARDIOLOGY
5196,F,11,3,GENERAL
5197,F,10,4,GENERAL
5198,F,13,2,GENERAL
5199,M,1,6,CARDIOLOGY
5200,M,6,4,SURGERY
5201,F,6,4,GENERAL
5202,M,6,4,ORTHOPEDICS
5203,M,10,3,GENERAL
5204,F,1,7,SURGERY
5205,F,10,3,ORTHOPEDICS
5206,F,12,3,GENERAL
5207,M,6,4,CARDIOLOGY
5208,M,1,5,GENERAL
5209,M,1,5,CARDIOLOGY
5210,M,1,5,ORTHOPEDICS
5211,F,10,4,GENERAL
5212,F,1,5,GENERAL
5213,M,6,4,SURGERY
5214,M,10,4,GENERAL
5215,F,11,3,CARDIOLOGY
5216,F,6,4,SURGERY
5217,M,1,6,ORTHOPEDICS
5218,M,6,4,SURGERY
5219,M,10,3,GENERAL
5220,M,1,5,GENERAL
5221,M,7,4,SURGERY
5222,F,10,4,SURGERY
5223,F,10,3,GENERAL
5224,F,11,3,ORTHOPEDICS
5225,M,1,5,GENERAL
5226,M,6,4,GENERAL
5227,F,6,4,GENERAL
5228,F,1,5,SURGERY
5229,M,10,4,GENERAL
5230,F,1,5,SURGERY
5231,F,13,2,GENERAL
5232,M,1,6,GENERAL
5233,F,10,4,GENERAL
5234,F,10,4,GENERAL
5235,M,13,2,CARDIOLOGY
5236,F,13,3,GENERAL
5237,M,1,5,GENERAL
5238,F,10,3,GENERAL
5239,M,6,4,ORTHOPEDICS
5240,M,6,4,SURGERY
5241,F,11,3,SURGERY
5242,F,6,4,GENERAL
5243,M,1,5,GENERAL
5244,F,6,4,GENERAL
5245,F,1,5,GENERAL
5246,F,6,4,GENERAL
5247,F,11,3,ORTHOPEDICS
5248,F,8,4,GENERAL
5249,F,11,3,SURGERY
5250,M,1,6,GENERAL
5251,M,1,5,GENERAL
5252,M,1,7,CARDIOLOGY
5253,F,10,3,SURGERY
5254,F,1,5,SURGERY
5255,M,7,4,ORTHOPEDICS
5256,F,1,5,CARDIOLOGY
5257,M,7,4,GENERAL
5258,F,7,4,GENERAL
5259,F,6,4,CARDIOLOGY
5260,F,1,5,GENERAL
5261,M,6,4,ORTHOPEDICS
5262,M,1,5,ORTHOPEDICS
5263,F,1,5,GENERAL
5264,M,1,5,SURGERY
5265,M,10,4,SURGERY
5266,M,10,3,GENERAL
5267,M,1,5,SURGERY
5268,M,6,4,SURGERY
5269,F,13,2,GENERAL
5270,F,6,4,CARDIOLOGY
5271,F,1,5,SURGERY
5272,M,1,6,GENERAL
5273,F,6,5,SURGERY
5274,M,6,5,SURGERY
5275,M,1,5,SURGERY
5276,F,6,4,GENERAL
5277,M,7,4,GENERAL
5278,M,1,5,ORTHOPEDICS
5279,F,10,3,CARDIOLOGY
5280,F,6,4,ORTHOPEDICS
5281,M,12,3,ORTHOPEDICS
5282,M,7,4,GENERAL
5283,M,13,2,CARDIOLOGY
5284,F,13,2,GENERAL
5285,M,7,4,ORTHOPEDICS
5286,M,1,5,CARDIOLOGY
5287,F,1,5,SURGERY
5288,F,10,3,GENERAL
5289,F,1,6,GENERAL
5290,F,6,4,GENERAL
5291,F,1,5,GENERAL
5292,M,7,4,CARDIOLOGY
5293,F,6,4,ORTHOPEDICS
5294,F,1,5,GENERAL
5295,F,10,4,GENERAL
5296,M,11,3,SURGERY
5297,M,10,4,GENERAL
5298,M,1,5,GENERAL
5299,M,6,4,ORTHOPEDICS
5300,M,10,3,SURGERY
5301,M,13,2,GENERAL
5302,F,13,3,GENERAL
5303,M,13,2,GENERAL
5304,F,10,3,GENERAL
5305,F,6,4,CARDIOLOGY
5306,M,10,3,ORTHOPEDICS
5307,F,6,4,SURGERY
5308,M,1,6,SURGERY
5309,F,1,5,GENERAL
5310,M,10,3,ORTHOPEDICS
5311,F,6,4,GENERAL
5312,F,1,5,GENERAL
5313,F,10,3,CARDIOLOGY
5314,F,6,4,CARDIOLOGY
5315,M,6,4,SURGERY
5316,F,1,6,SURGERY
5317,M,11,3,CARDIOLOGY
5318,F,1,5,GENERAL
5319,M,10,3,ORTHOPEDICS
5320,M,11,3,SURGERY
5321,M,1,6,GENERAL
5322,M,7,4,GENERAL
5323,F,1,6,GENERAL
5324,F,10,3,SURGERY
5325,F,1,5,GENERAL
5326,M,6,4,SURGERY
5327,F,1,5,CARDIOLOGY
5328,M,1,5,GENERAL
5329,M,10,4,CARDIOLOGY
5330,M,1,6,GENERAL
5331,F,1,5,SURGERY
5332,F,6,4,GENERAL
5333,F,6,4,SURGERY
5334,M,6,4,CARDIOLOGY
5335,M,6,4,CARDIOLOGY
5336,M,10,3,GENERAL
5337,M,10,4,SURGERY
5338,M,13,1,ORTHOPEDICS
5339,F,1,5,GENERAL
5340,F,11,3,GENERAL
5341,F,1,5,GENERAL
5342,M,6,4,ORTHOPEDICS
5343,M,10,3,SURGERY
5344,M,13,3,GENERAL
5345,F,10,4,CARDIOLOGY
5346,M,11,3,CARDIOLOGY
5347,F,1,6,SURGERY
5348,F,10,3,CARDIOLOGY
5349,F,10,3,CARDIOLOGY
5350,M,11,3,GENERAL
5351,F,10,3,SURGERY
5352,F,6,4,ORTHOPEDICS
5353,F,1,5,ORTHOPEDICS
5354,F,1,5,GENERAL
5355,M,10,3,ORTHOPEDICS
5356,M,1,5,SURGERY
5357,F,6,4,ORTHOPEDICS
5358,M,1,5,GENERAL
5359,M,1,5,GENERAL
5360,F,7,4,GENERAL
5361,F,10,3,GENERAL
5362,F,1,6,ORTHOPEDICS
5363,F,10,4,GENERAL
5364,M,12,3,ORTHOPEDICS
5365,M,1,5,SURGERY
5366,M,13,2,GENERAL
5367,M,1,6,SURGERY
5368,F,1,6,SURGERY
5369,M,1,6,GENERAL
5370,M,10,3,SURGERY
5371,M,10,4,CARDIOLOGY
5372,M,1,5,ORTHOPEDICS
5373,M,6,4,ORTHOPEDICS
5374,F,1,5,ORTHOPEDICS
5375,F,6,4,SURGERY
5376,M,1,6,CARDIOLOGY
5377,F,1,5,GENERAL
5378,M,10,3,SURGERY
5379,M,6,4,ORTHOPEDICS
5380,M,10,3,CARDIOLOGY
5381,M,13,2,SURGERY
5382,F,10,4,CARDIOLOGY
5383,M,13,2,ORTHOPEDICS
5384,F,6,4,GENERAL
5385,F,13,3,CARDIOLOGY
5386,M,10,3,SURGERY
5387,F,10,3,GENERAL
5388,F,1,5,GENERAL
5389,F,10,4,SURGERY
5390,F,11,3,CARDIOLOGY
5391,M,6,4,ORTHOPEDICS
5392,M,1,5,ORTHOPEDICS
5393,M,6,4,ORTHOPEDICS
5394,F,13,3,GENERAL
5395,M,10,3,CARDIOLOGY
5396,F,13,2,CARDIOLOGY
5397,M,6,4,GENERAL
5398,F,11,3,GENERAL
5399,F,1,6,CARDIOLOGY
5400,M,6,4,ORTHOPEDICS
5401,M,6,4,SURGERY
5402,M,10,3,ORTHOPEDICS
5403,F,1,5,CARDIOLOGY
5404,F,13,2,ORTHOPEDICS
5405,M,10,3,SURGERY
5406,F,10,4,CARDIOLOGY
5407,F,6,4,SURGERY
5408,M,1,5,CARDIOLOGY
5409,F,1,5,GENERAL
5410,F,6,4,GENERAL
5411,M,10,3,SURGERY
5412,F,1,6,ORTHOPEDICS
5413,F,6,4,GENERAL
5414,M,12,3,SURGERY
5415,F,1,5,SURGERY
5416,M,1,5,GENERAL
5417,M,13,2,GENERAL
5418,M,10,4,ORTHOPEDICS
5419,F,10,3,ORTHOPEDICS
5420,M,6,4,GENERAL
5421,F,1,5,GENERAL
5422,F,6,4,GENERAL
5423,F,6,4,ORTHOPEDICS
5424,F,10,4,GENERAL
5425,M,11,3,CARDIOLOGY
5426,F,6,4,GENERAL
5427,F,10,3,SURGERY
5428,M,7,4,CARDIOLOGY
5429,F,6,4,ORTHOPEDICS
5430,M,1,5,SURGERY
5431,F,10,4,ORTHOPEDICS
5432,F,10,4,GENERAL
5433,F,1,5,CARDIOLOGY
5434,F,6,4,ORTHOPEDICS
5435,M,1,5,ORTHOPEDICS
5436,F,1,6,GENERAL
5437,F,1,5,SURGERY
5438,F,1,5,GENERAL
5439,M,1,5,CARDIOLOGY
5440,F,12,3,CARDIOLOGY
5441,M,6,4,ORTHOPEDICS
5442,F,6,5,GENERAL
5443,M,6,4,GENERAL
5444,F,1,5,GENERAL
5445,F,13,3,CARDIOLOGY
5446,F,6,4,GENERAL
5447,F,13,2,GENERAL
5448,F,10,3,GENERAL
5449,F,6,4,GENERAL
5450,F,1,6,CARDIOLOGY
5451,M,6,4,SURGERY
5452,M,1,6,SURGERY
5453,F,10,4,GENERAL
5454,M,10,4,GENERAL
5455,F,10,3,SURGERY
5456,F,10,3,SURGERY
5457,M,10,3,SURGERY
5458,M,1,5,ORTHOPEDICS
5459,F,10,3,GENERAL
5460,M,1,6,CARDIOLOGY
5461,F,11,3,SURGERY
5462,F,10,3,SURGERY
5463,F,13,2,CARDIOLOGY
5464,M,10,3,SURGERY
5465,F,6,4,CARDIOLOGY
5466,M,10,3,CARDIOLOGY
5467,M,1,5,CARDIOLOGY
5468,M,10,3,GENERAL
5469,M,10,3,ORTHOPEDICS
5470,F,10,3,ORTHOPEDICS
5471,F,13,2,ORTHOPEDICS
5472,F,6,4,GENERAL
5473,M,10,3,GENERAL
5474,F,10,4,GENERAL
5475,F,1,6,GENERAL
5476,F,1,6,SURGERY
5477,F,1,5,GENERAL
5478,M,13,2,SURGERY
5479,F,6,4,ORTHOPEDICS
5480,F,1,5,GENERAL
5481,M,1,6,CARDIOLOGY
5482,F,11,3,GENERAL
5483,M,10,3,GENERAL
5484,F,6,4,GENERAL
5485,M,10,4,ORTHOPEDICS
5486,M,10,4,GENERAL
5487,F,10,3,CARDIOLOGY
5488,F,1,5,SURGERY
5489,F,6,4,SURGERY
5490,F,10,4,ORTHOPEDICS
5491,F,1,5,SURGERY
5492,M,10,3,GENERAL
5493,F,6,4,SURGERY
5494,F,10,4,ORTHOPEDICS
5495,M,1,5,CARDIOLOGY
5496,F,7,4,CARDIOLOGY
5497,M,6,4,SURGERY
5498,M,1,5,CARDIOLOGY
5499,M,13,3,SURGERY
5500,M,1,6,SURGERY
5501,M,1,5,ORTHOPEDICS
5502,F,10,4,CARDIOLOGY
5503,M,11,3,GENERAL
5504,M,6,4,ORTHOPEDICS
5505,M,13,3,CARDIOLOGY
5506,M,6,4,GENERAL
5507,F,6,4,GENERAL
5508,M,6,4,GENERAL
5509,M,10,3,GENERAL
5510,F,11,3,GENERAL
5511,F,10,3,SURGERY
5512,F,10,3,GENERAL
5513,F,10,4,GENERAL
5514,F,6,4,GENERAL
5515,M,1,5,ORTHOPEDICS
5516,F,1,5,SURGERY
5517,M,1,6,CARDIOLOGY
5518,F,10,3,ORTHOPEDICS
5519,F,1,5,GENERAL
5520,M,1,5,CARDIOLOGY
5521,F,7,4,ORTHOPEDICS
5522,M,10,3,GENERAL
5523,F,10,3,GENERAL
5524,M,1,5,GENERAL
5525,F,7,4,GENERAL
5526,F,10,4,SURGERY
5527,F,10,3,GENERAL
5528,M,1,6,GENERAL
5529,M,10,3,ORTHOPEDICS
5530,F,1,5,CARDIOLOGY
5531,F,1,5,GENERAL
5532,M,11,3,GENERAL
5533,M,6,4,ORTHOPEDICS
5534,M,1,5,SURGERY
5535,M,1,5,SURGERY
5536,M,1,6,CARDIOLOGY
5537,F,1,5,GENERAL
5538,M,6,4,ORTHOPEDICS
5539,M,6,4,ORTHOPEDICS
5540,F,6,4,ORTHOPEDICS
5541,F,10,4,GENERAL
5542,M,10,4,GENERAL
5543,M,10,3,GENERAL
5544,M,1,5,SURGERY
5545,M,6,4,CARDIOLOGY
5546,F,1,5,ORTHOPEDICS
5547,F,1,5,SURGERY
5548,F,10,3,ORTHOPEDICS
5549,M,6,4,SURGERY
5550,M,6,4,ORTHOPEDICS
5551,M,6,4,GENERAL
5552,M,13,3,ORTHOPEDICS
5553,F,1,6,GENERAL
5554,M,7,4,GENERAL
5555,F,1,5,GENERAL
5556,M,6,4,CARDIOLOGY
5557,F,11,3,ORTHOPEDICS
5558,F,10,3,GENERAL
5559,M,1,5,GENERAL
5560,F,13,2,ORTHOPEDICS
5561,F,1,5,ORTHOPEDICS
5562,F,1,5,ORTHOPEDICS
5563,F,13,2,GENERAL
5564,F,1,5,GENERAL
5565,M,1,5,SURGERY
5566,F,6,4,GENERAL
5567,F,1,5,GENERAL
5568,F,7,4,GENERAL
5569,F,7,4,ORTHOPEDICS
5570,F,1,6,GENERAL
5571,F,6,4,GENERAL
5572,M,1,5,SURGERY
5573,M,6,4,ORTHOPEDICS
5574,F,12,3,CARDIOLOGY
5575,M,1,5,GENERAL
5576,M,6,4,GENERAL
5577,M,10,4,SURGERY
5578,F,10,3,CARDIOLOGY
5579,M,10,3,ORTHOPEDICS
5580,M,10,3,SURGERY
5581,F,1,5,GENERAL
5582,F,1,5,GENERAL
5583,M,1,5,ORTHOPEDICS
5584,M,13,3,GENERAL
5585,M,1,5,CARDIOLOGY
5586,F,7,4,ORTHOPEDICS
5587,F,1,5,GENERAL
5588,M,6,4,GENERAL
5589,F,1,5,ORTHOPEDICS
5590,M,10,3,GENERAL
5591,M,1,5,GENERAL
5592,F,6,4,GENERAL
5593,M,1,6,CARDIOLOGY
5594,M,1,5,GENERAL
5595,F,10,3,SURGERY
5596,M,1,5,CARDIOLOGY
5597,F,6,4,SURGERY
5598,M,1,5,GENERAL
5599,M,1,5,CARDIOLOGY
5600,M,10,4,GENERAL
5601,M,13,3,SURGERY
5602,M,13,2,GENERAL
5603,M,1,5,ORTHOPEDICS
5604,F,11,3,SURGERY
5605,F,6,4,CARDIOLOGY
5606,M,6,4,ORTHOPEDICS
5607,M,7,4,ORTHOPEDICS
5608,F,10,3,SURGERY
5609,M,6,4,GENERAL
5610,F,6,4,GENERAL
5611,M,1,6,GENERAL
5612,F,10,4,ORTHOPEDICS
5613,M,6,4,GENERAL
5614,F,6,4,CARDIOLOGY
5615,F,10,3,GENERAL
5616,F,6,4,GENERAL
5617,M,6,4,CARDIOLOGY
5618,M,7,4,GENERAL
5619,F,6,4,GENERAL
5620,M,10,3,GENERAL
5621,F,11,3,GENERAL
5622,F,6,4,GENERAL
5623,M,1,5,GENERAL
5624,F,6,4,GENERAL
5625,M,7,4,SURGERY
5626,M,1,6,ORTHOPEDICS
5627,M,13,3,GENERAL
5628,F,6,4,CARDIOLOGY
5629,F,1,5,GENERAL
5630,M,1,5,ORTHOPEDICS
5631,F,1,5,ORTHOPEDICS
5632,M,11,3,ORTHOPEDICS
5633,F,1,6,SURGERY
5634,F,1,6,ORTHOPEDICS
5635,F,6,4,ORTHOPEDICS
5636,M,1,5,GENERAL
5637,F,11,3,CARDIOLOGY
5638,F,10,3,CARDIOLOGY
5639,M,7,4,CARDIOLOGY
5640,M,11,3,GENERAL
5641,F,10,4,CARDIOLOGY
5642,F,6,4,ORTHOPEDICS
5643,F,10,3,GENERAL
5644,M,1,5,CARDIOLOGY
5645,F,1,5,CARDIOLOGY
5646,F,1,5,CARDIOLOGY
5647,M,10,3,SURGERY
5648,M,10,4,GENERAL
5649,M,1,6,GENERAL
5650,F,10,4,ORTHOPEDICS
5651,M,1,7,GENERAL
5652,M,6,4,ORTHOPEDICS
5653,M,1,5,CARDIOLOGY
5654,M,1,5,SURGERY
5655,M,10,4,ORTHOPEDICS
5656,M,6,4,CARDIOLOGY
5657,M,13,2,GENERAL
5658,F,10,4,SURGERY
5659,F,1,5,GENERAL
5660,F,10,4,SURGERY
5661,F,13,3,SURGERY
5662,F,10,4,CARDIOLOGY
5663,M,13,2,GENERAL
5664,M,1,5,GENERAL
5665,M,10,3,SURGERY
5666,M,6,4,GENERAL
5667,M,10,3,GENERAL
5668,M,1,5,GENERAL
5669,M,6,4,GENERAL
5670,F,1,5,ORTHOPEDICS
5671,F,13,3,ORTHOPEDICS
5672,F,10,3,SURGERY
5673,M,6,4,ORTHOPEDICS
5674,F,10,3,ORTHOPEDICS
5675,F,6,4,ORTHOPEDICS
5676,M,13,2,GENERAL
5677,M,1,5,SURGERY
5678,F,1,6,CARDIOLOGY
5679,F,10,3,CARDIOLOGY
5680,F,10,3,SURGERY
5681,F,1,5,SURGERY
5682,M,13,2,SURGERY
5683,M,11,3,ORTHOPEDICS
5684,F,1,5,GENERAL
5685,F,1,6,ORTHOPEDICS
5686,F,10,4,ORTHOPEDICS
5687,M,1,5,SURGERY
5688,M,10,4,ORTHOPEDICS
5689,F,1,5,GENERAL
5690,F,1,5,ORTHOPEDICS
5691,F,10,4,CARDIOLOGY
5692,M,7,4,GENERAL
5693,M,6,4,SURGERY
5694,F,13,2,CARDIOLOGY
5695,F,1,5,GENERAL
5696,F,10,4,SURGERY
5697,M,6,4,GENERAL
5698,F,6,4,GENERAL
5699,F,10,4,SURGERY
5700,M,7,4,GENERAL
5701,M,6,4,GENERAL
5702,M,10,3,GENERAL
5703,F,6,4,GENERAL
5704,F,10,3,ORTHOPEDICS
5705,F,11,3,GENERAL
5706,F,1,6,GENERAL
5707,M,13,2,SURGERY
5708,M,1,6,GENERAL
5709,M,1,5,ORTHOPEDICS
5710,F,1,5,CARDIOLOGY
5711,M,6,4,SURGERY
5712,M,13,2,CARDIOLOGY
5713,M,10,4,GENERAL
5714,F,10,3,CARDIOLOGY
5715,M,13,3,GENERAL
5716,M,6,4,CARDIOLOGY
5717,M,6,4,CARDIOLOGY
5718,M,13,2,GENERAL
5719,M,7,4,CARDIOLOGY
5720,F,1,5,GENERAL
5721,M,1,5,ORTHOPEDICS
5722,F,10,3,ORTHOPEDICS
5723,M,6,4,ORTHOPEDICS
5724,M,1,5,ORTHOPEDICS
5725,M,1,5,SURGERY
5726,F,1,6,GENERAL
5727,F,1,5,ORTHOPEDICS
5728,M,6,4,GENERAL
5729,M,10,4,CARDIOLOGY
5730,F,1,5,SURGERY
5731,F,10,4,CARDIOLOGY
5732,M,13,2,CARDIOLOGY
5733,M,10,3,ORTHOPEDICS
5734,M,11,3,CARDIOLOGY
5735,F,10,4,SURGERY
5736,M,11,3,GENERAL
5737,M,1,5,GENERAL
5738,M,13,2,GENERAL
5739,M,6,4,GENERAL
5740,M,6,4,ORTHOPEDICS
5741,M,7,4,CARDIOLOGY
5742,F,1,5,GENERAL
5743,M,10,3,ORTHOPEDICS
5744,F,13,1,GENERAL
5745,F,10,3,CARDIOLOGY
5746,F,1,5,ORTHOPEDICS
5747,M,10,3,GENERAL
5748,M,6,4,CARDIOLOGY
5749,F,10,3,SURGERY
5750,M,13,1,GENERAL
5751,M,1,5,GENERAL
5752,F,11,3,GENERAL
5753,F,6,4,GENERAL
5754,M,1,5,SURGERY
5755,F,6,4,ORTHOPEDICS
5756,M,1,5,SURGERY
5757,M,1,5,SURGERY
5758,M,13,2,ORTHOPEDICS
5759,F,1,5,ORTHOPEDICS
5760,F,6,4,CARDIOLOGY
5761,F,1,5,SURGERY
5762,F,1,5,SURGERY
5763,F,6,4,GENERAL
5764,F,13,2,SURGERY
5765,M,10,4,GENERAL
5766,M,6,5,CARDIOLOGY
5767,F,6,4,CARDIOLOGY
5768,F,10,4,CARDIOLOGY
5769,F,6,4,GENERAL
5770,F,11,3,GENERAL
5771,M,10,3,GENERAL
5772,F,7,4,CARDIOLOGY
5773,F,6,4,GENERAL
5774,M,6,4,ORTHOPEDICS
5775,M,10,4,GENERAL
5776,M,1,5,GENERAL
5777,F,6,4,SURGERY
5778,F,1,5,ORTHOPEDICS
5779,F,6,4,SURGERY
5780,M,6,4,ORTHOPEDICS
5781,F,10,3,SURGERY
5782,F,10,4,ORTHOPEDICS
5783,M,13,2,GENERAL
5784,F,6,4,SURGERY
5785,F,1,5,GENERAL
5786,M,10,3,CARDIOLOGY
5787,M,13,2,GENERAL
5788,F,1,5,GENERAL
5789,M,10,3,ORTHOPEDICS
5790,M,1,5,GENERAL
5791,M,10,4,GENERAL
5792,M,11,3,GENERAL
5793,F,10,3,GENERAL
5794,F,11,3,GENERAL
5795,M,1,5,GENERAL
5796,F,1,5,SURGERY
5797,M,10,3,ORTHOPEDICS
5798,M,1,6,GENERAL
5799,M,10,3,GENERAL
5800,F,6,4,GENERAL
5801,F,6,4,GENERAL
5802,M,13,3,CARDIOLOGY
5803,M,10,4,GENERAL
5804,F,8,4,CARDIOLOGY
5805,F,1,6,CARDIOLOGY
5806,M,1,5,GENERAL
5807,M,6,4,ORTHOPEDICS
5808,M,13,2,SURGERY
5809,F,1,5,SURGERY
5810,M,10,3,GENERAL
5811,M,1,6,GENERAL
5812,M,1,6,CARDIOLOGY
5813,M,6,4,CARDIOLOGY
5814,F,10,3,GENERAL
5815,F,1,6,GENERAL
5816,F,6,4,CARDIOLOGY
5817,M,6,4,ORTHOPEDICS
5818,M,1,5,SURGERY
5819,M,10,3,GENERAL
5820,F,13,3,GENERAL
5821,F,1,5,CARDIOLOGY
5822,M,6,4,ORTHOPEDICS
5823,M,13,2,GENERAL
5824,F,1,5,GENERAL
5825,M,1,6,GENERAL
5826,M,6,4,ORTHOPEDICS
5827,F,7,4,SURGERY
5828,F,11,3,GENERAL
5829,M,10,3,CARDIOLOGY
5830,F,6,4,GENERAL
5831,F,6,4,ORTHOPEDICS
5832,M,1,5,SURGERY
5833,F,6,4,GENERAL
5834,M,1,5,ORTHOPEDICS
5835,F,6,4,CARDIOLOGY
5836,F,10,3,CARDIOLOGY
5837,F,13,1,SURGERY
5838,F,13,3,GENERAL
5839,F,1,5,GENERAL
5840,M,1,5,ORTHOPEDICS
5841,F,13,2,GENERAL
5842,F,6,4,GENERAL
5843,F,11,3,SURGERY
5844,F,10,3,CARDIOLOGY
5845,F,11,3,GENERAL
5846,F,1,5,SURGERY
5847,F,6,4,GENERAL
5848,M,10,4,SURGERY
5849,M,10,4,GENERAL
5850,M,1,5,SURGERY
5851,M,6,4,GENERAL
5852,M,13,2,GENERAL
5853,F,10,4,ORTHOPEDICS
5854,F,7,4,ORTHOPEDICS
5855,F,11,3,SURGERY
5856,F,1,5,GENERAL
5857,M,1,5,SURGERY
5858,M,6,4,CARDIOLOGY
5859,M,1,5,GENERAL
5860,F,11,3,SURGERY
5861,M,10,3,CARDIOLOGY
5862,M,1,5,GENERAL
5863,F,11,3,ORTHOPEDICS
5864,M,6,4,SURGERY
5865,F,6,4,GENERAL
5866,M,6,4,GENERAL
5867,F,13,2,CARDIOLOGY
5868,M,10,3,GENERAL
5869,M,1,5,ORTHOPEDICS
5870,F,6,4,GENERAL
5871,F,1,6,ORTHOPEDICS
5872,F,1,5,SURGERY
5873,F,13,3,GENERAL
5874,F,10,4,ORTHOPEDICS
5875,M,7,4,SURGERY
5876,M,6,5,CARDIOLOGY
5877,M,6,4,CARDIOLOGY
5878,M,13,2,ORTHOPEDICS
5879,M,1,5,GENERAL
5880,F,10,3,GENERAL
5881,M,6,4,CARDIOLOGY
5882,M,13,2,CARDIOLOGY
5883,M,6,4,ORTHOPEDICS
5884,M,10,4,ORTHOPEDICS
5885,M,6,4,GENERAL
5886,M,11,3,GENERAL
5887,M,13,2,SURGERY
5888,F,10,3,GENERAL
5889,F,1,5,SURGERY
5890,F,1,5,SURGERY
5891,M,7,4,SURGERY
5892,M,1,5,CARDIOLOGY
5893,F,1,5,SURGERY
5894,M,10,4,ORTHOPEDICS
5895,F,11,3,SURGERY
5896,F,7,4,GENERAL
5897,M,6,4,SURGERY
5898,M,1,5,ORTHOPEDICS
5899,F,11,3,GENERAL
5900,M,7,4,GENERAL
5901,F,6,4,GENERAL
5902,M,6,4,ORTHOPEDICS
5903,M,11,3,GENERAL
5904,F,1,5,SURGERY
5905,M,1,6,SURGERY
5906,M,1,5,CARDIOLOGY
5907,M,1,6,GENERAL
5908,F,1,5,ORTHOPEDICS
5909,M,6,4,GENERAL
5910,F,1,5,GENERAL
5911,F,13,2,GENERAL
5912,M,11,3,ORTHOPEDICS
5913,F,7,4,GENERAL
5914,F,6,4,ORTHOPEDICS
5915,F,1,5,GENERAL
5916,F,1,5,ORTHOPEDICS
5917,F,6,4,GENERAL
5918,F,13,1,GENERAL
5919,F,6,4,GENERAL
5920,F,11,3,CARDIOLOGY
5921,M,11,3,ORTHOPEDICS
5922,M,1,5,GENERAL
5923,F,10,3,GENERAL
5924,F,13,3,SURGERY
5925,M,10,3,SURGERY
5926,F,7,4,GENERAL
5927,M,11,3,ORTHOPEDICS
5928,F,10,4,CARDIOLOGY
5929,M,1,5,GENERAL
5930,F,1,5,SURGERY
5931,M,1,5,ORTHOPEDICS
5932,M,11,3,GENERAL
5933,F,13,2,GENERAL
5934,F,1,5,CARDIOLOGY
5935,M,6,4,GENERAL
5936,F,1,5,CARDIOLOGY
5937,F,6,4,GENERAL
5938,M,7,4,SURGERY
5939,F,6,4,ORTHOPEDICS
5940,M,1,5,GENERAL
5941,F,10,3,SURGERY
5942,F,1,5,SURGERY
5943,F,13,2,SURGERY
5944,M,1,5,GENERAL
5945,M,6,4,CARDIOLOGY
5946,M,11,3,GENERAL
5947,F,10,3,SURGERY
5948,M,13,2,ORTHOPEDICS
5949,F,10,3,GENERAL
5950,F,1,6,ORTHOPEDICS
5951,F,1,5,ORTHOPEDICS
5952,F,7,4,GENERAL
5953,M,6,4,GENERAL
5954,M,6,4,CARDIOLOGY
5955,F,1,5,GENERAL
5956,M,10,3,SURGERY
5957,F,6,4,ORTHOPEDICS
5958,M,13,2,ORTHOPEDICS
5959,F,10,3,GENERAL
5960,F,10,3,SURGERY
5961,M,1,7,GENERAL
5962,F,1,5,ORTHOPEDICS
5963,F,6,4,ORTHOPEDICS
5964,F,6,4,GENERAL
5965,M,1,5,ORTHOPEDICS
5966,M,1,5,SURGERY
5967,F,6,4,SURGERY
5968,F,10,3,GENERAL
5969,M,1,5,SURGERY
5970,M,1,6,GENERAL
5971,F,11,3,CARDIOLOGY
5972,F,1,5,CARDIOLOGY
5973,M,11,3,CARDIOLOGY
5974,F,6,4,SURGERY
5975,M,10,3,ORTHOPEDICS
5976,F,1,5,GENERAL
5977,F,6,4,GENERAL
5978,F,1,5,SURGERY
5979,M,10,3,SURGERY
5980,F,10,3,SURGERY
5981,F,1,5,GENERAL
5982,F,6,4,GENERAL
5983,F,13,2,GENERAL
5984,M,6,4,SURGERY
5985,M,1,5,ORTHOPEDICS
5986,M,6,4,SURGERY
5987,M,1,5,ORTHOPEDICS
5988,M,10,4,SURGERY
5989,F,1,5,SURGERY
5990,F,7,4,ORTHOPEDICS
5991,M,1,5,ORTHOPEDICS
5992,F,1,5,GENERAL
5993,M,10,4,CARDIOLOGY
5994,F,10,3,GENERAL
5995,F,1,5,ORTHOPEDICS
5996,F,13,2,GENERAL
5997,M,1,5,GENERAL
5998,F,7,4,ORTHOPEDICS
5999,F,13,2,ORTHOPEDICS
6000,M,6,4,ORTHOPEDICS
6001,M,13,3,SURGERY
6002,F,1,5,CARDIOLOGY
6003,M,1,5,GENERAL
6004,M,10,3,SURGERY
6005,F,13,2,CARDIOLOGY
6006,M,1,5,GENERAL
6007,F,10,4,ORTHOPEDICS
6008,F,13,2,CARDIOLOGY
6009,F,1,5,GENERAL
6010,F,1,5,GENERAL
6011,F,6,4,GENERAL
6012,M,10,4,GENERAL
6013,M,10,4,ORTHOPEDICS
6014,F,6,4,GENERAL
6015,M,11,3,GENERAL
6016,F,1,5,SURGERY
6017,F,13,1,ORTHOPEDICS
6018,F,10,4,GENERAL
6019,F,12,3,GENERAL
6020,F,10,3,SURGERY
6021,F,6,4,GENERAL
6022,F,10,3,CARDIOLOGY
6023,F,6,4,GENERAL
6024,M,11,3,GENERAL
6025,M,13,3,SURGERY
6026,M,6,4,ORTHOPEDICS
6027,M,1,5,CARDIOLOGY
6028,M,6,4,GENERAL
6029,F,13,2,GENERAL
6030,F,13,3,CARDIOLOGY
6031,M,10,4,SURGERY
6032,M,10,4,ORTHOPEDICS
6033,M,13,2,CARDIOLOGY
6034,M,1,5,SURGERY
6035,M,10,4,ORTHOPEDICS
6036,M,10,4,CARDIOLOGY
6037,F,10,3,ORTHOPEDICS
6038,M,13,2,SURGERY
6039,F,6,4,GENERAL
6040,F,1,5,ORTHOPEDICS
6041,F,1,5,CARDIOLOGY
6042,F,6,4,ORTHOPEDICS
6043,F,6,4,ORTHOPEDICS
6044,F,1,5,GENERAL
6045,M,13,3,CARDIOLOGY
6046,M,1,5,GENERAL
6047,F,1,5,SURGERY
6048,M,7,4,CARDIOLOGY
6049,F,10,3,GENERAL
6050,F,1,6,SURGERY
6051,F,10,3,CARDIOLOGY
6052,M,1,5,CARDIOLOGY
6053,M,11,3,SURGERY
6054,F,10,3,SURGERY
6055,M,6,4,ORTHOPEDICS
6056,F,1,5,CARDIOLOGY
6057,F,6,5,GENERAL
6058,F,10,3,SURGERY
6059,F,6,4,CARDIOLOGY
6060,F,1,5,GENERAL
6061,M,13,2,ORTHOPEDICS
6062,F,10,4,CARDIOLOGY
6063,M,10,4,GENERAL
6064,M,1,5,SURGERY
6065,M,11,3,GENERAL
6066,M,10,4,GENERAL
6067,M,10,3,ORTHOPEDICS
6068,F,11,3,GENERAL
6069,F,6,4,SURGERY
6070,F,10,4,GENERAL
6071,F,6,4,GENERAL
6072,F,10,4,GENERAL
6073,F,6,4,GENERAL
6074,M,13,2,CARDIOLOGY
6075,F,13,2,CARDIOLOGY
6076,M,10,4,GENERAL
6077,M,13,2,ORTHOPEDICS
6078,M,6,4,GENERAL
6079,M,6,4,ORTHOPEDICS
6080,M,1,6,CARDIOLOGY
6081,M,6,4,ORTHOPEDICS
6082,M,7,4,GENERAL
6083,F,6,4,CARDIOLOGY
6084,M,11,3,CARDIOLOGY
6085,M,6,4,GENERAL
6086,M,1,5,ORTHOPEDICS
6087,M,1,5,GENERAL
6088,M,6,4,ORTHOPEDICS
6089,M,1,5,CARDIOLOGY
6090,F,13,2,CARDIOLOGY
6091,M,1,7,GENERAL
6092,M,6,4,GENERAL
6093,M,1,6,GENERAL
6094,F,1,5,GENERAL
6095,F,1,6,GENERAL
6096,F,1,5,GENERAL
6097,F,1,6,ORTHOPEDICS
6098,F,6,4,ORTHOPEDICS
6099,F,13,3,GENERAL
6100,M,1,6,GENERAL
6101,M,10,3,GENERAL
6102,M,13,2,SURGERY
6103,F,10,4,ORTHOPEDICS
6104,M,1,5,CARDIOLOGY
6105,M,1,5,SURGERY
6106,M,10,4,GENERAL
6107,M,1,5,SURGERY
6108,F,1,5,GENERAL
6109,M,7,4,ORTHOPEDICS
6110,M,1,5,GENERAL
6111,M,1,5,SURGERY
6112,F,6,4,ORTHOPEDICS
6113,F,10,3,GENERAL
6114,F,7,4,GENERAL
6115,M,10,3,GENERAL
6116,M,6,5,CARDIOLOGY
6117,M,6,4,ORTHOPEDICS
6118,F,1,6,GENERAL
6119,M,6,4,SURGERY
6120,F,1,5,SURGERY
6121,F,1,5,SURGERY
6122,M,1,5,GENERAL
6123,F,10,3,GENERAL
6124,F,10,3,SURGERY
6125,F,6,4,SURGERY
6126,F,6,4,GENERAL
6127,F,10,4,SURGERY
6128,M,10,4,SURGERY
6129,F,1,5,GENERAL
6130,F,13,2,CARDIOLOGY
6131,F,10,4,ORTHOPEDICS
6132,F,1,6,SURGERY
6133,M,6,4,GENERAL
6134,M,1,5,GENERAL
6135,M,1,6,GENERAL
6136,M,10,3,ORTHOPEDICS
6137,F,13,2,SURGERY
6138,F,1,5,CARDIOLOGY
6139,F,1,5,GENERAL
6140,M,6,4,ORTHOPEDICS
6141,M,6,4,CARDIOLOGY
6142,F,1,5,SURGERY
6143,F,6,4,SURGERY
6144,F,10,3,GENERAL
6145,M,6,4,GENERAL
6146,F,1,5,GENERAL
6147,M,1,5,SURGERY
6148,F,10,3,CARDIOLOGY
6149,M,10,3,GENERAL
6150,F,13,2,SURGERY
6151,F,6,4,GENERAL
6152,M,6,4,ORTHOPEDICS
6153,F,1,5,GENERAL
6154,M,10,3,GENERAL
6155,M,10,3,ORTHOPEDICS
6156,M,6,4,SURGERY
6157,F,6,4,GENERAL
6158,F,1,5,GENERAL
6159,F,1,7,GENERAL
6160,M,6,4,GENERAL
6161,F,10,4,ORTHOPEDICS
6162,M,13,2,GENERAL
6163,F,11,3,GENERAL
6164,F,1,5,SURGERY
6165,F,6,4,CARDIOLOGY
6166,F,12,3,CARDIOLOGY
6167,F,13,3,GENERAL
6168,F,10,4,ORTHOPEDICS
6169,F,6,4,SURGERY
6170,M,1,5,GENERAL
6171,M,1,5,SURGERY
6172,M,1,5,ORTHOPEDICS
6173,M,6,4,SURGERY
6174,M,10,4,CARDIOLOGY
6175,M,10,3,GENERAL
6176,M,1,5,SURGERY
6177,F,7,4,ORTHOPEDICS
6178,M,13,2,ORTHOPEDICS
6179,F,6,4,CARDIOLOGY
6180,F,10,4,GENERAL
6181,F,6,4,GENERAL
6182,M,11,3,GENERAL
6183,M,6,5,GENERAL
6184,M,6,4,SURGERY
6185,M,6,4,GENERAL
6186,M,6,4,CARDIOLOGY
6187,F,6,4,GENERAL
6188,M,10,4,ORTHOPEDICS
6189,M,6,4,GENERAL
6190,M,11,3,CARDIOLOGY
6191,M,1,5,GENERAL
6192,F,10,4,CARDIOLOGY
6193,M,1,5,GENERAL
6194,F,10,3,GENERAL
6195,M,13,2,GENERAL
6196,M,6,5,CARDIOLOGY
6197,F,1,5,GENERAL
6198,M,6,4,SURGERY
6199,F,11,3,SURGERY
6200,F,11,3,SURGERY
6201,M,11,3,GENERAL
6202,F,6,4,GENERAL
6203,M,6,4,CARDIOLOGY
6204,M,1,5,CARDIOLOGY
6205,F,6,4,SURGERY
6206,M,1,5,ORTHOPEDICS
6207,M,11,3,ORTHOPEDICS
6208,F,6,4,GENERAL
6209,F,1,6,CARDIOLOGY
6210,M,10,4,GENERAL
6211,M,6,4,GENERAL
6212,F,1,6,ORTHOPEDICS
6213,M,1,5,GENERAL
6214,M,6,4,CARDIOLOGY
6215,F,10,3,ORTHOPEDICS
6216,M,6,4,CARDIOLOGY
6217,M,6,4,GENERAL
6218,F,6,4,GENERAL
6219,F,1,5,CARDIOLOGY
6220,F,13,2,GENERAL
6221,M,10,4,CARDIOLOGY
6222,F,13,2,GENERAL
6223,F,1,6,GENERAL
6224,M,6,5,SURGERY
6225,F,1,5,CARDIOLOGY
6226,M,10,3,ORTHOPEDICS
6227,F,6,4,GENERAL
6228,F,1,5,CARDIOLOGY
6229,F,1,5,SURGERY
6230,F,13,2,CARDIOLOGY
6231,F,1,5,SURGERY
6232,F,10,3,GENERAL
6233,F,1,5,GENERAL
6234,F,1,5,GENERAL
6235,M,1,5,GENERAL
6236,F,11,3,ORTHOPEDICS
6237,F,12,3,GENERAL
6238,F,1,5,CARDIOLOGY
6239,M,1,5,GENERAL
6240,F,10,3,GENERAL
6241,F,6,4,ORTHOPEDICS
6242,M,6,4,GENERAL
6243,F,6,4,GENERAL
6244,M,10,4,GENERAL
6245,F,6,4,GENERAL
6246,F,6,4,GENERAL
6247,M,6,4,SURGERY
6248,M,10,4,SURGERY
6249,F,6,4,SURGERY
6250,F,1,5,SURGERY
6251,F,1,6,GENERAL
6252,F,1,5,SURGERY
6253,M,10,4,SURGERY
6254,M,11,3,GENERAL
6255,F,13,2,GENERAL
6256,M,1,6,SURGERY
6257,F,10,4,CARDIOLOGY
6258,M,7,4,ORTHOPEDICS
6259,F,13,2,SURGERY
6260,F,1,5,ORTHOPEDICS
6261,F,6,4,CARDIOLOGY
6262,F,1,6,SURGERY
6263,F,10,3,GENERAL
6264,M,6,4,GENERAL
6265,F,7,4,ORTHOPEDICS
6266,M,1,5,SURGERY
6267,M,6,5,SURGERY
6268,F,1,5,GENERAL
6269,F,6,4,ORTHOPEDICS
6270,M,10,3,CARDIOLOGY
6271,M,10,3,SURGERY
6272,F,1,5,SURGERY
6273,M,10,4,ORTHOPEDICS
6274,F,1,6,GENERAL
6275,F,10,4,ORTHOPEDICS
6276,M,6,4,SURGERY
6277,F,1,5,SURGERY
6278,M,10,3,SURGERY
6279,M,10,3,ORTHOPEDICS
6280,F,1,5,CARDIOLOGY
6281,M,11,3,SURGERY
6282,M,1,5,CARDIOLOGY
6283,F,6,4,ORTHOPEDICS
6284,M,7,4,SURGERY
6285,F,1,5,CARDIOLOGY
6286,M,10,3,ORTHOPEDICS
6287,M,1,6,GENERAL
6288,M,13,2,CARDIOLOGY
6289,F,6,4,CARDIOLOGY
6290,F,10,3,GENERAL
6291,M,13,3,GENERAL
6292,M,11,3,GENERAL
6293,F,7,4,GENERAL
6294,M,6,4,CARDIOLOGY
6295,F,1,5,ORTHOPEDICS
6296,M,8,4,GENERAL
6297,F,13,3,CARDIOLOGY
6298,M,1,6,GENERAL
6299,F,1,5,SURGERY
6300,M,1,5,SURGERY
6301,F,7,4,GENERAL
6302,F,6,4,SURGERY
6303,F,10,3,GENERAL
6304,M,6,4,CARDIOLOGY
6305,M,10,3,CARDIOLOGY
6306,M,6,4,ORTHOPEDICS
6307,F,6,4,SURGERY
6308,M,10,4,SURGERY
6309,M,11,3,CARDIOLOGY
6310,F,6,4,ORTHOPEDICS
6311,F,10,3,CARDIOLOGY
6312,M,1,5,ORTHOPEDICS
6313,F,6,4,GENERAL
6314,F,1,5,GENERAL
6315,F,1,6,SURGERY
6316,F,6,4,SURGERY
6317,M,13,3,GENERAL
6318,M,1,5,GENERAL
6319,M,10,4,GENERAL
6320,M,1,5,GENERAL
6321,M,10,3,SURGERY
6322,F,6,4,GENERAL
6323,F,1,6,SURGERY
6324,M,1,6,SURGERY
6325,M,1,5,GENERAL
6326,M,1,5,GENERAL
6327,M,10,4,GENERAL
6328,F,1,5,GENERAL
6329,M,1,5,GENERAL
6330,F,1,6,SURGERY
6331,F,1,5,ORTHOPEDICS
6332,M,13,2,GENERAL
6333,F,10,3,GENERAL
6334,M,1,6,ORTHOPEDICS
6335,M,11,3,SURGERY
6336,F,1,5,GENERAL
6337,M,7,4,GENERAL
6338,M,1,5,GENERAL
6339,M,1,6,CARDIOLOGY
6340,F,10,3,SURGERY
6341,F,1,6,ORTHOPEDICS
6342,M,6,4,GENERAL
6343,F,6,4,GENERAL
6344,M,6,4,GENERAL
6345,F,6,4,GENERAL
6346,F,10,3,GENERAL
6347,F,6,4,GENERAL
6348,F,6,4,CARDIOLOGY
6349,M,6,4,CARDIOLOGY
6350,M,10,4,GENERAL
6351,M,6,4,ORTHOPEDICS
6352,M,6,4,GENERAL
6353,F,6,4,CARDIOLOGY
6354,M,6,4,GENERAL
6355,M,10,3,CARDIOLOGY
6356,F,10,4,CARDIOLOGY
6357,F,1,7,GENERAL
6358,F,13,2,CARDIOLOGY
6359,M,10,3,CARDIOLOGY
6360,M,10,3,ORTHOPEDICS
6361,F,10,4,GENERAL
6362,F,10,3,SURGERY
6363,M,10,3,GENERAL
6364,M,6,4,CARDIOLOGY
6365,M,6,4,SURGERY
6366,M,13,3,SURGERY
6367,F,11,3,SURGERY
6368,M,1,6,GENERAL
6369,F,11,3,ORTHOPEDICS
6370,F,1,5,ORTHOPEDICS
6371,F,11,3,GENERAL
6372,F,10,4,CARDIOLOGY
6373,F,7,4,ORTHOPEDICS
6374,M,1,5,CARDIOLOGY
6375,F,10,3,GENERAL
6376,F,1,5,SURGERY
6377,F,10,4,GENERAL
6378,M,10,3,CARDIOLOGY
6379,F,13,2,GENERAL
6380,M,10,4,GENERAL
6381,M,6,4,GENERAL
6382,F,6,4,CARDIOLOGY
6383,F,11,3,GENERAL
6384,F,6,4,CARDIOLOGY
6385,M,1,5,GENERAL
6386,M,1,5,SURGERY
6387,F,6,4,GENERAL
6388,F,11,3,GENERAL
6389,F,10,4,ORTHOPEDICS
6390,F,10,3,GENERAL
6391,M,1,5,GENERAL
6392,M,6,4,ORTHOPEDICS
6393,M,1,5,CARDIOLOGY
6394,F,1,5,SURGERY
6395,F,1,5,ORTHOPEDICS
6396,M,10,3,ORTHOPEDICS
6397,F,11,3,ORTHOPEDICS
6398,F,1,5,GENERAL
6399,F,6,4,ORTHOPEDICS
6400,M,1,5,GENERAL
