patient_id,gender,admission_day,los,required_specialty
1,M,1,5,SURGERY
2,F,6,4,GENERAL
3,M,6,4,CARDIOLOGY
4,M,1,5,SURGERY
5,F,10,3,GENERAL
6,M,1,6,GENERAL
7,F,10,3,CARDIOLOGY
8,M,6,4,GENERAL
9,M,10,3,SURGERY
10,F,10,3,ORTHOPEDICS
11,M,6,4,GENERAL
12,F,10,4,ORTHOPEDICS
13,M,1,5,CARDIOLOGY
14,M,1,5,GENERAL
15,F,10,3,ORTHOPEDICS
16,M,6,4,CARDIOLOGY
17,M,6,4,GENERAL
18,F,6,4,CARDIOLOGY
19,M,6,4,ORTHOPEDICS
20,F,1,5,ORTHOPEDICS
21,M,13,2,CARDIOLOGY
22,F,10,3,GENERAL
23,M,1,6,ORTHOPEDICS
24,M,6,4,SURGERY
25,F,1,5,ORTHOPEDICS
26,F,7,4,SURGERY
27,M,1,5,GENERAL
28,M,13,3,GENERAL
29,F,10,3,SURGERY
30,F,1,5,CARDIOLOGY
31,M,6,4,CARDIOLOGY
32,M,6,4,CARDIOLOGY
33,F,1,7,GENERAL
34,F,13,3,ORTHOPEDICS
35,M,6,4,SURGERY
36,F,10,4,SURGERY
37,M,10,3,CARDIOLOGY
38,F,1,5,ORTHOPEDICS
39,M,1,5,GENERAL
40,M,1,5,SURGERY
41,M,6,4,CARDIOLOGY
42,F,1,5,GENERAL
43,F,11,3,ORTHOPEDICS
44,F,7,4,ORTHOPEDICS
45,M,1,6,ORTHOPEDICS
46,M,10,3,ORTHOPEDICS
47,M,7,4,GENERAL
48,F,13,2,ORTHOPEDICS
49,F,1,5,GENERAL
50,M,6,4,GENERAL
51,M,1,5,GENERAL
52,F,10,3,GENERAL
53,M,10,4,SURGERY
54,M,7,4,CARDIOLOGY
55,F,10,4,SURGERY
56,M,6,4,ORTHOPEDICS
57,M,1,8,ORTHOPEDICS
58,M,1,5,SURGERY
59,F,11,3,SURGERY
60,F,1,5,SURGERY
61,F,10,3,SURGERY
62,F,11,3,SURGERY
63,F,11,3,ORTHOPEDICS
64,M,11,3,CARDIOLOGY
65,M,10,4,CARDIOLOGY
66,F,6,4,ORTHOPEDICS
67,F,6,4,GENERAL
68,F,10,3,GENERAL
69,M,10,3,SURGERY
70,F,6,5,CARDIOLOGY
71,M,1,5,GENERAL
72,M,1,5,ORTHOPEDICS
73,F,1,5,ORTHOPEDICS
74,F,6,4,GENERAL
75,F,6,4,ORTHOPEDICS
76,M,1,5,SURGERY
77,F,10,4,ORTHOPEDICS
78,M,13,2,SURGERY
79,F,6,4,GENERAL
80,M,10,4,GENERAL
81,M,10,4,GENERAL
82,M,6,4,GENERAL
83,F,10,3,CARDIOLOGY
84,M,10,3,CARDIOLOGY
85,M,6,4,SURGERY
86,M,10,3,GENERAL
87,F,10,4,GENERAL
88,F,6,4,GENERAL
89,M,6,4,SURGERY
90,F,10,3,CARDIOLOGY
91,M,1,5,GENERAL
92,F,10,3,CARDIOLOGY
93,F,1,5,GENERAL
94,M,1,7,GENERAL
95,M,1,5,ORTHOPEDICS
96,F,10,3,GENERAL
97,M,1,6,ORTHOPEDICS
98,M,10,3,ORTHOPEDICS
99,M,6,4,ORTHOPEDICS
100,M,7,4,SURGERY
101,F,1,6,ORTHOPEDICS
102,F,13,2,ORTHOPEDICS
103,F,7,4,SURGERY
104,M,10,3,GENERAL
105,M,6,4,CARDIOLOGY
106,M,10,3,SURGERY
107,M,10,3,SURGERY
108,F,6,4,SURGERY
109,M,6,5,SURGERY
110,M,10,4,ORTHOPEDICS
111,M,10,4,SURGERY
112,F,13,2,GENERAL
113,M,13,2,GENERAL
114,F,1,5,ORTHOPEDICS
115,M,1,5,ORTHOPEDICS
116,F,10,4,GENERAL
117,F,1,7,CARDIOLOGY
118,M,13,2,ORTHOPEDICS
119,M,1,5,CARDIOLOGY
120,M,10,3,SURGERY
121,M,6,4,GENERAL
122,M,10,4,GENERAL
123,M,1,6,GENERAL
124,F,10,3,SURGERY
125,F,7,4,GENERAL
126,F,10,3,ORTHOPEDICS
127,F,1,5,GENERAL
128,M,1,5,GENERAL
129,F,10,4,GENERAL
130,F,10,3,GENERAL
131,M,11,3,GENERAL
132,F,7,4,ORTHOPEDICS
133,F,6,4,SURGERY
134,M,1,5,CARDIOLOGY
135,M,6,4,GENERAL
136,F,13,2,ORTHOPEDICS
137,F,6,4,CARDIOLOGY
138,M,13,2,GENERAL
139,F,6,4,CARDIOLOGY
140,F,6,4,ORTHOPEDICS
141,M,8,4,GENERAL
142,M,1,6,CARDIOLOGY
143,F,10,3,CARDIOLOGY
144,F,10,4,ORTHOPEDICS
145,F,8,4,GENERAL
146,F,6,4,CARDIOLOGY
147,M,13,2,GENERAL
148,M,1,5,GENERAL
149,F,1,5,CARDIOLOGY
150,F,1,5,GENERAL
151,M,1,6,CARDIOLOGY
152,M,1,6,GENERAL
153,M,1,5,SURGERY
154,M,1,5,GENERAL
155,M,6,4,CARDIOLOGY
156,F,1,5,ORTHOPEDICS
157,M,10,3,ORTHOPEDICS
158,F,1,5,CARDIOLOGY
159,F,1,5,GENERAL
160,F,10,4,ORTHOPEDICS
161,M,7,4,ORTHOPEDICS
162,M,1,5,GENERAL
163,M,10,3,GENERAL
164,M,13,3,CARDIOLOGY
165,F,10,4,GENERAL
166,F,1,5,ORTHOPEDICS
167,F,1,5,SURGERY
168,F,6,5,CARDIOLOGY
169,M,10,4,ORTHOPEDICS
170,M,1,5,ORTHOPEDICS
171,M,6,4,CARDIOLOGY
172,F,1,5,GENERAL
173,M,1,5,GENERAL
174,F,10,3,CARDIOLOGY
175,M,1,5,GENERAL
176,F,10,3,GENERAL
177,F,6,4,CARDIOLOGY
178,F,6,4,ORTHOPEDICS
179,M,6,4,GENERAL
180,M,6,4,CARDIOLOGY
181,M,6,4,CARDIOLOGY
182,F,13,3,GENERAL
183,F,10,4,GENERAL
184,M,11,3,GENERAL
185,F,6,4,SURGERY
186,F,10,4,GENERAL
187,F,1,6,SURGERY
188,M,1,5,GENERAL
189,M,7,4,GENERAL
190,M,13,3,GENERAL
191,F,1,5,GENERAL
192,F,7,4,GENERAL
193,F,10,3,ORTHOPEDICS
194,M,10,4,GENERAL
195,M,11,3,GENERAL
196,F,10,3,CARDIOLOGY
197,F,10,3,ORTHOPEDICS
198,M,13,2,ORTHOPEDICS
199,F,1,5,ORTHOPEDICS
200,M,6,4,SURGERY
201,F,11,3,CARDIOLOGY
202,M,1,6,GENERAL
203,F,1,5,CARDIOLOGY
204,F,13,2,ORTHOPEDICS
205,M,1,5,ORTHOPEDICS
206,M,11,3,GENERAL
207,M,1,6,GENERAL
208,F,10,3,SURGERY
209,M,6,4,ORTHOPEDICS
210,M,6,4,GENERAL
211,M,10,4,ORTHOPEDICS
212,F,10,4,CARDIOLOGY
213,F,6,4,ORTHOPEDICS
214,F,1,5,SURGERY
215,M,10,3,GENERAL
216,M,6,4,GENERAL
217,F,13,1,SURGERY
218,F,1,5,SURGERY
219,M,6,4,ORTHOPEDICS
220,M,6,4,GENERAL
221,F,7,4,CARDIOLOGY
222,M,13,2,GENERAL
223,F,1,5,SURGERY
224,M,13,2,GENERAL
225,F,1,6,GENERAL
226,M,6,4,GENERAL
227,M,13,2,GENERAL
228,F,1,5,GENERAL
229,M,10,3,GENERAL
230,M,10,4,ORTHOPEDICS
231,F,6,4,CARDIOLOGY
232,M,10,4,SURGERY
233,F,1,5,GENERAL
234,F,13,2,GENERAL
235,F,7,4,ORTHOPEDICS
236,F,6,4,SURGERY
237,M,6,4,ORTHOPEDICS
238,M,13,3,GENERAL
239,M,6,4,GENERAL
240,F,10,4,SURGERY
241,F,1,5,ORTHOPEDICS
242,M,10,3,SURGERY
243,M,11,3,SURGERY
244,F,6,4,CARDIOLOGY
245,M,1,5,GENERAL
246,M,1,5,GENERAL
247,M,1,5,GENERAL
248,F,6,4,CARDIOLOGY
249,F,6,4,CARDIOLOGY
250,M,6,4,SURGERY
251,M,10,4,GENERAL
252,F,6,4,GENERAL
253,F,6,4,SURGERY
254,F,10,4,CARDIOLOGY
255,F,13,2,CARDIOLOGY
256,M,1,6,GENERAL
257,F,6,4,GENERAL
258,F,1,5,GENERAL
259,M,10,3,GENERAL
260,M,6,4,GENERAL
261,M,1,5,ORTHOPEDICS
262,F,10,3,ORTHOPEDICS
263,F,11,3,GENERAL
264,F,13,2,SURGERY
265,M,13,3,SURGERY
266,F,13,3,CARDIOLOGY
267,F,11,3,SURGERY
268,M,7,4,GENERAL
269,F,6,4,GENERAL
270,F,1,7,ORTHOPEDICS
271,M,13,2,CARDIOLOGY
272,M,1,5,GENERAL
273,M,10,3,ORTHOPEDICS
274,F,1,7,GENERAL
275,F,13,3,SURGERY
276,F,1,5,GENERAL
277,M,6,4,ORTHOPEDICS
278,M,1,5,GENERAL
279,M,1,7,GENERAL
280,F,6,4,ORTHOPEDICS
281,F,7,4,ORTHOPEDICS
282,F,6,4,CARDIOLOGY
283,F,11,3,GENERAL
284,M,10,3,SURGERY
285,F,1,7,GENERAL
286,M,10,4,GENERAL
287,F,1,5,GENERAL
288,F,6,4,SURGERY
289,F,13,3,GENERAL
290,F,1,7,SURGERY
291,M,7,4,ORTHOPEDICS
292,M,1,5,GENERAL
293,F,6,5,CARDIOLOGY
294,F,13,3,GENERAL
295,M,13,3,SURGERY
296,M,13,2,SURGERY
297,F,13,2,GENERAL
298,F,10,3,SURGERY
299,M,11,3,CARDIOLOGY
300,F,1,5,GENERAL
301,M,10,3,ORTHOPEDICS
302,M,6,4,GENERAL
303,F,13,3,GENERAL
304,F,1,5,ORTHOPEDICS
305,M,6,4,SURGERY
306,F,1,5,GENERAL
307,M,1,5,GENERAL
308,F,11,3,GENERAL
309,F,1,5,CARDIOLOGY
310,M,1,5,GENERAL
311,M,13,3,CARDIOLOGY
312,M,1,5,CARDIOLOGY
313,F,10,4,GENERAL
314,M,6,4,ORTHOPEDICS
315,F,1,5,SURGERY
316,M,10,3,GENERAL
317,F,13,2,GENERAL
318,F,13,2,CARDIOLOGY
319,F,1,7,GENERAL
320,M,6,4,SURGERY
321,F,1,5,GENERAL
322,F,1,5,SURGERY
323,F,1,5,ORTHOPEDICS
324,F,1,5,GENERAL
325,F,1,5,ORTHOPEDICS
326,F,11,3,GENERAL
327,M,1,5,ORTHOPEDICS
328,F,1,5,SURGERY
329,M,10,3,GENERAL
330,M,1,5,CARDIOLOGY
331,M,1,5,GENERAL
332,F,1,5,CARDIOLOGY
333,F,6,4,GENERAL
334,M,13,2,GENERAL
335,F,6,4,SURGERY
336,M,11,3,CARDIOLOGY
337,F,6,4,GENERAL
338,M,10,3,CARDIOLOGY
339,M,6,4,CARDIOLOGY
340,M,1,5,SURGERY
341,M,11,3,CARDIOLOGY
342,F,1,5,SURGERY
343,M,6,4,ORTHOPEDICS
344,F,1,5,ORTHOPEDICS
345,M,10,3,SURGERY
346,F,1,5,GENERAL
347,M,6,4,GENERAL
348,M,13,2,SURGERY
349,M,10,3,SURGERY
350,M,13,2,ORTHOPEDICS
351,F,12,3,GENERAL
352,F,1,5,SURGERY
353,M,1,5,ORTHOPEDICS
354,M,6,4,ORTHOPEDICS
355,F,10,3,CARDIOLOGY
356,M,13,2,CARDIOLOGY
357,F,6,4,GENERAL
358,M,1,6,ORTHOPEDICS
359,M,10,3,CARDIOLOGY
360,F,10,4,SURGERY
361,M,1,5,ORTHOPEDICS
362,F,6,4,SURGERY
363,M,1,5,SURGERY
364,F,1,5,CARDIOLOGY
365,F,10,3,ORTHOPEDICS
366,F,13,3,GENERAL
367,M,1,6,GENERAL
368,M,1,5,GENERAL
369,M,13,2,GENERAL
370,M,7,4,CARDIOLOGY
371,M,6,4,SURGERY
372,M,1,5,SURGERY
373,F,13,2,ORTHOPEDICS
374,M,10,3,GENERAL
375,F,1,5,GENERAL
376,M,13,3,GENERAL
377,M,6,4,GENERAL
378,M,13,3,GENERAL
379,F,1,5,GENERAL
380,F,6,4,SURGERY
381,F,13,2,ORTHOPEDICS
382,M,1,5,GENERAL
383,M,13,2,ORTHOPEDICS
384,F,7,4,GENERAL
385,M,1,5,GENERAL
386,F,6,5,GENERAL
387,M,6,4,ORTHOPEDICS
388,M,6,4,SURGERY
389,M,13,3,ORTHOPEDICS
390,M,1,5,GENERAL
391,F,11,3,CARDIOLOGY
392,F,1,6,GENERAL
393,M,10,4,GENERAL
394,F,1,5,GENERAL
395,M,10,4,GENERAL
396,F,6,4,SURGERY
397,F,6,4,GENERAL
398,M,6,4,CARDIOLOGY
399,M,7,4,GENERAL
400,F,1,5,GENERAL
401,F,6,4,SURGERY
402,M,6,4,ORTHOPEDICS
403,M,6,4,GENERAL
404,M,11,3,GENERAL
405,M,1,5,SURGERY
406,F,6,4,GENERAL
407,M,10,4,CARDIOLOGY
408,F,13,3,CARDIOLOGY
409,M,1,5,GENERAL
410,F,1,5,ORTHOPEDICS
411,F,10,3,GENERAL
412,F,11,3,ORTHOPEDICS
413,M,1,5,ORTHOPEDICS
414,F,13,3,SURGERY
415,F,10,4,GENERAL
416,M,10,3,SURGERY
417,F,7,4,ORTHOPEDICS
418,M,13,2,GENERAL
419,M,1,5,SURGERY
420,F,6,4,ORTHOPEDICS
421,F,6,4,GENERAL
422,M,10,3,CARDIOLOGY
423,M,1,5,CARDIOLOGY
424,M,11,3,CARDIOLOGY
425,M,8,4,CARDIOLOGY
426,F,6,4,GENERAL
427,F,10,3,ORTHOPEDICS
428,M,10,3,CARDIOLOGY
429,F,6,4,SURGERY
430,M,10,3,GENERAL
431,M,1,5,CARDIOLOGY
432,F,1,5,SURGERY
433,F,10,4,SURGERY
434,F,13,2,CARDIOLOGY
435,F,1,6,SURGERY
436,M,13,2,ORTHOPEDICS
437,F,1,6,SURGERY
438,F,1,5,SURGERY
439,M,6,5,ORTHOPEDICS
440,M,11,3,ORTHOPEDICS
441,M,1,5,GENERAL
442,F,1,5,CARDIOLOGY
443,M,1,6,GENERAL
444,M,10,4,GENERAL
445,F,13,2,CARDIOLOGY
446,M,13,2,ORTHOPEDICS
447,F,7,4,ORTHOPEDICS
448,F,6,4,GENERAL
449,F,6,4,CARDIOLOGY
450,F,10,4,GENERAL
451,F,1,5,ORTHOPEDICS
452,M,10,3,GENERAL
453,F,10,3,GENERAL
454,F,6,4,SURGERY
455,M,6,4,GENERAL
456,M,1,5,SURGERY
457,F,1,5,GENERAL
458,M,10,4,CARDIOLOGY
459,F,11,3,ORTHOPEDICS
460,M,6,4,GENERAL
461,M,1,6,SURGERY
462,F,1,5,CARDIOLOGY
463,F,13,3,GENERAL
464,F,10,4,SURGERY
465,M,1,6,CARDIOLOGY
466,M,10,4,GENERAL
467,M,1,5,SURGERY
468,F,10,4,ORTHOPEDICS
469,F,10,3,SURGERY
470,F,1,7,SURGERY
471,F,1,5,GENERAL
472,F,10,3,SURGERY
473,M,1,5,GENERAL
474,F,10,3,GENERAL
475,F,7,4,CARDIOLOGY
476,M,1,5,CARDIOLOGY
477,M,7,4,SURGERY
478,M,1,5,GENERAL
479,F,6,4,SURGERY
480,M,7,4,GENERAL
481,F,10,4,GENERAL
482,M,6,4,ORTHOPEDICS
483,M,11,3,ORTHOPEDICS
484,F,7,4,ORTHOPEDICS
485,M,6,4,GENERAL
486,M,6,4,SURGERY
487,M,10,4,GENERAL
488,M,10,4,ORTHOPEDICS
489,F,10,3,SURGERY
490,F,10,3,ORTHOPEDICS
491,F,12,3,CARDIOLOGY
492,M,1,5,GENERAL
493,M,6,4,GENERAL
494,M,13,2,ORTHOPEDICS
495,M,6,4,ORTHOPEDICS
496,F,11,3,ORTHOPEDICS
497,M,11,3,SURGERY
498,M,10,4,CARDIOLOGY
499,F,6,4,GENERAL
500,M,13,3,SURGERY
501,M,1,7,GENERAL
502,F,10,4,GENERAL
503,F,1,5,ORTHOPEDICS
504,F,1,5,CARDIOLOGY
505,M,13,3,GENERAL
506,M,6,4,SURGERY
507,M,11,3,ORTHOPEDICS
508,F,10,4,ORTHOPEDICS
509,M,1,5,ORTHOPEDICS
510,M,13,2,ORTHOPEDICS
511,M,6,4,ORTHOPEDICS
512,M,10,4,GENERAL
513,F,6,4,SURGERY
514,F,13,3,SURGERY
515,M,1,6,SURGERY
516,F,6,4,GENERAL
517,F,10,4,GENERAL
518,F,1,5,CARDIOLOGY
519,F,1,5,CARDIOLOGY
520,M,12,3,GENERAL
521,M,1,5,SURGERY
522,F,10,3,ORTHOPEDICS
523,F,1,5,SURGERY
524,M,10,4,SURGERY
525,M,6,4,GENERAL
526,M,11,3,GENERAL
527,F,13,2,GENERAL
528,F,6,4,GENERAL
529,F,1,5,SURGERY
530,M,10,3,GENERAL
531,F,1,6,CARDIOLOGY
532,F,1,5,ORTHOPEDICS
533,F,11,3,ORTHOPEDICS
534,F,10,4,GENERAL
535,F,10,3,CARDIOLOGY
536,M,10,3,GENERAL
537,F,10,4,GENERAL
538,M,1,6,SURGERY
539,F,10,4,SURGERY
540,F,10,4,SURGERY
541,F,6,4,CARDIOLOGY
542,F,1,5,GENERAL
543,F,1,6,CARDIOLOGY
544,M,10,3,CARDIOLOGY
545,M,10,3,GENERAL
546,F,8,4,ORTHOPEDICS
547,F,6,4,SURGERY
548,M,13,1,GENERAL
549,F,11,3,GENERAL
550,F,6,4,GENERAL
551,M,1,5,GENERAL
552,F,6,4,ORTHOPEDICS
553,M,10,3,SURGERY
554,M,1,5,GENERAL
555,M,1,6,ORTHOPEDICS
556,F,6,4,ORTHOPEDICS
557,M,1,5,GENERAL
558,M,7,4,GENERAL
559,F,6,4,GENERAL
560,M,10,3,ORTHOPEDICS
561,M,8,4,ORTHOPEDICS
562,M,6,4,SURGERY
563,F,6,4,GENERAL
564,M,1,6,GENERAL
565,F,6,4,GENERAL
566,M,10,3,ORTHOPEDICS
567,F,6,4,GENERAL
568,F,6,4,GENERAL
569,F,1,6,GENERAL
570,F,6,4,ORTHOPEDICS
571,F,11,3,GENERAL
572,F,1,5,ORTHOPEDICS
573,F,1,5,ORTHOPEDICS
574,F,6,4,GENERAL
575,M,13,2,CARDIOLOGY
576,M,10,3,GENERAL
577,F,6,4,GENERAL
578,M,10,3,GENERAL
579,M,13,3,ORTHOPEDICS
580,F,10,4,GENERAL
581,M,10,3,CARDIOLOGY
582,F,13,2,CARDIOLOGY
583,M,1,5,ORTHOPEDICS
584,F,6,4,CARDIOLOGY
585,F,10,4,CARDIOLOGY
586,F,10,3,GENERAL
587,M,7,4,CARDIOLOGY
588,M,13,1,CARDIOLOGY
589,M,10,3,ORTHOPEDICS
590,M,1,5,ORTHOPEDICS
591,M,13,3,GENERAL
592,M,6,4,CARDIOLOGY
593,M,1,5,ORTHOPEDICS
594,M,6,4,GENERAL
595,M,6,4,ORTHOPEDICS
596,M,6,4,CARDIOLOGY
597,F,6,4,SURGERY
598,F,10,3,ORTHOPEDICS
599,F,1,5,GENERAL
600,F,6,4,CARDIOLOGY
601,F,1,5,ORTHOPEDICS
602,M,13,2,ORTHOPEDICS
603,F,1,5,ORTHOPEDICS
604,F,6,4,SURGERY
605,M,6,4,GENERAL
606,M,1,5,CARDIOLOGY
607,F,10,4,GENERAL
608,F,10,3,CARDIOLOGY
609,F,10,3,GENERAL
610,M,10,4,ORTHOPEDICS
611,M,10,4,CARDIOLOGY
612,M,10,3,SURGERY
613,M,10,3,GENERAL
614,F,6,4,GENERAL
615,M,1,5,GENERAL
616,M,10,4,GENERAL
617,M,10,4,ORTHOPEDICS
618,M,6,4,GENERAL
619,M,1,5,CARDIOLOGY
620,M,11,3,ORTHOPEDICS
621,M,6,4,GENERAL
622,M,6,4,ORTHOPEDICS
623,M,1,7,ORTHOPEDICS
624,M,10,4,SURGERY
625,F,1,5,CARDIOLOGY
626,M,13,2,SURGERY
627,F,1,5,CARDIOLOGY
628,M,10,4,CARDIOLOGY
629,M,6,4,GENERAL
630,F,10,3,SURGERY
631,F,10,4,CARDIOLOGY
632,F,11,3,SURGERY
633,M,6,4,CARDIOLOGY
634,M,6,4,ORTHOPEDICS
635,F,1,5,GENERAL
636,M,7,4,ORTHOPEDICS
637,M,6,4,CARDIOLOGY
638,M,1,5,ORTHOPEDICS
639,M,10,3,SURGERY
640,M,1,5,GENERAL
641,M,10,3,CARDIOLOGY
642,M,11,3,CARDIOLOGY
643,F,10,4,SURGERY
644,F,6,4,GENERAL
645,M,10,3,ORTHOPEDICS
646,M,10,4,SURGERY
647,M,10,3,ORTHOPEDICS
648,F,1,5,GENERAL
649,F,11,3,SURGERY
650,F,1,5,CARDIOLOGY
651,M,10,3,GENERAL
652,M,10,3,GENERAL
653,M,10,3,CARDIOLOGY
654,F,10,4,SURGERY
655,M,1,5,SURGERY
656,F,6,4,ORTHOPEDICS
657,F,10,4,GENERAL
658,F,6,4,SURGERY
659,F,6,4,ORTHOPEDICS
660,M,6,4,CARDIOLOGY
661,F,13,2,GENERAL
662,F,13,2,CARDIOLOGY
663,F,10,3,GENERAL
664,M,7,4,ORTHOPEDICS
665,M,1,6,CARDIOLOGY
666,M,1,6,GENERAL
667,M,1,5,ORTHOPEDICS
668,F,7,4,GENERAL
669,M,1,6,GENERAL
670,F,6,4,CARDIOLOGY
671,M,7,4,SURGERY
672,F,1,5,ORTHOPEDICS
673,M,6,4,ORTHOPEDICS
674,M,6,4,GENERAL
675,M,11,3,SURGERY
676,F,1,5,GENERAL
677,F,10,3,GENERAL
678,M,10,3,GENERAL
679,F,11,3,GENERAL
680,M,13,2,CARDIOLOGY
681,F,10,3,GENERAL
682,F,10,3,GENERAL
683,M,6,4,ORTHOPEDICS
684,M,1,5,SURGERY
685,F,1,5,GENERAL
686,F,10,3,ORTHOPEDICS
687,F,1,5,GENERAL
688,M,6,4,ORTHOPEDICS
689,M,10,4,GENERAL
690,M,1,5,SURGERY
691,M,6,4,SURGERY
692,M,6,4,ORTHOPEDICS
693,M,1,5,CARDIOLOGY
694,M,1,5,CARDIOLOGY
695,M,11,3,CARDIOLOGY
696,F,1,6,GENERAL
697,M,1,5,CARDIOLOGY
698,F,11,3,GENERAL
699,M,6,4,ORTHOPEDICS
700,F,13,2,SURGERY
701,F,13,3,SURGERY
702,F,1,5,GENERAL
703,F,13,2,CARDIOLOGY
704,F,6,4,GENERAL
705,F,10,4,ORTHOPEDICS
706,M,13,1,SURGERY
707,M,1,5,CARDIOLOGY
708,F,7,4,GENERAL
709,M,10,3,SURGERY
710,M,1,5,CARDIOLOGY
711,F,1,5,CARDIOLOGY
712,M,10,4,GENERAL
713,F,6,4,ORTHOPEDICS
714,F,6,4,GENERAL
715,M,11,3,GENERAL
716,F,6,4,CARDIOLOGY
717,F,6,4,CARDIOLOGY
718,M,13,3,GENERAL
719,M,6,4,CARDIOLOGY
720,M,1,5,GENERAL
721,F,10,3,GENERAL
722,F,10,4,GENERAL
723,M,10,3,GENERAL
724,F,1,5,ORTHOPEDICS
725,M,1,6,ORTHOPEDICS
726,F,1,5,SURGERY
727,F,1,5,ORTHOPEDICS
728,F,1,5,GENERAL
729,M,10,3,GENERAL
730,F,1,5,CARDIOLOGY
731,M,1,6,GENERAL
732,F,6,4,SURGERY
733,M,10,4,ORTHOPEDICS
734,F,1,5,CARDIOLOGY
735,M,1,5,GENERAL
736,F,10,3,SURGERY
737,F,1,5,ORTHOPEDICS
738,M,6,4,GENERAL
739,F,10,4,GENERAL
740,M,10,4,CARDIOLOGY
741,M,10,3,GENERAL
742,F,11,3,ORTHOPEDICS
743,F,10,3,CARDIOLOGY
744,F,10,3,SURGERY
745,F,1,5,ORTHOPEDICS
746,F,11,3,SURGERY
747,M,1,5,ORTHOPEDICS
748,F,13,3,GENERAL
749,M,13,1,GENERAL
750,M,10,3,SURGERY
751,F,13,2,CARDIOLOGY
752,F,1,6,GENERAL
753,M,1,7,GENERAL
754,F,10,3,GENERAL
755,M,6,4,GENERAL
756,M,7,4,GENERAL
757,F,13,2,GENERAL
758,F,10,3,GENERAL
759,F,1,5,CARDIOLOGY
760,F,1,5,ORTHOPEDICS
761,M,12,3,GENERAL
762,M,1,5,CARDIOLOGY
763,F,11,3,SURGERY
764,M,6,5,GENERAL
765,F,1,5,SURGERY
766,F,1,6,GENERAL
767,F,1,5,CARDIOLOGY
768,M,11,3,CARDIOLOGY
769,F,1,5,GENERAL
770,F,11,3,CARDIOLOGY
771,M,6,4,GENERAL
772,M,7,4,GENERAL
773,F,1,5,ORTHOPEDICS
774,M,13,2,SURGERY
775,M,1,5,GENERAL
776,F,10,4,ORTHOPEDICS
777,F,1,5,GENERAL
778,M,10,3,CARDIOLOGY
779,F,13,2,CARDIOLOGY
780,M,10,3,SURGERY
781,F,11,3,GENERAL
782,M,1,5,GENERAL
783,M,1,5,GENERAL
784,F,11,3,SURGERY
785,F,1,6,SURGERY
786,M,11,3,GENERAL
787,F,1,5,CARDIOLOGY
788,F,6,4,GENERAL
789,F,6,4,GENERAL
790,M,10,3,GENERAL
791,F,1,5,ORTHOPEDICS
792,F,1,5,CARDIOLOGY
793,F,1,5,ORTHOPEDICS
794,F,13,2,GENERAL
795,M,6,4,GENERAL
796,F,7,4,CARDIOLOGY
797,M,1,5,ORTHOPEDICS
798,M,10,3,SURGERY
799,F,1,6,ORTHOPEDICS
800,F,1,6,CARDIOLOGY
801,M,6,4,ORTHOPEDICS
802,F,6,5,ORTHOPEDICS
803,M,10,4,CARDIOLOGY
804,M,10,4,CARDIOLOGY
805,M,1,7,CARDIOLOGY
806,F,7,4,SURGERY
807,F,7,4,GENERAL
808,F,1,6,CARDIOLOGY
809,M,13,1,ORTHOPEDICS
810,M,1,5,ORTHOPEDICS
811,F,6,4,GENERAL
812,M,10,4,GENERAL
813,M,1,5,SURGERY
814,M,1,5,SURGERY
815,M,13,3,SURGERY
816,F,1,5,CARDIOLOGY
817,M,10,3,SURGERY
818,F,1,5,GENERAL
819,F,12,3,GENERAL
820,M,6,4,GENERAL
821,F,1,5,CARDIOLOGY
822,M,10,4,GENERAL
823,M,1,5,ORTHOPEDICS
824,F,10,3,CARDIOLOGY
825,M,7,4,CARDIOLOGY
826,M,10,4,GENERAL
827,M,1,5,GENERAL
828,M,7,4,GENERAL
829,M,1,5,ORTHOPEDICS
830,M,11,3,CARDIOLOGY
831,M,1,5,SURGERY
832,M,6,4,ORTHOPEDICS
833,M,1,5,SURGERY
834,M,1,5,SURGERY
835,M,6,4,SURGERY
836,M,13,2,CARDIOLOGY
837,F,6,4,GENERAL
838,M,10,4,SURGERY
839,M,10,4,GENERAL
840,M,10,3,ORTHOPEDICS
841,F,10,4,GENERAL
842,M,1,5,ORTHOPEDICS
843,F,7,4,CARDIOLOGY
844,M,11,3,CARDIOLOGY
845,F,1,5,GENERAL
846,M,6,4,ORTHOPEDICS
847,M,11,3,ORTHOPEDICS
848,F,6,4,CARDIOLOGY
849,F,1,5,CARDIOLOGY
850,M,6,4,GENERAL
851,M,7,4,SURGERY
852,F,10,4,CARDIOLOGY
853,F,10,4,CARDIOLOGY
854,M,6,4,ORTHOPEDICS
855,M,6,4,SURGERY
856,M,7,4,SURGERY
857,M,1,5,GENERAL
858,F,10,3,SURGERY
859,F,1,5,ORTHOPEDICS
860,M,6,4,GENERAL
861,F,11,3,GENERAL
862,M,6,4,SURGERY
863,M,13,2,GENERAL
864,F,1,5,GENERAL
865,F,7,4,GENERAL
866,M,1,5,SURGERY
867,F,10,4,CARDIOLOGY
868,M,10,4,ORTHOPEDICS
869,F,7,4,CARDIOLOGY
870,M,6,4,ORTHOPEDICS
871,F,8,4,GENERAL
872,F,13,2,GENERAL
873,F,10,4,SURGERY
874,F,10,4,CARDIOLOGY
875,M,6,4,GENERAL
876,F,1,5,ORTHOPEDICS
877,M,1,5,GENERAL
878,M,11,3,GENERAL
879,F,1,5,GENERAL
880,F,1,6,GENERAL
881,M,11,3,SURGERY
882,M,12,3,GENERAL
883,M,1,5,ORTHOPEDICS
884,M,1,5,ORTHOPEDICS
885,M,6,4,GENERAL
886,F,10,4,SURGERY
887,F,6,4,GENERAL
888,F,6,4,GENERAL
889,M,6,4,GENERAL
890,M,10,4,GENERAL
891,F,6,4,SURGERY
892,M,1,5,CARDIOLOGY
893,M,8,4,ORTHOPEDICS
894,F,6,4,GENERAL
895,F,1,5,ORTHOPEDICS
896,M,1,7,GENERAL
897,M,13,2,ORTHOPEDICS
898,F,10,3,GENERAL
899,F,6,4,GENERAL
900,F,13,2,GENERAL
901,M,10,3,GENERAL
902,M,6,4,GENERAL
903,F,10,3,GENERAL
904,M,1,6,CARDIOLOGY
905,F,1,5,GENERAL
906,F,6,4,GENERAL
907,F,10,3,SURGERY
908,F,10,4,ORTHOPEDICS
909,F,1,5,ORTHOPEDICS
910,F,6,4,GENERAL
911,M,13,3,SURGERY
912,F,7,4,CARDIOLOGY
913,M,10,3,GENERAL
914,F,1,5,GENERAL
915,M,1,5,GENERAL
916,M,10,4,SURGERY
917,M,10,3,GENERAL
918,F,1,5,CARDIOLOGY
919,F,10,3,ORTHOPEDICS
920,M,1,5,SURGERY
921,M,10,3,GENERAL
922,F,13,1,ORTHOPEDICS
923,M,6,4,CARDIOLOGY
924,M,7,4,GENERAL
925,M,10,3,SURGERY
926,M,11,3,CARDIOLOGY
927,M,7,4,ORTHOPEDICS
928,M,6,4,CARDIOLOGY
929,M,1,5,GENERAL
930,M,12,3,GENERAL
931,M,10,3,GENERAL
932,F,11,3,GENERAL
933,M,10,3,SURGERY
934,F,1,5,ORTHOPEDICS
935,M,6,4,CARDIOLOGY
936,M,1,5,CARDIOLOGY
937,F,10,4,ORTHOPEDICS
938,F,10,4,SURGERY
939,F,6,4,CARDIOLOGY
940,M,1,5,CARDIOLOGY
941,M,6,4,SURGERY
942,F,1,5,GENERAL
943,M,6,5,ORTHOPEDICS
944,F,6,5,ORTHOPEDICS
945,M,12,3,ORTHOPEDICS
946,F,7,4,ORTHOPEDICS
947,F,6,4,SURGERY
948,F,6,4,GENERAL
949,F,6,5,GENERAL
950,F,10,3,GENERAL
951,M,13,1,CARDIOLOGY
952,F,7,4,CARDIOLOGY
953,F,1,6,SURGERY
954,M,1,5,CARDIOLOGY
955,F,6,4,SURGERY
956,M,1,5,ORTHOPEDICS
957,F,11,3,CARDIOLOGY
958,M,1,6,ORTHOPEDICS
959,M,10,4,ORTHOPEDICS
960,M,11,3,GENERAL
961,M,10,3,CARDIOLOGY
962,M,6,4,GENERAL
963,F,6,4,GENERAL
964,F,1,5,GENERAL
965,M,10,3,CARDIOLOGY
966,F,10,3,ORTHOPEDICS
967,M,7,4,ORTHOPEDICS
968,F,13,2,GENERAL
969,M,6,4,GENERAL
970,M,1,5,CARDIOLOGY
971,M,10,4,GENERAL
972,F,10,4,GENERAL
973,F,1,5,ORTHOPEDICS
974,M,11,3,ORTHOPEDICS
975,M,11,3,GENERAL
976,F,6,4,ORTHOPEDICS
977,M,10,4,ORTHOPEDICS
978,F,1,5,GENERAL
979,F,6,4,GENERAL
980,M,13,3,ORTHOPEDICS
981,M,10,3,CARDIOLOGY
982,M,10,4,ORTHOPEDICS
983,F,1,5,SURGERY
984,M,11,3,GENERAL
985,F,6,4,GENERAL
986,F,6,4,ORTHOPEDICS
987,M,1,5,CARDIOLOGY
988,M,13,2,GENERAL
989,F,10,4,ORTHOPEDICS
990,F,1,6,SURGERY
991,F,7,4,CARDIOLOGY
992,M,1,5,CARDIOLOGY
993,M,6,5,GENERAL
994,M,1,5,GENERAL
995,M,10,3,ORTHOPEDICS
996,F,10,3,ORTHOPEDICS
997,M,10,3,GENERAL
998,M,11,3,GENERAL
999,M,10,4,ORTHOPEDICS
1000,F,10,3,CARDIOLOGY
1001,M,10,3,GENERAL
1002,F,10,3,SURGERY
1003,F,1,5,GENERAL
1004,M,10,3,CARDIOLOGY
1005,M,6,4,ORTHOPEDICS
1006,F,11,3,ORTHOPEDICS
1007,F,6,4,CARDIOLOGY
1008,F,1,6,SURGERY
1009,F,6,4,GENERAL
1010,M,1,5,GENERAL
1011,F,10,3,ORTHOPEDICS
1012,M,10,4,CARDIOLOGY
1013,F,10,3,ORTHOPEDICS
1014,F,1,6,ORTHOPEDICS
1015,F,1,5,SURGERY
1016,M,6,4,GENERAL
1017,F,1,5,GENERAL
1018,F,10,3,CARDIOLOGY
1019,F,13,3,SURGERY
1020,M,11,3,SURGERY
1021,F,6,4,CARDIOLOGY
1022,M,6,4,CARDIOLOGY
1023,F,6,4,CARDIOLOGY
1024,M,1,5,ORTHOPEDICS
1025,M,10,4,SURGERY
1026,M,1,6,ORTHOPEDICS
1027,M,10,3,SURGERY
1028,F,6,4,GENERAL
1029,F,6,4,SURGERY
1030,F,13,3,GENERAL
1031,F,1,5,GENERAL
1032,F,13,2,CARDIOLOGY
1033,F,10,4,CARDIOLOGY
1034,F,10,4,GENERAL
1035,F,10,3,GENERAL
1036,F,7,4,GENERAL
1037,M,13,3,GENERAL
1038,M,1,5,ORTHOPEDICS
1039,F,1,7,SURGERY
1040,M,13,2,GENERAL
1041,F,6,5,ORTHOPEDICS
1042,M,6,4,ORTHOPEDICS
1043,F,1,5,GENERAL
1044,F,11,3,GENERAL
1045,M,7,4,GENERAL
1046,M,6,4,SURGERY
1047,F,1,5,GENERAL
1048,M,1,5,ORTHOPEDICS
1049,F,8,4,GENERAL
1050,M,6,4,CARDIOLOGY
1051,F,1,6,SURGERY
1052,M,6,4,ORTHOPEDICS
1053,M,1,5,GENERAL
1054,F,6,4,ORTHOPEDICS
1055,F,1,5,GENERAL
1056,F,1,5,GENERAL
1057,M,6,4,GENERAL
1058,F,1,5,GENERAL
1059,F,11,3,SURGERY
1060,M,6,4,GENERAL
1061,F,6,4,ORTHOPEDICS
1062,F,6,4,GENERAL
1063,M,1,5,ORTHOPEDICS
1064,M,6,4,SURGERY
1065,F,7,4,GENERAL
1066,F,1,5,ORTHOPEDICS
1067,M,1,6,CARDIOLOGY
1068,M,10,4,GENERAL
1069,M,10,4,SURGERY
1070,F,10,4,CARDIOLOGY
1071,F,1,6,SURGERY
1072,F,10,4,GENERAL
1073,M,11,3,GENERAL
1074,M,6,4,CARDIOLOGY
1075,M,6,4,GENERAL
1076,F,10,3,GENERAL
1077,M,6,4,CARDIOLOGY
1078,M,1,5,GENERAL
1079,M,6,4,GENERAL
1080,F,1,5,GENERAL
1081,F,13,2,GENERAL
1082,F,6,4,SURGERY
1083,F,1,5,ORTHOPEDICS
1084,F,1,5,GENERAL
1085,M,10,3,GENERAL
1086,M,6,4,CARDIOLOGY
1087,M,1,5,SURGERY
1088,M,8,4,CARDIOLOGY
1089,M,7,4,ORTHOPEDICS
1090,F,6,4,GENERAL
1091,M,6,4,GENERAL
1092,M,1,5,GENERAL
1093,M,10,4,GENERAL
1094,F,11,3,GENERAL
1095,F,13,3,CARDIOLOGY
1096,F,10,3,GENERAL
1097,F,1,5,CARDIOLOGY
1098,M,10,4,GENERAL
1099,M,1,5,GENERAL
1100,M,6,4,ORTHOPEDICS
1101,M,1,5,ORTHOPEDICS
1102,F,1,5,CARDIOLOGY
1103,F,6,4,CARDIOLOGY
1104,M,6,4,GENERAL
1105,M,10,3,GENERAL
1106,M,13,2,CARDIOLOGY
1107,F,1,5,ORTHOPEDICS
1108,M,10,4,SURGERY
1109,F,6,4,ORTHOPEDICS
1110,M,7,4,ORTHOPEDICS
1111,F,6,4,GENERAL
1112,F,1,5,CARDIOLOGY
1113,F,8,4,GENERAL
1114,M,11,3,GENERAL
1115,M,6,4,GENERAL
1116,M,1,5,GENERAL
1117,F,13,1,SURGERY
1118,F,1,5,GENERAL
1119,M,1,5,GENERAL
1120,M,7,4,ORTHOPEDICS
1121,F,6,4,GENERAL
1122,F,1,5,SURGERY
1123,M,1,5,GENERAL
1124,F,1,5,SURGERY
1125,F,6,4,GENERAL
1126,M,13,2,GENERAL
1127,F,1,5,SURGERY
1128,M,12,3,GENERAL
1129,F,1,6,SURGERY
1130,M,1,5,GENERAL
1131,F,1,5,SURGERY
1132,F,6,4,CARDIOLOGY
1133,F,11,3,SURGERY
1134,F,10,4,ORTHOPEDICS
1135,M,6,4,GENERAL
1136,F,1,5,ORTHOPEDICS
1137,M,1,6,GENERAL
1138,M,6,4,GENERAL
1139,M,12,3,SURGERY
1140,M,10,4,ORTHOPEDICS
1141,M,6,4,CARDIOLOGY
1142,F,10,3,CARDIOLOGY
1143,M,11,3,GENERAL
1144,M,10,4,ORTHOPEDICS
1145,F,6,4,ORTHOPEDICS
1146,F,1,5,GENERAL
1147,F,11,3,ORTHOPEDICS
1148,F,13,2,GENERAL
1149,F,6,4,CARDIOLOGY
1150,M,6,4,GENERAL
1151,F,6,4,GENERAL
1152,M,11,3,GENERAL
1153,F,7,4,SURGERY
1154,M,10,4,ORTHOPEDICS
1155,F,7,4,GENERAL
1156,M,1,6,GENERAL
1157,M,1,5,GENERAL
1158,F,6,4,GENERAL
1159,F,6,4,GENERAL
1160,M,6,4,ORTHOPEDICS
1161,M,10,4,GENERAL
1162,F,1,6,GENERAL
1163,M,1,5,CARDIOLOGY
1164,F,10,3,GENERAL
1165,F,10,3,GENERAL
1166,M,1,5,ORTHOPEDICS
1167,F,10,3,SURGERY
1168,F,13,2,ORTHOPEDICS
1169,F,1,6,CARDIOLOGY
1170,F,10,3,GENERAL
1171,M,1,5,ORTHOPEDICS
1172,F,6,4,GENERAL
1173,M,10,4,GENERAL
1174,F,1,5,GENERAL
1175,M,1,6,GENERAL
1176,F,1,6,GENERAL
1177,M,1,6,ORTHOPEDICS
1178,F,13,2,CARDIOLOGY
1179,F,1,5,GENERAL
1180,F,1,5,ORTHOPEDICS
1181,F,10,3,GENERAL
1182,M,1,5,GENERAL
1183,F,10,3,ORTHOPEDICS
1184,M,1,5,GENERAL
1185,M,11,3,ORTHOPEDICS
1186,M,6,4,SURGERY
1187,F,6,4,CARDIOLOGY
1188,F,7,4,ORTHOPEDICS
1189,M,6,4,GENERAL
1190,M,6,4,GENERAL
1191,F,6,4,CARDIOLOGY
1192,M,13,2,GENERAL
1193,F,10,3,GENERAL
1194,F,13,3,GENERAL
1195,M,7,4,SURGERY
1196,M,13,3,CARDIOLOGY
1197,F,6,5,ORTHOPEDICS
1198,M,1,5,GENERAL
1199,M,10,3,GENERAL
1200,F,10,4,ORTHOPEDICS
1201,F,6,4,GENERAL
1202,F,6,4,GENERAL
1203,M,6,4,GENERAL
1204,F,1,5,SURGERY
1205,M,6,4,SURGERY
1206,M,13,2,CARDIOLOGY
1207,F,10,4,GENERAL
1208,F,11,3,ORTHOPEDICS
1209,M,13,2,SURGERY
1210,F,6,4,SURGERY
1211,F,1,6,SURGERY
1212,F,1,6,CARDIOLOGY
1213,M,1,6,CARDIOLOGY
1214,F,1,6,GENERAL
1215,F,10,3,GENERAL
1216,M,1,6,SURGERY
1217,M,1,5,CARDIOLOGY
1218,F,6,4,CARDIOLOGY
1219,M,10,3,GENERAL
1220,F,1,6,CARDIOLOGY
1221,F,10,3,SURGERY
1222,F,13,2,CARDIOLOGY
1223,M,1,5,ORTHOPEDICS
1224,F,13,2,GENERAL
1225,F,11,3,CARDIOLOGY
1226,F,7,4,GENERAL
1227,M,6,4,ORTHOPEDICS
1228,F,13,3,GENERAL
1229,F,10,4,GENERAL
1230,M,10,3,GENERAL
1231,M,6,4,SURGERY
1232,M,6,4,SURGERY
1233,M,8,4,SURGERY
1234,M,1,5,ORTHOPEDICS
1235,M,1,5,CARDIOLOGY
1236,M,1,5,GENERAL
1237,F,10,3,GENERAL
1238,M,1,6,ORTHOPEDICS
1239,M,6,4,SURGERY
1240,F,6,4,SURGERY
1241,F,10,3,ORTHOPEDICS
1242,M,1,6,GENERAL
1243,M,7,4,GENERAL
1244,M,10,3,GENERAL
1245,F,10,3,ORTHOPEDICS
1246,M,6,4,ORTHOPEDICS
1247,F,13,2,GENERAL
1248,F,10,3,SURGERY
1249,M,6,4,ORTHOPEDICS
1250,M,6,4,GENERAL
1251,M,6,4,CARDIOLOGY
1252,M,1,5,CARDIOLOGY
1253,F,6,5,GENERAL
1254,M,6,4,GENERAL
1255,F,1,5,GENERAL
1256,M,11,3,CARDIOLOGY
1257,F,13,3,CARDIOLOGY
1258,M,6,4,ORTHOPEDICS
1259,M,10,3,CARDIOLOGY
1260,F,6,4,SURGERY
1261,M,8,4,GENERAL
1262,M,7,4,CARDIOLOGY
1263,F,1,5,GENERAL
1264,F,1,5,GENERAL
1265,M,6,4,CARDIOLOGY
1266,F,6,4,ORTHOPEDICS
1267,F,6,4,GENERAL
1268,F,10,3,ORTHOPEDICS
1269,F,6,4,ORTHOPEDICS
1270,M,10,3,ORTHOPEDICS
1271,M,11,3,CARDIOLOGY
1272,M,10,4,GENERAL
1273,F,1,5,GENERAL
1274,F,6,4,GENERAL
1275,F,10,4,ORTHOPEDICS
1276,F,10,4,GENERAL
1277,M,10,3,SURGERY
1278,M,6,4,SURGERY
1279,M,11,3,GENERAL
1280,F,1,6,SURGERY
1281,F,1,5,CARDIOLOGY
1282,F,1,5,GENERAL
1283,F,10,3,GENERAL
1284,M,12,3,GENERAL
1285,F,10,3,GENERAL
1286,M,10,4,GENERAL
1287,M,6,4,SURGERY
1288,F,1,5,CARDIOLOGY
1289,M,6,4,GENERAL
1290,M,6,4,GENERAL
1291,F,10,4,GENERAL
1292,M,6,4,GENERAL
1293,F,10,3,GENERAL
1294,F,6,4,ORTHOPEDICS
1295,M,10,3,GENERAL
1296,M,10,4,SURGERY
1297,M,7,4,GENERAL
1298,M,6,4,ORTHOPEDICS
1299,F,1,5,CARDIOLOGY
1300,F,10,3,CARDIOLOGY
1301,F,10,3,CARDIOLOGY
1302,M,1,5,GENERAL
1303,M,10,4,GENERAL
1304,F,1,6,SURGERY
1305,M,1,5,ORTHOPEDICS
1306,F,11,3,GENERAL
1307,M,7,4,GENERAL
1308,F,1,5,GENERAL
1309,M,1,5,ORTHOPEDICS
1310,F,1,5,ORTHOPEDICS
1311,M,6,4,GENERAL
1312,F,1,6,GENERAL
1313,F,1,5,ORTHOPEDICS
1314,F,6,4,CARDIOLOGY
1315,M,6,4,CARDIOLOGY
1316,M,10,4,SURGERY
1317,M,11,3,CARDIOLOGY
1318,F,10,3,GENERAL
1319,F,10,3,GENERAL
1320,F,1,6,SURGERY
1321,M,11,3,GENERAL
1322,M,1,6,ORTHOPEDICS
1323,F,6,4,GENERAL
1324,F,11,3,CARDIOLOGY
1325,F,10,3,CARDIOLOGY
1326,F,1,5,SURGERY
1327,F,1,5,SURGERY
1328,F,1,5,GENERAL
1329,F,1,5,GENERAL
1330,M,13,2,SURGERY
1331,M,1,6,GENERAL
1332,F,1,5,SURGERY
1333,F,6,4,GENERAL
1334,F,1,6,SURGERY
1335,M,6,4,GENERAL
1336,F,1,5,GENERAL
1337,F,10,4,ORTHOPEDICS
1338,F,1,5,GENERAL
1339,M,7,4,GENERAL
1340,M,10,4,CARDIOLOGY
1341,M,6,4,CARDIOLOGY
1342,M,1,5,ORTHOPEDICS
1343,M,11,3,GENERAL
1344,F,10,4,GENERAL
1345,F,10,3,ORTHOPEDICS
1346,F,13,3,SURGERY
1347,F,1,5,GENERAL
1348,F,1,5,GENERAL
1349,M,6,4,SURGERY
1350,F,10,4,SURGERY
1351,F,6,4,GENERAL
1352,F,10,4,GENERAL
1353,M,10,3,CARDIOLOGY
1354,M,6,4,GENERAL
1355,M,1,5,GENERAL
1356,F,1,6,CARDIOLOGY
1357,M,6,4,ORTHOPEDICS
1358,M,10,4,ORTHOPEDICS
1359,F,1,5,SURGERY
1360,M,1,5,GENERAL
1361,F,6,4,CARDIOLOGY
1362,F,13,1,GENERAL
1363,M,6,4,CARDIOLOGY
1364,M,6,4,SURGERY
1365,F,1,5,CARDIOLOGY
1366,M,1,5,CARDIOLOGY
1367,F,1,5,GENERAL
1368,M,1,5,ORTHOPEDICS
1369,F,6,4,GENERAL
1370,F,1,5,GENERAL
1371,M,13,2,SURGERY
1372,M,6,4,GENERAL
1373,M,10,3,CARDIOLOGY
1374,M,6,4,CARDIOLOGY
1375,M,6,4,CARDIOLOGY
1376,F,1,5,GENERAL
1377,M,10,3,GENERAL
1378,F,10,3,ORTHOPEDICS
1379,M,10,3,CARDIOLOGY
1380,F,13,2,CARDIOLOGY
1381,M,10,3,SURGERY
1382,F,10,4,ORTHOPEDICS
1383,F,10,3,GENERAL
1384,F,1,5,GENERAL
1385,M,6,4,CARDIOLOGY
1386,M,13,2,GENERAL
1387,F,1,5,CARDIOLOGY
1388,M,1,5,GENERAL
1389,M,1,6,SURGERY
1390,F,10,4,GENERAL
1391,M,7,4,CARDIOLOGY
1392,F,1,5,CARDIOLOGY
1393,F,10,4,GENERAL
1394,M,1,5,CARDIOLOGY
1395,F,10,3,CARDIOLOGY
1396,F,1,5,GENERAL
1397,F,13,2,ORTHOPEDICS
1398,F,7,4,GENERAL
1399,F,10,3,CARDIOLOGY
1400,M,6,4,GENERAL
1401,F,6,4,GENERAL
1402,M,1,5,SURGERY
1403,F,1,5,GENERAL
1404,F,6,4,GENERAL
1405,F,1,5,SURGERY
1406,M,1,5,CARDIOLOGY
1407,F,6,4,SURGERY
1408,F,6,4,SURGERY
1409,M,6,4,GENERAL
1410,M,10,4,GENERAL
1411,M,7,4,GENERAL
1412,M,13,2,ORTHOPEDICS
1413,M,1,5,CARDIOLOGY
1414,M,1,5,GENERAL
1415,M,11,3,CARDIOLOGY
1416,M,1,6,CARDIOLOGY
1417,F,1,6,CARDIOLOGY
1418,F,1,5,GENERAL
1419,F,6,4,CARDIOLOGY
1420,F,1,5,GENERAL
1421,M,10,3,SURGERY
1422,F,7,4,SURGERY
1423,M,7,4,ORTHOPEDICS
1424,M,10,4,GENERAL
1425,M,1,5,GENERAL
1426,F,1,5,CARDIOLOGY
1427,M,10,3,SURGERY
1428,F,1,5,SURGERY
1429,F,13,3,CARDIOLOGY
1430,M,13,3,SURGERY
1431,F,10,3,GENERAL
1432,M,10,3,SURGERY
1433,F,6,4,ORTHOPEDICS
1434,M,10,4,GENERAL
1435,F,6,4,GENERAL
1436,M,7,4,SURGERY
1437,F,6,4,CARDIOLOGY
1438,M,1,6,CARDIOLOGY
1439,M,13,2,ORTHOPEDICS
1440,M,1,5,SURGERY
1441,F,13,3,GENERAL
1442,M,1,5,ORTHOPEDICS
1443,M,13,2,ORTHOPEDICS
1444,F,10,4,SURGERY
1445,M,7,4,CARDIOLOGY
1446,F,1,6,GENERAL
1447,F,6,4,GENERAL
1448,M,10,3,GENERAL
1449,M,6,4,GENERAL
1450,M,1,5,CARDIOLOGY
1451,F,10,3,GENERAL
1452,M,1,5,SURGERY
1453,M,1,5,SURGERY
1454,F,11,3,GENERAL
1455,M,10,3,ORTHOPEDICS
1456,M,10,3,CARDIOLOGY
1457,M,6,4,ORTHOPEDICS
1458,F,1,5,GENERAL
1459,M,13,3,GENERAL
1460,M,11,3,CARDIOLOGY
1461,F,6,4,SURGERY
1462,M,10,3,GENERAL
1463,M,1,5,ORTHOPEDICS
1464,M,10,3,GENERAL
1465,M,10,4,GENERAL
1466,M,6,4,SURGERY
1467,M,11,3,ORTHOPEDICS
1468,F,13,2,GENERAL
1469,F,11,3,CARDIOLOGY
1470,M,12,3,CARDIOLOGY
1471,F,13,2,ORTHOPEDICS
1472,M,6,4,GENERAL
1473,F,6,4,CARDIOLOGY
1474,M,1,5,CARDIOLOGY
1475,F,7,4,GENERAL
1476,M,6,4,GENERAL
1477,F,7,4,GENERAL
1478,F,6,4,GENERAL
1479,F,6,4,GENERAL
1480,F,1,5,GENERAL
1481,F,1,6,CARDIOLOGY
1482,F,1,6,CARDIOLOGY
1483,M,10,3,ORTHOPEDICS
1484,M,1,5,GENERAL
1485,F,1,5,GENERAL
1486,F,1,5,ORTHOPEDICS
1487,F,13,1,GENERAL
1488,F,1,5,ORTHOPEDICS
1489,M,10,3,GENERAL
1490,F,10,3,ORTHOPEDICS
1491,M,6,4,SURGERY
1492,F,6,4,ORTHOPEDICS
1493,M,13,2,GENERAL
1494,F,7,4,CARDIOLOGY
1495,F,10,3,ORTHOPEDICS
1496,M,10,3,SURGERY
1497,F,13,2,ORTHOPEDICS
1498,M,1,5,GENERAL
1499,F,6,4,SURGERY
1500,M,13,3,ORTHOPEDICS
1501,M,10,4,ORTHOPEDICS
1502,M,1,5,SURGERY
1503,F,13,2,GENERAL
1504,M,6,4,SURGERY
1505,M,1,6,GENERAL
1506,M,6,4,GENERAL
1507,M,10,4,SURGERY
1508,M,10,4,CARDIOLOGY
1509,F,1,5,GENERAL
1510,F,6,4,GENERAL
1511,M,1,5,CARDIOLOGY
1512,M,1,5,CARDIOLOGY
1513,M,13,2,GENERAL
1514,F,11,3,CARDIOLOGY
1515,F,1,5,ORTHOPEDICS
1516,F,10,3,GENERAL
1517,F,1,5,CARDIOLOGY
1518,M,7,4,SURGERY
1519,M,1,5,CARDIOLOGY
1520,F,6,4,GENERAL
1521,F,10,4,ORTHOPEDICS
1522,F,1,5,SURGERY
1523,M,10,3,SURGERY
1524,F,13,3,ORTHOPEDICS
1525,F,10,3,ORTHOPEDICS
1526,M,10,3,CARDIOLOGY
1527,F,6,4,CARDIOLOGY
1528,M,11,3,CARDIOLOGY
1529,F,7,4,CARDIOLOGY
1530,M,1,5,GENERAL
1531,F,1,6,ORTHOPEDICS
1532,F,1,5,GENERAL
1533,F,6,4,CARDIOLOGY
1534,F,7,4,GENERAL
1535,M,1,5,ORTHOPEDICS
1536,F,1,6,GENERAL
1537,M,1,5,GENERAL
1538,M,11,3,SURGERY
1539,M,13,2,GENERAL
1540,M,1,5,CARDIOLOGY
1541,F,10,4,GENERAL
1542,F,6,4,GENERAL
1543,F,13,2,CARDIOLOGY
1544,F,13,2,SURGERY
1545,F,11,3,GENERAL
1546,F,1,6,GENERAL
1547,M,11,3,GENERAL
1548,F,11,3,GENERAL
1549,F,1,5,GENERAL
1550,F,13,2,SURGERY
1551,F,10,3,CARDIOLOGY
1552,F,6,4,CARDIOLOGY
1553,F,12,3,GENERAL
1554,F,1,5,GENERAL
1555,F,11,3,GENERAL
1556,F,1,5,GENERAL
1557,F,1,5,GENERAL
1558,F,11,3,GENERAL
1559,M,11,3,GENERAL
1560,F,1,5,CARDIOLOGY
1561,F,7,4,GENERAL
1562,F,1,5,SURGERY
1563,F,6,4,GENERAL
1564,M,10,4,GENERAL
1565,F,13,2,GENERAL
1566,F,1,5,ORTHOPEDICS
1567,M,6,4,ORTHOPEDICS
1568,F,13,2,GENERAL
1569,M,6,5,CARDIOLOGY
1570,M,12,3,ORTHOPEDICS
1571,M,1,5,GENERAL
1572,M,1,5,SURGERY
1573,F,6,4,GENERAL
1574,M,1,5,ORTHOPEDICS
1575,F,1,5,SURGERY
1576,F,10,4,ORTHOPEDICS
1577,F,6,4,GENERAL
1578,M,10,3,ORTHOPEDICS
1579,M,13,2,GENERAL
1580,M,10,4,GENERAL
1581,M,11,3,CARDIOLOGY
1582,F,10,3,SURGERY
1583,M,1,5,CARDIOLOGY
1584,M,6,4,ORTHOPEDICS
1585,M,1,5,ORTHOPEDICS
1586,F,1,5,GENERAL
1587,M,13,2,ORTHOPEDICS
1588,M,10,3,CARDIOLOGY
1589,F,1,5,CARDIOLOGY
1590,F,10,4,CARDIOLOGY
1591,F,6,4,ORTHOPEDICS
1592,M,7,4,GENERAL
1593,M,6,4,GENERAL
1594,M,13,3,SURGERY
1595,F,6,4,CARDIOLOGY
1596,M,10,3,SURGERY
1597,M,10,3,SURGERY
1598,M,6,4,ORTHOPEDICS
1599,M,1,5,SURGERY
1600,F,1,5,GENERAL
1601,M,6,4,CARDIOLOGY
1602,F,13,2,GENERAL
1603,F,10,4,GENERAL
1604,M,1,5,SURGERY
1605,F,10,3,GENERAL
1606,M,6,4,ORTHOPEDICS
1607,M,6,4,GENERAL
1608,F,11,3,SURGERY
1609,F,6,4,CARDIOLOGY
1610,M,7,4,ORTHOPEDICS
1611,M,10,4,GENERAL
1612,F,1,5,GENERAL
1613,M,10,4,SURGERY
1614,F,1,5,GENERAL
1615,F,10,3,SURGERY
1616,M,13,2,SURGERY
1617,M,6,4,ORTHOPEDICS
1618,F,1,5,ORTHOPEDICS
1619,M,10,4,GENERAL
1620,F,1,5,GENERAL
1621,F,6,4,SURGERY
1622,F,6,4,ORTHOPEDICS
1623,F,6,4,CARDIOLOGY
1624,F,10,3,GENERAL
1625,M,1,5,SURGERY
1626,F,1,5,GENERAL
1627,M,6,4,SURGERY
1628,M,13,2,GENERAL
1629,M,1,5,GENERAL
1630,M,1,6,SURGERY
1631,M,1,5,CARDIOLOGY
1632,F,1,5,GENERAL
1633,M,1,6,GENERAL
1634,M,6,4,CARDIOLOGY
1635,F,6,4,GENERAL
1636,F,10,3,CARDIOLOGY
1637,F,6,4,ORTHOPEDICS
1638,M,11,3,GENERAL
1639,M,13,2,GENERAL
1640,F,10,3,ORTHOPEDICS
1641,M,6,4,GENERAL
1642,F,13,1,SURGERY
1643,M,13,2,ORTHOPEDICS
1644,F,1,5,SURGERY
1645,M,6,4,ORTHOPEDICS
1646,F,6,4,GENERAL
1647,F,10,3,GENERAL
1648,M,1,6,CARDIOLOGY
1649,F,10,4,GENERAL
1650,F,10,3,CARDIOLOGY
1651,M,7,4,GENERAL
1652,M,10,3,GENERAL
1653,F,1,6,ORTHOPEDICS
1654,F,10,4,GENERAL
1655,M,10,3,SURGERY
1656,M,1,6,ORTHOPEDICS
1657,M,10,4,SURGERY
1658,F,1,6,CARDIOLOGY
1659,M,1,6,CARDIOLOGY
1660,F,13,2,CARDIOLOGY
1661,M,13,2,GENERAL
1662,F,10,4,CARDIOLOGY
1663,M,11,3,GENERAL
1664,F,10,3,GENERAL
1665,F,13,2,GENERAL
1666,F,1,5,SURGERY
1667,M,10,4,SURGERY
1668,F,1,5,SURGERY
1669,F,6,4,ORTHOPEDICS
1670,M,6,4,SURGERY
1671,M,6,4,SURGERY
1672,M,1,5,CARDIOLOGY
1673,F,13,2,ORTHOPEDICS
1674,F,6,4,GENERAL
1675,F,7,4,GENERAL
1676,M,1,5,CARDIOLOGY
1677,M,13,2,GENERAL
1678,F,11,3,CARDIOLOGY
1679,F,10,4,SURGERY
1680,M,1,5,CARDIOLOGY
1681,M,1,5,SURGERY
1682,F,1,6,SURGERY
1683,F,10,3,GENERAL
1684,F,1,5,GENERAL
1685,M,10,3,SURGERY
1686,M,1,6,ORTHOPEDICS
1687,F,6,4,ORTHOPEDICS
1688,M,10,3,SURGERY
1689,M,13,3,ORTHOPEDICS
1690,F,12,3,GENERAL
1691,F,13,2,SURGERY
1692,F,6,4,GENERAL
1693,M,1,5,CARDIOLOGY
1694,M,11,3,SURGERY
1695,F,13,3,GENERAL
1696,F,10,4,ORTHOPEDICS
1697,F,1,5,GENERAL
1698,M,10,3,GENERAL
1699,F,10,3,ORTHOPEDICS
1700,M,6,4,GENERAL
1701,M,1,5,ORTHOPEDICS
1702,M,11,3,CARDIOLOGY
1703,M,1,5,CARDIOLOGY
1704,M,1,5,CARDIOLOGY
1705,F,1,5,GENERAL
1706,M,1,5,CARDIOLOGY
1707,M,6,4,ORTHOPEDICS
1708,F,11,3,GENERAL
1709,M,10,4,SURGERY
1710,F,1,5,ORTHOPEDICS
1711,F,1,5,GENERAL
1712,M,1,6,GENERAL
1713,F,10,4,GENERAL
1714,M,10,4,CARDIOLOGY
1715,F,1,5,GENERAL
1716,M,13,2,GENERAL
1717,F,6,4,GENERAL
1718,M,1,5,GENERAL
1719,F,13,2,CARDIOLOGY
1720,M,1,6,CARDIOLOGY
1721,F,6,4,CARDIOLOGY
1722,M,10,3,SURGERY
1723,F,1,6,SURGERY
1724,M,13,2,CARDIOLOGY
1725,M,10,4,SURGERY
1726,F,11,3,CARDIOLOGY
1727,F,1,5,ORTHOPEDICS
1728,F,13,2,SURGERY
1729,M,6,4,GENERAL
1730,F,6,4,SURGERY
1731,F,1,5,GENERAL
1732,F,10,4,SURGERY
1733,F,6,4,GENERAL
1734,F,6,4,GENERAL
1735,F,10,3,CARDIOLOGY
1736,F,10,4,GENERAL
1737,M,13,2,ORTHOPEDICS
1738,M,10,4,SURGERY
1739,F,1,5,GENERAL
1740,F,10,4,GENERAL
1741,M,1,5,GENERAL
1742,F,13,2,SURGERY
1743,F,1,5,ORTHOPEDICS
1744,M,1,6,ORTHOPEDICS
1745,F,6,4,SURGERY
1746,M,6,4,GENERAL
1747,F,6,4,GENERAL
1748,M,6,4,ORTHOPEDICS
1749,F,10,3,SURGERY
1750,M,1,5,GENERAL
1751,M,1,5,GENERAL
1752,M,1,5,GENERAL
1753,M,7,4,GENERAL
1754,M,1,5,SURGERY
1755,M,10,3,GENERAL
1756,F,12,3,GENERAL
1757,F,6,4,GENERAL
1758,M,6,4,CARDIOLOGY
1759,F,1,5,ORTHOPEDICS
1760,M,10,4,ORTHOPEDICS
1761,M,13,3,ORTHOPEDICS
1762,M,1,5,GENERAL
1763,F,1,6,ORTHOPEDICS
1764,M,6,4,CARDIOLOGY
1765,M,1,5,GENERAL
1766,F,10,3,GENERAL
1767,M,1,6,CARDIOLOGY
1768,F,13,2,CARDIOLOGY
1769,F,10,4,ORTHOPEDICS
1770,F,10,4,ORTHOPEDICS
1771,F,10,3,ORTHOPEDICS
1772,F,1,5,ORTHOPEDICS
1773,M,10,4,GENERAL
1774,M,7,4,SURGERY
1775,F,10,3,ORTHOPEDICS
1776,M,13,2,ORTHOPEDICS
1777,M,11,3,ORTHOPEDICS
1778,M,10,4,GENERAL
1779,M,13,2,SURGERY
1780,F,1,5,CARDIOLOGY
1781,M,1,5,GENERAL
1782,F,13,3,GENERAL
1783,F,11,3,ORTHOPEDICS
1784,F,10,3,SURGERY
1785,F,1,5,GENERAL
1786,M,6,4,ORTHOPEDICS
1787,M,1,5,ORTHOPEDICS
1788,F,1,5,SURGERY
1789,M,6,4,CARDIOLOGY
1790,M,1,6,CARDIOLOGY
1791,F,6,4,ORTHOPEDICS
1792,M,1,6,GENERAL
1793,M,13,2,GENERAL
1794,F,13,3,SURGERY
1795,F,1,5,ORTHOPEDICS
1796,F,10,3,SURGERY
1797,M,6,4,GENERAL
1798,M,10,3,SURGERY
1799,M,1,5,GENERAL
1800,F,1,5,SURGERY
1801,M,12,3,GENERAL
1802,F,6,4,SURGERY
1803,F,6,4,GENERAL
1804,F,1,5,SURGERY
1805,M,6,4,CARDIOLOGY
1806,F,6,4,SURGERY
1807,M,1,5,ORTHOPEDICS
1808,F,13,2,GENERAL
1809,F,11,3,ORTHOPEDICS
1810,F,1,5,GENERAL
1811,F,6,4,CARDIOLOGY
1812,M,11,3,GENERAL
1813,F,1,6,GENERAL
1814,M,10,4,GENERAL
1815,F,1,5,GENERAL
1816,F,10,4,SURGERY
1817,F,11,3,ORTHOPEDICS
1818,F,6,4,SURGERY
1819,M,6,4,CARDIOLOGY
1820,M,10,3,GENERAL
1821,F,12,3,SURGERY
1822,F,8,4,GENERAL
1823,M,1,5,SURGERY
1824,F,1,5,CARDIOLOGY
1825,M,13,3,GENERAL
1826,F,10,4,SURGERY
1827,F,10,3,GENERAL
1828,M,10,3,SURGERY
1829,M,11,3,ORTHOPEDICS
1830,M,1,5,GENERAL
1831,F,6,4,ORTHOPEDICS
1832,F,7,4,ORTHOPEDICS
1833,F,7,4,SURGERY
1834,F,6,4,ORTHOPEDICS
1835,F,10,4,GENERAL
1836,F,1,7,GENERAL
1837,M,1,5,GENERAL
1838,F,1,6,GENERAL
1839,M,1,5,SURGERY
1840,F,13,2,ORTHOPEDICS
1841,M,10,3,SURGERY
1842,F,1,6,ORTHOPEDICS
1843,F,6,4,SURGERY
1844,F,1,5,SURGERY
1845,M,1,5,CARDIOLOGY
1846,M,10,3,SURGERY
1847,M,10,4,CARDIOLOGY
1848,M,10,4,ORTHOPEDICS
1849,M,10,3,GENERAL
1850,M,7,4,SURGERY
1851,M,10,3,ORTHOPEDICS
1852,F,6,4,GENERAL
1853,M,1,5,CARDIOLOGY
1854,F,1,6,CARDIOLOGY
1855,F,6,4,ORTHOPEDICS
1856,F,7,4,SURGERY
1857,M,1,5,GENERAL
1858,M,6,4,GENERAL
1859,F,10,4,GENERAL
1860,M,11,3,GENERAL
1861,F,10,3,GENERAL
1862,F,7,4,GENERAL
1863,M,10,3,GENERAL
1864,F,10,3,GENERAL
1865,M,1,5,GENERAL
1866,F,13,2,ORTHOPEDICS
1867,M,1,5,SURGERY
1868,M,7,4,ORTHOPEDICS
1869,F,1,6,CARDIOLOGY
1870,M,13,2,GENERAL
1871,F,10,3,CARDIOLOGY
1872,M,1,5,ORTHOPEDICS
1873,F,10,4,CARDIOLOGY
1874,F,10,4,SURGERY
1875,M,13,2,GENERAL
1876,M,7,4,GENERAL
1877,F,10,4,CARDIOLOGY
1878,M,11,3,CARDIOLOGY
1879,F,10,3,GENERAL
1880,F,6,4,SURGERY
1881,F,13,2,SURGERY
1882,F,6,4,GENERAL
1883,M,10,3,SURGERY
1884,M,10,4,GENERAL
1885,F,6,4,CARDIOLOGY
1886,M,10,4,GENERAL
1887,F,1,5,ORTHOPEDICS
1888,M,11,3,CARDIOLOGY
1889,F,1,5,ORTHOPEDICS
1890,F,6,4,CARDIOLOGY
1891,F,13,3,CARDIOLOGY
1892,M,13,2,GENERAL
1893,M,10,3,CARDIOLOGY
1894,F,6,4,SURGERY
1895,M,1,5,SURGERY
1896,F,10,4,GENERAL
1897,F,7,4,GENERAL
1898,M,6,4,GENERAL
1899,M,13,2,SURGERY
1900,F,6,4,GENERAL
1901,F,6,4,CARDIOLOGY
1902,F,1,6,GENERAL
1903,F,1,5,GENERAL
1904,M,12,3,SURGERY
1905,M,6,4,GENERAL
1906,F,11,3,ORTHOPEDICS
1907,M,11,3,CARDIOLOGY
1908,M,1,5,SURGERY
1909,F,13,2,ORTHOPEDICS
1910,M,13,3,GENERAL
1911,M,13,2,CARDIOLOGY
1912,M,10,4,CARDIOLOGY
1913,M,6,4,GENERAL
1914,F,6,4,GENERAL
1915,M,1,5,ORTHOPEDICS
1916,F,7,4,ORTHOPEDICS
1917,M,11,3,GENERAL
1918,M,1,5,GENERAL
1919,F,13,2,SURGERY
1920,M,6,4,GENERAL
1921,M,1,5,GENERAL
1922,F,1,6,ORTHOPEDICS
1923,M,1,6,GENERAL
1924,F,1,7,CARDIOLOGY
1925,F,6,4,GENERAL
1926,F,1,5,GENERAL
1927,M,6,4,GENERAL
1928,M,6,4,SURGERY
1929,M,6,4,CARDIOLOGY
1930,M,13,3,GENERAL
1931,F,6,4,GENERAL
1932,M,1,7,CARDIOLOGY
1933,F,1,5,GENERAL
1934,M,13,3,SURGERY
1935,M,6,4,CARDIOLOGY
1936,M,6,4,GENERAL
1937,F,10,4,SURGERY
1938,M,1,5,ORTHOPEDICS
1939,F,1,5,SURGERY
1940,F,6,4,GENERAL
1941,F,10,3,GENERAL
1942,M,10,4,CARDIOLOGY
1943,M,1,5,CARDIOLOGY
1944,M,13,3,SURGERY
1945,M,6,4,ORTHOPEDICS
1946,M,13,3,CARDIOLOGY
1947,M,1,5,GENERAL
1948,F,13,3,SURGERY
1949,M,1,6,GENERAL
1950,F,1,5,ORTHOPEDICS
1951,M,10,3,CARDIOLOGY
1952,M,10,4,GENERAL
1953,M,1,5,GENERAL
1954,F,13,2,CARDIOLOGY
1955,F,6,4,CARDIOLOGY
1956,F,6,4,SURGERY
1957,M,1,5,SURGERY
1958,M,1,5,GENERAL
1959,M,1,7,CARDIOLOGY
1960,M,1,6,ORTHOPEDICS
1961,F,10,4,ORTHOPEDICS
1962,F,8,4,CARDIOLOGY
1963,M,6,4,CARDIOLOGY
1964,M,1,5,GENERAL
1965,M,6,4,GENERAL
1966,M,1,5,GENERAL
1967,M,1,5,ORTHOPEDICS
1968,F,13,3,GENERAL
1969,M,1,5,ORTHOPEDICS
1970,F,10,3,GENERAL
1971,M,13,3,SURGERY
1972,M,1,6,CARDIOLOGY
1973,M,13,3,SURGERY
1974,M,13,2,GENERAL
1975,M,6,4,SURGERY
1976,M,6,4,SURGERY
1977,F,10,4,SURGERY
1978,M,13,2,CARDIOLOGY
1979,M,1,5,ORTHOPEDICS
1980,F,10,3,CARDIOLOGY
1981,F,1,5,SURGERY
1982,M,7,4,ORTHOPEDICS
1983,M,11,3,CARDIOLOGY
1984,M,6,4,ORTHOPEDICS
1985,M,10,4,SURGERY
1986,M,6,4,SURGERY
1987,M,6,5,GENERAL
1988,F,1,5,ORTHOPEDICS
1989,M,1,5,SURGERY
1990,F,6,5,ORTHOPEDICS
1991,M,10,3,GENERAL
1992,F,13,3,ORTHOPEDICS
1993,M,6,4,SURGERY
1994,F,11,3,GENERAL
1995,M,10,3,GENERAL
1996,F,10,3,CARDIOLOGY
1997,M,1,5,ORTHOPEDICS
1998,M,6,4,GENERAL
1999,M,10,3,ORTHOPEDICS
2000,M,1,5,GENERAL
2001,M,13,1,SURGERY
2002,M,6,4,SURGERY
2003,F,6,4,ORTHOPEDICS
2004,M,6,4,ORTHOPEDICS
2005,M,6,4,GENERAL
2006,M,6,4,ORTHOPEDICS
2007,M,10,4,GENERAL
2008,M,10,3,ORTHOPEDICS
2009,M,1,6,GENERAL
2010,F,10,3,ORTHOPEDICS
2011,F,10,4,CARDIOLOGY
2012,F,6,4,GENERAL
2013,M,1,5,ORTHOPEDICS
2014,F,1,5,ORTHOPEDICS
2015,F,1,5,GENERAL
2016,M,1,6,CARDIOLOGY
2017,M,6,4,GENERAL
2018,M,6,4,ORTHOPEDICS
2019,M,1,5,GENERAL
2020,M,10,4,GENERAL
2021,M,10,3,CARDIOLOGY
2022,F,7,4,SURGERY
2023,M,1,5,ORTHOPEDICS
2024,F,1,5,GENERAL
2025,F,1,5,GENERAL
2026,F,10,3,GENERAL
2027,M,13,1,GENERAL
2028,F,6,5,GENERAL
2029,M,13,3,GENERAL
2030,M,6,4,GENERAL
2031,M,1,5,CARDIOLOGY
2032,F,13,3,CARDIOLOGY
2033,F,10,3,GENERAL
2034,F,10,4,SURGERY
2035,F,6,4,CARDIOLOGY
2036,F,11,3,GENERAL
2037,F,6,4,CARDIOLOGY
2038,F,1,5,ORTHOPEDICS
2039,F,1,5,GENERAL
2040,F,6,4,GENERAL
2041,M,1,5,CARDIOLOGY
2042,F,1,5,ORTHOPEDICS
2043,F,6,4,GENERAL
2044,F,6,4,SURGERY
2045,F,1,5,GENERAL
2046,M,11,3,CARDIOLOGY
2047,M,6,4,ORTHOPEDICS
2048,F,6,4,ORTHOPEDICS
2049,F,6,5,CARDIOLOGY
2050,F,10,3,GENERAL
2051,M,1,5,SURGERY
2052,M,6,4,GENERAL
2053,M,1,6,ORTHOPEDICS
2054,F,7,4,SURGERY
2055,F,6,4,GENERAL
2056,F,10,4,CARDIOLOGY
2057,M,1,5,GENERAL
2058,M,7,4,ORTHOPEDICS
2059,M,13,2,GENERAL
2060,M,11,3,ORTHOPEDICS
2061,M,1,5,ORTHOPEDICS
2062,M,11,3,CARDIOLOGY
2063,M,10,4,SURGERY
2064,F,1,5,GENERAL
2065,F,10,3,GENERAL
2066,M,6,4,GENERAL
2067,M,1,5,CARDIOLOGY
2068,M,1,5,ORTHOPEDICS
2069,F,10,4,GENERAL
2070,F,10,4,SURGERY
2071,F,13,2,GENERAL
2072,M,10,3,GENERAL
2073,F,1,5,CARDIOLOGY
2074,M,6,4,CARDIOLOGY
2075,F,10,4,SURGERY
2076,M,6,4,CARDIOLOGY
2077,M,7,4,GENERAL
2078,F,6,4,CARDIOLOGY
2079,F,1,5,ORTHOPEDICS
2080,M,6,4,GENERAL
2081,F,1,5,GENERAL
2082,F,10,3,GENERAL
2083,M,10,3,SURGERY
2084,F,1,5,SURGERY
2085,M,10,3,CARDIOLOGY
2086,F,6,4,SURGERY
2087,F,1,5,ORTHOPEDICS
2088,F,1,5,CARDIOLOGY
2089,M,6,4,GENERAL
2090,M,6,4,GENERAL
2091,M,6,4,SURGERY
2092,F,6,4,GENERAL
2093,M,13,3,GENERAL
2094,F,10,3,SURGERY
2095,M,6,4,ORTHOPEDICS
2096,M,1,5,CARDIOLOGY
2097,F,1,5,ORTHOPEDICS
2098,M,6,4,CARDIOLOGY
2099,F,1,5,ORTHOPEDICS
2100,F,10,4,SURGERY
2101,F,6,4,GENERAL
2102,M,6,4,CARDIOLOGY
2103,M,10,4,SURGERY
2104,F,1,5,ORTHOPEDICS
2105,F,6,4,ORTHOPEDICS
2106,M,6,4,SURGERY
2107,F,10,4,SURGERY
2108,M,13,2,SURGERY
2109,M,1,6,CARDIOLOGY
2110,F,13,2,GENERAL
2111,F,11,3,SURGERY
2112,F,10,4,SURGERY
2113,M,6,4,CARDIOLOGY
2114,F,13,2,GENERAL
2115,F,1,5,GENERAL
2116,M,6,4,ORTHOPEDICS
2117,F,10,3,ORTHOPEDICS
2118,M,10,4,ORTHOPEDICS
2119,F,10,3,CARDIOLOGY
2120,F,8,4,CARDIOLOGY
2121,F,1,6,GENERAL
2122,M,1,6,ORTHOPEDICS
2123,F,6,4,CARDIOLOGY
2124,M,13,2,GENERAL
2125,F,10,3,ORTHOPEDICS
2126,M,6,4,GENERAL
2127,F,11,3,SURGERY
2128,M,10,3,GENERAL
2129,M,6,4,ORTHOPEDICS
2130,F,12,3,GENERAL
2131,M,11,3,CARDIOLOGY
2132,F,1,5,SURGERY
2133,F,6,4,CARDIOLOGY
2134,F,6,4,GENERAL
2135,M,6,4,GENERAL
2136,M,10,3,CARDIOLOGY
2137,M,11,3,GENERAL
2138,M,1,6,GENERAL
2139,M,11,3,ORTHOPEDICS
2140,M,10,3,GENERAL
2141,M,13,2,GENERAL
2142,F,10,3,GENERAL
2143,M,6,4,GENERAL
2144,M,13,3,SURGERY
2145,F,10,4,GENERAL
2146,M,13,2,GENERAL
2147,M,6,4,GENERAL
2148,M,10,4,GENERAL
2149,M,6,4,CARDIOLOGY
2150,M,11,3,ORTHOPEDICS
2151,M,6,4,ORTHOPEDICS
2152,M,6,4,GENERAL
2153,M,1,5,GENERAL
2154,M,10,3,SURGERY
2155,F,1,5,GENERAL
2156,M,6,4,CARDIOLOGY
2157,M,13,3,GENERAL
2158,M,10,3,SURGERY
2159,F,1,6,GENERAL
2160,M,1,6,ORTHOPEDICS
2161,F,10,3,GENERAL
2162,M,10,3,SURGERY
2163,F,10,4,ORTHOPEDICS
2164,F,11,3,GENERAL
2165,M,11,3,ORTHOPEDICS
2166,M,8,4,GENERAL
2167,F,11,3,CARDIOLOGY
2168,F,7,4,SURGERY
2169,F,13,2,GENERAL
2170,F,6,4,GENERAL
2171,F,10,4,ORTHOPEDICS
2172,M,7,4,ORTHOPEDICS
2173,M,1,5,CARDIOLOGY
2174,M,8,4,GENERAL
2175,F,13,3,CARDIOLOGY
2176,M,10,3,SURGERY
2177,M,10,4,CARDIOLOGY
2178,F,10,4,ORTHOPEDICS
2179,M,6,4,SURGERY
2180,M,1,6,SURGERY
2181,M,10,3,GENERAL
2182,F,6,4,SURGERY
2183,F,10,3,GENERAL
2184,M,1,5,ORTHOPEDICS
2185,F,6,4,GENERAL
2186,M,12,3,SURGERY
2187,F,6,4,SURGERY
2188,F,10,4,SURGERY
2189,F,6,4,CARDIOLOGY
2190,F,6,4,SURGERY
2191,M,13,2,GENERAL
2192,F,1,5,SURGERY
2193,F,13,2,CARDIOLOGY
2194,F,6,4,GENERAL
2195,M,1,5,GENERAL
2196,F,6,4,GENERAL
2197,M,11,3,GENERAL
2198,F,7,4,ORTHOPEDICS
2199,F,6,4,GENERAL
2200,F,1,7,ORTHOPEDICS
2201,F,1,5,CARDIOLOGY
2202,M,1,5,GENERAL
2203,F,1,5,CARDIOLOGY
2204,F,11,3,SURGERY
2205,M,7,4,GENERAL
2206,F,1,5,GENERAL
2207,M,6,4,GENERAL
2208,F,1,7,CARDIOLOGY
2209,F,1,5,CARDIOLOGY
2210,F,10,3,ORTHOPEDICS
2211,M,10,4,ORTHOPEDICS
2212,F,1,7,SURGERY
2213,M,10,4,GENERAL
2214,M,12,3,CARDIOLOGY
2215,F,10,4,GENERAL
2216,F,10,3,SURGERY
2217,M,1,5,SURGERY
2218,F,1,5,ORTHOPEDICS
2219,F,1,5,GENERAL
2220,F,1,5,SURGERY
2221,F,6,4,ORTHOPEDICS
2222,F,6,4,GENERAL
2223,M,1,6,GENERAL
2224,M,13,2,GENERAL
2225,M,1,5,GENERAL
2226,M,1,5,CARDIOLOGY
2227,M,10,4,GENERAL
2228,F,13,3,GENERAL
2229,F,10,3,ORTHOPEDICS
2230,F,1,5,ORTHOPEDICS
2231,M,13,2,ORTHOPEDICS
2232,F,1,5,SURGERY
2233,M,1,5,CARDIOLOGY
2234,M,10,3,GENERAL
2235,F,1,5,CARDIOLOGY
2236,M,7,4,SURGERY
2237,F,6,4,CARDIOLOGY
2238,M,1,5,CARDIOLOGY
2239,M,10,3,GENERAL
2240,M,6,4,GENERAL
2241,M,6,4,CARDIOLOGY
2242,M,1,5,GENERAL
2243,M,6,4,CARDIOLOGY
2244,M,1,5,CARDIOLOGY
2245,M,10,4,CARDIOLOGY
2246,F,11,3,SURGERY
2247,F,6,4,GENERAL
2248,M,6,4,ORTHOPEDICS
2249,F,1,5,SURGERY
2250,M,1,5,GENERAL
2251,M,10,4,ORTHOPEDICS
2252,M,6,4,CARDIOLOGY
2253,F,6,4,SURGERY
2254,F,1,5,GENERAL
2255,M,6,4,GENERAL
2256,M,10,4,GENERAL
2257,F,11,3,ORTHOPEDICS
2258,M,10,3,GENERAL
2259,F,6,4,CARDIOLOGY
2260,M,10,3,ORTHOPEDICS
2261,F,6,4,GENERAL
2262,F,6,4,GENERAL
2263,M,1,5,CARDIOLOGY
2264,M,10,3,GENERAL
2265,M,1,5,ORTHOPEDICS
2266,M,11,3,GENERAL
2267,F,10,4,SURGERY
2268,M,7,4,CARDIOLOGY
2269,F,1,5,CARDIOLOGY
2270,M,1,5,SURGERY
2271,M,10,3,GENERAL
2272,F,1,5,CARDIOLOGY
2273,F,6,4,GENERAL
2274,M,6,4,CARDIOLOGY
2275,F,1,5,CARDIOLOGY
2276,F,1,5,SURGERY
2277,M,13,3,SURGERY
2278,F,6,4,ORTHOPEDICS
2279,F,1,5,SURGERY
2280,M,11,3,SURGERY
2281,F,10,3,GENERAL
2282,F,10,3,SURGERY
2283,M,1,6,ORTHOPEDICS
2284,F,6,4,CARDIOLOGY
2285,M,1,5,GENERAL
2286,M,6,4,SURGERY
2287,F,13,2,GENERAL
2288,F,10,3,SURGERY
2289,F,6,4,GENERAL
2290,F,1,5,CARDIOLOGY
2291,M,1,5,GENERAL
2292,M,10,4,GENERAL
2293,F,1,5,CARDIOLOGY
2294,M,10,4,ORTHOPEDICS
2295,F,10,4,CARDIOLOGY
2296,F,1,5,CARDIOLOGY
2297,F,1,5,CARDIOLOGY
2298,M,6,4,GENERAL
2299,M,1,5,GENERAL
2300,F,11,3,CARDIOLOGY
2301,F,10,3,GENERAL
2302,M,13,2,GENERAL
2303,F,1,5,CARDIOLOGY
2304,M,10,3,CARDIOLOGY
2305,M,1,5,SURGERY
2306,M,10,4,CARDIOLOGY
2307,M,10,4,ORTHOPEDICS
2308,F,1,5,SURGERY
2309,M,1,5,ORTHOPEDICS
2310,F,7,4,GENERAL
2311,F,10,3,GENERAL
2312,F,10,4,GENERAL
2313,F,1,5,GENERAL
2314,M,10,3,GENERAL
2315,M,1,5,SURGERY
2316,M,6,4,ORTHOPEDICS
2317,F,1,5,ORTHOPEDICS
2318,F,1,6,GENERAL
2319,M,1,5,GENERAL
2320,M,6,4,SURGERY
2321,M,1,5,GENERAL
2322,M,13,2,CARDIOLOGY
2323,F,6,4,GENERAL
2324,M,1,6,GENERAL
2325,F,1,5,GENERAL
2326,M,10,4,CARDIOLOGY
2327,M,10,4,SURGERY
2328,M,1,5,GENERAL
2329,F,13,2,ORTHOPEDICS
2330,F,1,5,GENERAL
2331,F,1,5,SURGERY
2332,F,10,3,CARDIOLOGY
2333,M,11,3,GENERAL
2334,F,10,4,CARDIOLOGY
2335,M,7,4,GENERAL
2336,F,11,3,ORTHOPEDICS
2337,F,11,3,ORTHOPEDICS
2338,F,11,3,ORTHOPEDICS
2339,M,13,2,GENERAL
2340,M,8,4,GENERAL
2341,F,13,2,ORTHOPEDICS
2342,F,1,5,ORTHOPEDICS
2343,M,7,4,SURGERY
2344,F,6,4,ORTHOPEDICS
2345,F,1,5,CARDIOLOGY
2346,M,10,4,CARDIOLOGY
2347,F,10,4,GENERAL
2348,M,13,3,SURGERY
2349,M,6,4,ORTHOPEDICS
2350,M,13,3,ORTHOPEDICS
2351,M,1,5,CARDIOLOGY
2352,F,1,5,GENERAL
2353,M,6,4,GENERAL
2354,F,10,3,ORTHOPEDICS
2355,F,6,4,CARDIOLOGY
2356,F,1,5,CARDIOLOGY
2357,F,6,4,SURGERY
2358,F,6,4,GENERAL
2359,M,10,4,GENERAL
2360,M,7,4,GENERAL
2361,M,7,4,ORTHOPEDICS
2362,M,6,4,ORTHOPEDICS
2363,F,10,4,GENERAL
2364,F,13,3,ORTHOPEDICS
2365,M,6,5,CARDIOLOGY
2366,F,1,5,GENERAL
2367,M,6,4,CARDIOLOGY
2368,F,7,4,GENERAL
2369,F,1,6,SURGERY
2370,M,10,3,CARDIOLOGY
2371,M,7,4,GENERAL
2372,F,10,3,GENERAL
2373,F,6,4,ORTHOPEDICS
2374,F,1,5,SURGERY
2375,F,6,4,ORTHOPEDICS
2376,F,1,6,ORTHOPEDICS
2377,M,10,4,GENERAL
2378,F,13,2,ORTHOPEDICS
2379,M,1,5,ORTHOPEDICS
2380,M,1,6,CARDIOLOGY
2381,F,1,5,GENERAL
2382,M,1,5,GENERAL
2383,M,1,5,SURGERY
2384,F,1,5,SURGERY
2385,M,6,5,CARDIOLOGY
2386,M,1,5,CARDIOLOGY
2387,F,1,5,CARDIOLOGY
2388,F,1,5,SURGERY
2389,M,6,4,GENERAL
2390,M,1,6,SURGERY
2391,M,10,3,CARDIOLOGY
2392,F,13,2,ORTHOPEDICS
2393,M,10,4,CARDIOLOGY
2394,F,10,4,ORTHOPEDICS
2395,F,1,6,ORTHOPEDICS
2396,F,1,5,GENERAL
2397,M,6,4,GENERAL
2398,F,6,4,CARDIOLOGY
2399,F,6,4,CARDIOLOGY
2400,M,7,4,GENERAL
2401,M,10,4,CARDIOLOGY
2402,M,10,4,SURGERY
2403,M,1,6,GENERAL
2404,F,6,4,CARDIOLOGY
2405,M,6,4,GENERAL
2406,F,1,6,ORTHOPEDICS
2407,F,1,5,CARDIOLOGY
2408,F,1,5,CARDIOLOGY
2409,F,1,5,GENERAL
2410,F,10,4,CARDIOLOGY
2411,F,10,3,GENERAL
2412,M,7,4,CARDIOLOGY
2413,F,6,4,GENERAL
2414,M,13,2,ORTHOPEDICS
2415,F,1,6,SURGERY
2416,F,13,2,GENERAL
2417,F,1,5,GENERAL
2418,M,10,4,SURGERY
2419,F,10,3,GENERAL
2420,M,1,5,GENERAL
2421,M,8,4,CARDIOLOGY
2422,M,7,4,GENERAL
2423,M,6,4,SURGERY
2424,M,10,4,GENERAL
2425,M,6,4,ORTHOPEDICS
2426,M,1,5,GENERAL
2427,M,1,5,CARDIOLOGY
2428,F,6,4,GENERAL
2429,F,10,4,GENERAL
2430,M,1,5,CARDIOLOGY
2431,M,13,2,ORTHOPEDICS
2432,F,1,5,CARDIOLOGY
2433,F,10,3,ORTHOPEDICS
2434,F,13,2,GENERAL
2435,F,1,6,ORTHOPEDICS
2436,F,10,4,CARDIOLOGY
2437,M,1,5,GENERAL
2438,M,10,3,GENERAL
2439,M,10,4,CARDIOLOGY
2440,F,13,2,GENERAL
2441,F,13,3,ORTHOPEDICS
2442,F,1,5,GENERAL
2443,F,13,3,GENERAL
2444,F,6,4,SURGERY
2445,F,1,5,ORTHOPEDICS
2446,M,10,3,GENERAL
2447,M,11,3,GENERAL
2448,M,6,4,GENERAL
2449,F,6,4,CARDIOLOGY
2450,M,1,6,ORTHOPEDICS
2451,F,1,5,GENERAL
2452,M,13,3,SURGERY
2453,F,6,4,ORTHOPEDICS
2454,F,6,4,SURGERY
2455,M,1,6,CARDIOLOGY
2456,M,8,4,ORTHOPEDICS
2457,M,13,2,GENERAL
2458,F,6,4,GENERAL
2459,M,13,3,GENERAL
2460,F,10,3,GENERAL
2461,F,6,4,ORTHOPEDICS
2462,M,6,4,SURGERY
2463,F,1,5,GENERAL
2464,F,1,5,CARDIOLOGY
2465,F,1,5,GENERAL
2466,M,10,4,SURGERY
2467,F,13,2,ORTHOPEDICS
2468,M,6,4,GENERAL
2469,F,6,4,CARDIOLOGY
2470,F,1,5,CARDIOLOGY
2471,F,10,3,SURGERY
2472,M,1,5,SURGERY
2473,M,13,3,GENERAL
2474,M,1,5,CARDIOLOGY
2475,M,13,2,GENERAL
2476,M,10,3,GENERAL
2477,F,1,5,SURGERY
2478,F,6,4,GENERAL
2479,F,1,5,GENERAL
2480,M,10,3,GENERAL
2481,M,6,4,SURGERY
2482,M,13,2,GENERAL
2483,F,6,4,SURGERY
2484,F,6,4,SURGERY
2485,F,13,3,SURGERY
2486,M,1,6,GENERAL
2487,F,13,2,GENERAL
2488,F,1,5,CARDIOLOGY
2489,F,13,2,GENERAL
2490,F,10,3,GENERAL
2491,M,1,5,GENERAL
2492,F,1,5,SURGERY
2493,F,6,4,ORTHOPEDICS
2494,M,1,5,GENERAL
2495,M,6,4,ORTHOPEDICS
2496,M,1,6,ORTHOPEDICS
2497,M,1,5,ORTHOPEDICS
2498,F,7,4,GENERAL
2499,M,13,2,CARDIOLOGY
2500,M,6,4,GENERAL
2501,M,6,4,CARDIOLOGY
2502,M,10,3,GENERAL
2503,M,6,5,GENERAL
2504,F,6,4,GENERAL
2505,F,11,3,CARDIOLOGY
2506,M,13,2,CARDIOLOGY
2507,F,13,2,ORTHOPEDICS
2508,M,6,4,SURGERY
2509,F,1,5,GENERAL
2510,M,1,5,GENERAL
2511,M,1,5,SURGERY
2512,F,1,6,GENERAL
2513,F,6,5,SURGERY
2514,M,1,5,GENERAL
2515,M,6,4,SURGERY
2516,M,10,4,CARDIOLOGY
2517,F,1,6,GENERAL
2518,F,12,3,SURGERY
2519,M,6,4,SURGERY
2520,M,10,3,SURGERY
2521,F,13,2,GENERAL
2522,M,13,3,ORTHOPEDICS
2523,F,1,5,GENERAL
2524,F,13,2,CARDIOLOGY
2525,M,7,4,SURGERY
2526,F,6,4,GENERAL
2527,F,1,5,CARDIOLOGY
2528,F,7,4,GENERAL
2529,F,10,3,SURGERY
2530,F,6,4,GENERAL
2531,M,1,5,GENERAL
2532,F,1,5,CARDIOLOGY
2533,F,1,5,GENERAL
2534,M,6,4,ORTHOPEDICS
2535,M,1,5,CARDIOLOGY
2536,F,11,3,ORTHOPEDICS
2537,F,12,3,ORTHOPEDICS
2538,M,10,3,ORTHOPEDICS
2539,M,10,4,SURGERY
2540,M,1,5,GENERAL
2541,F,13,2,ORTHOPEDICS
2542,F,1,5,GENERAL
2543,M,11,3,SURGERY
2544,M,6,4,CARDIOLOGY
2545,F,6,4,SURGERY
2546,F,7,4,SURGERY
2547,F,1,7,GENERAL
2548,F,6,4,GENERAL
2549,M,10,3,SURGERY
2550,M,1,5,GENERAL
2551,F,1,5,GENERAL
2552,F,10,3,ORTHOPEDICS
2553,F,10,4,CARDIOLOGY
2554,M,13,2,SURGERY
2555,M,10,3,GENERAL
2556,F,13,3,SURGERY
2557,F,10,3,GENERAL
2558,F,7,4,ORTHOPEDICS
2559,M,1,5,ORTHOPEDICS
2560,F,6,4,CARDIOLOGY
2561,F,13,2,CARDIOLOGY
2562,M,10,3,ORTHOPEDICS
2563,M,13,2,SURGERY
2564,F,10,4,SURGERY
2565,F,10,3,GENERAL
2566,F,10,4,ORTHOPEDICS
2567,M,10,3,SURGERY
2568,M,10,4,GENERAL
2569,F,10,4,SURGERY
2570,F,6,4,GENERAL
2571,M,6,4,GENERAL
2572,F,12,3,GENERAL
2573,F,6,4,GENERAL
2574,F,12,3,GENERAL
2575,F,1,5,GENERAL
2576,M,13,2,CARDIOLOGY
2577,F,1,5,GENERAL
2578,M,6,4,SURGERY
2579,F,1,6,ORTHOPEDICS
2580,F,10,3,SURGERY
2581,M,6,4,SURGERY
2582,M,13,2,GENERAL
2583,M,6,4,SURGERY
2584,F,1,5,GENERAL
2585,F,1,5,GENERAL
2586,F,6,4,ORTHOPEDICS
2587,F,13,3,SURGERY
2588,F,13,3,SURGERY
2589,F,13,2,CARDIOLOGY
2590,M,6,4,GENERAL
2591,F,11,3,SURGERY
2592,M,1,5,GENERAL
2593,F,1,5,GENERAL
2594,M,1,6,SURGERY
2595,F,1,5,CARDIOLOGY
2596,F,7,4,GENERAL
2597,F,10,3,ORTHOPEDICS
2598,F,1,5,GENERAL
2599,F,13,2,GENERAL
2600,M,8,4,GENERAL
2601,F,6,4,CARDIOLOGY
2602,M,6,4,GENERAL
2603,F,1,5,GENERAL
2604,F,6,4,GENERAL
2605,F,1,5,ORTHOPEDICS
2606,M,6,4,ORTHOPEDICS
2607,F,10,4,GENERAL
2608,F,7,4,SURGERY
2609,M,6,4,GENERAL
2610,F,6,4,SURGERY
2611,F,6,4,ORTHOPEDICS
2612,F,10,3,CARDIOLOGY
2613,F,1,6,ORTHOPEDICS
2614,F,7,4,GENERAL
2615,M,13,2,SURGERY
2616,F,10,3,CARDIOLOGY
2617,M,11,3,ORTHOPEDICS
2618,M,13,3,GENERAL
2619,M,6,4,GENERAL
2620,M,1,5,SURGERY
2621,F,10,4,CARDIOLOGY
2622,M,6,4,GENERAL
2623,F,11,3,ORTHOPEDICS
2624,M,11,3,CARDIOLOGY
2625,F,7,4,SURGERY
2626,M,10,4,SURGERY
2627,M,1,5,GENERAL
2628,M,1,6,ORTHOPEDICS
2629,F,6,4,GENERAL
2630,F,6,4,CARDIOLOGY
2631,F,13,2,SURGERY
2632,M,10,4,GENERAL
2633,F,1,6,ORTHOPEDICS
2634,M,6,4,SURGERY
2635,M,13,3,GENERAL
2636,M,10,3,GENERAL
2637,F,13,3,GENERAL
2638,M,10,4,CARDIOLOGY
2639,M,1,5,GENERAL
2640,F,1,5,GENERAL
2641,M,10,4,ORTHOPEDICS
2642,M,13,2,CARDIOLOGY
2643,M,10,4,GENERAL
2644,M,10,3,SURGERY
2645,M,11,3,GENERAL
2646,M,10,3,GENERAL
2647,M,7,4,CARDIOLOGY
2648,M,10,3,GENERAL
2649,M,6,4,GENERAL
2650,M,1,5,GENERAL
2651,F,10,4,GENERAL
2652,M,11,3,CARDIOLOGY
2653,F,10,3,SURGERY
2654,F,1,6,ORTHOPEDICS
2655,F,6,4,SURGERY
2656,M,10,4,ORTHOPEDICS
2657,M,6,4,GENERAL
2658,M,6,4,CARDIOLOGY
2659,M,12,3,CARDIOLOGY
2660,F,6,4,ORTHOPEDICS
2661,M,6,4,GENERAL
2662,F,11,3,GENERAL
2663,M,1,5,CARDIOLOGY
2664,F,13,2,SURGERY
2665,M,1,6,SURGERY
2666,M,10,3,CARDIOLOGY
2667,F,6,4,ORTHOPEDICS
2668,F,7,4,SURGERY
2669,M,10,4,GENERAL
2670,M,7,4,SURGERY
2671,M,6,4,SURGERY
2672,F,10,3,CARDIOLOGY
2673,M,13,2,CARDIOLOGY
2674,F,6,4,CARDIOLOGY
2675,F,1,6,ORTHOPEDICS
2676,M,7,4,GENERAL
2677,M,10,3,CARDIOLOGY
2678,M,10,4,GENERAL
2679,F,10,3,SURGERY
2680,F,11,3,CARDIOLOGY
2681,M,6,4,GENERAL
2682,M,1,5,CARDIOLOGY
2683,F,10,3,CARDIOLOGY
2684,M,1,5,GENERAL
2685,F,13,3,ORTHOPEDICS
2686,F,1,5,CARDIOLOGY
2687,F,1,5,GENERAL
2688,F,1,5,GENERAL
2689,F,11,3,GENERAL
2690,M,1,7,GENERAL
2691,M,1,5,GENERAL
2692,M,6,4,GENERAL
2693,M,6,4,GENERAL
2694,F,6,4,SURGERY
2695,M,13,2,CARDIOLOGY
2696,M,10,4,SURGERY
2697,F,1,5,CARDIOLOGY
2698,F,13,2,GENERAL
2699,M,10,4,CARDIOLOGY
2700,F,6,4,ORTHOPEDICS
2701,M,13,2,GENERAL
2702,M,11,3,SURGERY
2703,F,6,4,GENERAL
2704,M,11,3,CARDIOLOGY
2705,F,6,4,GENERAL
2706,F,6,4,SURGERY
2707,M,10,4,CARDIOLOGY
2708,F,6,4,SURGERY
2709,F,10,3,CARDIOLOGY
2710,M,10,3,GENERAL
2711,M,1,5,ORTHOPEDICS
2712,M,13,2,ORTHOPEDICS
2713,F,10,4,GENERAL
2714,F,10,3,CARDIOLOGY
2715,M,11,3,ORTHOPEDICS
2716,M,1,5,GENERAL
2717,M,6,4,ORTHOPEDICS
2718,F,10,3,GENERAL
2719,F,6,4,ORTHOPEDICS
2720,F,6,4,GENERAL
2721,M,6,4,GENERAL
2722,F,13,2,GENERAL
2723,M,1,5,GENERAL
2724,M,6,4,GENERAL
2725,F,11,3,ORTHOPEDICS
2726,M,6,4,SURGERY
2727,M,12,3,CARDIOLOGY
2728,M,6,4,GENERAL
2729,F,10,3,ORTHOPEDICS
2730,F,7,4,ORTHOPEDICS
2731,F,1,5,SURGERY
2732,M,6,4,GENERAL
2733,M,6,4,ORTHOPEDICS
2734,M,10,3,GENERAL
2735,F,13,3,GENERAL
2736,M,6,4,GENERAL
2737,M,1,5,SURGERY
2738,F,7,4,GENERAL
2739,F,6,4,GENERAL
2740,M,10,3,CARDIOLOGY
2741,M,11,3,ORTHOPEDICS
2742,F,1,5,ORTHOPEDICS
2743,F,10,3,GENERAL
2744,M,6,4,GENERAL
2745,F,6,4,GENERAL
2746,M,6,4,GENERAL
2747,F,1,5,SURGERY
2748,F,6,4,SURGERY
2749,M,6,4,GENERAL
2750,F,10,3,GENERAL
2751,F,6,4,ORTHOPEDICS
2752,M,1,6,GENERAL
2753,F,13,2,CARDIOLOGY
2754,M,10,4,ORTHOPEDICS
2755,M,1,5,CARDIOLOGY
2756,F,1,5,GENERAL
2757,F,7,4,SURGERY
2758,F,6,4,GENERAL
2759,F,6,4,ORTHOPEDICS
2760,F,13,2,GENERAL
2761,M,6,4,GENERAL
2762,M,10,3,SURGERY
2763,M,6,5,ORTHOPEDICS
2764,F,6,4,ORTHOPEDICS
2765,M,10,3,CARDIOLOGY
2766,M,6,4,GENERAL
2767,F,13,3,GENERAL
2768,M,1,5,GENERAL
2769,M,1,5,CARDIOLOGY
2770,F,11,3,GENERAL
2771,M,1,5,GENERAL
2772,F,1,5,CARDIOLOGY
2773,M,13,3,GENERAL
2774,F,8,4,SURGERY
2775,M,10,3,CARDIOLOGY
2776,F,6,4,GENERAL
2777,F,1,5,SURGERY
2778,M,1,5,GENERAL
2779,F,11,3,GENERAL
2780,M,10,3,SURGERY
2781,F,1,6,ORTHOPEDICS
2782,F,10,4,ORTHOPEDICS
2783,F,1,5,GENERAL
2784,M,10,3,SURGERY
2785,F,6,4,SURGERY
2786,F,11,3,GENERAL
2787,F,11,3,GENERAL
2788,M,1,5,ORTHOPEDICS
2789,F,1,5,ORTHOPEDICS
2790,M,1,5,GENERAL
2791,M,6,4,ORTHOPEDICS
2792,M,13,3,SURGERY
2793,F,13,2,GENERAL
2794,M,10,3,GENERAL
2795,M,1,5,GENERAL
2796,M,6,4,SURGERY
2797,M,6,4,GENERAL
2798,F,6,4,ORTHOPEDICS
2799,F,7,4,CARDIOLOGY
2800,F,1,5,GENERAL
2801,M,6,4,GENERAL
2802,M,6,4,CARDIOLOGY
2803,M,6,4,CARDIOLOGY
2804,F,6,4,SURGERY
2805,M,10,4,GENERAL
2806,M,11,3,CARDIOLOGY
2807,M,7,4,GENERAL
2808,F,1,5,GENERAL
2809,F,6,4,ORTHOPEDICS
2810,M,1,5,GENERAL
2811,M,1,5,CARDIOLOGY
2812,F,1,5,SURGERY
2813,F,13,2,CARDIOLOGY
2814,F,1,5,CARDIOLOGY
2815,F,1,6,CARDIOLOGY
2816,M,1,5,GENERAL
2817,F,11,3,ORTHOPEDICS
2818,F,6,4,SURGERY
2819,F,1,5,SURGERY
2820,F,1,5,GENERAL
2821,F,11,3,ORTHOPEDICS
2822,M,10,4,SURGERY
2823,F,6,4,GENERAL
2824,F,10,3,CARDIOLOGY
2825,F,10,3,GENERAL
2826,M,10,3,ORTHOPEDICS
2827,M,13,3,CARDIOLOGY
2828,M,11,3,GENERAL
2829,F,10,3,CARDIOLOGY
2830,F,6,4,SURGERY
2831,M,11,3,SURGERY
2832,F,8,4,GENERAL
2833,M,10,3,GENERAL
2834,F,6,4,ORTHOPEDICS
2835,M,10,3,CARDIOLOGY
2836,M,13,1,GENERAL
2837,M,1,5,GENERAL
2838,F,10,4,GENERAL
2839,M,11,3,SURGERY
2840,F,1,5,CARDIOLOGY
2841,M,10,3,SURGERY
2842,F,10,4,SURGERY
2843,F,6,4,GENERAL
2844,F,10,3,ORTHOPEDICS
2845,F,1,5,CARDIOLOGY
2846,M,10,3,SURGERY
2847,M,10,4,ORTHOPEDICS
2848,M,10,4,ORTHOPEDICS
2849,M,13,2,SURGERY
2850,M,10,4,SURGERY
2851,F,10,3,SURGERY
2852,F,6,5,GENERAL
2853,F,1,5,SURGERY
2854,M,1,5,SURGERY
2855,M,1,6,ORTHOPEDICS
2856,M,6,4,GENERAL
2857,F,13,3,GENERAL
2858,F,13,3,GENERAL
2859,F,10,4,GENERAL
2860,M,6,4,SURGERY
2861,M,7,4,SURGERY
2862,M,6,4,SURGERY
2863,F,6,4,GENERAL
2864,M,10,3,ORTHOPEDICS
2865,F,1,5,GENERAL
2866,M,7,4,SURGERY
2867,F,6,4,CARDIOLOGY
2868,F,6,4,GENERAL
2869,F,1,5,GENERAL
2870,F,1,5,GENERAL
2871,F,10,3,SURGERY
2872,M,6,4,CARDIOLOGY
2873,M,1,5,SURGERY
2874,F,6,4,GENERAL
2875,F,1,6,GENERAL
2876,F,6,4,SURGERY
2877,M,11,3,CARDIOLOGY
2878,M,10,4,GENERAL
2879,F,6,4,SURGERY
2880,M,1,6,CARDIOLOGY
2881,F,1,5,ORTHOPEDICS
2882,M,7,4,GENERAL
2883,M,6,4,ORTHOPEDICS
2884,M,11,3,GENERAL
2885,M,11,3,SURGERY
2886,F,10,3,SURGERY
2887,F,1,6,GENERAL
2888,M,1,5,GENERAL
2889,M,1,5,ORTHOPEDICS
2890,F,10,4,SURGERY
2891,F,6,4,CARDIOLOGY
2892,F,7,4,SURGERY
2893,F,1,5,ORTHOPEDICS
2894,M,1,5,SURGERY
2895,M,6,4,CARDIOLOGY
2896,F,10,4,SURGERY
2897,F,7,4,ORTHOPEDICS
2898,F,6,4,CARDIOLOGY
2899,F,1,5,ORTHOPEDICS
2900,M,8,4,GENERAL
2901,M,6,4,GENERAL
2902,M,11,3,CARDIOLOGY
2903,F,10,4,SURGERY
2904,M,6,5,GENERAL
2905,F,6,4,ORTHOPEDICS
2906,F,1,6,CARDIOLOGY
2907,F,6,4,GENERAL
2908,M,13,2,GENERAL
2909,M,11,3,CARDIOLOGY
2910,F,1,5,GENERAL
2911,F,6,4,CARDIOLOGY
2912,F,1,5,SURGERY
2913,M,1,5,SURGERY
2914,M,10,4,SURGERY
2915,F,11,3,GENERAL
2916,F,1,5,GENERAL
2917,F,10,4,ORTHOPEDICS
2918,F,11,3,SURGERY
2919,F,10,4,SURGERY
2920,M,10,4,SURGERY
2921,F,6,4,ORTHOPEDICS
2922,M,10,4,SURGERY
2923,M,10,3,ORTHOPEDICS
2924,F,13,3,GENERAL
2925,F,10,3,GENERAL
2926,M,10,4,SURGERY
2927,F,1,5,CARDIOLOGY
2928,F,1,5,GENERAL
2929,M,1,5,ORTHOPEDICS
2930,M,10,3,SURGERY
2931,M,6,4,GENERAL
2932,M,6,4,GENERAL
2933,M,11,3,GENERAL
2934,M,10,4,ORTHOPEDICS
2935,F,1,5,CARDIOLOGY
2936,F,1,5,SURGERY
2937,F,11,3,ORTHOPEDICS
2938,M,1,5,SURGERY
2939,F,7,4,CARDIOLOGY
2940,F,6,4,GENERAL
2941,M,1,5,GENERAL
2942,M,13,2,CARDIOLOGY
2943,M,1,5,SURGERY
2944,M,6,4,ORTHOPEDICS
2945,F,1,5,GENERAL
2946,M,1,5,CARDIOLOGY
2947,M,11,3,GENERAL
2948,M,10,3,ORTHOPEDICS
2949,M,1,6,SURGERY
2950,F,10,3,SURGERY
2951,F,6,4,CARDIOLOGY
2952,F,10,3,ORTHOPEDICS
2953,M,1,5,SURGERY
2954,M,10,3,ORTHOPEDICS
2955,M,1,6,ORTHOPEDICS
2956,M,13,2,GENERAL
2957,F,1,5,ORTHOPEDICS
2958,F,6,4,ORTHOPEDICS
2959,F,10,3,GENERAL
2960,F,1,5,CARDIOLOGY
2961,F,6,4,GENERAL
2962,F,1,5,GENERAL
2963,M,10,3,GENERAL
2964,M,7,4,GENERAL
2965,F,7,4,GENERAL
2966,M,1,5,SURGERY
2967,M,6,4,SURGERY
2968,F,12,3,CARDIOLOGY
2969,M,8,4,GENERAL
2970,F,1,5,GENERAL
2971,M,1,5,SURGERY
2972,F,1,5,CARDIOLOGY
2973,M,1,5,SURGERY
2974,M,13,2,ORTHOPEDICS
2975,F,11,3,CARDIOLOGY
2976,F,13,2,ORTHOPEDICS
2977,F,7,4,GENERAL
2978,F,6,4,ORTHOPEDICS
2979,F,10,3,GENERAL
2980,M,10,4,GENERAL
2981,M,6,4,GENERAL
2982,F,6,4,SURGERY
2983,M,1,5,ORTHOPEDICS
2984,M,1,5,CARDIOLOGY
2985,M,10,4,GENERAL
2986,F,6,4,GENERAL
2987,F,6,4,GENERAL
2988,M,13,2,ORTHOPEDICS
2989,M,6,4,GENERAL
2990,M,6,4,CARDIOLOGY
2991,F,1,6,CARDIOLOGY
2992,M,1,5,ORTHOPEDICS
2993,M,7,4,GENERAL
2994,F,6,4,GENERAL
2995,F,6,4,CARDIOLOGY
2996,F,1,5,SURGERY
2997,M,6,4,GENERAL
2998,F,6,4,GENERAL
2999,F,7,4,SURGERY
3000,F,1,5,GENERAL
3001,M,10,3,CARDIOLOGY
3002,F,6,4,CARDIOLOGY
3003,F,1,5,SURGERY
3004,M,10,3,CARDIOLOGY
3005,F,1,5,GENERAL
3006,M,6,4,ORTHOPEDICS
3007,F,11,3,GENERAL
3008,F,10,4,ORTHOPEDICS
3009,F,6,4,GENERAL
3010,F,1,5,ORTHOPEDICS
3011,M,7,4,GENERAL
3012,M,7,4,GENERAL
3013,M,1,5,GENERAL
3014,M,11,3,SURGERY
3015,M,6,4,GENERAL
3016,F,6,4,CARDIOLOGY
3017,F,6,4,GENERAL
3018,F,11,3,ORTHOPEDICS
3019,M,1,5,ORTHOPEDICS
3020,M,6,4,CARDIOLOGY
3021,F,10,4,GENERAL
3022,M,10,4,CARDIOLOGY
3023,M,7,4,GENERAL
3024,F,1,6,CARDIOLOGY
3025,M,10,3,GENERAL
3026,M,1,5,CARDIOLOGY
3027,M,1,5,SURGERY
3028,M,10,3,GENERAL
3029,M,6,4,SURGERY
3030,M,10,3,GENERAL
3031,F,1,5,GENERAL
3032,F,10,4,ORTHOPEDICS
3033,F,6,4,CARDIOLOGY
3034,M,1,5,SURGERY
3035,F,10,4,CARDIOLOGY
3036,F,6,4,SURGERY
3037,M,6,4,GENERAL
3038,M,1,5,GENERAL
3039,M,1,5,SURGERY
3040,M,1,5,GENERAL
3041,M,6,4,ORTHOPEDICS
3042,F,1,5,ORTHOPEDICS
3043,M,1,5,CARDIOLOGY
3044,M,6,4,CARDIOLOGY
3045,M,13,2,GENERAL
3046,M,7,4,SURGERY
3047,F,10,4,CARDIOLOGY
3048,M,6,4,ORTHOPEDICS
3049,F,11,3,ORTHOPEDICS
3050,M,10,3,ORTHOPEDICS
3051,M,1,5,SURGERY
3052,M,1,6,SURGERY
3053,F,6,4,GENERAL
3054,M,10,4,GENERAL
3055,F,1,5,GENERAL
3056,F,10,4,CARDIOLOGY
3057,M,11,3,GENERAL
3058,F,10,4,CARDIOLOGY
3059,M,6,4,ORTHOPEDICS
3060,F,10,4,CARDIOLOGY
3061,F,6,4,ORTHOPEDICS
3062,M,6,4,GENERAL
3063,F,8,4,ORTHOPEDICS
3064,M,10,3,CARDIOLOGY
3065,F,10,4,CARDIOLOGY
3066,F,10,3,SURGERY
3067,M,1,5,SURGERY
3068,M,6,4,GENERAL
3069,M,10,3,CARDIOLOGY
3070,F,10,4,GENERAL
3071,F,13,2,ORTHOPEDICS
3072,M,1,5,SURGERY
3073,M,10,3,GENERAL
3074,M,11,3,ORTHOPEDICS
3075,F,6,4,GENERAL
3076,F,6,4,GENERAL
3077,F,7,4,ORTHOPEDICS
3078,F,6,4,SURGERY
3079,F,10,4,ORTHOPEDICS
3080,M,6,4,GENERAL
3081,M,1,6,ORTHOPEDICS
3082,F,10,3,GENERAL
3083,M,1,5,GENERAL
3084,F,11,3,CARDIOLOGY
3085,M,11,3,CARDIOLOGY
3086,M,1,7,GENERAL
3087,F,7,4,CARDIOLOGY
3088,M,10,3,GENERAL
3089,F,6,4,ORTHOPEDICS
3090,M,1,6,ORTHOPEDICS
3091,M,10,3,GENERAL
3092,M,6,4,SURGERY
3093,F,10,4,CARDIOLOGY
3094,M,1,5,GENERAL
3095,F,1,5,GENERAL
3096,M,10,3,GENERAL
3097,M,6,4,CARDIOLOGY
3098,M,10,3,GENERAL
3099,F,11,3,CARDIOLOGY
3100,F,1,6,GENERAL
3101,F,10,3,CARDIOLOGY
3102,F,1,5,GENERAL
3103,F,1,5,GENERAL
3104,F,6,4,CARDIOLOGY
3105,M,10,4,SURGERY
3106,F,11,3,SURGERY
3107,F,1,5,GENERAL
3108,F,10,4,CARDIOLOGY
3109,M,6,5,ORTHOPEDICS
3110,F,10,3,CARDIOLOGY
3111,M,6,4,CARDIOLOGY
3112,M,10,4,CARDIOLOGY
3113,F,13,2,ORTHOPEDICS
3114,F,1,5,SURGERY
3115,M,13,3,SURGERY
3116,F,11,3,GENERAL
3117,M,6,4,GENERAL
3118,M,6,4,GENERAL
3119,M,6,4,GENERAL
3120,M,1,6,CARDIOLOGY
3121,M,13,3,GENERAL
3122,F,1,6,GENERAL
3123,M,1,7,CARDIOLOGY
3124,F,7,4,CARDIOLOGY
3125,M,1,5,CARDIOLOGY
3126,F,6,4,GENERAL
3127,M,1,5,SURGERY
3128,M,6,4,GENERAL
3129,F,1,7,GENERAL
3130,F,1,5,GENERAL
3131,M,10,3,GENERAL
3132,F,10,4,GENERAL
3133,M,10,4,ORTHOPEDICS
3134,M,7,4,ORTHOPEDICS
3135,M,10,4,GENERAL
3136,F,1,5,ORTHOPEDICS
3137,F,13,2,GENERAL
3138,M,1,5,SURGERY
3139,F,6,4,ORTHOPEDICS
3140,M,1,5,SURGERY
3141,F,1,5,GENERAL
3142,M,10,3,GENERAL
3143,F,10,4,CARDIOLOGY
3144,F,10,3,GENERAL
3145,F,13,3,ORTHOPEDICS
3146,M,6,4,GENERAL
3147,F,1,6,CARDIOLOGY
3148,M,1,5,SURGERY
3149,M,10,3,ORTHOPEDICS
3150,F,13,2,SURGERY
3151,M,10,4,SURGERY
3152,F,13,3,GENERAL
3153,F,13,3,ORTHOPEDICS
3154,M,10,3,CARDIOLOGY
3155,F,10,3,GENERAL
3156,F,11,3,GENERAL
3157,M,1,5,CARDIOLOGY
3158,F,6,4,ORTHOPEDICS
3159,M,11,3,GENERAL
3160,M,11,3,CARDIOLOGY
3161,M,1,6,ORTHOPEDICS
3162,M,6,4,CARDIOLOGY
3163,M,1,5,ORTHOPEDICS
3164,M,6,4,ORTHOPEDICS
3165,M,7,4,SURGERY
3166,M,6,4,ORTHOPEDICS
3167,M,1,6,CARDIOLOGY
3168,F,6,4,GENERAL
3169,F,13,1,CARDIOLOGY
3170,F,7,4,CARDIOLOGY
3171,M,6,4,ORTHOPEDICS
3172,F,10,3,CARDIOLOGY
3173,F,1,5,ORTHOPEDICS
3174,F,13,3,ORTHOPEDICS
3175,F,6,4,GENERAL
3176,M,6,4,SURGERY
3177,M,6,4,SURGERY
3178,M,6,4,GENERAL
3179,M,1,5,ORTHOPEDICS
3180,M,6,4,SURGERY
3181,M,1,6,GENERAL
3182,M,12,3,GENERAL
3183,F,1,5,GENERAL
3184,F,6,4,GENERAL
3185,F,13,2,GENERAL
3186,F,1,5,GENERAL
3187,F,10,3,SURGERY
3188,F,1,6,ORTHOPEDICS
3189,F,11,3,GENERAL
3190,M,10,3,GENERAL
3191,F,10,3,GENERAL
3192,F,1,5,CARDIOLOGY
3193,M,6,4,GENERAL
3194,M,10,3,SURGERY
3195,M,13,2,SURGERY
3196,F,1,5,GENERAL
3197,M,1,5,ORTHOPEDICS
3198,M,7,4,GENERAL
3199,M,10,3,SURGERY
3200,M,10,4,ORTHOPEDICS
3201,M,6,4,CARDIOLOGY
3202,F,13,2,ORTHOPEDICS
3203,F,1,5,SURGERY
3204,F,10,3,SURGERY
3205,F,13,3,GENERAL
3206,F,6,4,GENERAL
3207,F,1,5,ORTHOPEDICS
3208,F,1,5,ORTHOPEDICS
3209,M,1,5,CARDIOLOGY
3210,F,10,3,GENERAL
3211,M,6,4,GENERAL
3212,M,11,3,GENERAL
3213,M,1,5,GENERAL
3214,F,6,4,SURGERY
3215,F,13,1,GENERAL
3216,F,6,4,SURGERY
3217,F,13,3,GENERAL
3218,M,10,3,CARDIOLOGY
3219,F,1,5,GENERAL
3220,M,10,3,ORTHOPEDICS
3221,F,11,3,GENERAL
3222,F,6,4,SURGERY
3223,F,1,5,ORTHOPEDICS
3224,M,13,1,SURGERY
3225,F,1,5,GENERAL
3226,F,13,2,CARDIOLOGY
3227,F,1,5,CARDIOLOGY
3228,F,7,4,SURGERY
3229,F,10,3,GENERAL
3230,M,10,3,ORTHOPEDICS
3231,M,11,3,GENERAL
3232,F,6,4,CARDIOLOGY
3233,M,6,4,GENERAL
3234,M,1,5,GENERAL
3235,M,1,5,GENERAL
3236,M,1,5,ORTHOPEDICS
3237,F,1,5,GENERAL
3238,M,6,4,SURGERY
3239,M,13,2,SURGERY
3240,M,1,7,GENERAL
3241,F,1,5,CARDIOLOGY
3242,M,10,4,ORTHOPEDICS
3243,M,10,3,SURGERY
3244,F,6,4,GENERAL
3245,F,11,3,GENERAL
3246,M,10,4,CARDIOLOGY
3247,F,10,3,CARDIOLOGY
3248,F,13,3,GENERAL
3249,M,11,3,CARDIOLOGY
3250,F,6,4,SURGERY
3251,F,7,4,ORTHOPEDICS
3252,F,6,4,SURGERY
3253,F,1,6,SURGERY
3254,F,10,3,ORTHOPEDICS
3255,F,11,3,ORTHOPEDICS
3256,M,13,2,GENERAL
3257,F,7,4,SURGERY
3258,M,6,4,ORTHOPEDICS
3259,M,13,3,GENERAL
3260,F,7,4,SURGERY
3261,M,10,3,ORTHOPEDICS
3262,F,11,3,CARDIOLOGY
3263,M,13,3,CARDIOLOGY
3264,F,6,4,GENERAL
3265,M,1,5,GENERAL
3266,M,10,4,CARDIOLOGY
3267,F,10,3,CARDIOLOGY
3268,M,13,2,GENERAL
3269,F,1,5,GENERAL
3270,M,6,4,GENERAL
3271,M,10,3,CARDIOLOGY
3272,F,12,3,GENERAL
3273,F,10,3,GENERAL
3274,M,1,6,GENERAL
3275,F,6,4,ORTHOPEDICS
3276,M,10,4,GENERAL
3277,F,8,4,SURGERY
3278,F,10,3,GENERAL
3279,F,10,3,SURGERY
3280,F,7,4,GENERAL
3281,F,1,5,GENERAL
3282,M,10,4,GENERAL
3283,M,11,3,ORTHOPEDICS
3284,M,6,4,SURGERY
3285,M,1,5,ORTHOPEDICS
3286,F,7,4,CARDIOLOGY
3287,M,1,5,SURGERY
3288,F,13,2,CARDIOLOGY
3289,M,13,2,GENERAL
3290,F,6,4,GENERAL
3291,M,10,3,SURGERY
3292,M,10,3,ORTHOPEDICS
3293,M,6,4,GENERAL
3294,M,1,5,GENERAL
3295,M,6,4,GENERAL
3296,M,6,4,GENERAL
3297,M,1,5,CARDIOLOGY
3298,F,1,5,SURGERY
3299,F,13,2,CARDIOLOGY
3300,F,1,6,CARDIOLOGY
3301,F,10,4,CARDIOLOGY
3302,M,10,3,GENERAL
3303,M,6,4,ORTHOPEDICS
3304,M,10,3,GENERAL
3305,M,10,3,CARDIOLOGY
3306,F,11,3,ORTHOPEDICS
3307,F,10,3,SURGERY
3308,M,1,6,CARDIOLOGY
3309,M,1,5,GENERAL
3310,F,10,3,GENERAL
3311,F,1,6,ORTHOPEDICS
3312,F,10,3,CARDIOLOGY
3313,F,1,5,SURGERY
3314,M,6,4,GENERAL
3315,F,7,4,GENERAL
3316,F,10,3,CARDIOLOGY
3317,M,11,3,SURGERY
3318,F,6,4,GENERAL
3319,M,6,4,GENERAL
3320,M,6,4,GENERAL
3321,F,1,5,ORTHOPEDICS
3322,F,11,3,ORTHOPEDICS
3323,M,1,6,GENERAL
3324,F,13,3,CARDIOLOGY
3325,F,6,4,GENERAL
3326,F,7,4,CARDIOLOGY
3327,M,1,5,SURGERY
3328,M,6,4,GENERAL
3329,M,7,4,GENERAL
3330,F,6,4,ORTHOPEDICS
3331,M,10,3,SURGERY
3332,F,11,3,CARDIOLOGY
3333,M,1,5,ORTHOPEDICS
3334,M,6,4,SURGERY
3335,F,10,3,CARDIOLOGY
3336,M,7,4,GENERAL
3337,F,10,4,CARDIOLOGY
3338,F,1,6,ORTHOPEDICS
3339,F,1,7,GENERAL
3340,F,13,3,SURGERY
3341,F,1,5,SURGERY
3342,F,6,4,GENERAL
3343,F,10,3,CARDIOLOGY
3344,M,10,4,GENERAL
3345,M,10,4,GENERAL
3346,M,1,6,ORTHOPEDICS
3347,F,6,4,GENERAL
3348,F,11,3,ORTHOPEDICS
3349,M,1,5,ORTHOPEDICS
3350,M,6,4,GENERAL
3351,M,11,3,GENERAL
3352,M,6,4,ORTHOPEDICS
3353,M,1,6,ORTHOPEDICS
3354,F,10,3,SURGERY
3355,M,13,2,SURGERY
3356,M,6,4,ORTHOPEDICS
3357,F,1,6,GENERAL
3358,M,10,3,GENERAL
3359,F,6,4,GENERAL
3360,F,11,3,GENERAL
3361,F,10,4,GENERAL
3362,F,10,3,GENERAL
3363,M,10,3,SURGERY
3364,F,10,4,SURGERY
3365,F,13,3,ORTHOPEDICS
3366,F,6,4,CARDIOLOGY
3367,F,1,6,CARDIOLOGY
3368,F,6,4,GENERAL
3369,F,6,4,CARDIOLOGY
3370,M,6,4,ORTHOPEDICS
3371,F,6,4,SURGERY
3372,M,1,6,SURGERY
3373,F,1,5,GENERAL
3374,M,7,4,GENERAL
3375,F,1,5,GENERAL
3376,F,10,4,GENERAL
3377,M,10,4,CARDIOLOGY
3378,M,1,5,ORTHOPEDICS
3379,F,13,3,GENERAL
3380,M,7,4,GENERAL
3381,F,1,5,GENERAL
3382,F,1,7,CARDIOLOGY
3383,F,6,4,GENERAL
3384,F,1,5,GENERAL
3385,M,10,3,CARDIOLOGY
3386,M,6,4,GENERAL
3387,F,11,3,ORTHOPEDICS
3388,M,1,6,ORTHOPEDICS
3389,M,6,4,GENERAL
3390,M,6,4,ORTHOPEDICS
3391,F,10,3,CARDIOLOGY
3392,M,1,5,GENERAL
3393,M,1,5,ORTHOPEDICS
3394,M,1,5,GENERAL
3395,F,6,4,GENERAL
3396,F,10,4,SURGERY
3397,M,1,5,ORTHOPEDICS
3398,F,6,4,CARDIOLOGY
3399,F,6,4,ORTHOPEDICS
3400,M,6,4,GENERAL
3401,F,1,5,GENERAL
3402,M,10,3,ORTHOPEDICS
3403,F,1,5,SURGERY
3404,M,1,5,CARDIOLOGY
3405,F,1,5,ORTHOPEDICS
3406,F,10,4,GENERAL
3407,M,1,7,SURGERY
3408,M,13,2,GENERAL
3409,M,1,5,SURGERY
3410,M,10,4,ORTHOPEDICS
3411,M,10,3,SURGERY
3412,F,6,4,ORTHOPEDICS
3413,F,1,5,GENERAL
3414,M,1,5,ORTHOPEDICS
3415,F,1,5,SURGERY
3416,F,10,3,CARDIOLOGY
3417,M,1,6,GENERAL
3418,M,6,4,SURGERY
3419,F,10,4,ORTHOPEDICS
3420,M,10,4,GENERAL
3421,M,10,4,CARDIOLOGY
3422,M,8,4,GENERAL
3423,F,6,4,CARDIOLOGY
3424,F,7,4,CARDIOLOGY
3425,F,13,2,GENERAL
3426,M,1,5,GENERAL
3427,F,1,5,GENERAL
3428,F,1,5,CARDIOLOGY
3429,F,11,3,GENERAL
3430,F,13,3,GENERAL
3431,M,10,4,CARDIOLOGY
3432,M,6,4,CARDIOLOGY
3433,F,11,3,ORTHOPEDICS
3434,M,1,5,SURGERY
3435,M,8,4,CARDIOLOGY
3436,F,13,2,SURGERY
3437,M,6,4,CARDIOLOGY
3438,F,6,4,GENERAL
3439,F,1,5,ORTHOPEDICS
3440,M,10,3,ORTHOPEDICS
3441,F,10,4,GENERAL
3442,F,10,4,GENERAL
3443,F,10,4,ORTHOPEDICS
3444,M,13,3,GENERAL
3445,F,13,3,ORTHOPEDICS
3446,M,7,4,ORTHOPEDICS
3447,M,1,5,GENERAL
3448,F,1,5,GENERAL
3449,M,6,4,CARDIOLOGY
3450,M,6,4,GENERAL
3451,F,1,5,SURGERY
3452,F,6,4,GENERAL
3453,M,1,5,GENERAL
3454,F,1,5,CARDIOLOGY
3455,F,10,3,GENERAL
3456,F,10,3,CARDIOLOGY
3457,M,11,3,GENERAL
3458,F,1,5,SURGERY
3459,F,13,3,GENERAL
3460,M,1,5,CARDIOLOGY
3461,M,6,4,ORTHOPEDICS
3462,M,13,2,GENERAL
3463,M,1,6,SURGERY
3464,F,1,5,GENERAL
3465,M,10,3,CARDIOLOGY
3466,M,1,5,GENERAL
3467,F,7,4,ORTHOPEDICS
3468,M,6,4,SURGERY
3469,F,1,5,CARDIOLOGY
3470,F,10,4,ORTHOPEDICS
3471,F,10,3,GENERAL
3472,M,1,6,SURGERY
3473,M,6,4,CARDIOLOGY
3474,F,7,4,GENERAL
3475,F,6,4,GENERAL
3476,F,1,5,SURGERY
3477,M,6,4,ORTHOPEDICS
3478,F,1,5,CARDIOLOGY
3479,F,1,5,ORTHOPEDICS
3480,M,6,4,GENERAL
3481,M,6,4,GENERAL
3482,F,7,4,CARDIOLOGY
3483,M,6,4,GENERAL
3484,F,6,4,GENERAL
3485,M,7,4,CARDIOLOGY
3486,F,1,5,ORTHOPEDICS
3487,F,1,5,SURGERY
3488,F,6,4,CARDIOLOGY
3489,M,6,4,SURGERY
3490,F,1,6,SURGERY
3491,M,10,3,CARDIOLOGY
3492,M,1,5,GENERAL
3493,F,7,4,ORTHOPEDICS
3494,F,10,3,ORTHOPEDICS
3495,M,7,4,CARDIOLOGY
3496,F,13,2,GENERAL
3497,F,6,4,GENERAL
3498,F,6,4,GENERAL
3499,F,1,5,CARDIOLOGY
3500,M,6,4,GENERAL
3501,F,7,4,SURGERY
3502,M,6,4,GENERAL
3503,M,10,3,SURGERY
3504,F,6,4,CARDIOLOGY
3505,F,1,5,GENERAL
3506,M,10,3,SURGERY
3507,F,11,3,CARDIOLOGY
3508,F,7,4,GENERAL
3509,F,11,3,SURGERY
3510,F,6,4,ORTHOPEDICS
3511,F,1,5,CARDIOLOGY
3512,M,13,2,CARDIOLOGY
3513,M,10,3,ORTHOPEDICS
3514,F,10,3,ORTHOPEDICS
3515,M,1,6,GENERAL
3516,F,1,5,SURGERY
3517,F,1,5,CARDIOLOGY
3518,F,6,4,ORTHOPEDICS
3519,M,6,4,ORTHOPEDICS
3520,M,1,6,GENERAL
3521,F,7,4,GENERAL
3522,F,11,3,GENERAL
3523,M,10,3,GENERAL
3524,M,6,4,ORTHOPEDICS
3525,M,6,4,GENERAL
3526,M,1,5,CARDIOLOGY
3527,F,1,7,CARDIOLOGY
3528,M,6,4,CARDIOLOGY
3529,M,13,2,ORTHOPEDICS
3530,F,6,4,SURGERY
3531,F,10,3,GENERAL
3532,F,6,4,ORTHOPEDICS
3533,M,6,4,ORTHOPEDICS
3534,M,10,4,CARDIOLOGY
3535,M,10,4,SURGERY
3536,M,6,4,CARDIOLOGY
3537,F,10,3,SURGERY
3538,M,6,4,GENERAL
3539,M,6,4,ORTHOPEDICS
3540,M,1,6,SURGERY
3541,F,11,3,GENERAL
3542,M,6,4,SURGERY
3543,M,10,3,GENERAL
3544,F,1,5,GENERAL
3545,F,10,3,ORTHOPEDICS
3546,F,10,3,CARDIOLOGY
3547,F,1,6,CARDIOLOGY
3548,F,1,5,SURGERY
3549,M,1,5,GENERAL
3550,M,10,4,ORTHOPEDICS
3551,F,7,4,ORTHOPEDICS
3552,F,13,2,CARDIOLOGY
3553,F,8,4,SURGERY
3554,F,13,2,GENERAL
3555,M,12,3,CARDIOLOGY
3556,M,1,7,SURGERY
3557,F,6,4,CARDIOLOGY
3558,M,6,4,GENERAL
3559,M,10,3,GENERAL
3560,F,6,4,SURGERY
3561,M,12,3,GENERAL
3562,F,10,4,GENERAL
3563,F,10,4,GENERAL
3564,F,6,4,GENERAL
3565,M,6,4,CARDIOLOGY
3566,M,1,6,GENERAL
3567,F,1,5,CARDIOLOGY
3568,M,10,3,GENERAL
3569,F,1,5,GENERAL
3570,M,7,4,ORTHOPEDICS
3571,M,1,5,GENERAL
3572,F,10,3,SURGERY
3573,M,10,4,ORTHOPEDICS
3574,F,10,4,CARDIOLOGY
3575,F,1,6,GENERAL
3576,F,1,5,SURGERY
3577,F,10,3,GENERAL
3578,F,13,3,ORTHOPEDICS
3579,M,13,3,GENERAL
3580,F,6,4,ORTHOPEDICS
3581,F,10,3,GENERAL
3582,M,7,4,GENERAL
3583,M,1,6,ORTHOPEDICS
3584,M,10,3,GENERAL
3585,M,10,4,CARDIOLOGY
3586,M,10,4,GENERAL
3587,F,6,4,GENERAL
3588,M,1,6,GENERAL
3589,F,1,6,CARDIOLOGY
3590,M,1,5,ORTHOPEDICS
3591,M,13,2,GENERAL
3592,F,10,4,CARDIOLOGY
3593,F,6,4,ORTHOPEDICS
3594,F,1,5,ORTHOPEDICS
3595,F,6,4,CARDIOLOGY
3596,M,6,4,CARDIOLOGY
3597,F,6,5,SURGERY
3598,F,10,4,GENERAL
3599,M,11,3,GENERAL
3600,F,10,4,SURGERY
3601,M,6,4,CARDIOLOGY
3602,M,10,3,ORTHOPEDICS
3603,F,13,2,SURGERY
3604,F,1,6,SURGERY
3605,F,10,4,GENERAL
3606,M,7,4,GENERAL
3607,M,1,5,SURGERY
3608,M,11,3,GENERAL
3609,M,1,5,ORTHOPEDICS
3610,M,6,4,ORTHOPEDICS
3611,M,13,2,GENERAL
3612,F,1,5,CARDIOLOGY
3613,F,11,3,CARDIOLOGY
3614,F,1,5,GENERAL
3615,F,13,3,CARDIOLOGY
3616,F,1,5,CARDIOLOGY
3617,M,10,3,SURGERY
3618,M,1,5,CARDIOLOGY
3619,M,10,4,CARDIOLOGY
3620,F,6,4,GENERAL
3621,M,10,3,SURGERY
3622,M,11,3,GENERAL
3623,F,6,4,GENERAL
3624,F,10,4,ORTHOPEDICS
3625,F,10,4,GENERAL
3626,M,1,7,GENERAL
3627,M,1,5,GENERAL
3628,M,6,4,GENERAL
3629,M,11,3,CARDIOLOGY
3630,M,11,3,GENERAL
3631,M,1,5,SURGERY
3632,M,10,3,GENERAL
3633,F,13,2,ORTHOPEDICS
3634,F,1,5,SURGERY
3635,M,6,4,CARDIOLOGY
3636,F,11,3,SURGERY
3637,M,10,3,ORTHOPEDICS
3638,M,10,3,SURGERY
3639,M,10,4,SURGERY
3640,M,10,4,GENERAL
3641,F,6,4,CARDIOLOGY
3642,M,13,1,ORTHOPEDICS
3643,M,13,2,CARDIOLOGY
3644,F,13,2,SURGERY
3645,F,6,4,CARDIOLOGY
3646,F,6,4,GENERAL
3647,M,10,3,SURGERY
3648,F,1,5,CARDIOLOGY
3649,F,11,3,ORTHOPEDICS
3650,M,10,3,GENERAL
3651,F,1,5,GENERAL
3652,M,6,4,SURGERY
3653,F,1,5,SURGERY
3654,F,10,3,SURGERY
3655,M,1,6,CARDIOLOGY
3656,F,10,3,GENERAL
3657,M,1,5,CARDIOLOGY
3658,M,11,3,CARDIOLOGY
3659,M,10,3,ORTHOPEDICS
3660,F,11,3,SURGERY
3661,F,10,3,SURGERY
3662,M,10,4,SURGERY
3663,F,10,4,SURGERY
3664,M,6,4,CARDIOLOGY
3665,M,1,5,GENERAL
3666,F,10,3,ORTHOPEDICS
3667,F,1,5,ORTHOPEDICS
3668,F,1,7,ORTHOPEDICS
3669,F,11,3,GENERAL
3670,M,10,4,SURGERY
3671,M,1,5,GENERAL
3672,F,11,3,GENERAL
3673,F,13,1,SURGERY
3674,M,6,4,GENERAL
3675,M,13,1,CARDIOLOGY
3676,M,10,3,SURGERY
3677,M,13,2,ORTHOPEDICS
3678,F,10,4,GENERAL
3679,M,7,4,CARDIOLOGY
3680,F,11,3,SURGERY
3681,F,1,5,CARDIOLOGY
3682,M,13,3,GENERAL
3683,F,10,3,GENERAL
3684,M,1,6,ORTHOPEDICS
3685,F,10,4,SURGERY
3686,F,1,5,GENERAL
3687,F,1,6,ORTHOPEDICS
3688,F,7,4,CARDIOLOGY
3689,F,1,5,CARDIOLOGY
3690,F,1,5,CARDIOLOGY
3691,M,11,3,ORTHOPEDICS
3692,M,13,3,GENERAL
3693,M,6,4,ORTHOPEDICS
3694,M,10,3,ORTHOPEDICS
3695,F,10,4,ORTHOPEDICS
3696,M,6,4,CARDIOLOGY
3697,F,6,4,SURGERY
3698,M,1,5,GENERAL
3699,F,1,5,CARDIOLOGY
3700,M,1,5,GENERAL
3701,M,6,4,CARDIOLOGY
3702,M,10,3,GENERAL
3703,M,6,4,GENERAL
3704,F,11,3,ORTHOPEDICS
3705,M,10,4,SURGERY
3706,M,1,5,ORTHOPEDICS
3707,F,1,5,CARDIOLOGY
3708,M,1,5,ORTHOPEDICS
3709,M,7,4,GENERAL
3710,M,6,4,GENERAL
3711,F,1,5,CARDIOLOGY
3712,F,10,3,GENERAL
3713,M,1,5,CARDIOLOGY
3714,M,10,3,CARDIOLOGY
3715,F,6,4,GENERAL
3716,M,6,4,GENERAL
3717,M,12,3,GENERAL
3718,F,10,4,SURGERY
3719,F,6,4,GENERAL
3720,F,1,5,SURGERY
3721,F,6,4,GENERAL
3722,M,6,4,ORTHOPEDICS
3723,F,1,6,CARDIOLOGY
3724,F,1,5,GENERAL
3725,F,6,4,GENERAL
3726,M,10,4,SURGERY
3727,F,1,5,GENERAL
3728,M,6,4,SURGERY
3729,F,1,7,GENERAL
3730,F,1,5,SURGERY
3731,F,10,4,GENERAL
3732,F,1,6,SURGERY
3733,F,11,3,ORTHOPEDICS
3734,F,6,4,GENERAL
3735,F,10,4,SURGERY
3736,M,6,4,ORTHOPEDICS
3737,M,13,3,ORTHOPEDICS
3738,F,7,4,SURGERY
3739,F,13,2,ORTHOPEDICS
3740,M,1,6,GENERAL
3741,M,10,3,SURGERY
3742,F,1,5,ORTHOPEDICS
3743,M,11,3,CARDIOLOGY
3744,M,13,2,ORTHOPEDICS
3745,M,6,4,GENERAL
3746,F,1,5,CARDIOLOGY
3747,F,1,7,GENERAL
3748,F,10,4,SURGERY
3749,F,10,4,GENERAL
3750,F,13,2,SURGERY
3751,M,6,4,SURGERY
3752,M,10,3,CARDIOLOGY
3753,F,10,4,SURGERY
3754,M,6,4,SURGERY
3755,M,6,4,GENERAL
3756,M,1,5,GENERAL
3757,M,6,4,GENERAL
3758,M,6,4,GENERAL
3759,M,7,4,ORTHOPEDICS
3760,M,10,4,ORTHOPEDICS
3761,M,11,3,GENERAL
3762,F,1,5,ORTHOPEDICS
3763,M,10,3,CARDIOLOGY
3764,M,1,5,CARDIOLOGY
3765,M,6,4,SURGERY
3766,F,6,4,GENERAL
3767,F,6,4,CARDIOLOGY
3768,F,1,5,GENERAL
3769,F,10,4,GENERAL
3770,M,10,4,SURGERY
3771,F,10,3,GENERAL
3772,M,10,4,GENERAL
3773,F,6,4,GENERAL
3774,F,6,5,GENERAL
3775,F,1,5,SURGERY
3776,M,1,5,ORTHOPEDICS
3777,M,1,5,GENERAL
3778,F,6,4,CARDIOLOGY
3779,F,6,4,GENERAL
3780,F,7,4,ORTHOPEDICS
3781,F,6,4,SURGERY
3782,M,6,4,CARDIOLOGY
3783,F,10,3,GENERAL
3784,M,11,3,GENERAL
3785,F,1,5,SURGERY
3786,F,1,6,GENERAL
3787,F,10,4,GENERAL
3788,F,7,4,GENERAL
3789,F,6,4,ORTHOPEDICS
3790,M,10,4,GENERAL
3791,F,13,2,CARDIOLOGY
3792,F,10,3,ORTHOPEDICS
3793,F,6,5,GENERAL
3794,F,6,4,GENERAL
3795,M,10,4,ORTHOPEDICS
3796,M,10,3,ORTHOPEDICS
3797,F,11,3,GENERAL
3798,F,10,3,GENERAL
3799,F,6,4,ORTHOPEDICS
3800,M,13,2,CARDIOLOGY
3801,M,13,3,ORTHOPEDICS
3802,F,1,5,CARDIOLOGY
3803,M,10,4,GENERAL
3804,M,13,2,ORTHOPEDICS
3805,F,1,5,CARDIOLOGY
3806,F,1,5,GENERAL
3807,M,10,3,GENERAL
3808,M,1,5,GENERAL
3809,F,6,4,CARDIOLOGY
3810,F,6,4,GENERAL
3811,F,6,4,GENERAL
3812,M,1,5,CARDIOLOGY
3813,F,6,4,GENERAL
3814,F,1,5,SURGERY
3815,M,11,3,CARDIOLOGY
3816,F,1,6,GENERAL
3817,F,11,3,GENERAL
3818,F,6,4,GENERAL
3819,F,7,4,GENERAL
3820,M,10,3,SURGERY
3821,M,6,4,ORTHOPEDICS
3822,M,6,4,GENERAL
3823,F,1,6,GENERAL
3824,M,6,4,SURGERY
3825,F,1,6,ORTHOPEDICS
3826,M,6,4,GENERAL
3827,M,13,2,ORTHOPEDICS
3828,F,1,5,SURGERY
3829,F,1,5,GENERAL
3830,M,10,3,GENERAL
3831,F,1,5,CARDIOLOGY
3832,M,1,5,GENERAL
3833,M,13,3,CARDIOLOGY
3834,F,10,3,CARDIOLOGY
3835,M,6,4,GENERAL
3836,M,1,7,GENERAL
3837,F,6,4,GENERAL
3838,M,1,6,CARDIOLOGY
3839,M,10,4,ORTHOPEDICS
3840,M,10,4,GENERAL
3841,M,13,3,SURGERY
3842,F,7,4,CARDIOLOGY
3843,M,6,4,CARDIOLOGY
3844,F,1,5,GENERAL
3845,M,6,4,SURGERY
3846,F,10,3,ORTHOPEDICS
3847,M,6,4,GENERAL
3848,M,1,6,GENERAL
3849,M,6,4,GENERAL
3850,M,13,1,CARDIOLOGY
3851,F,6,4,CARDIOLOGY
3852,F,13,2,ORTHOPEDICS
3853,M,10,3,GENERAL
3854,M,10,4,GENERAL
3855,F,10,4,GENERAL
3856,M,6,4,SURGERY
3857,F,10,3,ORTHOPEDICS
3858,M,8,4,ORTHOPEDICS
3859,F,10,3,GENERAL
3860,F,8,4,GENERAL
3861,M,13,3,GENERAL
3862,M,7,4,SURGERY
3863,M,1,5,GENERAL
3864,M,6,4,ORTHOPEDICS
3865,F,7,4,CARDIOLOGY
3866,F,1,5,CARDIOLOGY
3867,M,10,4,GENERAL
3868,F,6,4,CARDIOLOGY
3869,F,11,3,ORTHOPEDICS
3870,M,6,4,ORTHOPEDICS
3871,M,13,3,GENERAL
3872,F,1,5,GENERAL
3873,M,10,3,GENERAL
3874,F,1,6,ORTHOPEDICS
3875,F,1,5,SURGERY
3876,F,7,4,ORTHOPEDICS
3877,M,10,4,GENERAL
3878,F,10,3,CARDIOLOGY
3879,M,6,4,SURGERY
3880,M,12,3,GENERAL
3881,M,1,5,GENERAL
3882,F,1,7,SURGERY
3883,M,6,4,ORTHOPEDICS
3884,F,1,5,ORTHOPEDICS
3885,F,7,4,GENERAL
3886,M,7,4,SURGERY
3887,F,13,2,CARDIOLOGY
3888,M,1,5,CARDIOLOGY
3889,M,6,4,GENERAL
3890,F,13,2,ORTHOPEDICS
3891,F,10,4,GENERAL
3892,F,7,4,SURGERY
3893,F,1,5,GENERAL
3894,F,1,6,GENERAL
3895,F,6,4,GENERAL
3896,F,10,4,GENERAL
3897,F,1,6,ORTHOPEDICS
3898,M,1,5,ORTHOPEDICS
3899,F,13,3,GENERAL
3900,F,1,5,CARDIOLOGY
3901,F,1,5,SURGERY
3902,M,6,4,SURGERY
3903,M,11,3,CARDIOLOGY
3904,M,6,4,ORTHOPEDICS
3905,F,10,3,GENERAL
3906,M,1,5,GENERAL
3907,M,1,5,GENERAL
3908,F,13,2,GENERAL
3909,M,10,3,GENERAL
3910,F,1,5,GENERAL
3911,M,10,3,GENERAL
3912,M,1,5,CARDIOLOGY
3913,M,1,5,SURGERY
3914,M,10,3,GENERAL
3915,M,13,3,ORTHOPEDICS
3916,M,10,4,CARDIOLOGY
3917,F,6,4,SURGERY
3918,F,1,5,CARDIOLOGY
3919,M,11,3,GENERAL
3920,M,7,4,GENERAL
3921,F,1,5,SURGERY
3922,M,1,5,GENERAL
3923,M,1,5,GENERAL
3924,F,13,2,SURGERY
3925,F,10,4,GENERAL
3926,F,6,4,ORTHOPEDICS
3927,F,6,4,GENERAL
3928,F,1,7,ORTHOPEDICS
3929,M,6,4,SURGERY
3930,F,6,4,ORTHOPEDICS
3931,M,6,4,SURGERY
3932,F,6,4,SURGERY
3933,F,11,3,GENERAL
3934,M,1,5,CARDIOLOGY
3935,F,13,1,SURGERY
3936,F,1,5,CARDIOLOGY
3937,F,13,2,ORTHOPEDICS
3938,F,1,6,SURGERY
3939,F,6,4,GENERAL
3940,F,10,3,GENERAL
3941,F,1,5,ORTHOPEDICS
3942,M,10,3,ORTHOPEDICS
3943,F,10,4,SURGERY
3944,F,7,4,CARDIOLOGY
3945,M,10,3,CARDIOLOGY
3946,M,10,3,CARDIOLOGY
3947,F,6,4,ORTHOPEDICS
3948,F,10,3,GENERAL
3949,M,1,6,ORTHOPEDICS
3950,F,6,4,CARDIOLOGY
3951,F,13,2,SURGERY
3952,F,6,4,ORTHOPEDICS
3953,M,10,3,SURGERY
3954,F,6,4,GENERAL
3955,M,13,3,GENERAL
3956,M,11,3,GENERAL
3957,M,10,3,SURGERY
3958,M,6,4,CARDIOLOGY
3959,M,1,5,CARDIOLOGY
3960,F,1,5,SURGERY
3961,M,10,4,GENERAL
3962,F,7,4,GENERAL
3963,M,10,4,ORTHOPEDICS
3964,M,7,4,GENERAL
3965,M,10,3,GENERAL
3966,M,1,6,GENERAL
3967,F,1,5,ORTHOPEDICS
3968,F,13,2,CARDIOLOGY
3969,M,6,4,CARDIOLOGY
3970,F,1,5,ORTHOPEDICS
3971,M,1,5,ORTHOPEDICS
3972,M,6,4,SURGERY
3973,F,10,4,GENERAL
3974,M,1,5,CARDIOLOGY
3975,M,1,6,ORTHOPEDICS
3976,F,6,4,ORTHOPEDICS
3977,F,6,5,ORTHOPEDICS
3978,F,1,5,GENERAL
3979,M,6,4,CARDIOLOGY
3980,F,1,5,GENERAL
3981,M,11,3,SURGERY
3982,F,6,4,GENERAL
3983,M,10,3,CARDIOLOGY
3984,M,10,4,GENERAL
3985,F,10,3,SURGERY
3986,F,13,3,ORTHOPEDICS
3987,F,6,4,GENERAL
3988,F,1,5,GENERAL
3989,M,1,5,CARDIOLOGY
3990,F,1,5,ORTHOPEDICS
3991,F,10,3,ORTHOPEDICS
3992,F,6,4,SURGERY
3993,M,7,4,GENERAL
3994,F,10,3,CARDIOLOGY
3995,M,10,4,ORTHOPEDICS
3996,F,6,4,ORTHOPEDICS
3997,M,1,5,SURGERY
3998,M,6,4,CARDIOLOGY
3999,F,1,5,ORTHOPEDICS
4000,M,13,3,GENERAL
4001,M,7,4,ORTHOPEDICS
4002,M,13,3,CARDIOLOGY
4003,F,6,4,GENERAL
4004,M,6,4,SURGERY
4005,M,1,5,GENERAL
4006,F,1,5,SURGERY
4007,M,11,3,GENERAL
4008,M,6,4,ORTHOPEDICS
4009,F,6,4,ORTHOPEDICS
4010,M,10,3,GENERAL
4011,M,1,5,SURGERY
4012,M,1,5,GENERAL
4013,M,1,5,SURGERY
4014,F,6,4,GENERAL
4015,M,6,4,GENERAL
4016,F,10,3,GENERAL
4017,F,10,3,GENERAL
4018,F,13,2,GENERAL
4019,F,6,4,CARDIOLOGY
4020,M,7,4,SURGERY
4021,F,1,5,ORTHOPEDICS
4022,F,1,5,GENERAL
4023,M,6,4,GENERAL
4024,M,10,3,CARDIOLOGY
4025,M,13,2,GENERAL
4026,F,6,4,GENERAL
4027,M,6,4,GENERAL
4028,M,7,4,GENERAL
4029,F,10,3,SURGERY
4030,F,1,5,GENERAL
4031,M,6,4,ORTHOPEDICS
4032,M,1,5,ORTHOPEDICS
4033,M,10,3,ORTHOPEDICS
4034,F,1,5,ORTHOPEDICS
4035,M,1,5,GENERAL
4036,M,10,3,GENERAL
4037,M,10,3,CARDIOLOGY
4038,F,10,4,SURGERY
4039,F,11,3,CARDIOLOGY
4040,M,13,2,GENERAL
4041,F,6,4,SURGERY
4042,M,6,4,CARDIOLOGY
4043,F,11,3,GENERAL
4044,M,10,4,ORTHOPEDICS
4045,F,1,6,SURGERY
4046,F,10,4,ORTHOPEDICS
4047,F,10,3,GENERAL
4048,M,10,3,GENERAL
4049,M,13,3,GENERAL
4050,F,11,3,CARDIOLOGY
4051,M,1,5,GENERAL
4052,F,10,3,CARDIOLOGY
4053,M,6,4,CARDIOLOGY
4054,M,10,4,CARDIOLOGY
4055,M,1,5,CARDIOLOGY
4056,M,13,2,GENERAL
4057,F,6,4,ORTHOPEDICS
4058,M,6,4,SURGERY
4059,M,1,5,ORTHOPEDICS
4060,M,6,4,GENERAL
4061,M,6,4,CARDIOLOGY
4062,M,6,4,ORTHOPEDICS
4063,M,11,3,SURGERY
4064,M,10,4,ORTHOPEDICS
4065,M,6,4,GENERAL
4066,F,6,4,GENERAL
4067,M,1,7,ORTHOPEDICS
4068,M,1,5,GENERAL
4069,M,1,5,GENERAL
4070,F,1,5,GENERAL
4071,F,6,4,CARDIOLOGY
4072,F,6,4,GENERAL
4073,F,1,5,CARDIOLOGY
4074,M,1,5,GENERAL
4075,M,13,3,GENERAL
4076,M,10,3,GENERAL
4077,M,13,2,GENERAL
4078,M,11,3,GENERAL
4079,F,10,4,CARDIOLOGY
4080,F,7,4,SURGERY
4081,M,10,4,CARDIOLOGY
4082,F,8,4,CARDIOLOGY
4083,F,7,4,GENERAL
4084,M,12,3,CARDIOLOGY
4085,M,7,4,CARDIOLOGY
4086,M,6,4,GENERAL
4087,F,1,5,SURGERY
4088,F,6,4,GENERAL
4089,F,6,4,GENERAL
4090,F,7,4,GENERAL
4091,F,1,5,GENERAL
4092,M,13,2,GENERAL
4093,F,1,5,GENERAL
4094,F,10,4,SURGERY
4095,M,6,4,SURGERY
4096,M,13,2,SURGERY
4097,M,10,4,SURGERY
4098,F,10,3,CARDIOLOGY
4099,F,10,3,GENERAL
4100,M,1,5,GENERAL
4101,M,1,5,SURGERY
4102,M,8,4,ORTHOPEDICS
4103,M,10,3,GENERAL
4104,F,7,4,CARDIOLOGY
4105,M,6,4,SURGERY
4106,F,1,6,GENERAL
4107,M,1,5,SURGERY
4108,F,6,4,GENERAL
4109,M,1,6,GENERAL
4110,F,6,4,ORTHOPEDICS
4111,M,6,4,CARDIOLOGY
4112,M,13,3,ORTHOPEDICS
4113,F,13,2,GENERAL
4114,M,1,5,SURGERY
4115,F,11,3,GENERAL
4116,M,7,4,CARDIOLOGY
4117,F,7,4,SURGERY
4118,M,10,4,SURGERY
4119,F,7,4,GENERAL
4120,F,10,3,GENERAL
4121,F,1,5,GENERAL
4122,M,10,3,GENERAL
4123,M,10,3,SURGERY
4124,F,6,4,GENERAL
4125,M,1,5,GENERAL
4126,M,6,4,GENERAL
4127,M,6,4,SURGERY
4128,M,11,3,SURGERY
4129,F,6,4,CARDIOLOGY
4130,M,10,4,ORTHOPEDICS
4131,M,1,5,CARDIOLOGY
4132,F,10,3,CARDIOLOGY
4133,F,10,4,GENERAL
4134,F,10,4,CARDIOLOGY
4135,F,6,4,ORTHOPEDICS
4136,M,1,5,SURGERY
4137,F,6,4,CARDIOLOGY
4138,F,10,4,ORTHOPEDICS
4139,M,1,5,ORTHOPEDICS
4140,F,1,5,GENERAL
4141,M,1,5,SURGERY
4142,M,6,4,ORTHOPEDICS
4143,F,1,5,CARDIOLOGY
4144,M,6,4,GENERAL
4145,F,6,4,ORTHOPEDICS
4146,F,6,4,GENERAL
4147,F,13,2,GENERAL
4148,M,1,5,GENERAL
4149,M,6,4,GENERAL
4150,M,6,4,ORTHOPEDICS
4151,M,1,5,GENERAL
4152,M,1,5,SURGERY
4153,F,6,4,CARDIOLOGY
4154,F,6,4,SURGERY
4155,M,1,5,GENERAL
4156,F,10,3,ORTHOPEDICS
4157,M,13,2,GENERAL
4158,M,13,2,GENERAL
4159,F,13,3,CARDIOLOGY
4160,F,10,3,GENERAL
4161,M,12,3,GENERAL
4162,F,6,4,GENERAL
4163,F,1,5,SURGERY
4164,F,10,3,ORTHOPEDICS
4165,M,11,3,ORTHOPEDICS
4166,F,11,3,SURGERY
4167,M,7,4,ORTHOPEDICS
4168,M,13,1,GENERAL
4169,M,1,5,SURGERY
4170,M,6,4,ORTHOPEDICS
4171,F,6,4,CARDIOLOGY
4172,M,1,5,CARDIOLOGY
4173,M,1,6,GENERAL
4174,F,13,2,CARDIOLOGY
4175,F,13,2,GENERAL
4176,F,1,7,CARDIOLOGY
4177,F,11,3,GENERAL
4178,M,7,4,CARDIOLOGY
4179,M,6,4,ORTHOPEDICS
4180,M,10,4,GENERAL
4181,F,6,4,GENERAL
4182,M,10,3,GENERAL
4183,F,6,4,CARDIOLOGY
4184,M,8,4,CARDIOLOGY
4185,M,6,4,SURGERY
4186,F,1,5,GENERAL
4187,F,10,3,GENERAL
4188,M,1,5,GENERAL
4189,F,1,5,GENERAL
4190,F,6,4,ORTHOPEDICS
4191,F,7,4,CARDIOLOGY
4192,M,1,5,SURGERY
4193,F,10,3,GENERAL
4194,F,6,4,GENERAL
4195,F,6,4,GENERAL
4196,F,6,4,SURGERY
4197,F,1,5,GENERAL
4198,F,1,5,CARDIOLOGY
4199,M,10,3,GENERAL
4200,F,1,5,CARDIOLOGY
4201,M,6,4,GENERAL
4202,M,6,4,GENERAL
4203,F,13,3,SURGERY
4204,F,10,3,CARDIOLOGY
4205,M,6,4,CARDIOLOGY
4206,M,6,4,SURGERY
4207,M,1,5,GENERAL
4208,M,11,3,CARDIOLOGY
4209,F,6,4,CARDIOLOGY
4210,M,1,5,GENERAL
4211,M,10,4,GENERAL
4212,M,1,5,ORTHOPEDICS
4213,F,11,3,GENERAL
4214,F,1,7,CARDIOLOGY
4215,F,7,4,GENERAL
4216,M,10,4,SURGERY
4217,F,1,5,GENERAL
4218,M,10,3,CARDIOLOGY
4219,M,1,5,ORTHOPEDICS
4220,F,6,4,GENERAL
4221,F,7,4,SURGERY
4222,F,1,5,GENERAL
4223,M,10,4,SURGERY
4224,F,1,5,ORTHOPEDICS
4225,M,13,2,GENERAL
4226,M,10,3,CARDIOLOGY
4227,M,1,5,ORTHOPEDICS
4228,M,6,4,GENERAL
4229,F,7,4,CARDIOLOGY
4230,M,6,4,ORTHOPEDICS
4231,F,10,3,SURGERY
4232,F,10,3,CARDIOLOGY
4233,M,6,4,GENERAL
4234,F,10,3,ORTHOPEDICS
4235,F,8,4,CARDIOLOGY
4236,M,1,5,CARDIOLOGY
4237,F,7,4,GENERAL
4238,M,10,4,SURGERY
4239,M,1,5,ORTHOPEDICS
4240,M,6,4,CARDIOLOGY
4241,F,12,3,GENERAL
4242,F,10,4,CARDIOLOGY
4243,F,1,5,GENERAL
4244,F,6,4,GENERAL
4245,M,1,5,SURGERY
4246,F,11,3,GENERAL
4247,M,10,4,ORTHOPEDICS
4248,M,1,5,SURGERY
4249,M,1,5,GENERAL
4250,F,1,5,GENERAL
4251,F,1,5,GENERAL
4252,F,10,3,CARDIOLOGY
4253,M,1,5,GENERAL
4254,F,10,4,GENERAL
4255,M,6,4,GENERAL
4256,M,13,2,GENERAL
4257,M,6,5,GENERAL
4258,F,6,4,GENERAL
4259,M,1,5,GENERAL
4260,F,10,3,GENERAL
4261,F,6,4,ORTHOPEDICS
4262,M,1,5,SURGERY
4263,F,1,6,CARDIOLOGY
4264,M,1,5,SURGERY
4265,F,10,3,GENERAL
4266,F,1,6,CARDIOLOGY
4267,F,10,4,GENERAL
4268,M,6,4,GENERAL
4269,M,13,2,CARDIOLOGY
4270,M,1,5,CARDIOLOGY
4271,F,10,3,CARDIOLOGY
4272,M,11,3,GENERAL
4273,M,6,4,ORTHOPEDICS
4274,F,6,5,GENERAL
4275,M,6,4,GENERAL
4276,F,1,5,SURGERY
4277,F,6,4,GENERAL
4278,F,6,4,SURGERY
4279,M,6,4,ORTHOPEDICS
4280,F,13,3,GENERAL
4281,M,1,5,SURGERY
4282,F,11,3,SURGERY
4283,M,6,4,GENERAL
4284,F,1,5,GENERAL
4285,F,10,4,CARDIOLOGY
4286,M,13,1,CARDIOLOGY
4287,F,10,3,GENERAL
4288,F,1,5,GENERAL
4289,M,6,4,GENERAL
4290,F,10,4,ORTHOPEDICS
4291,F,6,4,ORTHOPEDICS
4292,F,10,4,GENERAL
4293,F,12,3,ORTHOPEDICS
4294,F,10,3,CARDIOLOGY
4295,M,1,5,GENERAL
4296,M,6,4,CARDIOLOGY
4297,F,10,3,GENERAL
4298,M,1,6,GENERAL
4299,F,1,5,GENERAL
4300,F,13,2,ORTHOPEDICS
4301,F,1,6,GENERAL
4302,M,10,4,CARDIOLOGY
4303,M,10,3,SURGERY
4304,M,6,4,SURGERY
4305,F,11,3,SURGERY
4306,M,10,4,GENERAL
4307,F,11,3,GENERAL
4308,M,13,2,GENERAL
4309,F,1,5,GENERAL
4310,F,10,3,CARDIOLOGY
4311,M,13,2,GENERAL
4312,M,6,4,ORTHOPEDICS
4313,F,1,5,SURGERY
4314,M,6,4,SURGERY
4315,F,1,5,GENERAL
4316,F,1,5,ORTHOPEDICS
4317,M,6,4,SURGERY
4318,M,6,4,ORTHOPEDICS
4319,M,1,5,SURGERY
4320,F,1,5,ORTHOPEDICS
4321,F,13,2,SURGERY
4322,M,7,4,GENERAL
4323,F,10,4,CARDIOLOGY
4324,F,10,4,ORTHOPEDICS
4325,M,1,6,GENERAL
4326,F,13,2,GENERAL
4327,M,1,5,SURGERY
4328,M,11,3,SURGERY
4329,M,6,4,CARDIOLOGY
4330,M,10,3,ORTHOPEDICS
4331,M,10,3,SURGERY
4332,F,1,5,ORTHOPEDICS
4333,M,6,4,ORTHOPEDICS
4334,M,1,5,SURGERY
4335,M,10,4,SURGERY
4336,F,6,4,GENERAL
4337,M,10,4,ORTHOPEDICS
4338,M,6,4,SURGERY
4339,F,11,3,GENERAL
4340,F,10,3,CARDIOLOGY
4341,F,11,3,ORTHOPEDICS
4342,F,13,2,GENERAL
4343,M,6,4,GENERAL
4344,M,11,3,GENERAL
4345,M,6,4,ORTHOPEDICS
4346,F,1,5,GENERAL
4347,M,1,5,GENERAL
4348,M,13,2,CARDIOLOGY
4349,M,1,5,CARDIOLOGY
4350,F,6,4,SURGERY
4351,M,13,2,ORTHOPEDICS
4352,F,1,5,SURGERY
4353,F,1,5,GENERAL
4354,F,1,5,GENERAL
4355,F,10,3,CARDIOLOGY
4356,F,13,2,GENERAL
4357,F,1,5,ORTHOPEDICS
4358,F,6,4,ORTHOPEDICS
4359,M,13,2,SURGERY
4360,M,13,3,GENERAL
4361,M,13,3,SURGERY
4362,M,13,3,GENERAL
4363,F,6,4,CARDIOLOGY
4364,F,1,7,SURGERY
4365,F,10,4,GENERAL
4366,F,10,3,SURGERY
4367,F,1,5,GENERAL
4368,F,6,4,SURGERY
4369,F,1,5,SURGERY
4370,M,11,3,GENERAL
4371,M,10,4,GENERAL
4372,F,1,5,ORTHOPEDICS
4373,M,1,6,SURGERY
4374,F,6,4,CARDIOLOGY
4375,M,1,5,GENERAL
4376,M,7,4,GENERAL
4377,M,1,5,GENERAL
4378,F,10,4,CARDIOLOGY
4379,F,13,3,CARDIOLOGY
4380,F,10,4,CARDIOLOGY
4381,F,1,5,CARDIOLOGY
4382,F,10,3,CARDIOLOGY
4383,M,1,5,ORTHOPEDICS
4384,M,1,5,GENERAL
4385,F,10,4,ORTHOPEDICS
4386,M,13,2,CARDIOLOGY
4387,F,1,5,ORTHOPEDICS
4388,M,1,5,CARDIOLOGY
4389,F,10,3,GENERAL
4390,M,6,4,SURGERY
4391,M,7,4,GENERAL
4392,F,7,4,GENERAL
4393,M,13,3,SURGERY
4394,F,1,7,SURGERY
4395,M,10,3,GENERAL
4396,M,13,2,SURGERY
4397,M,1,5,GENERAL
4398,F,6,4,CARDIOLOGY
4399,M,1,6,GENERAL
4400,M,6,4,GENERAL
4401,M,1,5,GENERAL
4402,F,1,6,CARDIOLOGY
4403,M,7,4,CARDIOLOGY
4404,F,6,4,CARDIOLOGY
4405,F,1,6,GENERAL
4406,F,13,1,CARDIOLOGY
4407,M,6,4,CARDIOLOGY
4408,M,6,4,ORTHOPEDICS
4409,F,6,4,ORTHOPEDICS
4410,M,11,3,SURGERY
4411,M,6,4,GENERAL
4412,M,1,5,GENERAL
4413,M,6,4,GENERAL
4414,F,6,4,GENERAL
4415,F,10,3,SURGERY
4416,M,1,5,CARDIOLOGY
4417,F,6,4,SURGERY
4418,F,7,4,GENERAL
4419,F,13,3,CARDIOLOGY
4420,M,11,3,GENERAL
4421,M,7,4,ORTHOPEDICS
4422,M,6,4,SURGERY
4423,F,12,3,SURGERY
4424,F,1,5,ORTHOPEDICS
4425,M,10,4,GENERAL
4426,F,13,3,ORTHOPEDICS
4427,M,10,3,ORTHOPEDICS
4428,F,10,3,GENERAL
4429,M,10,4,GENERAL
4430,F,6,5,SURGERY
4431,M,10,4,ORTHOPEDICS
4432,F,10,4,ORTHOPEDICS
4433,M,1,5,SURGERY
4434,M,1,5,CARDIOLOGY
4435,F,10,3,CARDIOLOGY
4436,F,10,3,GENERAL
4437,F,1,5,GENERAL
4438,F,6,4,GENERAL
4439,F,1,5,ORTHOPEDICS
4440,M,6,4,GENERAL
4441,F,10,3,GENERAL
4442,F,13,3,GENERAL
4443,M,1,5,GENERAL
4444,M,6,4,CARDIOLOGY
4445,F,10,3,GENERAL
4446,F,10,3,CARDIOLOGY
4447,F,13,2,GENERAL
4448,F,6,4,GENERAL
4449,M,13,2,GENERAL
4450,F,13,3,SURGERY
4451,M,1,5,CARDIOLOGY
4452,M,6,4,GENERAL
4453,F,10,4,CARDIOLOGY
4454,F,6,4,ORTHOPEDICS
4455,M,7,4,SURGERY
4456,M,10,3,ORTHOPEDICS
4457,M,6,4,SURGERY
4458,M,10,4,GENERAL
4459,F,11,3,SURGERY
4460,F,6,4,GENERAL
4461,F,1,5,GENERAL
4462,M,10,4,GENERAL
4463,F,1,7,GENERAL
4464,M,6,4,SURGERY
4465,M,6,4,GENERAL
4466,F,10,3,GENERAL
4467,M,1,5,ORTHOPEDICS
4468,M,10,4,ORTHOPEDICS
4469,F,1,5,GENERAL
4470,F,10,4,SURGERY
4471,F,1,5,GENERAL
4472,F,11,3,GENERAL
4473,F,6,4,ORTHOPEDICS
4474,F,10,4,ORTHOPEDICS
4475,M,10,4,GENERAL
4476,M,6,4,ORTHOPEDICS
4477,M,7,4,CARDIOLOGY
4478,M,7,4,SURGERY
4479,F,13,2,GENERAL
4480,M,13,3,ORTHOPEDICS
4481,M,10,3,SURGERY
4482,M,7,4,GENERAL
4483,F,1,6,CARDIOLOGY
4484,F,10,3,SURGERY
4485,F,1,5,GENERAL
4486,F,10,4,ORTHOPEDICS
4487,F,7,4,CARDIOLOGY
4488,M,1,5,GENERAL
4489,M,1,5,GENERAL
4490,F,1,5,CARDIOLOGY
4491,M,1,5,SURGERY
4492,F,1,5,SURGERY
4493,M,13,3,CARDIOLOGY
4494,M,10,4,ORTHOPEDICS
4495,F,10,4,CARDIOLOGY
4496,F,1,5,GENERAL
4497,F,13,2,GENERAL
4498,F,1,5,SURGERY
4499,F,1,5,GENERAL
4500,F,10,4,GENERAL
4501,F,13,1,GENERAL
4502,M,6,4,GENERAL
4503,F,1,5,ORTHOPEDICS
4504,F,6,4,ORTHOPEDICS
4505,M,1,6,GENERAL
4506,M,1,5,GENERAL
4507,M,6,4,ORTHOPEDICS
4508,F,6,4,GENERAL
4509,M,13,2,SURGERY
4510,M,1,5,GENERAL
4511,M,1,5,ORTHOPEDICS
4512,M,1,6,GENERAL
4513,F,6,5,CARDIOLOGY
4514,F,6,4,CARDIOLOGY
4515,F,1,5,GENERAL
4516,F,10,4,CARDIOLOGY
4517,M,10,3,ORTHOPEDICS
4518,F,10,4,GENERAL
4519,F,1,5,SURGERY
4520,F,12,3,SURGERY
4521,F,10,3,SURGERY
4522,F,6,4,ORTHOPEDICS
4523,F,10,3,GENERAL
4524,F,6,4,SURGERY
4525,F,10,3,ORTHOPEDICS
4526,F,1,5,GENERAL
4527,F,10,3,ORTHOPEDICS
4528,M,11,3,ORTHOPEDICS
4529,F,6,4,SURGERY
4530,F,6,4,GENERAL
4531,M,6,4,SURGERY
4532,M,10,3,SURGERY
4533,M,1,5,ORTHOPEDICS
4534,F,1,6,SURGERY
4535,F,11,3,ORTHOPEDICS
4536,F,13,2,CARDIOLOGY
4537,F,11,3,CARDIOLOGY
4538,M,1,5,GENERAL
4539,M,1,5,SURGERY
4540,M,6,4,ORTHOPEDICS
4541,F,1,5,CARDIOLOGY
4542,F,6,4,GENERAL
4543,M,1,5,GENERAL
4544,F,1,5,ORTHOPEDICS
4545,M,11,3,SURGERY
4546,M,13,2,SURGERY
4547,F,13,2,GENERAL
4548,F,11,3,ORTHOPEDICS
4549,F,13,2,GENERAL
4550,F,10,4,CARDIOLOGY
4551,M,1,5,GENERAL
4552,M,1,5,GENERAL
4553,F,10,3,SURGERY
4554,M,10,3,SURGERY
4555,M,6,4,GENERAL
4556,M,10,3,SURGERY
4557,F,10,3,SURGERY
4558,F,10,4,CARDIOLOGY
4559,F,6,4,SURGERY
4560,M,10,3,GENERAL
4561,F,9,4,CARDIOLOGY
4562,F,13,1,ORTHOPEDICS
4563,F,10,3,GENERAL
4564,M,10,4,ORTHOPEDICS
4565,M,10,4,ORTHOPEDICS
4566,F,11,3,SURGERY
4567,M,1,5,SURGERY
4568,M,11,3,GENERAL
4569,M,1,5,ORTHOPEDICS
4570,F,1,5,GENERAL
4571,F,6,4,CARDIOLOGY
4572,F,10,3,ORTHOPEDICS
4573,F,10,3,SURGERY
4574,M,13,2,ORTHOPEDICS
4575,F,1,7,GENERAL
4576,F,10,4,GENERAL
4577,F,13,2,GENERAL
4578,M,6,4,ORTHOPEDICS
4579,F,13,2,SURGERY
4580,F,6,4,ORTHOPEDICS
4581,F,6,5,SURGERY
4582,F,1,5,CARDIOLOGY
4583,F,10,3,SURGERY
4584,M,10,3,GENERAL
4585,F,6,4,CARDIOLOGY
4586,M,6,5,ORTHOPEDICS
4587,F,11,3,ORTHOPEDICS
4588,F,6,4,GENERAL
4589,M,7,4,SURGERY
4590,F,1,5,CARDIOLOGY
4591,M,1,5,SURGERY
4592,M,10,4,CARDIOLOGY
4593,M,6,4,GENERAL
4594,M,6,4,ORTHOPEDICS
4595,M,6,4,SURGERY
4596,F,6,4,SURGERY
4597,F,1,5,SURGERY
4598,F,6,4,GENERAL
4599,F,13,3,GENERAL
4600,M,6,4,SURGERY
4601,F,6,4,CARDIOLOGY
4602,M,10,3,GENERAL
4603,F,1,5,SURGERY
4604,F,7,4,GENERAL
4605,M,10,4,SURGERY
4606,F,1,6,GENERAL
4607,F,13,2,GENERAL
4608,F,1,5,GENERAL
4609,F,12,3,ORTHOPEDICS
4610,M,7,4,GENERAL
4611,M,6,4,GENERAL
4612,F,10,3,ORTHOPEDICS
4613,F,7,4,GENERAL
4614,M,6,4,GENERAL
4615,F,6,4,GENERAL
4616,F,10,4,ORTHOPEDICS
4617,M,1,5,GENERAL
4618,M,1,5,CARDIOLOGY
4619,F,10,3,CARDIOLOGY
4620,F,7,4,SURGERY
4621,M,1,5,GENERAL
4622,M,8,4,SURGERY
4623,F,1,5,GENERAL
4624,F,6,4,GENERAL
4625,M,10,3,GENERAL
4626,F,7,4,SURGERY
4627,M,8,4,ORTHOPEDICS
4628,M,1,5,GENERAL
4629,M,11,3,CARDIOLOGY
4630,M,11,3,SURGERY
4631,M,11,3,SURGERY
4632,F,1,5,GENERAL
4633,F,1,5,SURGERY
4634,F,6,5,GENERAL
4635,M,1,7,CARDIOLOGY
4636,F,10,3,ORTHOPEDICS
4637,F,1,5,SURGERY
4638,M,6,4,SURGERY
4639,F,12,3,SURGERY
4640,F,12,3,GENERAL
4641,F,1,5,CARDIOLOGY
4642,M,6,4,GENERAL
4643,F,10,4,GENERAL
4644,F,6,4,CARDIOLOGY
4645,F,6,4,CARDIOLOGY
4646,F,7,4,ORTHOPEDICS
4647,M,10,4,SURGERY
4648,F,10,3,SURGERY
4649,F,10,4,SURGERY
4650,M,11,3,ORTHOPEDICS
4651,F,6,4,ORTHOPEDICS
4652,M,1,5,GENERAL
4653,F,11,3,SURGERY
4654,F,1,6,GENERAL
4655,F,10,4,GENERAL
4656,M,10,3,ORTHOPEDICS
4657,M,6,4,SURGERY
4658,F,7,4,SURGERY
4659,M,1,5,CARDIOLOGY
4660,M,10,3,CARDIOLOGY
4661,F,1,5,ORTHOPEDICS
4662,F,10,4,GENERAL
4663,M,6,4,GENERAL
4664,M,6,4,SURGERY
4665,M,1,5,ORTHOPEDICS
4666,F,11,3,GENERAL
4667,F,10,4,GENERAL
4668,M,6,4,ORTHOPEDICS
4669,F,1,6,CARDIOLOGY
4670,M,10,3,ORTHOPEDICS
4671,F,7,4,ORTHOPEDICS
4672,F,10,4,GENERAL
4673,F,6,4,GENERAL
4674,M,6,4,ORTHOPEDICS
4675,M,13,3,SURGERY
4676,M,8,4,CARDIOLOGY
4677,M,10,4,GENERAL
4678,M,7,4,CARDIOLOGY
4679,M,1,5,CARDIOLOGY
4680,F,10,3,CARDIOLOGY
4681,M,13,2,GENERAL
4682,M,10,4,GENERAL
4683,F,7,4,SURGERY
4684,F,13,3,GENERAL
4685,M,1,5,SURGERY
4686,F,1,5,GENERAL
4687,F,10,4,GENERAL
4688,M,1,5,CARDIOLOGY
4689,F,6,4,GENERAL
4690,M,10,3,SURGERY
4691,M,7,4,GENERAL
4692,F,6,4,SURGERY
4693,M,6,4,SURGERY
4694,M,6,4,CARDIOLOGY
4695,F,1,6,ORTHOPEDICS
4696,M,10,4,GENERAL
4697,M,1,6,SURGERY
4698,F,1,5,SURGERY
4699,F,6,4,ORTHOPEDICS
4700,M,10,3,CARDIOLOGY
4701,F,13,2,GENERAL
4702,F,7,4,CARDIOLOGY
4703,F,1,5,ORTHOPEDICS
4704,F,1,5,CARDIOLOGY
4705,F,1,6,CARDIOLOGY
4706,F,6,4,GENERAL
4707,M,1,6,CARDIOLOGY
4708,F,1,5,SURGERY
4709,F,10,3,GENERAL
4710,F,12,3,GENERAL
4711,M,1,5,ORTHOPEDICS
4712,M,10,4,CARDIOLOGY
4713,F,1,5,SURGERY
4714,M,6,4,CARDIOLOGY
4715,F,1,6,SURGERY
4716,M,1,6,ORTHOPEDICS
4717,M,6,4,CARDIOLOGY
4718,M,13,2,ORTHOPEDICS
4719,M,10,4,GENERAL
4720,M,10,4,SURGERY
4721,M,10,4,CARDIOLOGY
4722,F,1,5,CARDIOLOGY
4723,M,6,4,GENERAL
4724,M,6,4,CARDIOLOGY
4725,M,13,3,GENERAL
4726,F,13,2,CARDIOLOGY
4727,F,6,4,ORTHOPEDICS
4728,F,10,3,CARDIOLOGY
4729,M,10,3,CARDIOLOGY
4730,M,6,4,GENERAL
4731,F,1,5,GENERAL
4732,F,1,5,CARDIOLOGY
4733,M,10,4,CARDIOLOGY
4734,M,6,4,ORTHOPEDICS
4735,F,10,4,GENERAL
4736,M,1,5,GENERAL
4737,F,1,6,SURGERY
4738,F,10,4,CARDIOLOGY
4739,M,13,2,GENERAL
4740,M,1,5,ORTHOPEDICS
4741,M,1,5,SURGERY
4742,F,10,4,SURGERY
4743,F,10,3,GENERAL
4744,M,1,5,CARDIOLOGY
4745,M,10,4,SURGERY
4746,M,6,4,ORTHOPEDICS
4747,F,6,4,GENERAL
4748,F,7,4,ORTHOPEDICS
4749,M,1,6,GENERAL
4750,F,10,3,ORTHOPEDICS
4751,M,6,4,ORTHOPEDICS
4752,M,1,5,GENERAL
4753,M,1,5,CARDIOLOGY
4754,M,1,5,GENERAL
4755,F,6,4,ORTHOPEDICS
4756,M,1,6,GENERAL
4757,F,10,4,CARDIOLOGY
4758,F,7,4,SURGERY
4759,M,10,3,GENERAL
4760,M,6,4,CARDIOLOGY
4761,M,13,2,GENERAL
4762,F,13,2,CARDIOLOGY
4763,M,10,3,ORTHOPEDICS
4764,M,10,3,CARDIOLOGY
4765,F,6,4,CARDIOLOGY
4766,M,1,5,ORTHOPEDICS
4767,M,1,6,SURGERY
4768,F,6,4,GENERAL
4769,F,6,4,GENERAL
4770,F,6,4,SURGERY
4771,F,1,6,ORTHOPEDICS
4772,F,1,5,SURGERY
4773,F,1,5,GENERAL
4774,M,11,3,CARDIOLOGY
4775,F,7,4,CARDIOLOGY
4776,F,11,3,GENERAL
4777,M,1,5,SURGERY
4778,M,6,4,GENERAL
4779,M,13,2,SURGERY
4780,M,10,3,ORTHOPEDICS
4781,M,11,3,SURGERY
4782,M,7,4,ORTHOPEDICS
4783,F,13,3,CARDIOLOGY
4784,M,10,4,GENERAL
4785,M,1,7,SURGERY
4786,F,10,3,SURGERY
4787,M,10,4,CARDIOLOGY
4788,M,1,5,ORTHOPEDICS
4789,M,13,2,GENERAL
4790,F,11,3,SURGERY
4791,M,1,5,CARDIOLOGY
4792,F,7,4,CARDIOLOGY
4793,M,7,4,SURGERY
4794,M,7,4,GENERAL
4795,M,10,3,GENERAL
4796,M,1,5,GENERAL
4797,F,1,5,GENERAL
4798,M,1,5,SURGERY
4799,M,7,4,SURGERY
4800,M,10,4,CARDIOLOGY
4801,M,6,4,GENERAL
4802,M,10,4,CARDIOLOGY
4803,M,1,5,SURGERY
4804,F,6,4,SURGERY
4805,F,6,4,GENERAL
4806,F,1,5,SURGERY
4807,M,13,2,SURGERY
4808,M,1,5,GENERAL
4809,F,10,3,GENERAL
4810,M,1,5,ORTHOPEDICS
4811,M,13,2,GENERAL
4812,F,1,6,GENERAL
4813,F,13,2,SURGERY
4814,F,11,3,CARDIOLOGY
4815,F,10,3,ORTHOPEDICS
4816,M,7,4,ORTHOPEDICS
4817,M,10,4,ORTHOPEDICS
4818,F,1,6,CARDIOLOGY
4819,M,1,5,SURGERY
4820,F,6,4,ORTHOPEDICS
4821,F,10,3,GENERAL
4822,M,6,4,SURGERY
4823,M,1,5,ORTHOPEDICS
4824,M,10,4,SURGERY
4825,M,1,5,CARDIOLOGY
4826,M,1,5,SURGERY
4827,F,6,4,ORTHOPEDICS
4828,F,1,5,CARDIOLOGY
4829,M,10,3,CARDIOLOGY
4830,M,1,5,GENERAL
4831,M,6,4,CARDIOLOGY
4832,F,1,5,GENERAL
4833,M,1,6,GENERAL
4834,M,1,5,CARDIOLOGY
4835,F,1,6,SURGERY
4836,M,10,3,CARDIOLOGY
4837,M,6,4,CARDIOLOGY
4838,M,10,4,SURGERY
4839,M,7,4,ORTHOPEDICS
4840,M,11,3,ORTHOPEDICS
4841,F,7,4,ORTHOPEDICS
4842,M,13,3,GENERAL
4843,F,6,5,GENERAL
4844,F,10,4,GENERAL
4845,F,13,2,ORTHOPEDICS
4846,M,12,3,GENERAL
4847,M,7,4,GENERAL
4848,M,6,4,CARDIOLOGY
4849,F,1,6,SURGERY
4850,F,6,4,GENERAL
4851,M,10,3,GENERAL
4852,M,6,4,ORTHOPEDICS
4853,M,10,4,GENERAL
4854,F,6,4,ORTHOPEDICS
4855,M,10,4,SURGERY
4856,M,1,5,CARDIOLOGY
4857,F,10,3,CARDIOLOGY
4858,M,13,3,GENERAL
4859,M,7,4,CARDIOLOGY
4860,F,7,4,ORTHOPEDICS
4861,F,6,4,CARDIOLOGY
4862,M,13,2,GENERAL
4863,M,10,4,ORTHOPEDICS
4864,F,1,6,CARDIOLOGY
4865,F,1,5,ORTHOPEDICS
4866,F,1,6,ORTHOPEDICS
4867,F,10,3,CARDIOLOGY
4868,F,6,4,GENERAL
4869,F,1,5,ORTHOPEDICS
4870,M,10,4,GENERAL
4871,F,6,4,GENERAL
4872,M,6,4,SURGERY
4873,M,6,4,GENERAL
4874,M,10,3,ORTHOPEDICS
4875,F,1,5,SURGERY
4876,F,1,5,SURGERY
4877,M,13,2,CARDIOLOGY
4878,F,10,3,ORTHOPEDICS
4879,F,6,4,CARDIOLOGY
4880,M,10,3,ORTHOPEDICS
4881,F,13,3,GENERAL
4882,M,6,4,GENERAL
4883,M,1,6,GENERAL
4884,M,10,4,GENERAL
4885,F,13,2,CARDIOLOGY
4886,M,1,5,CARDIOLOGY
4887,F,6,4,CARDIOLOGY
4888,F,1,5,SURGERY
4889,F,1,5,CARDIOLOGY
4890,M,1,5,GENERAL
4891,F,1,5,SURGERY
4892,M,1,5,ORTHOPEDICS
4893,F,10,3,GENERAL
4894,M,6,4,GENERAL
4895,M,13,3,CARDIOLOGY
4896,M,6,4,GENERAL
4897,F,13,1,GENERAL
4898,F,7,4,ORTHOPEDICS
4899,F,10,4,ORTHOPEDICS
4900,F,10,4,CARDIOLOGY
4901,F,11,3,GENERAL
4902,M,1,5,ORTHOPEDICS
4903,F,1,5,SURGERY
4904,F,7,4,CARDIOLOGY
4905,F,1,6,SURGERY
4906,M,10,3,ORTHOPEDICS
4907,M,10,3,CARDIOLOGY
4908,M,1,5,ORTHOPEDICS
4909,F,1,5,GENERAL
4910,M,6,5,SURGERY
4911,F,1,5,ORTHOPEDICS
4912,M,1,5,GENERAL
4913,M,6,4,ORTHOPEDICS
4914,F,1,5,ORTHOPEDICS
4915,M,6,5,SURGERY
4916,M,6,4,ORTHOPEDICS
4917,F,1,5,SURGERY
4918,F,1,5,SURGERY
4919,M,1,5,ORTHOPEDICS
4920,F,1,5,SURGERY
4921,M,10,4,ORTHOPEDICS
4922,M,1,5,GENERAL
4923,M,1,6,ORTHOPEDICS
4924,M,13,2,GENERAL
4925,F,7,4,SURGERY
4926,M,6,4,SURGERY
4927,M,1,5,ORTHOPEDICS
4928,M,1,6,GENERAL
4929,M,6,4,SURGERY
4930,F,10,3,SURGERY
4931,M,6,4,GENERAL
4932,M,6,4,GENERAL
4933,M,10,3,GENERAL
4934,M,1,6,ORTHOPEDICS
4935,M,6,4,ORTHOPEDICS
4936,F,6,4,SURGERY
4937,F,1,7,ORTHOPEDICS
4938,F,6,4,GENERAL
4939,F,1,5,GENERAL
4940,M,13,2,GENERAL
4941,F,1,5,GENERAL
4942,F,1,5,CARDIOLOGY
4943,M,1,5,GENERAL
4944,F,10,3,GENERAL
4945,M,10,3,GENERAL
4946,M,6,4,ORTHOPEDICS
4947,M,6,4,GENERAL
4948,F,6,4,GENERAL
4949,F,6,4,CARDIOLOGY
4950,F,6,4,CARDIOLOGY
4951,F,6,4,ORTHOPEDICS
4952,F,10,4,GENERAL
4953,F,10,3,GENERAL
4954,M,10,3,ORTHOPEDICS
4955,M,7,4,GENERAL
4956,F,1,5,GENERAL
4957,M,10,3,GENERAL
4958,F,10,3,ORTHOPEDICS
4959,F,1,5,SURGERY
4960,M,11,3,CARDIOLOGY
4961,M,1,5,CARDIOLOGY
4962,M,6,4,ORTHOPEDICS
4963,F,10,4,SURGERY
4964,F,13,2,CARDIOLOGY
4965,M,6,4,SURGERY
4966,F,10,3,GENERAL
4967,F,7,4,GENERAL
4968,M,10,4,CARDIOLOGY
4969,M,6,4,CARDIOLOGY
4970,M,6,4,ORTHOPEDICS
4971,M,10,3,GENERAL
4972,M,10,4,ORTHOPEDICS
4973,F,1,5,GENERAL
4974,F,10,3,ORTHOPEDICS
4975,F,13,3,CARDIOLOGY
4976,M,10,3,SURGERY
4977,F,6,4,ORTHOPEDICS
4978,M,10,4,CARDIOLOGY
4979,F,1,5,GENERAL
4980,F,13,2,CARDIOLOGY
4981,M,10,3,GENERAL
4982,F,10,3,ORTHOPEDICS
4983,F,10,4,GENERAL
4984,F,13,2,GENERAL
4985,M,11,3,SURGERY
4986,F,10,4,GENERAL
4987,M,13,3,GENERAL
4988,F,1,5,SURGERY
4989,M,1,5,CARDIOLOGY
4990,F,1,5,SURGERY
4991,F,11,3,CARDIOLOGY
4992,M,6,4,ORTHOPEDICS
4993,M,10,4,GENERAL
4994,F,6,4,CARDIOLOGY
4995,F,13,3,SURGERY
4996,M,10,4,CARDIOLOGY
4997,M,6,4,SURGERY
4998,F,1,5,SURGERY
4999,M,6,4,GENERAL
5000,M,6,4,SURGERY
5001,M,6,4,GENERAL
5002,F,6,4,CARDIOLOGY
5003,M,13,3,GENERAL
5004,F,1,5,SURGERY
5005,M,1,5,GENERAL
5006,M,6,4,ORTHOPEDICS
5007,M,13,2,CARDIOLOGY
5008,F,1,5,SURGERY
5009,M,10,4,GENERAL
5010,F,10,4,ORTHOPEDICS
5011,M,6,4,ORTHOPEDICS
5012,F,1,5,GENERAL
5013,M,1,5,ORTHOPEDICS
5014,F,13,2,CARDIOLOGY
5015,M,1,5,SURGERY
5016,M,1,5,GENERAL
5017,M,7,4,GENERAL
5018,F,6,4,CARDIOLOGY
5019,F,1,5,SURGERY
5020,F,13,2,GENERAL
5021,M,1,5,CARDIOLOGY
5022,F,6,4,GENERAL
5023,F,6,4,GENERAL
5024,F,13,2,SURGERY
5025,F,6,4,SURGERY
5026,M,6,4,GENERAL
5027,F,11,3,GENERAL
5028,M,7,4,SURGERY
5029,M,10,4,CARDIOLOGY
5030,M,10,3,CARDIOLOGY
5031,M,7,4,CARDIOLOGY
5032,M,1,5,GENERAL
5033,F,1,5,ORTHOPEDICS
5034,M,13,2,CARDIOLOGY
5035,M,13,3,SURGERY
5036,M,6,4,GENERAL
5037,F,1,5,SURGERY
5038,F,1,7,ORTHOPEDICS
5039,M,13,2,CARDIOLOGY
5040,F,1,5,SURGERY
5041,M,7,4,GENERAL
5042,F,1,5,ORTHOPEDICS
5043,F,13,3,SURGERY
5044,F,6,4,SURGERY
5045,M,1,6,GENERAL
5046,F,6,4,SURGERY
5047,M,10,4,GENERAL
5048,F,13,2,ORTHOPEDICS
5049,F,1,5,CARDIOLOGY
5050,F,13,2,GENERAL
5051,F,6,4,GENERAL
5052,F,10,4,CARDIOLOGY
5053,M,1,5,ORTHOPEDICS
5054,F,7,4,CARDIOLOGY
5055,M,1,5,SURGERY
5056,F,13,2,CARDIOLOGY
5057,M,13,2,CARDIOLOGY
5058,M,11,3,SURGERY
5059,F,10,4,GENERAL
5060,M,10,3,CARDIOLOGY
5061,M,6,4,GENERAL
5062,M,1,5,GENERAL
5063,F,10,3,GENERAL
5064,F,13,2,GENERAL
5065,M,10,3,SURGERY
5066,F,10,3,CARDIOLOGY
5067,M,13,2,CARDIOLOGY
5068,M,6,4,GENERAL
5069,M,10,4,CARDIOLOGY
5070,M,6,4,ORTHOPEDICS
5071,F,10,4,GENERAL
5072,M,10,3,ORTHOPEDICS
5073,M,6,4,GENERAL
5074,M,1,5,ORTHOPEDICS
5075,F,6,4,ORTHOPEDICS
5076,F,6,4,SURGERY
5077,M,10,4,GENERAL
5078,M,1,5,ORTHOPEDICS
5079,F,7,4,CARDIOLOGY
5080,F,10,3,ORTHOPEDICS
5081,F,10,4,GENERAL
5082,F,6,4,GENERAL
5083,M,1,5,SURGERY
5084,M,13,2,GENERAL
5085,F,10,4,GENERAL
5086,F,13,3,GENERAL
5087,F,11,3,CARDIOLOGY
5088,F,1,5,ORTHOPEDICS
5089,F,1,5,CARDIOLOGY
5090,F,6,4,GENERAL
5091,M,6,4,CARDIOLOGY
5092,M,1,5,GENERAL
5093,M,1,5,GENERAL
5094,M,1,5,SURGERY
5095,M,1,5,CARDIOLOGY
5096,M,6,4,SURGERY
5097,F,7,4,GENERAL
5098,M,8,4,SURGERY
5099,F,13,2,ORTHOPEDICS
5100,F,10,3,ORTHOPEDICS
5101,F,1,5,CARDIOLOGY
5102,M,1,5,SURGERY
5103,F,1,5,GENERAL
5104,M,12,3,GENERAL
5105,M,6,4,CARDIOLOGY
5106,M,1,5,CARDIOLOGY
5107,F,1,5,GENERAL
5108,M,11,3,ORTHOPEDICS
5109,F,1,5,CARDIOLOGY
5110,F,6,4,GENERAL
5111,F,10,3,ORTHOPEDICS
5112,M,6,4,GENERAL
5113,M,10,3,ORTHOPEDICS
5114,M,1,5,GENERAL
5115,M,7,4,SURGERY
5116,F,11,3,SURGERY
5117,M,13,3,GENERAL
5118,F,13,1,ORTHOPEDICS
5119,M,1,6,ORTHOPEDICS
5120,F,6,4,GENERAL
5121,M,6,4,GENERAL
5122,F,8,4,GENERAL
5123,F,6,4,SURGERY
5124,F,1,5,GENERAL
5125,M,10,3,ORTHOPEDICS
5126,M,1,5,SURGERY
5127,F,1,5,GENERAL
5128,M,1,5,CARDIOLOGY
5129,F,6,4,GENERAL
5130,M,10,3,GENERAL
5131,M,11,3,GENERAL
5132,M,1,5,SURGERY
5133,F,6,4,GENERAL
5134,M,1,5,GENERAL
5135,F,1,5,SURGERY
5136,F,6,4,ORTHOPEDICS
5137,M,6,4,ORTHOPEDICS
5138,M,10,3,ORTHOPEDICS
5139,F,1,6,CARDIOLOGY
5140,F,10,4,CARDIOLOGY
5141,M,10,3,GENERAL
5142,F,7,4,SURGERY
5143,M,6,4,SURGERY
5144,F,6,4,GENERAL
5145,F,6,4,ORTHOPEDICS
5146,F,11,3,CARDIOLOGY
5147,M,6,4,GENERAL
5148,F,1,5,ORTHOPEDICS
5149,F,1,5,SURGERY
5150,F,6,4,CARDIOLOGY
5151,F,11,3,CARDIOLOGY
5152,F,10,3,CARDIOLOGY
5153,M,13,2,SURGERY
5154,F,10,3,SURGERY
5155,M,7,4,GENERAL
5156,F,7,4,ORTHOPEDICS
5157,M,6,4,CARDIOLOGY
5158,M,6,4,GENERAL
5159,F,11,3,SURGERY
5160,F,10,4,GENERAL
5161,F,1,5,GENERAL
5162,F,1,5,CARDIOLOGY
5163,F,1,5,SURGERY
5164,M,1,5,SURGERY
5165,F,6,4,ORTHOPEDICS
5166,F,7,4,CARDIOLOGY
5167,F,1,5,CARDIOLOGY
5168,F,1,6,ORTHOPEDICS
5169,M,10,4,GENERAL
5170,F,10,4,ORTHOPEDICS
5171,F,1,5,GENERAL
5172,F,1,6,GENERAL
5173,M,13,2,GENERAL
5174,F,1,6,ORTHOPEDICS
5175,M,1,5,GENERAL
5176,F,1,5,ORTHOPEDICS
5177,M,7,4,SURGERY
5178,F,1,6,SURGERY
5179,M,10,3,SURGERY
5180,M,13,2,GENERAL
5181,F,1,5,SURGERY
5182,F,6,4,ORTHOPEDICS
5183,M,13,3,CARDIOLOGY
5184,M,7,4,GENERAL
5185,F,1,6,GENERAL
5186,F,1,5,CARDIOLOGY
5187,F,10,3,ORTHOPEDICS
5188,M,10,4,GENERAL
5189,F,10,4,ORTHOPEDICS
5190,M,10,4,GENERAL
5191,M,1,5,ORTHOPEDICS
5192,M,11,3,GENERAL
5193,F,10,4,GENERAL
5194,M,10,3,GENERAL
5195,M,10,3,ORTHOPEDICS
5196,F,8,4,GENERAL
5197,M,10,4,GENERAL
5198,M,6,4,ORTHOPEDICS
5199,M,11,3,GENERAL
5200,F,6,4,SURGERY
5201,M,1,5,GENERAL
5202,M,13,3,GENERAL
5203,M,6,4,CARDIOLOGY
5204,F,13,1,CARDIOLOGY
5205,M,1,5,GENERAL
5206,F,10,3,SURGERY
5207,F,1,5,GENERAL
5208,M,6,4,CARDIOLOGY
5209,M,6,4,CARDIOLOGY
5210,M,1,5,GENERAL
5211,M,6,4,GENERAL
5212,M,1,6,ORTHOPEDICS
5213,M,6,4,GENERAL
5214,M,1,5,GENERAL
5215,M,6,4,GENERAL
5216,M,10,3,GENERAL
5217,F,6,5,GENERAL
5218,M,10,4,SURGERY
5219,M,7,4,GENERAL
5220,M,1,5,SURGERY
5221,M,1,6,CARDIOLOGY
5222,F,10,4,ORTHOPEDICS
5223,M,10,3,GENERAL
5224,M,6,4,GENERAL
5225,M,6,4,GENERAL
5226,F,1,5,GENERAL
5227,F,1,5,CARDIOLOGY
5228,M,10,3,ORTHOPEDICS
5229,F,10,4,ORTHOPEDICS
5230,M,1,5,ORTHOPEDICS
5231,F,6,4,GENERAL
5232,F,1,5,SURGERY
5233,M,1,5,GENERAL
5234,F,6,4,GENERAL
5235,F,10,4,ORTHOPEDICS
5236,F,10,3,GENERAL
5237,F,1,5,GENERAL
5238,M,6,4,GENERAL
5239,M,1,5,SURGERY
5240,M,13,2,GENERAL
5241,M,6,4,ORTHOPEDICS
5242,M,10,3,GENERAL
5243,F,10,4,GENERAL
5244,M,1,6,GENERAL
5245,M,11,3,CARDIOLOGY
5246,M,13,2,GENERAL
5247,M,1,5,GENERAL
5248,F,1,5,CARDIOLOGY
5249,F,6,4,SURGERY
5250,F,1,5,GENERAL
5251,M,12,3,SURGERY
5252,F,13,3,CARDIOLOGY
5253,F,13,3,GENERAL
5254,F,6,4,SURGERY
5255,M,11,3,GENERAL
5256,F,6,4,SURGERY
5257,F,6,4,GENERAL
5258,F,6,4,GENERAL
5259,M,12,3,ORTHOPEDICS
5260,F,6,4,GENERAL
5261,M,10,3,GENERAL
5262,F,10,3,GENERAL
5263,F,6,4,CARDIOLOGY
5264,F,1,5,GENERAL
5265,M,7,4,CARDIOLOGY
5266,M,1,5,GENERAL
5267,M,6,4,GENERAL
5268,F,11,3,SURGERY
5269,M,6,4,SURGERY
5270,F,1,5,CARDIOLOGY
5271,M,13,2,ORTHOPEDICS
5272,M,1,6,GENERAL
5273,F,10,4,GENERAL
5274,M,6,4,ORTHOPEDICS
5275,M,6,4,GENERAL
5276,F,6,4,ORTHOPEDICS
5277,M,13,2,CARDIOLOGY
5278,F,10,3,GENERAL
5279,F,6,4,SURGERY
5280,F,6,4,ORTHOPEDICS
5281,M,10,4,CARDIOLOGY
5282,F,6,4,GENERAL
5283,F,1,5,ORTHOPEDICS
5284,F,10,4,GENERAL
5285,F,1,5,ORTHOPEDICS
5286,F,10,3,ORTHOPEDICS
5287,M,6,4,GENERAL
5288,F,6,4,SURGERY
5289,F,11,3,CARDIOLOGY
5290,F,13,3,ORTHOPEDICS
5291,M,10,3,ORTHOPEDICS
5292,M,1,6,GENERAL
5293,M,1,5,CARDIOLOGY
5294,M,6,4,SURGERY
5295,F,1,5,SURGERY
5296,M,1,5,GENERAL
5297,M,6,4,CARDIOLOGY
5298,F,13,1,ORTHOPEDICS
5299,F,11,3,GENERAL
5300,M,7,4,ORTHOPEDICS
5301,F,6,4,GENERAL
5302,F,10,4,CARDIOLOGY
5303,F,6,4,GENERAL
5304,M,1,5,ORTHOPEDICS
5305,M,10,3,CARDIOLOGY
5306,M,10,4,GENERAL
5307,F,1,5,CARDIOLOGY
5308,F,11,3,GENERAL
5309,F,1,5,GENERAL
5310,F,10,3,SURGERY
5311,M,6,4,GENERAL
5312,F,1,5,CARDIOLOGY
5313,M,10,3,GENERAL
5314,M,1,5,GENERAL
5315,M,1,5,ORTHOPEDICS
5316,F,1,5,CARDIOLOGY
5317,F,10,3,ORTHOPEDICS
5318,M,8,4,ORTHOPEDICS
5319,F,1,5,GENERAL
5320,F,1,5,GENERAL
5321,M,7,4,GENERAL
5322,M,13,2,GENERAL
5323,M,13,2,SURGERY
5324,F,10,3,SURGERY
5325,M,10,3,SURGERY
5326,F,7,4,CARDIOLOGY
5327,M,6,4,CARDIOLOGY
5328,M,6,4,GENERAL
5329,F,10,4,SURGERY
5330,F,11,3,CARDIOLOGY
5331,F,6,4,GENERAL
5332,F,6,4,CARDIOLOGY
5333,M,10,4,GENERAL
5334,M,1,5,CARDIOLOGY
5335,F,1,5,CARDIOLOGY
5336,M,1,5,CARDIOLOGY
5337,F,10,3,GENERAL
5338,F,1,5,GENERAL
5339,F,7,4,CARDIOLOGY
5340,M,6,4,ORTHOPEDICS
5341,F,11,3,GENERAL
5342,M,10,4,SURGERY
5343,F,7,4,CARDIOLOGY
5344,M,11,3,ORTHOPEDICS
5345,M,10,4,GENERAL
5346,M,7,4,SURGERY
5347,F,10,3,SURGERY
5348,F,1,5,GENERAL
5349,F,6,4,ORTHOPEDICS
5350,F,1,5,GENERAL
5351,F,1,6,ORTHOPEDICS
5352,F,11,3,ORTHOPEDICS
5353,M,13,2,GENERAL
5354,M,11,3,SURGERY
5355,M,1,5,CARDIOLOGY
5356,M,6,4,GENERAL
5357,M,13,2,GENERAL
5358,M,6,4,GENERAL
5359,F,1,5,SURGERY
5360,F,6,4,CARDIOLOGY
5361,M,10,4,ORTHOPEDICS
5362,M,6,4,CARDIOLOGY
5363,F,6,4,CARDIOLOGY
5364,M,6,4,ORTHOPEDICS
5365,F,6,4,SURGERY
5366,F,1,5,GENERAL
5367,M,6,4,SURGERY
5368,M,1,5,CARDIOLOGY
5369,F,6,4,CARDIOLOGY
5370,M,6,4,CARDIOLOGY
5371,F,7,4,GENERAL
5372,M,10,3,CARDIOLOGY
5373,M,7,4,SURGERY
5374,F,1,6,CARDIOLOGY
5375,F,7,4,GENERAL
5376,M,1,6,GENERAL
5377,F,6,4,GENERAL
5378,M,11,3,ORTHOPEDICS
5379,F,11,3,GENERAL
5380,M,1,5,ORTHOPEDICS
5381,M,10,3,GENERAL
5382,F,8,4,SURGERY
5383,M,1,5,GENERAL
5384,M,1,7,SURGERY
5385,F,10,4,GENERAL
5386,F,12,3,CARDIOLOGY
5387,F,13,2,ORTHOPEDICS
5388,M,13,2,SURGERY
5389,M,12,3,GENERAL
5390,M,1,5,SURGERY
5391,M,7,4,ORTHOPEDICS
5392,M,11,3,GENERAL
5393,M,10,3,SURGERY
5394,F,11,3,ORTHOPEDICS
5395,M,1,6,GENERAL
5396,M,6,4,ORTHOPEDICS
5397,M,6,4,GENERAL
5398,F,1,5,GENERAL
5399,M,1,5,ORTHOPEDICS
5400,F,13,2,CARDIOLOGY
5401,F,10,4,GENERAL
5402,F,7,4,CARDIOLOGY
5403,M,7,4,GENERAL
5404,M,10,3,ORTHOPEDICS
5405,F,10,3,CARDIOLOGY
5406,M,10,3,GENERAL
5407,M,8,4,ORTHOPEDICS
5408,F,9,4,ORTHOPEDICS
5409,M,6,4,GENERAL
5410,F,13,3,GENERAL
5411,M,1,5,GENERAL
5412,F,11,3,ORTHOPEDICS
5413,M,11,3,GENERAL
5414,M,6,4,CARDIOLOGY
5415,M,13,2,GENERAL
5416,M,1,5,GENERAL
5417,M,13,2,CARDIOLOGY
5418,M,6,4,GENERAL
5419,M,1,6,GENERAL
5420,M,13,2,SURGERY
5421,F,10,3,CARDIOLOGY
5422,M,6,4,SURGERY
5423,M,6,4,SURGERY
5424,F,6,4,CARDIOLOGY
5425,F,1,5,SURGERY
5426,F,1,5,SURGERY
5427,F,1,5,GENERAL
5428,F,10,3,CARDIOLOGY
5429,F,10,4,CARDIOLOGY
5430,M,10,3,SURGERY
5431,M,11,3,CARDIOLOGY
5432,F,10,4,GENERAL
5433,M,10,4,ORTHOPEDICS
5434,M,1,5,GENERAL
5435,M,6,4,GENERAL
5436,M,13,2,GENERAL
5437,M,1,5,GENERAL
5438,F,13,2,GENERAL
5439,F,10,3,SURGERY
5440,M,7,4,SURGERY
5441,M,10,3,SURGERY
5442,F,1,5,GENERAL
5443,F,1,5,GENERAL
5444,F,1,6,ORTHOPEDICS
5445,M,10,3,GENERAL
5446,F,10,3,GENERAL
5447,F,13,3,CARDIOLOGY
5448,M,10,4,SURGERY
5449,F,10,3,CARDIOLOGY
5450,M,13,2,ORTHOPEDICS
5451,F,1,5,GENERAL
5452,M,1,5,GENERAL
5453,F,13,2,SURGERY
5454,M,6,4,GENERAL
5455,M,1,5,CARDIOLOGY
5456,F,10,4,GENERAL
5457,F,1,5,SURGERY
5458,F,10,4,ORTHOPEDICS
5459,F,1,5,GENERAL
5460,M,13,2,SURGERY
5461,F,11,3,GENERAL
5462,F,6,4,ORTHOPEDICS
5463,M,7,4,GENERAL
5464,M,7,4,GENERAL
5465,F,1,6,GENERAL
5466,M,10,3,ORTHOPEDICS
5467,M,13,2,SURGERY
5468,M,6,4,CARDIOLOGY
5469,M,6,4,SURGERY
5470,F,10,4,GENERAL
5471,F,13,2,ORTHOPEDICS
5472,F,6,4,SURGERY
5473,F,11,3,GENERAL
5474,F,1,5,SURGERY
5475,F,1,5,CARDIOLOGY
5476,M,11,3,ORTHOPEDICS
5477,M,10,3,GENERAL
5478,F,1,5,GENERAL
5479,F,1,5,CARDIOLOGY
5480,M,6,4,ORTHOPEDICS
5481,M,6,4,GENERAL
5482,F,10,4,CARDIOLOGY
5483,F,10,3,CARDIOLOGY
5484,M,6,4,SURGERY
5485,M,7,4,SURGERY
5486,F,10,4,GENERAL
5487,F,13,3,CARDIOLOGY
5488,M,7,4,ORTHOPEDICS
5489,F,10,3,GENERAL
5490,M,1,5,CARDIOLOGY
5491,F,13,3,SURGERY
5492,F,7,4,GENERAL
5493,M,1,5,GENERAL
5494,F,13,2,GENERAL
5495,M,11,3,GENERAL
5496,M,1,6,CARDIOLOGY
5497,M,7,4,GENERAL
5498,M,13,2,CARDIOLOGY
5499,M,11,3,SURGERY
5500,M,6,4,GENERAL
5501,M,10,4,GENERAL
5502,M,1,6,GENERAL
5503,M,13,3,SURGERY
5504,M,7,4,GENERAL
5505,F,13,2,GENERAL
5506,M,6,4,GENERAL
5507,F,6,4,ORTHOPEDICS
5508,F,7,4,SURGERY
5509,M,11,3,SURGERY
5510,M,13,2,SURGERY
5511,M,1,5,GENERAL
5512,M,13,2,GENERAL
5513,M,13,3,GENERAL
5514,M,11,3,CARDIOLOGY
5515,F,13,2,CARDIOLOGY
5516,F,13,2,CARDIOLOGY
5517,M,1,5,GENERAL
5518,M,10,3,CARDIOLOGY
5519,F,11,3,GENERAL
5520,M,1,5,SURGERY
5521,F,1,5,GENERAL
5522,F,1,5,SURGERY
5523,F,1,6,CARDIOLOGY
5524,M,6,4,CARDIOLOGY
5525,F,10,4,ORTHOPEDICS
5526,F,10,3,ORTHOPEDICS
5527,M,1,5,SURGERY
5528,M,1,5,ORTHOPEDICS
5529,M,10,3,GENERAL
5530,M,1,6,GENERAL
5531,M,6,4,ORTHOPEDICS
5532,M,10,4,GENERAL
5533,F,1,5,CARDIOLOGY
5534,M,6,4,GENERAL
5535,M,10,3,ORTHOPEDICS
5536,M,10,3,SURGERY
5537,M,1,5,SURGERY
5538,F,1,5,CARDIOLOGY
5539,M,1,5,GENERAL
5540,F,1,5,CARDIOLOGY
5541,M,1,6,ORTHOPEDICS
5542,M,10,3,GENERAL
5543,F,11,3,CARDIOLOGY
5544,F,10,4,GENERAL
5545,F,13,1,ORTHOPEDICS
5546,F,13,3,SURGERY
5547,M,1,5,ORTHOPEDICS
5548,M,1,6,ORTHOPEDICS
5549,M,7,4,ORTHOPEDICS
5550,M,1,5,CARDIOLOGY
5551,M,6,4,ORTHOPEDICS
5552,F,6,4,GENERAL
5553,M,1,5,CARDIOLOGY
5554,M,6,4,GENERAL
5555,F,1,5,SURGERY
5556,M,1,5,ORTHOPEDICS
5557,M,13,3,GENERAL
5558,M,6,4,GENERAL
5559,F,1,5,GENERAL
5560,F,11,3,ORTHOPEDICS
5561,M,6,4,GENERAL
5562,M,1,5,GENERAL
5563,F,1,5,GENERAL
5564,M,11,3,GENERAL
5565,M,13,2,GENERAL
5566,M,13,1,SURGERY
5567,F,1,5,CARDIOLOGY
5568,F,6,4,CARDIOLOGY
5569,F,13,2,GENERAL
5570,F,10,4,CARDIOLOGY
5571,F,10,3,ORTHOPEDICS
5572,F,6,4,ORTHOPEDICS
5573,F,10,4,SURGERY
5574,M,1,5,ORTHOPEDICS
5575,M,11,3,ORTHOPEDICS
5576,F,1,5,ORTHOPEDICS
5577,F,6,4,GENERAL
5578,F,13,3,GENERAL
5579,M,6,4,GENERAL
5580,M,1,5,GENERAL
5581,M,10,4,CARDIOLOGY
5582,M,1,5,ORTHOPEDICS
5583,F,1,5,GENERAL
5584,M,6,5,GENERAL
5585,M,6,4,CARDIOLOGY
5586,F,13,2,GENERAL
5587,F,13,3,SURGERY
5588,M,6,4,SURGERY
5589,F,10,4,GENERAL
5590,F,1,5,SURGERY
5591,F,7,4,SURGERY
5592,M,11,3,GENERAL
5593,M,1,6,ORTHOPEDICS
5594,F,10,4,SURGERY
5595,F,10,3,GENERAL
5596,F,1,5,CARDIOLOGY
5597,M,1,5,GENERAL
5598,F,6,4,GENERAL
5599,F,6,4,ORTHOPEDICS
5600,M,6,4,GENERAL
5601,F,6,4,ORTHOPEDICS
5602,M,7,4,GENERAL
5603,M,10,3,CARDIOLOGY
5604,M,6,4,GENERAL
5605,M,10,3,SURGERY
5606,M,10,3,GENERAL
5607,M,6,4,GENERAL
5608,F,7,4,GENERAL
5609,M,6,4,ORTHOPEDICS
5610,F,1,5,GENERAL
5611,F,10,4,CARDIOLOGY
5612,F,13,2,GENERAL
5613,F,6,4,GENERAL
5614,M,10,4,CARDIOLOGY
5615,M,13,3,CARDIOLOGY
5616,F,10,4,ORTHOPEDICS
5617,M,1,6,ORTHOPEDICS
5618,M,13,3,GENERAL
5619,F,6,4,CARDIOLOGY
5620,F,1,5,ORTHOPEDICS
5621,F,6,4,GENERAL
5622,M,1,5,GENERAL
5623,F,1,5,CARDIOLOGY
5624,F,1,5,SURGERY
5625,M,1,5,SURGERY
5626,F,1,5,ORTHOPEDICS
5627,F,6,4,CARDIOLOGY
5628,F,10,3,ORTHOPEDICS
5629,F,6,4,SURGERY
5630,F,1,5,CARDIOLOGY
5631,F,1,6,GENERAL
5632,F,7,4,SURGERY
5633,M,13,2,SURGERY
5634,M,6,4,CARDIOLOGY
5635,M,1,6,ORTHOPEDICS
5636,F,1,6,ORTHOPEDICS
5637,F,10,4,CARDIOLOGY
5638,F,1,5,GENERAL
5639,F,7,4,ORTHOPEDICS
5640,M,1,5,GENERAL
5641,M,10,3,SURGERY
5642,M,13,3,GENERAL
5643,F,1,5,CARDIOLOGY
5644,M,1,5,GENERAL
5645,F,10,3,SURGERY
5646,F,10,3,ORTHOPEDICS
5647,F,11,3,ORTHOPEDICS
5648,M,11,3,CARDIOLOGY
5649,F,10,3,CARDIOLOGY
5650,F,1,5,CARDIOLOGY
5651,F,1,6,SURGERY
5652,F,11,3,SURGERY
5653,F,1,6,GENERAL
5654,M,10,4,SURGERY
5655,F,13,3,GENERAL
5656,M,10,3,SURGERY
5657,M,11,3,CARDIOLOGY
5658,M,10,4,GENERAL
5659,F,10,4,GENERAL
5660,F,10,3,SURGERY
5661,F,6,4,CARDIOLOGY
5662,M,13,3,ORTHOPEDICS
5663,F,1,6,GENERAL
5664,M,1,5,GENERAL
5665,F,11,3,SURGERY
5666,F,11,3,GENERAL
5667,M,10,3,SURGERY
5668,F,6,4,CARDIOLOGY
5669,M,10,3,ORTHOPEDICS
5670,M,1,5,CARDIOLOGY
5671,F,10,4,GENERAL
5672,F,1,6,SURGERY
5673,F,13,2,CARDIOLOGY
5674,F,1,5,GENERAL
5675,F,11,3,ORTHOPEDICS
5676,M,10,4,GENERAL
5677,F,11,3,GENERAL
5678,F,1,5,CARDIOLOGY
5679,F,1,5,ORTHOPEDICS
5680,M,1,5,SURGERY
5681,M,1,5,CARDIOLOGY
5682,F,11,3,SURGERY
5683,F,10,3,ORTHOPEDICS
5684,M,1,6,GENERAL
5685,M,6,4,GENERAL
5686,M,6,4,SURGERY
5687,F,1,5,GENERAL
5688,F,1,5,GENERAL
5689,M,13,2,SURGERY
5690,F,1,5,GENERAL
5691,F,6,4,GENERAL
5692,M,1,5,SURGERY
5693,F,1,5,SURGERY
5694,M,10,3,GENERAL
5695,F,1,5,ORTHOPEDICS
5696,M,7,4,SURGERY
5697,M,13,3,ORTHOPEDICS
5698,M,7,4,SURGERY
5699,F,1,5,GENERAL
5700,M,7,4,ORTHOPEDICS
5701,M,11,3,GENERAL
5702,M,6,4,SURGERY
5703,M,6,4,CARDIOLOGY
5704,F,6,4,ORTHOPEDICS
5705,M,6,4,GENERAL
5706,M,1,5,GENERAL
5707,F,6,4,SURGERY
5708,M,1,7,GENERAL
5709,F,10,4,SURGERY
5710,M,6,4,CARDIOLOGY
5711,M,6,4,GENERAL
5712,M,10,4,SURGERY
5713,F,10,4,GENERAL
5714,M,13,2,GENERAL
5715,M,10,3,ORTHOPEDICS
5716,M,8,4,SURGERY
5717,F,6,4,CARDIOLOGY
5718,M,6,4,GENERAL
5719,M,10,4,GENERAL
5720,F,7,4,ORTHOPEDICS
5721,M,10,3,SURGERY
5722,M,1,6,SURGERY
5723,M,6,4,GENERAL
5724,M,1,5,CARDIOLOGY
5725,F,1,6,ORTHOPEDICS
5726,F,1,5,SURGERY
5727,M,6,4,GENERAL
5728,F,1,8,GENERAL
5729,F,10,3,ORTHOPEDICS
5730,M,11,3,ORTHOPEDICS
5731,M,6,4,SURGERY
5732,F,6,4,GENERAL
5733,F,6,4,CARDIOLOGY
5734,M,10,3,CARDIOLOGY
5735,F,1,5,CARDIOLOGY
5736,M,10,4,GENERAL
5737,M,11,3,CARDIOLOGY
5738,M,6,4,GENERAL
5739,F,10,4,GENERAL
5740,F,1,5,GENERAL
5741,M,6,4,SURGERY
5742,F,10,3,SURGERY
5743,F,8,4,GENERAL
5744,F,10,3,GENERAL
5745,M,10,3,SURGERY
5746,F,1,5,ORTHOPEDICS
5747,M,10,4,ORTHOPEDICS
5748,M,6,4,GENERAL
5749,M,11,3,GENERAL
5750,M,10,3,CARDIOLOGY
5751,F,7,4,SURGERY
5752,F,1,6,CARDIOLOGY
5753,F,1,5,CARDIOLOGY
5754,F,10,3,CARDIOLOGY
5755,F,11,3,SURGERY
5756,M,6,4,GENERAL
5757,F,6,4,CARDIOLOGY
5758,F,7,4,GENERAL
5759,M,10,4,GENERAL
5760,M,6,4,CARDIOLOGY
5761,F,1,5,GENERAL
5762,F,10,4,GENERAL
5763,M,7,4,GENERAL
5764,M,10,3,ORTHOPEDICS
5765,M,6,4,GENERAL
5766,M,10,3,ORTHOPEDICS
5767,F,10,4,CARDIOLOGY
5768,M,1,5,GENERAL
5769,F,6,4,GENERAL
5770,M,11,3,ORTHOPEDICS
5771,F,6,4,SURGERY
5772,M,13,2,GENERAL
5773,F,1,5,CARDIOLOGY
5774,M,1,5,GENERAL
5775,F,10,4,GENERAL
5776,M,10,3,ORTHOPEDICS
5777,M,13,2,ORTHOPEDICS
5778,F,6,4,SURGERY
5779,F,1,5,GENERAL
5780,M,1,5,SURGERY
5781,F,10,3,ORTHOPEDICS
5782,F,1,5,CARDIOLOGY
5783,M,1,6,ORTHOPEDICS
5784,M,1,5,ORTHOPEDICS
5785,M,6,4,GENERAL
5786,F,1,6,ORTHOPEDICS
5787,M,10,3,CARDIOLOGY
5788,F,6,4,CARDIOLOGY
5789,F,10,4,CARDIOLOGY
5790,M,11,3,SURGERY
5791,M,1,5,ORTHOPEDICS
5792,M,6,4,SURGERY
5793,F,6,4,GENERAL
5794,F,1,5,CARDIOLOGY
5795,M,7,4,GENERAL
5796,F,13,3,GENERAL
5797,F,10,3,CARDIOLOGY
5798,M,1,5,SURGERY
5799,F,10,3,GENERAL
5800,M,1,5,SURGERY
5801,M,1,5,ORTHOPEDICS
5802,M,10,3,SURGERY
5803,M,8,4,CARDIOLOGY
5804,M,10,4,SURGERY
5805,M,11,3,ORTHOPEDICS
5806,F,1,5,CARDIOLOGY
5807,M,6,4,GENERAL
5808,F,10,4,CARDIOLOGY
5809,M,10,4,SURGERY
5810,F,6,4,ORTHOPEDICS
5811,F,11,3,ORTHOPEDICS
5812,M,6,4,GENERAL
5813,M,6,4,SURGERY
5814,M,1,5,GENERAL
5815,F,7,4,GENERAL
5816,M,7,4,GENERAL
5817,F,10,4,GENERAL
5818,M,13,3,ORTHOPEDICS
5819,F,6,4,SURGERY
5820,M,6,4,GENERAL
5821,M,8,4,GENERAL
5822,M,10,3,SURGERY
5823,M,7,4,GENERAL
5824,M,6,4,CARDIOLOGY
5825,F,1,6,ORTHOPEDICS
5826,F,6,4,GENERAL
5827,M,6,4,GENERAL
5828,M,12,3,ORTHOPEDICS
5829,F,11,3,CARDIOLOGY
5830,F,1,5,ORTHOPEDICS
5831,F,7,4,GENERAL
5832,M,10,4,ORTHOPEDICS
5833,F,13,2,CARDIOLOGY
5834,M,1,6,SURGERY
5835,F,10,3,CARDIOLOGY
5836,F,10,4,GENERAL
5837,M,13,2,GENERAL
5838,M,6,4,CARDIOLOGY
5839,F,1,5,GENERAL
5840,M,6,4,GENERAL
5841,M,1,6,ORTHOPEDICS
5842,F,1,6,GENERAL
5843,F,1,5,GENERAL
5844,F,13,2,SURGERY
5845,F,13,2,SURGERY
5846,F,6,4,GENERAL
5847,F,13,2,SURGERY
5848,F,13,1,GENERAL
5849,F,6,4,GENERAL
5850,F,13,3,GENERAL
5851,F,1,5,SURGERY
5852,F,11,3,GENERAL
5853,F,10,3,ORTHOPEDICS
5854,F,6,4,GENERAL
5855,M,6,4,GENERAL
5856,F,1,6,GENERAL
5857,F,6,4,GENERAL
5858,M,1,5,GENERAL
5859,F,6,4,SURGERY
5860,F,7,4,ORTHOPEDICS
5861,F,6,4,ORTHOPEDICS
5862,F,6,4,CARDIOLOGY
5863,F,10,4,ORTHOPEDICS
5864,M,6,4,SURGERY
5865,F,13,2,GENERAL
5866,F,1,5,GENERAL
5867,M,6,4,GENERAL
5868,M,6,4,GENERAL
5869,M,10,4,SURGERY
5870,F,10,4,ORTHOPEDICS
5871,F,10,4,GENERAL
5872,F,10,4,GENERAL
5873,M,1,5,SURGERY
5874,F,1,5,GENERAL
5875,F,10,3,SURGERY
5876,F,1,5,GENERAL
5877,F,10,3,SURGERY
5878,F,6,4,GENERAL
5879,F,1,5,ORTHOPEDICS
5880,M,6,4,GENERAL
5881,M,1,5,ORTHOPEDICS
5882,M,10,4,GENERAL
5883,F,6,4,SURGERY
5884,F,1,5,GENERAL
5885,M,1,5,SURGERY
5886,F,11,3,GENERAL
5887,M,6,4,GENERAL
5888,M,7,4,SURGERY
5889,M,10,3,CARDIOLOGY
5890,F,6,4,ORTHOPEDICS
5891,M,1,6,GENERAL
5892,M,6,4,GENERAL
5893,M,13,2,ORTHOPEDICS
5894,M,10,4,GENERAL
5895,M,1,5,CARDIOLOGY
5896,F,13,3,SURGERY
5897,F,1,5,GENERAL
5898,M,10,4,GENERAL
5899,M,10,4,GENERAL
5900,F,10,3,ORTHOPEDICS
5901,M,13,2,SURGERY
5902,F,1,5,CARDIOLOGY
5903,M,1,5,CARDIOLOGY
5904,F,7,4,GENERAL
5905,M,6,4,CARDIOLOGY
5906,M,6,4,GENERAL
5907,M,6,4,ORTHOPEDICS
5908,F,10,4,GENERAL
5909,F,1,5,SURGERY
5910,F,6,4,CARDIOLOGY
5911,M,8,4,SURGERY
5912,F,10,4,ORTHOPEDICS
5913,F,7,4,ORTHOPEDICS
5914,F,6,4,GENERAL
5915,M,6,4,GENERAL
5916,M,1,5,ORTHOPEDICS
5917,F,1,5,ORTHOPEDICS
5918,F,1,5,GENERAL
5919,M,10,3,ORTHOPEDICS
5920,M,1,5,CARDIOLOGY
5921,M,6,4,SURGERY
5922,F,6,4,SURGERY
5923,M,10,3,CARDIOLOGY
5924,M,1,5,ORTHOPEDICS
5925,M,10,4,CARDIOLOGY
5926,M,7,4,SURGERY
5927,M,10,3,GENERAL
5928,F,10,3,ORTHOPEDICS
5929,M,1,6,ORTHOPEDICS
5930,F,10,4,GENERAL
5931,F,6,4,GENERAL
5932,F,1,6,GENERAL
5933,F,6,4,GENERAL
5934,F,10,3,GENERAL
5935,M,1,5,GENERAL
5936,M,6,4,GENERAL
5937,F,10,4,CARDIOLOGY
5938,M,10,3,SURGERY
5939,M,1,5,GENERAL
5940,M,6,4,SURGERY
5941,F,1,5,GENERAL
5942,M,10,3,SURGERY
5943,M,1,6,GENERAL
5944,M,6,4,SURGERY
5945,F,10,4,GENERAL
5946,F,6,4,GENERAL
5947,M,1,5,SURGERY
5948,M,10,3,ORTHOPEDICS
5949,M,10,3,GENERAL
5950,F,10,3,SURGERY
5951,F,6,4,SURGERY
5952,M,12,3,SURGERY
5953,F,1,5,SURGERY
5954,M,1,6,ORTHOPEDICS
5955,F,6,4,SURGERY
5956,F,10,4,GENERAL
5957,F,1,5,GENERAL
5958,F,13,2,GENERAL
5959,M,13,3,SURGERY
5960,M,1,6,GENERAL
5961,F,1,5,SURGERY
5962,F,10,3,CARDIOLOGY
5963,M,1,5,CARDIOLOGY
5964,F,1,5,GENERAL
5965,M,1,5,CARDIOLOGY
5966,M,6,4,ORTHOPEDICS
5967,F,7,4,CARDIOLOGY
5968,M,6,4,GENERAL
5969,F,1,5,CARDIOLOGY
5970,M,12,3,CARDIOLOGY
5971,M,10,4,GENERAL
5972,M,1,5,SURGERY
5973,F,1,5,GENERAL
5974,M,10,3,SURGERY
5975,F,10,4,GENERAL
5976,F,6,4,SURGERY
5977,M,13,2,GENERAL
5978,M,1,6,GENERAL
5979,M,1,5,SURGERY
5980,M,1,5,GENERAL
5981,F,1,5,SURGERY
5982,M,1,5,ORTHOPEDICS
5983,M,13,2,GENERAL
5984,F,1,5,GENERAL
5985,M,1,5,GENERAL
5986,F,6,4,ORTHOPEDICS
5987,M,10,4,ORTHOPEDICS
5988,F,7,4,CARDIOLOGY
5989,M,11,3,ORTHOPEDICS
5990,F,11,3,ORTHOPEDICS
5991,M,7,4,ORTHOPEDICS
5992,M,11,3,CARDIOLOGY
5993,F,1,5,GENERAL
5994,F,6,4,CARDIOLOGY
5995,M,1,6,GENERAL
5996,M,6,4,CARDIOLOGY
5997,M,1,6,ORTHOPEDICS
5998,M,1,5,ORTHOPEDICS
5999,F,6,4,SURGERY
6000,M,1,5,CARDIOLOGY
6001,F,11,3,ORTHOPEDICS
6002,F,13,3,ORTHOPEDICS
6003,F,6,4,SURGERY
6004,F,13,2,SURGERY
6005,M,6,4,GENERAL
6006,M,10,3,ORTHOPEDICS
6007,F,10,4,GENERAL
6008,M,6,4,CARDIOLOGY
6009,M,1,5,CARDIOLOGY
6010,F,1,6,SURGERY
6011,M,1,5,CARDIOLOGY
6012,F,10,3,SURGERY
6013,F,6,4,GENERAL
6014,M,11,3,GENERAL
6015,F,6,4,CARDIOLOGY
6016,M,11,3,SURGERY
6017,M,1,5,ORTHOPEDICS
6018,M,1,5,GENERAL
6019,F,6,4,GENERAL
6020,M,1,6,SURGERY
6021,F,11,3,CARDIOLOGY
6022,M,1,5,CARDIOLOGY
6023,F,10,3,CARDIOLOGY
6024,F,6,4,CARDIOLOGY
6025,M,6,4,CARDIOLOGY
6026,F,10,3,GENERAL
6027,M,10,4,SURGERY
6028,M,10,4,SURGERY
6029,M,1,5,CARDIOLOGY
6030,M,11,3,SURGERY
6031,F,1,5,GENERAL
6032,F,1,5,ORTHOPEDICS
6033,M,10,3,ORTHOPEDICS
6034,F,10,4,CARDIOLOGY
6035,M,6,4,SURGERY
6036,M,7,4,GENERAL
6037,M,1,6,ORTHOPEDICS
6038,M,1,5,CARDIOLOGY
6039,M,13,2,CARDIOLOGY
6040,F,1,5,SURGERY
6041,F,13,3,GENERAL
6042,F,6,4,GENERAL
6043,M,10,4,SURGERY
6044,M,1,6,GENERAL
6045,M,1,5,GENERAL
6046,F,11,3,SURGERY
6047,M,1,5,ORTHOPEDICS
6048,F,1,5,SURGERY
6049,M,6,4,CARDIOLOGY
6050,F,8,4,GENERAL
6051,M,1,5,GENERAL
6052,M,6,4,SURGERY
6053,F,7,4,GENERAL
6054,M,1,5,CARDIOLOGY
6055,M,1,6,CARDIOLOGY
6056,M,1,5,SURGERY
6057,M,1,5,ORTHOPEDICS
6058,F,1,5,GENERAL
6059,F,10,3,CARDIOLOGY
6060,M,8,4,SURGERY
6061,M,6,4,GENERAL
6062,M,13,2,SURGERY
6063,M,13,3,SURGERY
6064,M,1,5,GENERAL
6065,M,13,3,GENERAL
6066,M,10,3,CARDIOLOGY
6067,F,10,3,GENERAL
6068,F,6,4,SURGERY
6069,F,6,4,SURGERY
6070,F,6,4,GENERAL
6071,M,1,5,ORTHOPEDICS
6072,M,1,5,GENERAL
6073,F,10,4,ORTHOPEDICS
6074,M,11,3,CARDIOLOGY
6075,M,10,3,SURGERY
6076,M,10,4,GENERAL
6077,F,13,3,CARDIOLOGY
6078,M,10,4,SURGERY
6079,F,10,3,ORTHOPEDICS
6080,M,6,4,ORTHOPEDICS
6081,F,1,5,SURGERY
6082,M,11,3,GENERAL
6083,F,10,3,GENERAL
6084,M,6,4,GENERAL
6085,M,13,2,ORTHOPEDICS
6086,M,6,4,CARDIOLOGY
6087,F,1,6,CARDIOLOGY
6088,F,6,4,ORTHOPEDICS
6089,M,1,6,GENERAL
6090,F,1,6,GENERAL
6091,F,10,3,CARDIOLOGY
6092,M,13,2,SURGERY
6093,F,10,4,GENERAL
6094,M,6,4,GENERAL
6095,M,1,5,CARDIOLOGY
6096,F,13,3,GENERAL
6097,M,1,5,GENERAL
6098,F,10,3,GENERAL
6099,F,11,3,GENERAL
6100,M,6,4,GENERAL
6101,F,10,4,GENERAL
6102,M,6,4,GENERAL
6103,M,10,3,GENERAL
6104,M,7,4,ORTHOPEDICS
6105,F,11,3,CARDIOLOGY
6106,F,1,6,ORTHOPEDICS
6107,F,6,4,GENERAL
6108,F,6,4,GENERAL
6109,F,1,5,GENERAL
6110,M,10,4,GENERAL
6111,M,10,4,CARDIOLOGY
6112,M,1,5,ORTHOPEDICS
6113,M,6,4,ORTHOPEDICS
6114,M,10,3,GENERAL
6115,F,1,5,SURGERY
6116,F,1,5,SURGERY
6117,F,1,5,GENERAL
6118,M,11,3,ORTHOPEDICS
6119,M,1,5,ORTHOPEDICS
6120,M,1,5,SURGERY
6121,M,13,3,SURGERY
6122,F,6,4,GENERAL
6123,M,6,4,GENERAL
6124,M,13,3,SURGERY
6125,F,6,4,ORTHOPEDICS
6126,M,10,3,GENERAL
6127,M,1,5,ORTHOPEDICS
6128,F,1,5,GENERAL
6129,F,1,5,ORTHOPEDICS
6130,F,10,4,ORTHOPEDICS
6131,M,13,2,CARDIOLOGY
6132,M,6,4,CARDIOLOGY
6133,F,6,4,CARDIOLOGY
6134,F,1,6,ORTHOPEDICS
6135,M,13,2,GENERAL
6136,M,6,4,ORTHOPEDICS
6137,M,6,4,GENERAL
6138,F,11,3,ORTHOPEDICS
6139,M,10,4,CARDIOLOGY
6140,M,1,6,GENERAL
6141,M,6,5,SURGERY
6142,M,1,5,SURGERY
6143,M,10,4,GENERAL
6144,F,1,5,GENERAL
6145,F,6,4,CARDIOLOGY
6146,M,10,3,GENERAL
6147,M,1,5,CARDIOLOGY
6148,M,6,4,GENERAL
6149,F,10,3,GENERAL
6150,M,13,3,GENERAL
6151,F,7,4,SURGERY
6152,M,10,3,CARDIOLOGY
6153,F,6,4,CARDIOLOGY
6154,F,10,3,GENERAL
6155,M,1,5,ORTHOPEDICS
6156,F,1,6,ORTHOPEDICS
6157,F,10,3,SURGERY
6158,M,1,5,ORTHOPEDICS
6159,M,10,3,ORTHOPEDICS
6160,F,13,2,SURGERY
6161,F,6,4,GENERAL
6162,M,6,4,CARDIOLOGY
6163,F,7,4,SURGERY
6164,M,6,4,ORTHOPEDICS
6165,M,1,5,SURGERY
6166,M,10,3,SURGERY
6167,F,1,6,ORTHOPEDICS
6168,M,10,3,GENERAL
6169,M,6,4,GENERAL
6170,M,6,4,CARDIOLOGY
6171,F,10,4,GENERAL
6172,M,1,5,ORTHOPEDICS
6173,F,6,4,GENERAL
6174,M,10,4,GENERAL
6175,M,1,5,GENERAL
6176,F,10,3,GENERAL
6177,M,6,5,ORTHOPEDICS
6178,M,6,4,GENERAL
6179,M,10,3,CARDIOLOGY
6180,M,1,5,CARDIOLOGY
6181,M,11,3,GENERAL
6182,M,1,5,ORTHOPEDICS
6183,F,11,3,GENERAL
6184,F,10,3,CARDIOLOGY
6185,F,1,5,SURGERY
6186,M,10,4,ORTHOPEDICS
6187,M,6,4,CARDIOLOGY
6188,M,6,5,ORTHOPEDICS
6189,F,1,5,GENERAL
6190,M,1,5,ORTHOPEDICS
6191,M,13,1,GENERAL
6192,F,6,4,GENERAL
6193,M,1,5,GENERAL
6194,M,13,2,ORTHOPEDICS
6195,F,10,3,CARDIOLOGY
6196,M,10,3,GENERAL
6197,M,13,2,GENERAL
6198,F,1,6,ORTHOPEDICS
6199,M,13,2,GENERAL
6200,F,10,4,GENERAL
6201,M,11,3,GENERAL
6202,F,13,2,CARDIOLOGY
6203,F,6,4,CARDIOLOGY
6204,M,1,6,GENERAL
6205,M,6,4,SURGERY
6206,M,13,2,GENERAL
6207,F,6,4,GENERAL
6208,M,10,3,CARDIOLOGY
6209,M,1,5,GENERAL
6210,M,11,3,GENERAL
6211,M,1,6,ORTHOPEDICS
6212,F,6,4,GENERAL
6213,F,10,3,GENERAL
6214,M,10,3,GENERAL
6215,F,10,4,ORTHOPEDICS
6216,F,6,4,CARDIOLOGY
6217,M,6,4,GENERAL
6218,F,10,4,GENERAL
6219,M,10,4,CARDIOLOGY
6220,F,6,4,GENERAL
6221,M,13,3,SURGERY
6222,M,1,5,GENERAL
6223,F,1,5,GENERAL
6224,M,6,4,ORTHOPEDICS
6225,F,1,6,GENERAL
6226,F,6,4,SURGERY
6227,F,6,4,SURGERY
6228,F,1,5,SURGERY
6229,M,6,4,GENERAL
6230,M,6,4,SURGERY
6231,M,6,4,ORTHOPEDICS
6232,M,1,5,ORTHOPEDICS
6233,F,10,3,GENERAL
6234,F,10,3,SURGERY
6235,M,6,5,CARDIOLOGY
6236,F,13,2,GENERAL
6237,F,11,3,GENERAL
6238,M,10,4,SURGERY
6239,F,6,4,ORTHOPEDICS
6240,M,1,5,CARDIOLOGY
6241,M,6,4,GENERAL
6242,F,6,4,ORTHOPEDICS
6243,F,11,3,ORTHOPEDICS
6244,F,6,4,ORTHOPEDICS
6245,F,10,3,GENERAL
6246,M,1,6,ORTHOPEDICS
6247,M,1,6,GENERAL
6248,F,1,5,GENERAL
6249,M,10,3,CARDIOLOGY
6250,F,11,3,ORTHOPEDICS
6251,F,6,4,ORTHOPEDICS
6252,F,7,4,CARDIOLOGY
6253,F,6,4,SURGERY
6254,F,10,3,CARDIOLOGY
6255,F,10,3,GENERAL
6256,M,1,6,CARDIOLOGY
6257,M,1,5,CARDIOLOGY
6258,F,7,4,ORTHOPEDICS
6259,M,7,4,GENERAL
6260,F,13,3,GENERAL
6261,F,10,3,GENERAL
6262,M,10,3,GENERAL
6263,M,11,3,GENERAL
6264,M,10,3,GENERAL
6265,M,6,4,GENERAL
6266,M,10,4,ORTHOPEDICS
6267,M,7,4,ORTHOPEDICS
6268,F,1,5,CARDIOLOGY
6269,F,6,4,SURGERY
6270,F,13,1,SURGERY
6271,M,13,2,GENERAL
6272,F,1,5,GENERAL
6273,F,1,6,GENERAL
6274,M,10,4,ORTHOPEDICS
6275,F,10,3,SURGERY
6276,M,1,5,SURGERY
6277,M,1,6,ORTHOPEDICS
6278,M,6,4,ORTHOPEDICS
6279,M,7,4,GENERAL
6280,M,1,5,SURGERY
6281,F,10,4,GENERAL
6282,F,6,4,GENERAL
6283,M,11,3,GENERAL
6284,F,6,4,GENERAL
6285,F,1,5,GENERAL
6286,M,10,3,SURGERY
6287,M,10,4,GENERAL
6288,M,10,3,GENERAL
6289,F,6,4,SURGERY
6290,F,6,4,CARDIOLOGY
6291,M,8,4,GENERAL
6292,M,1,5,SURGERY
6293,F,1,5,ORTHOPEDICS
6294,M,11,3,CARDIOLOGY
6295,F,6,4,CARDIOLOGY
6296,M,11,3,GENERAL
6297,M,6,4,ORTHOPEDICS
6298,M,10,4,CARDIOLOGY
6299,M,13,2,ORTHOPEDICS
6300,F,1,5,CARDIOLOGY
6301,F,8,4,SURGERY
6302,M,1,6,GENERAL
6303,M,10,3,ORTHOPEDICS
6304,M,11,3,CARDIOLOGY
6305,M,7,4,CARDIOLOGY
6306,M,7,4,GENERAL
6307,M,1,5,ORTHOPEDICS
6308,M,11,3,ORTHOPEDICS
6309,F,6,4,SURGERY
6310,F,7,4,CARDIOLOGY
6311,F,7,4,GENERAL
6312,M,10,3,GENERAL
6313,F,10,3,GENERAL
6314,F,13,3,SURGERY
6315,F,1,5,CARDIOLOGY
6316,M,1,5,ORTHOPEDICS
6317,F,13,2,CARDIOLOGY
6318,M,1,5,SURGERY
6319,M,1,5,GENERAL
6320,F,7,4,SURGERY
6321,F,10,4,CARDIOLOGY
6322,F,6,4,GENERAL
6323,M,13,2,ORTHOPEDICS
6324,F,1,5,CARDIOLOGY
6325,M,1,5,GENERAL
6326,M,1,5,ORTHOPEDICS
6327,M,10,3,CARDIOLOGY
6328,F,10,4,GENERAL
6329,M,1,5,GENERAL
6330,M,10,4,ORTHOPEDICS
6331,M,1,5,GENERAL
6332,F,10,3,SURGERY
6333,M,1,5,CARDIOLOGY
6334,F,6,4,ORTHOPEDICS
6335,F,13,3,CARDIOLOGY
6336,M,13,2,GENERAL
6337,M,6,5,SURGERY
6338,M,13,3,SURGERY
6339,F,11,3,GENERAL
6340,F,6,4,CARDIOLOGY
6341,M,11,3,CARDIOLOGY
6342,F,6,4,GENERAL
6343,F,1,5,GENERAL
6344,F,6,4,SURGERY
6345,M,1,5,SURGERY
6346,M,6,4,GENERAL
6347,M,1,5,SURGERY
6348,F,6,4,GENERAL
6349,F,6,4,GENERAL
6350,F,13,2,GENERAL
6351,M,1,5,ORTHOPEDICS
6352,M,1,6,SURGERY
6353,M,10,3,GENERAL
6354,F,7,4,GENERAL
6355,F,7,4,CARDIOLOGY
6356,F,1,5,GENERAL
6357,F,1,5,SURGERY
6358,F,1,5,ORTHOPEDICS
6359,F,1,5,GENERAL
6360,M,1,5,ORTHOPEDICS
6361,F,6,4,ORTHOPEDICS
6362,M,7,4,ORTHOPEDICS
6363,F,6,4,ORTHOPEDICS
6364,M,11,3,SURGERY
6365,F,13,2,GENERAL
6366,M,10,3,GENERAL
6367,M,13,2,SURGERY
6368,F,1,6,SURGERY
6369,F,1,5,ORTHOPEDICS
6370,F,6,4,CARDIOLOGY
6371,F,13,2,CARDIOLOGY
6372,F,1,6,GENERAL
6373,F,1,5,GENERAL
6374,M,7,4,CARDIOLOGY
6375,M,1,5,ORTHOPEDICS
6376,M,1,5,GENERAL
6377,M,6,4,GENERAL
6378,M,10,3,ORTHOPEDICS
6379,M,1,5,ORTHOPEDICS
6380,F,10,4,CARDIOLOGY
6381,F,10,4,GENERAL
6382,M,1,5,CARDIOLOGY
6383,M,6,4,SURGERY
6384,M,10,3,GENERAL
6385,F,10,4,ORTHOPEDICS
6386,F,6,4,CARDIOLOGY
6387,F,10,3,SURGERY
6388,F,6,4,CARDIOLOGY
6389,M,1,5,GENERAL
6390,F,10,3,ORTHOPEDICS
6391,F,1,5,GENERAL
6392,M,1,5,GENERAL
6393,F,13,3,ORTHOPEDICS
6394,M,6,4,ORTHOPEDICS
6395,F,1,6,GENERAL
6396,F,1,6,SURGERY
6397,F,1,6,ORTHOPEDICS
6398,M,1,5,CARDIOLOGY
6399,F,13,2,GENERAL
6400,F,6,4,CARDIOLOGY
