patient_id,gender,admission_day,los,required_specialty
1,F,6,4,CARDIOLOGY
2,M,7,4,GENERAL
3,F,10,4,GENERAL
4,F,1,5,ORTHOPEDICS
5,M,6,4,CARDIOLOGY
6,F,1,5,GENERAL
7,M,6,4,ORTHOPEDICS
8,F,6,4,CARDIOLOGY
9,M,6,4,ORTHOPEDICS
10,M,6,4,CARDIOLOGY
11,M,11,3,ORTHOPEDICS
12,M,1,5,SURGERY
13,M,10,4,CARDIOLOGY
14,M,6,4,ORTHOPEDICS
15,M,1,5,CARDIOLOGY
16,M,10,3,GENERAL
17,F,7,4,ORTHOPEDICS
18,M,10,3,SURGERY
19,F,10,3,GENERAL
20,F,6,4,ORTHOPEDICS
21,F,11,3,SURGERY
22,F,6,4,CARDIOLOGY
23,F,7,4,GENERAL
24,M,10,4,GENERAL
25,M,7,4,SURGERY
26,M,1,6,ORTHOPEDICS
27,F,13,2,SURGERY
28,M,1,5,GENERAL
29,M,11,3,CARDIOLOGY
30,F,10,3,GENERAL
31,F,1,5,CARDIOLOGY
32,M,7,4,SURGERY
33,M,1,5,GENERAL
34,F,11,3,SURGERY
35,M,6,4,SURGERY
36,F,10,3,CARDIOLOGY
37,F,6,4,ORTHOPEDICS
38,M,10,3,GENERAL
39,F,1,6,SURGERY
40,F,6,4,ORTHOPEDICS
41,F,11,3,GENERAL
42,F,6,4,GENERAL
43,F,11,3,CARDIOLOGY
44,M,10,4,SURGERY
45,F,10,4,GENERAL
46,F,1,6,ORTHOPEDICS
47,M,1,5,SURGERY
48,M,1,5,SURGERY
49,M,1,5,CARDIOLOGY
50,F,10,3,GENERAL
51,M,6,4,GENERAL
52,M,1,5,GENERAL
53,M,1,5,GENERAL
54,F,13,3,GENERAL
55,F,1,5,SURGERY
56,F,6,4,ORTHOPEDICS
57,M,6,4,GENERAL
58,F,6,4,GENERAL
59,F,13,2,GENERAL
60,F,1,5,CARDIOLOGY
61,M,13,3,CARDIOLOGY
62,M,6,4,ORTHOPEDICS
63,M,7,4,CARDIOLOGY
64,M,11,3,CARDIOLOGY
65,M,10,4,CARDIOLOGY
66,F,7,4,SURGERY
67,F,6,4,ORTHOPEDICS
68,M,13,2,GENERAL
69,M,11,3,SURGERY
70,M,13,2,GENERAL
71,F,1,6,GENERAL
72,M,10,3,GENERAL
73,F,11,3,GENERAL
74,F,10,4,CARDIOLOGY
75,M,6,4,GENERAL
76,M,11,3,SURGERY
77,M,10,3,ORTHOPEDICS
78,F,10,3,GENERAL
79,F,10,3,SURGERY
80,F,11,3,ORTHOPEDICS
81,M,1,6,SURGERY
82,M,13,3,ORTHOPEDICS
83,F,10,4,SURGERY
84,M,11,3,ORTHOPEDICS
85,M,6,4,CARDIOLOGY
86,F,10,4,GENERAL
87,F,7,4,GENERAL
88,F,6,4,ORTHOPEDICS
89,M,13,2,GENERAL
90,F,10,3,SURGERY
91,F,1,5,SURGERY
92,M,10,4,CARDIOLOGY
93,M,7,4,GENERAL
94,M,10,3,GENERAL
95,F,6,4,ORTHOPEDICS
96,F,1,5,GENERAL
97,F,10,3,CARDIOLOGY
98,M,10,4,GENERAL
99,M,7,4,CARDIOLOGY
100,M,6,4,CARDIOLOGY
101,M,6,4,CARDIOLOGY
102,F,11,3,ORTHOPEDICS
103,M,1,5,GENERAL
104,F,10,3,GENERAL
105,M,6,4,GENERAL
106,F,10,3,CARDIOLOGY
107,F,6,4,CARDIOLOGY
108,F,10,4,CARDIOLOGY
109,F,1,6,GENERAL
110,M,1,5,CARDIOLOGY
111,F,10,3,ORTHOPEDICS
112,F,7,4,SURGERY
113,F,13,2,GENERAL
114,M,6,4,GENERAL
115,M,1,5,GENERAL
116,M,13,2,CARDIOLOGY
117,F,10,4,GENERAL
118,F,1,5,CARDIOLOGY
119,F,13,2,SURGERY
120,F,13,1,SURGERY
121,M,7,4,CARDIOLOGY
122,M,6,4,CARDIOLOGY
123,M,13,2,CARDIOLOGY
124,F,10,4,ORTHOPEDICS
125,F,1,5,CARDIOLOGY
126,F,6,4,ORTHOPEDICS
127,F,10,3,SURGERY
128,M,1,6,GENERAL
129,M,10,4,GENERAL
130,M,6,4,GENERAL
131,M,10,3,GENERAL
132,M,6,4,CARDIOLOGY
133,F,10,4,ORTHOPEDICS
134,M,6,5,GENERAL
135,F,6,4,SURGERY
136,F,1,5,ORTHOPEDICS
137,F,1,5,GENERAL
138,F,1,5,SURGERY
139,M,10,4,GENERAL
140,M,10,4,GENERAL
141,F,1,5,ORTHOPEDICS
142,M,1,5,ORTHOPEDICS
143,F,10,3,SURGERY
144,M,7,4,ORTHOPEDICS
145,F,6,4,ORTHOPEDICS
146,F,6,4,GENERAL
147,F,1,5,GENERAL
148,M,1,5,GENERAL
149,M,10,4,ORTHOPEDICS
150,M,12,3,SURGERY
151,M,1,5,SURGERY
152,M,1,5,SURGERY
153,F,1,5,GENERAL
154,M,1,5,GENERAL
155,M,1,5,ORTHOPEDICS
156,M,11,3,SURGERY
157,M,1,5,GENERAL
158,F,6,4,GENERAL
159,F,10,3,CARDIOLOGY
160,M,10,3,ORTHOPEDICS
161,F,1,6,ORTHOPEDICS
162,M,6,4,CARDIOLOGY
163,M,10,3,GENERAL
164,F,10,3,GENERAL
165,M,11,3,ORTHOPEDICS
166,F,10,4,ORTHOPEDICS
167,F,10,3,CARDIOLOGY
168,M,1,5,ORTHOPEDICS
169,F,10,3,SURGERY
170,M,6,4,CARDIOLOGY
171,F,11,3,GENERAL
172,M,1,5,GENERAL
173,F,1,5,GENERAL
174,M,6,4,ORTHOPEDICS
175,M,10,4,GENERAL
176,M,1,5,SURGERY
177,F,1,5,ORTHOPEDICS
178,M,6,4,GENERAL
179,F,10,4,CARDIOLOGY
180,F,10,4,SURGERY
181,M,10,4,GENERAL
182,F,1,5,SURGERY
183,M,1,5,SURGERY
184,F,1,5,GENERAL
185,F,13,2,GENERAL
186,M,1,6,CARDIOLOGY
187,F,6,4,CARDIOLOGY
188,F,1,5,SURGERY
189,M,1,5,GENERAL
190,F,10,3,CARDIOLOGY
191,F,10,3,SURGERY
192,F,10,4,GENERAL
193,M,10,3,GENERAL
194,F,8,4,GENERAL
195,F,1,5,CARDIOLOGY
196,F,6,4,ORTHOPEDICS
197,F,6,4,GENERAL
198,M,12,3,GENERAL
199,M,6,4,GENERAL
200,F,1,5,SURGERY
201,M,1,5,GENERAL
202,F,10,4,ORTHOPEDICS
203,M,6,4,ORTHOPEDICS
204,M,10,3,CARDIOLOGY
205,M,1,5,CARDIOLOGY
206,F,6,4,GENERAL
207,M,6,4,ORTHOPEDICS
208,M,10,4,GENERAL
209,M,10,3,ORTHOPEDICS
210,M,10,3,SURGERY
211,M,1,5,GENERAL
212,F,1,5,SURGERY
213,F,6,4,SURGERY
214,F,6,4,GENERAL
215,M,11,3,GENERAL
216,F,1,5,ORTHOPEDICS
217,M,10,3,SURGERY
218,F,1,5,GENERAL
219,M,1,5,GENERAL
220,F,1,5,CARDIOLOGY
221,F,10,3,CARDIOLOGY
222,M,1,6,SURGERY
223,F,10,4,GENERAL
224,F,10,3,CARDIOLOGY
225,F,13,3,SURGERY
226,M,6,4,SURGERY
227,F,10,4,ORTHOPEDICS
228,M,11,3,GENERAL
229,M,6,4,GENERAL
230,M,7,4,ORTHOPEDICS
231,F,11,3,CARDIOLOGY
232,M,10,3,ORTHOPEDICS
233,M,13,3,GENERAL
234,F,6,4,CARDIOLOGY
235,M,10,4,CARDIOLOGY
236,M,10,4,GENERAL
237,F,6,4,GENERAL
238,F,13,2,GENERAL
239,F,1,5,GENERAL
240,M,1,6,SURGERY
241,M,13,3,CARDIOLOGY
242,M,1,6,GENERAL
243,F,7,4,GENERAL
244,M,13,3,SURGERY
245,M,10,3,ORTHOPEDICS
246,M,1,6,ORTHOPEDICS
247,F,7,4,CARDIOLOGY
248,F,1,6,ORTHOPEDICS
249,F,13,2,GENERAL
250,M,6,4,GENERAL
251,F,1,5,ORTHOPEDICS
252,F,10,3,ORTHOPEDICS
253,M,11,3,GENERAL
254,F,1,5,CARDIOLOGY
255,M,11,3,GENERAL
256,M,1,5,GENERAL
257,F,10,4,GENERAL
258,F,10,3,CARDIOLOGY
259,M,6,4,GENERAL
260,M,10,3,GENERAL
261,M,10,3,SURGERY
262,F,6,4,CARDIOLOGY
263,M,1,5,ORTHOPEDICS
264,F,1,5,ORTHOPEDICS
265,M,13,2,CARDIOLOGY
266,M,6,4,CARDIOLOGY
267,F,1,5,GENERAL
268,F,7,4,SURGERY
269,M,10,3,SURGERY
270,F,12,3,GENERAL
271,M,1,5,GENERAL
272,M,1,5,GENERAL
273,F,1,5,GENERAL
274,F,10,4,GENERAL
275,M,13,2,CARDIOLOGY
276,F,6,4,ORTHOPEDICS
277,M,7,4,SURGERY
278,M,1,5,CARDIOLOGY
279,M,7,4,SURGERY
280,F,1,5,GENERAL
281,F,6,4,CARDIOLOGY
282,M,6,4,CARDIOLOGY
283,F,1,5,SURGERY
284,M,10,3,ORTHOPEDICS
285,F,1,5,SURGERY
286,M,10,3,CARDIOLOGY
287,M,13,3,ORTHOPEDICS
288,M,7,4,GENERAL
289,F,1,5,GENERAL
290,F,11,3,ORTHOPEDICS
291,F,11,3,SURGERY
292,M,6,4,GENERAL
293,M,1,5,GENERAL
294,M,13,2,GENERAL
295,M,10,4,SURGERY
296,F,1,6,CARDIOLOGY
297,F,11,3,GENERAL
298,F,10,4,GENERAL
299,M,1,5,CARDIOLOGY
300,M,10,3,CARDIOLOGY
301,F,13,3,CARDIOLOGY
302,M,10,4,ORTHOPEDICS
303,F,10,3,GENERAL
304,F,1,5,ORTHOPEDICS
305,F,10,3,SURGERY
306,M,6,4,GENERAL
307,F,13,3,ORTHOPEDICS
308,F,1,6,GENERAL
309,M,1,5,SURGERY
310,F,10,4,CARDIOLOGY
311,F,6,4,GENERAL
312,M,1,5,GENERAL
313,M,6,4,SURGERY
314,F,1,5,SURGERY
315,M,11,3,ORTHOPEDICS
316,M,10,3,GENERAL
317,M,1,5,ORTHOPEDICS
318,M,6,4,GENERAL
319,F,6,4,ORTHOPEDICS
320,F,1,6,GENERAL
321,M,1,5,GENERAL
322,M,6,4,SURGERY
323,F,13,2,SURGERY
324,F,1,5,SURGERY
325,F,6,4,SURGERY
326,F,1,5,GENERAL
327,M,10,4,ORTHOPEDICS
328,F,13,2,SURGERY
329,F,6,4,GENERAL
330,F,10,3,CARDIOLOGY
331,M,1,5,SURGERY
332,M,6,4,GENERAL
333,M,10,3,GENERAL
334,F,13,2,GENERAL
335,F,13,1,ORTHOPEDICS
336,M,13,3,CARDIOLOGY
337,M,10,3,SURGERY
338,M,13,3,GENERAL
339,F,13,2,GENERAL
340,F,11,3,CARDIOLOGY
341,M,1,5,GENERAL
342,F,6,4,SURGERY
343,M,6,4,GENERAL
344,M,10,3,GENERAL
345,M,11,3,GENERAL
346,F,10,4,ORTHOPEDICS
347,F,6,4,GENERAL
348,F,1,5,GENERAL
349,M,6,4,ORTHOPEDICS
350,M,1,5,GENERAL
351,M,7,4,GENERAL
352,M,1,7,ORTHOPEDICS
353,M,11,3,GENERAL
354,M,7,4,SURGERY
355,M,1,5,CARDIOLOGY
356,M,11,3,GENERAL
357,M,6,4,CARDIOLOGY
358,F,6,4,GENERAL
359,F,10,4,SURGERY
360,M,6,5,GENERAL
361,M,11,3,SURGERY
362,F,11,3,ORTHOPEDICS
363,M,13,2,GENERAL
364,M,1,6,ORTHOPEDICS
365,M,1,5,SURGERY
366,F,1,5,ORTHOPEDICS
367,M,6,4,GENERAL
368,F,13,2,GENERAL
369,F,13,2,GENERAL
370,F,1,5,CARDIOLOGY
371,F,1,6,GENERAL
372,F,10,3,SURGERY
373,M,6,4,GENERAL
374,M,7,4,GENERAL
375,M,11,3,ORTHOPEDICS
376,F,1,5,GENERAL
377,F,13,2,GENERAL
378,F,1,5,CARDIOLOGY
379,F,1,5,GENERAL
380,F,10,4,SURGERY
381,M,1,5,GENERAL
382,M,1,6,GENERAL
383,F,10,3,SURGERY
384,F,1,5,SURGERY
385,F,10,4,GENERAL
386,M,10,4,GENERAL
387,F,13,2,ORTHOPEDICS
388,F,6,4,ORTHOPEDICS
389,F,1,5,CARDIOLOGY
390,F,13,3,ORTHOPEDICS
391,F,13,2,ORTHOPEDICS
392,F,1,5,SURGERY
393,M,13,3,GENERAL
394,F,6,4,ORTHOPEDICS
395,F,10,3,ORTHOPEDICS
396,F,10,3,ORTHOPEDICS
397,M,7,4,ORTHOPEDICS
398,M,1,5,GENERAL
399,M,1,5,CARDIOLOGY
400,F,10,4,GENERAL
401,M,6,4,GENERAL
402,M,10,3,CARDIOLOGY
403,M,10,4,SURGERY
404,F,6,4,ORTHOPEDICS
405,F,10,4,ORTHOPEDICS
406,F,11,3,CARDIOLOGY
407,M,10,3,CARDIOLOGY
408,F,1,5,CARDIOLOGY
409,F,10,4,ORTHOPEDICS
410,F,7,4,GENERAL
411,M,1,5,ORTHOPEDICS
412,M,1,5,CARDIOLOGY
413,F,6,4,GENERAL
414,F,13,2,GENERAL
415,F,13,2,SURGERY
416,M,11,3,GENERAL
417,F,10,3,SURGERY
418,F,1,5,GENERAL
419,M,10,4,CARDIOLOGY
420,F,6,4,CARDIOLOGY
421,F,12,3,GENERAL
422,F,10,3,SURGERY
423,F,13,2,CARDIOLOGY
424,M,6,4,CARDIOLOGY
425,F,10,3,ORTHOPEDICS
426,F,1,5,ORTHOPEDICS
427,M,10,3,CARDIOLOGY
428,M,10,3,GENERAL
429,M,13,2,GENERAL
430,F,6,4,GENERAL
431,M,6,4,GENERAL
432,M,6,4,GENERAL
433,F,10,3,GENERAL
434,M,10,4,GENERAL
435,F,10,3,GENERAL
436,F,10,4,GENERAL
437,M,10,4,CARDIOLOGY
438,M,1,6,CARDIOLOGY
439,M,6,4,GENERAL
440,M,6,4,GENERAL
441,M,1,7,GENERAL
442,F,10,3,GENERAL
443,F,1,5,ORTHOPEDICS
444,F,10,3,GENERAL
445,M,1,5,SURGERY
446,F,1,5,ORTHOPEDICS
447,M,1,5,GENERAL
448,M,10,4,SURGERY
449,F,7,4,ORTHOPEDICS
450,M,10,4,CARDIOLOGY
451,M,10,4,SURGERY
452,M,7,4,SURGERY
453,F,6,4,CARDIOLOGY
454,M,10,4,GENERAL
455,M,1,5,ORTHOPEDICS
456,F,1,6,SURGERY
457,F,1,5,SURGERY
458,M,10,4,ORTHOPEDICS
459,M,6,4,GENERAL
460,M,10,4,ORTHOPEDICS
461,M,1,5,GENERAL
462,F,12,3,GENERAL
463,F,10,4,GENERAL
464,M,6,4,GENERAL
465,M,7,4,CARDIOLOGY
466,F,7,4,GENERAL
467,M,10,4,GENERAL
468,F,1,5,SURGERY
469,F,10,3,CARDIOLOGY
470,F,13,2,GENERAL
471,F,7,4,GENERAL
472,M,6,4,SURGERY
473,M,1,5,GENERAL
474,F,10,4,SURGERY
475,M,10,3,CARDIOLOGY
476,F,6,4,GENERAL
477,F,1,5,CARDIOLOGY
478,M,10,3,CARDIOLOGY
479,F,10,4,ORTHOPEDICS
480,F,10,4,GENERAL
481,M,10,3,ORTHOPEDICS
482,F,6,4,ORTHOPEDICS
483,F,10,3,ORTHOPEDICS
484,M,7,4,GENERAL
485,M,13,3,GENERAL
486,F,1,5,SURGERY
487,F,1,6,GENERAL
488,M,6,4,SURGERY
489,M,10,3,SURGERY
490,M,6,4,GENERAL
491,M,7,4,CARDIOLOGY
492,M,1,5,CARDIOLOGY
493,M,13,2,CARDIOLOGY
494,M,10,4,CARDIOLOGY
495,F,8,4,SURGERY
496,M,11,3,ORTHOPEDICS
497,M,6,4,CARDIOLOGY
498,F,10,3,GENERAL
499,F,10,3,CARDIOLOGY
500,F,13,3,SURGERY
501,M,10,3,CARDIOLOGY
502,M,10,3,GENERAL
503,F,13,3,SURGERY
504,M,1,5,ORTHOPEDICS
505,M,6,4,GENERAL
506,F,6,4,ORTHOPEDICS
507,F,6,4,SURGERY
508,M,13,3,GENERAL
509,M,10,3,ORTHOPEDICS
510,F,7,4,SURGERY
511,F,6,4,ORTHOPEDICS
512,F,1,6,SURGERY
513,F,1,5,GENERAL
514,F,13,2,CARDIOLOGY
515,F,11,3,ORTHOPEDICS
516,M,1,5,ORTHOPEDICS
517,M,6,5,SURGERY
518,M,7,4,CARDIOLOGY
519,M,1,6,SURGERY
520,F,6,4,GENERAL
521,M,6,4,GENERAL
522,M,1,5,ORTHOPEDICS
523,F,7,4,GENERAL
524,F,11,3,SURGERY
525,F,1,5,ORTHOPEDICS
526,M,10,4,CARDIOLOGY
527,M,6,4,ORTHOPEDICS
528,F,6,4,GENERAL
529,F,1,5,CARDIOLOGY
530,F,1,6,SURGERY
531,M,1,5,SURGERY
532,M,6,4,CARDIOLOGY
533,M,1,5,GENERAL
534,M,6,4,CARDIOLOGY
535,F,6,4,SURGERY
536,M,6,4,GENERAL
537,F,13,3,ORTHOPEDICS
538,M,6,4,GENERAL
539,M,1,5,GENERAL
540,F,11,3,CARDIOLOGY
541,F,7,4,GENERAL
542,F,11,3,CARDIOLOGY
543,F,10,4,CARDIOLOGY
544,M,7,4,GENERAL
545,F,7,4,GENERAL
546,M,11,3,SURGERY
547,M,1,5,CARDIOLOGY
548,M,10,4,GENERAL
549,F,10,4,SURGERY
550,F,6,4,GENERAL
551,M,6,4,GENERAL
552,M,10,4,SURGERY
553,F,1,5,GENERAL
554,M,10,3,GENERAL
555,M,7,4,ORTHOPEDICS
556,F,1,5,CARDIOLOGY
557,M,1,5,CARDIOLOGY
558,M,10,4,GENERAL
559,F,11,3,GENERAL
560,F,11,3,GENERAL
561,F,10,4,GENERAL
562,M,1,5,GENERAL
563,M,1,6,GENERAL
564,F,1,5,GENERAL
565,M,6,4,GENERAL
566,F,1,5,GENERAL
567,F,8,4,GENERAL
568,F,1,5,SURGERY
569,M,1,5,SURGERY
570,M,1,6,SURGERY
571,M,11,3,CARDIOLOGY
572,M,7,4,CARDIOLOGY
573,F,1,5,CARDIOLOGY
574,F,6,4,GENERAL
575,F,13,2,GENERAL
576,F,6,4,ORTHOPEDICS
577,M,1,5,GENERAL
578,M,7,4,SURGERY
579,F,13,3,ORTHOPEDICS
580,M,6,4,GENERAL
581,M,1,5,GENERAL
582,F,1,5,CARDIOLOGY
583,F,10,4,GENERAL
584,F,7,4,SURGERY
585,M,10,4,SURGERY
586,M,1,5,ORTHOPEDICS
587,M,6,4,GENERAL
588,M,1,6,ORTHOPEDICS
589,M,6,4,GENERAL
590,F,1,7,SURGERY
591,M,10,4,CARDIOLOGY
592,F,10,4,CARDIOLOGY
593,M,1,5,GENERAL
594,F,11,3,CARDIOLOGY
595,M,10,4,GENERAL
596,F,7,4,ORTHOPEDICS
597,M,10,4,ORTHOPEDICS
598,M,6,4,SURGERY
599,F,7,4,GENERAL
600,M,10,3,GENERAL
601,M,10,4,GENERAL
602,M,10,3,ORTHOPEDICS
603,F,10,3,GENERAL
604,M,1,6,GENERAL
605,F,10,4,GENERAL
606,M,13,3,ORTHOPEDICS
607,F,6,5,ORTHOPEDICS
608,M,6,4,SURGERY
609,M,6,4,SURGERY
610,M,6,4,ORTHOPEDICS
611,F,6,4,GENERAL
612,M,6,4,GENERAL
613,F,6,4,CARDIOLOGY
614,M,7,4,ORTHOPEDICS
615,F,11,3,GENERAL
616,F,13,3,ORTHOPEDICS
617,M,10,4,ORTHOPEDICS
618,M,10,3,GENERAL
619,M,6,4,CARDIOLOGY
620,M,10,3,SURGERY
621,F,13,2,SURGERY
622,M,1,5,CARDIOLOGY
623,M,1,5,GENERAL
624,F,10,3,GENERAL
625,M,1,6,CARDIOLOGY
626,F,1,5,GENERAL
627,M,6,4,CARDIOLOGY
628,F,1,5,GENERAL
629,F,6,4,CARDIOLOGY
630,M,10,4,GENERAL
631,M,6,4,CARDIOLOGY
632,F,1,6,CARDIOLOGY
633,F,6,4,ORTHOPEDICS
634,F,10,4,GENERAL
635,F,6,4,GENERAL
636,F,11,3,SURGERY
637,F,6,4,GENERAL
638,M,6,4,CARDIOLOGY
639,F,1,5,CARDIOLOGY
640,M,13,2,SURGERY
641,M,1,6,SURGERY
642,M,1,5,GENERAL
643,F,6,4,ORTHOPEDICS
644,F,13,3,GENERAL
645,M,10,4,ORTHOPEDICS
646,F,1,5,SURGERY
647,F,1,5,GENERAL
648,F,8,4,ORTHOPEDICS
649,F,1,5,CARDIOLOGY
650,F,13,2,GENERAL
651,F,10,3,ORTHOPEDICS
652,M,7,4,ORTHOPEDICS
653,F,11,3,CARDIOLOGY
654,M,1,5,GENERAL
655,F,6,4,GENERAL
656,F,1,7,ORTHOPEDICS
657,M,11,3,ORTHOPEDICS
658,M,7,4,ORTHOPEDICS
659,F,10,3,CARDIOLOGY
660,F,6,5,CARDIOLOGY
661,M,1,5,CARDIOLOGY
662,M,1,5,SURGERY
663,M,13,2,ORTHOPEDICS
664,F,13,3,GENERAL
665,F,10,3,GENERAL
666,F,11,3,CARDIOLOGY
667,F,10,3,ORTHOPEDICS
668,M,1,5,GENERAL
669,M,1,5,CARDIOLOGY
670,M,11,3,GENERAL
671,F,13,2,CARDIOLOGY
672,F,7,4,GENERAL
673,F,10,3,SURGERY
674,M,8,4,SURGERY
675,M,7,4,GENERAL
676,F,10,3,CARDIOLOGY
677,F,1,5,ORTHOPEDICS
678,F,6,5,GENERAL
679,F,11,3,CARDIOLOGY
680,F,7,4,GENERAL
681,M,11,3,ORTHOPEDICS
682,F,6,4,GENERAL
683,M,10,4,ORTHOPEDICS
684,M,10,4,GENERAL
685,F,6,4,GENERAL
686,M,7,4,GENERAL
687,M,1,6,GENERAL
688,F,6,4,CARDIOLOGY
689,F,13,3,SURGERY
690,M,10,4,GENERAL
691,M,6,4,GENERAL
692,M,6,4,GENERAL
693,M,13,2,GENERAL
694,M,10,4,GENERAL
695,M,10,3,SURGERY
696,F,6,4,GENERAL
697,F,10,4,SURGERY
698,F,13,3,CARDIOLOGY
699,M,1,5,GENERAL
700,F,10,3,GENERAL
701,F,1,6,ORTHOPEDICS
702,F,1,5,SURGERY
703,F,8,4,GENERAL
704,M,1,5,GENERAL
705,M,1,5,GENERAL
706,F,1,5,GENERAL
707,M,13,3,GENERAL
708,M,13,3,GENERAL
709,F,11,3,ORTHOPEDICS
710,M,1,6,ORTHOPEDICS
711,F,6,4,GENERAL
712,M,1,5,GENERAL
713,M,11,3,SURGERY
714,F,1,5,SURGERY
715,M,6,4,CARDIOLOGY
716,M,6,4,CARDIOLOGY
717,M,13,1,SURGERY
718,M,10,4,GENERAL
719,F,6,4,SURGERY
720,F,1,5,SURGERY
721,M,10,3,CARDIOLOGY
722,M,11,3,GENERAL
723,M,11,3,ORTHOPEDICS
724,M,1,5,CARDIOLOGY
725,F,10,4,ORTHOPEDICS
726,F,13,3,GENERAL
727,M,1,6,CARDIOLOGY
728,F,13,2,GENERAL
729,F,6,5,GENERAL
730,M,1,6,SURGERY
731,F,7,4,GENERAL
732,M,6,4,GENERAL
733,F,1,6,CARDIOLOGY
734,M,6,4,GENERAL
735,M,11,3,GENERAL
736,M,10,3,GENERAL
737,M,6,4,CARDIOLOGY
738,M,1,5,SURGERY
739,M,1,5,SURGERY
740,M,13,3,SURGERY
741,M,6,4,ORTHOPEDICS
742,M,6,4,GENERAL
743,F,6,4,GENERAL
744,F,13,2,SURGERY
745,F,1,5,CARDIOLOGY
746,F,6,4,GENERAL
747,M,11,3,GENERAL
748,F,13,3,SURGERY
749,F,6,4,CARDIOLOGY
750,F,11,3,CARDIOLOGY
751,M,7,4,SURGERY
752,F,13,2,CARDIOLOGY
753,F,10,4,GENERAL
754,F,1,5,ORTHOPEDICS
755,M,6,4,CARDIOLOGY
756,F,10,3,CARDIOLOGY
757,F,6,5,GENERAL
758,F,7,4,GENERAL
759,F,6,4,GENERAL
760,M,7,4,ORTHOPEDICS
761,F,7,4,GENERAL
762,F,1,5,ORTHOPEDICS
763,F,10,3,GENERAL
764,M,6,4,SURGERY
765,F,10,3,SURGERY
766,F,13,3,ORTHOPEDICS
767,M,1,5,SURGERY
768,F,10,3,CARDIOLOGY
769,M,1,5,GENERAL
770,M,10,4,GENERAL
771,F,6,4,GENERAL
772,F,10,3,CARDIOLOGY
773,F,10,4,GENERAL
774,M,6,4,SURGERY
775,F,1,5,SURGERY
776,M,1,5,GENERAL
777,M,1,5,GENERAL
778,M,6,4,GENERAL
779,F,10,4,GENERAL
780,M,6,4,CARDIOLOGY
781,M,1,6,CARDIOLOGY
782,M,11,3,ORTHOPEDICS
783,F,1,6,GENERAL
784,M,1,5,SURGERY
785,M,6,4,CARDIOLOGY
786,M,1,5,GENERAL
787,M,12,3,CARDIOLOGY
788,F,1,5,GENERAL
789,M,1,5,GENERAL
790,M,11,3,GENERAL
791,F,1,5,GENERAL
792,M,7,4,ORTHOPEDICS
793,M,11,3,ORTHOPEDICS
794,M,10,4,ORTHOPEDICS
795,M,1,5,CARDIOLOGY
796,M,10,3,SURGERY
797,M,6,4,ORTHOPEDICS
798,F,10,4,GENERAL
799,F,1,5,GENERAL
800,M,10,4,CARDIOLOGY
801,M,7,4,ORTHOPEDICS
802,F,7,4,ORTHOPEDICS
803,M,7,4,SURGERY
804,M,10,4,GENERAL
805,F,1,5,CARDIOLOGY
806,M,1,5,GENERAL
807,F,6,4,ORTHOPEDICS
808,M,1,5,GENERAL
809,M,1,6,ORTHOPEDICS
810,M,10,4,GENERAL
811,M,1,6,ORTHOPEDICS
812,M,7,4,SURGERY
813,M,7,4,GENERAL
814,F,6,4,GENERAL
815,F,1,5,CARDIOLOGY
816,M,6,4,CARDIOLOGY
817,M,10,3,CARDIOLOGY
818,F,10,3,ORTHOPEDICS
819,F,1,5,SURGERY
820,F,1,5,GENERAL
821,F,1,5,GENERAL
822,M,6,4,GENERAL
823,F,7,4,ORTHOPEDICS
824,M,7,4,CARDIOLOGY
825,M,1,5,GENERAL
826,M,1,5,GENERAL
827,F,10,4,ORTHOPEDICS
828,M,1,5,CARDIOLOGY
829,M,6,4,SURGERY
830,M,1,5,ORTHOPEDICS
831,M,10,3,GENERAL
832,F,6,4,ORTHOPEDICS
833,M,10,3,SURGERY
834,M,10,4,SURGERY
835,M,13,3,SURGERY
836,M,1,5,GENERAL
837,F,10,3,ORTHOPEDICS
838,M,1,5,CARDIOLOGY
839,M,6,4,ORTHOPEDICS
840,F,6,4,CARDIOLOGY
841,F,10,4,CARDIOLOGY
842,F,1,5,CARDIOLOGY
843,M,6,4,GENERAL
844,M,10,3,SURGERY
845,M,6,4,SURGERY
846,M,7,4,CARDIOLOGY
847,M,10,3,GENERAL
848,M,6,4,CARDIOLOGY
849,M,11,3,GENERAL
850,F,1,5,CARDIOLOGY
851,M,11,3,CARDIOLOGY
852,M,13,3,SURGERY
853,F,1,6,GENERAL
854,M,8,4,GENERAL
855,M,6,4,SURGERY
856,M,11,3,CARDIOLOGY
857,M,6,4,GENERAL
858,M,6,5,SURGERY
859,M,1,5,GENERAL
860,F,13,2,GENERAL
861,M,6,4,ORTHOPEDICS
862,M,1,5,ORTHOPEDICS
863,M,10,3,ORTHOPEDICS
864,F,11,3,GENERAL
865,F,10,4,GENERAL
866,M,10,4,ORTHOPEDICS
867,M,1,5,SURGERY
868,M,6,4,ORTHOPEDICS
869,M,6,5,CARDIOLOGY
870,F,11,3,SURGERY
871,M,6,4,GENERAL
872,M,1,5,ORTHOPEDICS
873,M,7,4,ORTHOPEDICS
874,M,13,2,SURGERY
875,F,6,4,CARDIOLOGY
876,F,1,5,SURGERY
877,F,1,5,SURGERY
878,M,10,4,GENERAL
879,F,10,3,ORTHOPEDICS
880,F,1,5,SURGERY
881,F,6,4,SURGERY
882,F,10,3,GENERAL
883,M,10,3,ORTHOPEDICS
884,M,6,5,SURGERY
885,M,1,6,GENERAL
886,M,6,4,GENERAL
887,F,1,6,SURGERY
888,F,10,4,GENERAL
889,F,1,5,GENERAL
890,M,10,4,ORTHOPEDICS
891,F,10,3,GENERAL
892,F,6,4,SURGERY
893,M,6,4,GENERAL
894,M,13,2,GENERAL
895,F,1,5,SURGERY
896,M,1,5,ORTHOPEDICS
897,M,1,5,GENERAL
898,M,6,4,SURGERY
899,M,6,4,SURGERY
900,M,1,5,CARDIOLOGY
901,M,1,6,ORTHOPEDICS
902,M,13,2,CARDIOLOGY
903,M,1,6,GENERAL
904,F,1,5,GENERAL
905,M,1,5,GENERAL
906,M,1,6,GENERAL
907,F,1,5,GENERAL
908,F,10,3,SURGERY
909,M,6,4,CARDIOLOGY
910,M,6,4,GENERAL
911,F,6,4,CARDIOLOGY
912,F,1,5,CARDIOLOGY
913,F,1,5,ORTHOPEDICS
914,F,1,5,ORTHOPEDICS
915,F,1,5,CARDIOLOGY
916,M,6,4,CARDIOLOGY
917,M,1,5,GENERAL
918,M,1,5,CARDIOLOGY
919,F,10,4,ORTHOPEDICS
920,M,6,4,SURGERY
921,F,1,5,CARDIOLOGY
922,M,1,5,CARDIOLOGY
923,F,11,3,ORTHOPEDICS
924,M,13,2,GENERAL
925,M,6,4,ORTHOPEDICS
926,F,1,5,ORTHOPEDICS
927,F,1,5,CARDIOLOGY
928,M,10,3,GENERAL
929,M,13,2,SURGERY
930,F,11,3,CARDIOLOGY
931,F,10,3,GENERAL
932,M,10,3,SURGERY
933,M,1,5,CARDIOLOGY
934,M,6,4,SURGERY
935,F,10,3,GENERAL
936,M,1,5,CARDIOLOGY
937,M,6,4,GENERAL
938,M,1,5,GENERAL
939,M,11,3,CARDIOLOGY
940,M,6,4,GENERAL
941,F,1,6,ORTHOPEDICS
942,F,10,3,GENERAL
943,F,13,3,SURGERY
944,M,1,6,GENERAL
945,F,13,2,GENERAL
946,F,11,3,GENERAL
947,M,1,5,SURGERY
948,F,13,3,CARDIOLOGY
949,M,6,4,GENERAL
950,F,11,3,CARDIOLOGY
951,M,10,3,GENERAL
952,M,1,5,SURGERY
953,F,13,2,CARDIOLOGY
954,M,6,4,SURGERY
955,M,1,5,ORTHOPEDICS
956,F,11,3,ORTHOPEDICS
957,M,6,4,CARDIOLOGY
958,F,11,3,GENERAL
959,F,7,4,GENERAL
960,M,8,4,GENERAL
961,F,1,5,ORTHOPEDICS
962,F,10,3,CARDIOLOGY
963,F,13,2,GENERAL
964,F,11,3,GENERAL
965,F,1,5,GENERAL
966,M,6,4,SURGERY
967,M,10,3,GENERAL
968,M,1,5,ORTHOPEDICS
969,M,6,5,CARDIOLOGY
970,M,1,5,GENERAL
971,M,10,3,GENERAL
972,M,1,5,ORTHOPEDICS
973,M,1,5,ORTHOPEDICS
974,M,1,6,ORTHOPEDICS
975,F,6,4,ORTHOPEDICS
976,M,6,4,CARDIOLOGY
977,F,6,4,SURGERY
978,M,6,4,CARDIOLOGY
979,F,10,4,ORTHOPEDICS
980,M,10,3,SURGERY
981,M,11,3,GENERAL
982,F,6,4,GENERAL
983,M,1,5,GENERAL
984,M,1,5,GENERAL
985,F,1,6,GENERAL
986,M,11,3,CARDIOLOGY
987,M,1,5,SURGERY
988,F,1,5,ORTHOPEDICS
989,M,11,3,GENERAL
990,F,6,4,CARDIOLOGY
991,M,6,4,CARDIOLOGY
992,F,6,4,SURGERY
993,F,1,5,ORTHOPEDICS
994,M,6,4,CARDIOLOGY
995,F,13,3,ORTHOPEDICS
996,M,1,5,ORTHOPEDICS
997,F,10,4,CARDIOLOGY
998,F,1,5,GENERAL
999,F,11,3,CARDIOLOGY
1000,F,13,2,GENERAL
1001,M,6,4,ORTHOPEDICS
1002,F,7,4,GENERAL
1003,F,1,5,GENERAL
1004,F,10,3,SURGERY
1005,M,1,6,GENERAL
1006,M,10,4,SURGERY
1007,M,11,3,ORTHOPEDICS
1008,F,7,4,GENERAL
1009,M,1,5,SURGERY
1010,M,6,4,GENERAL
1011,M,13,2,GENERAL
1012,M,6,4,ORTHOPEDICS
1013,M,6,4,GENERAL
1014,M,6,4,GENERAL
1015,F,10,3,CARDIOLOGY
1016,F,6,4,GENERAL
1017,M,10,3,ORTHOPEDICS
1018,F,6,4,GENERAL
1019,M,1,5,GENERAL
1020,F,11,3,GENERAL
1021,M,13,3,SURGERY
1022,M,6,4,GENERAL
1023,F,11,3,GENERAL
1024,F,6,4,CARDIOLOGY
1025,F,11,3,GENERAL
1026,F,10,4,GENERAL
1027,F,6,4,SURGERY
1028,M,1,5,SURGERY
1029,M,11,3,GENERAL
1030,M,6,4,SURGERY
1031,M,10,3,ORTHOPEDICS
1032,M,1,5,SURGERY
1033,F,13,2,ORTHOPEDICS
1034,F,1,5,GENERAL
1035,M,1,6,ORTHOPEDICS
1036,M,10,4,SURGERY
1037,M,6,4,CARDIOLOGY
1038,F,1,5,SURGERY
1039,F,1,6,GENERAL
1040,F,11,3,SURGERY
1041,F,1,5,CARDIOLOGY
1042,M,10,3,GENERAL
1043,F,6,4,GENERAL
1044,M,1,6,GENERAL
1045,F,10,3,GENERAL
1046,M,11,3,ORTHOPEDICS
1047,M,7,4,GENERAL
1048,M,1,7,GENERAL
1049,M,1,6,SURGERY
1050,M,13,2,ORTHOPEDICS
1051,M,6,4,SURGERY
1052,F,6,4,GENERAL
1053,M,1,5,SURGERY
1054,M,10,4,GENERAL
1055,M,1,5,ORTHOPEDICS
1056,F,13,2,GENERAL
1057,F,13,2,GENERAL
1058,F,1,5,ORTHOPEDICS
1059,F,13,1,GENERAL
1060,F,13,3,SURGERY
1061,M,13,2,ORTHOPEDICS
1062,F,1,5,GENERAL
1063,M,1,5,CARDIOLOGY
1064,F,10,3,ORTHOPEDICS
1065,F,6,4,GENERAL
1066,F,1,5,ORTHOPEDICS
1067,M,1,5,GENERAL
1068,M,1,5,GENERAL
1069,M,10,3,CARDIOLOGY
1070,F,6,4,SURGERY
1071,F,10,3,ORTHOPEDICS
1072,M,10,3,CARDIOLOGY
1073,F,1,6,ORTHOPEDICS
1074,M,1,5,SURGERY
1075,M,11,3,SURGERY
1076,F,7,4,CARDIOLOGY
1077,M,1,5,CARDIOLOGY
1078,M,6,4,SURGERY
1079,M,13,2,ORTHOPEDICS
1080,F,6,4,ORTHOPEDICS
1081,F,1,5,GENERAL
1082,F,10,4,SURGERY
1083,F,10,3,CARDIOLOGY
1084,F,1,5,GENERAL
1085,M,13,3,ORTHOPEDICS
1086,F,10,3,GENERAL
1087,M,10,4,SURGERY
1088,M,10,4,GENERAL
1089,M,1,5,CARDIOLOGY
1090,F,10,3,CARDIOLOGY
1091,F,1,5,ORTHOPEDICS
1092,M,10,3,CARDIOLOGY
1093,M,6,4,GENERAL
1094,F,10,3,GENERAL
1095,M,10,3,ORTHOPEDICS
1096,M,10,4,GENERAL
1097,F,7,4,GENERAL
1098,F,6,5,SURGERY
1099,F,1,6,SURGERY
1100,F,10,4,CARDIOLOGY
1101,M,7,4,GENERAL
1102,M,6,4,ORTHOPEDICS
1103,M,11,3,SURGERY
1104,M,10,4,CARDIOLOGY
1105,F,13,1,GENERAL
1106,F,10,3,GENERAL
1107,M,1,5,CARDIOLOGY
1108,F,1,5,ORTHOPEDICS
1109,F,1,5,CARDIOLOGY
1110,F,10,3,ORTHOPEDICS
1111,F,1,5,GENERAL
1112,F,6,4,GENERAL
1113,F,1,5,GENERAL
1114,M,6,4,GENERAL
1115,F,10,3,SURGERY
1116,M,13,2,CARDIOLOGY
1117,M,1,5,GENERAL
1118,F,11,3,GENERAL
1119,M,10,4,GENERAL
1120,M,10,4,CARDIOLOGY
1121,M,1,5,ORTHOPEDICS
1122,M,1,5,ORTHOPEDICS
1123,M,7,4,ORTHOPEDICS
1124,M,13,2,ORTHOPEDICS
1125,F,1,5,GENERAL
1126,F,6,4,GENERAL
1127,F,13,2,SURGERY
1128,F,1,5,SURGERY
1129,M,6,4,CARDIOLOGY
1130,F,1,6,GENERAL
1131,M,1,5,SURGERY
1132,M,1,5,GENERAL
1133,M,13,2,GENERAL
1134,F,10,3,CARDIOLOGY
1135,M,10,3,CARDIOLOGY
1136,M,6,4,ORTHOPEDICS
1137,M,1,5,GENERAL
1138,M,10,4,SURGERY
1139,M,7,4,CARDIOLOGY
1140,F,6,4,CARDIOLOGY
1141,F,1,5,GENERAL
1142,F,13,2,GENERAL
1143,M,10,4,GENERAL
1144,M,10,3,GENERAL
1145,F,13,3,GENERAL
1146,M,6,4,SURGERY
1147,M,1,6,ORTHOPEDICS
1148,F,13,2,SURGERY
1149,F,11,3,GENERAL
1150,F,13,2,ORTHOPEDICS
1151,F,1,6,CARDIOLOGY
1152,F,13,3,GENERAL
1153,F,11,3,ORTHOPEDICS
1154,F,1,6,GENERAL
1155,F,1,5,GENERAL
1156,F,13,3,SURGERY
1157,M,1,5,GENERAL
1158,M,6,4,CARDIOLOGY
1159,M,1,5,CARDIOLOGY
1160,M,10,3,ORTHOPEDICS
1161,F,1,5,ORTHOPEDICS
1162,M,6,4,ORTHOPEDICS
1163,F,11,3,SURGERY
1164,F,10,4,GENERAL
1165,F,6,4,ORTHOPEDICS
1166,M,11,3,CARDIOLOGY
1167,F,13,2,CARDIOLOGY
1168,M,6,4,SURGERY
1169,M,1,5,GENERAL
1170,M,13,3,SURGERY
1171,M,1,5,GENERAL
1172,F,1,5,GENERAL
1173,M,10,4,CARDIOLOGY
1174,F,10,3,SURGERY
1175,F,13,2,CARDIOLOGY
1176,M,1,5,GENERAL
1177,F,10,4,ORTHOPEDICS
1178,M,13,3,ORTHOPEDICS
1179,F,11,3,SURGERY
1180,F,7,4,SURGERY
1181,M,10,4,SURGERY
1182,M,1,5,GENERAL
1183,F,13,2,GENERAL
1184,M,6,4,CARDIOLOGY
1185,M,6,4,ORTHOPEDICS
1186,F,6,4,ORTHOPEDICS
1187,M,6,4,ORTHOPEDICS
1188,F,1,5,CARDIOLOGY
1189,F,1,5,GENERAL
1190,M,6,4,CARDIOLOGY
1191,M,10,4,SURGERY
1192,M,13,3,CARDIOLOGY
1193,F,1,6,CARDIOLOGY
1194,F,6,4,ORTHOPEDICS
1195,M,1,6,CARDIOLOGY
1196,M,7,4,ORTHOPEDICS
1197,F,1,5,ORTHOPEDICS
1198,M,7,4,CARDIOLOGY
1199,M,1,5,ORTHOPEDICS
1200,M,7,4,GENERAL
1201,M,6,4,SURGERY
1202,F,10,3,GENERAL
1203,M,6,4,CARDIOLOGY
1204,F,10,3,CARDIOLOGY
1205,F,6,4,CARDIOLOGY
1206,M,6,4,ORTHOPEDICS
1207,F,13,2,ORTHOPEDICS
1208,F,7,4,GENERAL
1209,F,6,4,SURGERY
1210,M,6,4,ORTHOPEDICS
1211,M,6,4,ORTHOPEDICS
1212,F,1,6,ORTHOPEDICS
1213,M,1,5,GENERAL
1214,M,6,4,SURGERY
1215,F,7,4,SURGERY
1216,M,1,5,SURGERY
1217,F,1,5,ORTHOPEDICS
1218,M,1,5,SURGERY
1219,F,13,2,GENERAL
1220,F,10,3,SURGERY
1221,M,11,3,CARDIOLOGY
1222,M,6,4,GENERAL
1223,F,10,4,SURGERY
1224,F,1,5,CARDIOLOGY
1225,F,1,5,GENERAL
1226,F,11,3,GENERAL
1227,F,13,3,CARDIOLOGY
1228,F,1,5,ORTHOPEDICS
1229,F,10,4,GENERAL
1230,M,1,5,GENERAL
1231,F,1,5,SURGERY
1232,F,13,2,ORTHOPEDICS
1233,F,7,4,CARDIOLOGY
1234,M,6,4,CARDIOLOGY
1235,F,6,4,GENERAL
1236,F,6,4,GENERAL
1237,F,1,6,ORTHOPEDICS
1238,M,11,3,CARDIOLOGY
1239,M,10,3,SURGERY
1240,F,6,4,CARDIOLOGY
1241,F,1,5,GENERAL
1242,F,6,4,ORTHOPEDICS
1243,F,1,6,ORTHOPEDICS
1244,M,11,3,SURGERY
1245,M,7,4,ORTHOPEDICS
1246,F,6,4,SURGERY
1247,F,7,4,GENERAL
1248,F,10,3,GENERAL
1249,M,6,4,GENERAL
1250,M,11,3,CARDIOLOGY
1251,F,13,3,SURGERY
1252,F,7,4,ORTHOPEDICS
1253,M,10,3,GENERAL
1254,F,13,2,ORTHOPEDICS
1255,M,13,2,GENERAL
1256,F,1,5,GENERAL
1257,F,6,4,SURGERY
1258,F,11,3,CARDIOLOGY
1259,M,6,4,CARDIOLOGY
1260,M,10,3,ORTHOPEDICS
1261,M,13,3,CARDIOLOGY
1262,M,13,2,ORTHOPEDICS
1263,M,12,3,CARDIOLOGY
1264,F,10,3,SURGERY
1265,F,1,6,GENERAL
1266,F,7,4,SURGERY
1267,F,1,5,CARDIOLOGY
1268,M,1,5,GENERAL
1269,F,10,3,ORTHOPEDICS
1270,F,1,5,SURGERY
1271,F,6,4,ORTHOPEDICS
1272,F,10,3,SURGERY
1273,F,10,3,GENERAL
1274,M,10,4,GENERAL
1275,M,10,4,GENERAL
1276,M,13,3,GENERAL
1277,M,10,3,ORTHOPEDICS
1278,M,6,4,ORTHOPEDICS
1279,F,11,3,SURGERY
1280,F,7,4,ORTHOPEDICS
1281,F,7,4,CARDIOLOGY
1282,M,11,3,CARDIOLOGY
1283,F,6,4,ORTHOPEDICS
1284,F,1,5,CARDIOLOGY
1285,F,10,4,CARDIOLOGY
1286,M,1,5,ORTHOPEDICS
1287,F,13,3,GENERAL
1288,M,6,4,SURGERY
1289,F,10,3,SURGERY
1290,F,11,3,GENERAL
1291,F,1,5,GENERAL
1292,M,13,1,GENERAL
1293,F,1,5,CARDIOLOGY
1294,M,7,4,ORTHOPEDICS
1295,F,10,4,SURGERY
1296,M,1,5,GENERAL
1297,M,6,4,GENERAL
1298,F,11,3,CARDIOLOGY
1299,M,10,3,GENERAL
1300,M,11,3,CARDIOLOGY
1301,F,1,6,GENERAL
1302,M,7,4,GENERAL
1303,F,10,4,SURGERY
1304,M,1,5,CARDIOLOGY
1305,F,1,6,GENERAL
1306,F,10,4,GENERAL
1307,F,1,5,CARDIOLOGY
1308,F,6,4,CARDIOLOGY
1309,M,13,2,GENERAL
1310,F,11,3,SURGERY
1311,F,13,3,ORTHOPEDICS
1312,F,1,6,GENERAL
1313,M,10,3,CARDIOLOGY
1314,F,1,5,CARDIOLOGY
1315,F,1,5,SURGERY
1316,M,13,2,CARDIOLOGY
1317,M,1,5,GENERAL
1318,F,10,4,ORTHOPEDICS
1319,M,1,5,ORTHOPEDICS
1320,F,13,2,GENERAL
1321,F,11,3,ORTHOPEDICS
1322,M,6,5,SURGERY
1323,F,6,4,SURGERY
1324,M,6,4,ORTHOPEDICS
1325,F,6,4,SURGERY
1326,M,1,5,GENERAL
1327,M,6,5,ORTHOPEDICS
1328,F,6,4,ORTHOPEDICS
1329,F,1,5,CARDIOLOGY
1330,F,6,4,ORTHOPEDICS
1331,M,10,3,ORTHOPEDICS
1332,F,1,5,ORTHOPEDICS
1333,F,6,4,CARDIOLOGY
1334,M,11,3,CARDIOLOGY
1335,M,6,4,GENERAL
1336,F,7,4,GENERAL
1337,M,10,3,GENERAL
1338,M,13,2,GENERAL
1339,F,10,4,ORTHOPEDICS
1340,M,1,6,GENERAL
1341,M,11,3,GENERAL
1342,F,1,5,ORTHOPEDICS
1343,F,10,4,GENERAL
1344,M,10,3,CARDIOLOGY
1345,M,6,4,GENERAL
1346,M,10,3,GENERAL
1347,M,13,2,ORTHOPEDICS
1348,M,6,4,GENERAL
1349,M,10,3,GENERAL
1350,F,6,4,SURGERY
1351,F,10,4,GENERAL
1352,F,6,5,GENERAL
1353,F,10,3,ORTHOPEDICS
1354,F,6,5,SURGERY
1355,F,1,5,ORTHOPEDICS
1356,F,6,4,GENERAL
1357,M,10,4,GENERAL
1358,M,7,4,CARDIOLOGY
1359,M,1,6,GENERAL
1360,M,6,4,GENERAL
1361,F,1,5,GENERAL
1362,M,7,4,GENERAL
1363,M,10,4,SURGERY
1364,M,1,6,SURGERY
1365,M,1,5,GENERAL
1366,F,10,3,SURGERY
1367,F,6,4,GENERAL
1368,F,1,5,GENERAL
1369,M,10,4,GENERAL
1370,F,6,4,SURGERY
1371,F,6,4,GENERAL
1372,F,13,2,ORTHOPEDICS
1373,F,10,3,CARDIOLOGY
1374,M,1,7,SURGERY
1375,F,10,3,GENERAL
1376,M,6,4,GENERAL
1377,F,1,5,CARDIOLOGY
1378,F,1,5,GENERAL
1379,M,11,3,GENERAL
1380,M,6,4,SURGERY
1381,M,1,6,ORTHOPEDICS
1382,M,10,3,CARDIOLOGY
1383,M,10,3,CARDIOLOGY
1384,M,13,2,SURGERY
1385,F,6,4,CARDIOLOGY
1386,M,11,3,ORTHOPEDICS
1387,M,1,5,GENERAL
1388,M,6,5,GENERAL
1389,M,11,3,CARDIOLOGY
1390,M,6,4,ORTHOPEDICS
1391,F,1,5,ORTHOPEDICS
1392,M,10,4,SURGERY
1393,M,1,6,SURGERY
1394,F,6,4,ORTHOPEDICS
1395,F,6,5,CARDIOLOGY
1396,M,13,2,GENERAL
1397,F,6,4,GENERAL
1398,M,1,5,GENERAL
1399,M,6,4,ORTHOPEDICS
1400,F,7,4,GENERAL
1401,M,13,1,ORTHOPEDICS
1402,F,6,4,GENERAL
1403,M,1,5,ORTHOPEDICS
1404,F,1,5,ORTHOPEDICS
1405,F,11,3,GENERAL
1406,M,1,6,GENERAL
1407,M,6,5,SURGERY
1408,F,6,4,GENERAL
1409,M,1,6,GENERAL
1410,F,11,3,CARDIOLOGY
1411,M,1,5,GENERAL
1412,M,10,4,GENERAL
1413,M,11,3,CARDIOLOGY
1414,M,6,4,CARDIOLOGY
1415,F,10,4,SURGERY
1416,M,1,5,CARDIOLOGY
1417,M,6,4,SURGERY
1418,M,10,4,SURGERY
1419,M,10,3,GENERAL
1420,M,1,5,GENERAL
1421,M,13,3,SURGERY
1422,M,10,3,ORTHOPEDICS
1423,F,13,2,SURGERY
1424,F,6,4,SURGERY
1425,F,7,4,GENERAL
1426,F,10,3,GENERAL
1427,F,6,4,CARDIOLOGY
1428,M,6,4,SURGERY
1429,F,10,4,GENERAL
1430,M,6,5,GENERAL
1431,M,1,5,GENERAL
1432,F,10,4,GENERAL
1433,M,6,5,SURGERY
1434,M,1,5,CARDIOLOGY
1435,F,10,3,CARDIOLOGY
1436,F,1,5,CARDIOLOGY
1437,M,11,3,SURGERY
1438,M,10,4,GENERAL
1439,M,1,5,ORTHOPEDICS
1440,F,13,2,SURGERY
1441,M,6,4,ORTHOPEDICS
1442,F,10,3,CARDIOLOGY
1443,F,10,4,GENERAL
1444,F,13,2,GENERAL
1445,F,13,3,CARDIOLOGY
1446,F,11,3,SURGERY
1447,M,6,4,GENERAL
1448,M,1,5,GENERAL
1449,M,11,3,GENERAL
1450,F,13,2,GENERAL
1451,F,1,5,SURGERY
1452,F,1,5,GENERAL
1453,F,6,4,GENERAL
1454,F,10,3,GENERAL
1455,M,10,3,GENERAL
1456,F,11,3,GENERAL
1457,F,1,5,CARDIOLOGY
1458,F,1,6,GENERAL
1459,F,1,5,SURGERY
1460,F,6,4,ORTHOPEDICS
1461,F,6,4,ORTHOPEDICS
1462,M,10,3,GENERAL
1463,F,11,3,CARDIOLOGY
1464,F,11,3,GENERAL
1465,F,6,4,ORTHOPEDICS
1466,M,11,3,SURGERY
1467,M,1,5,GENERAL
1468,M,6,4,GENERAL
1469,F,6,4,GENERAL
1470,F,1,5,GENERAL
1471,F,1,5,GENERAL
1472,F,1,5,GENERAL
1473,M,1,6,CARDIOLOGY
1474,F,13,2,GENERAL
1475,M,6,4,GENERAL
1476,F,1,6,GENERAL
1477,M,13,2,ORTHOPEDICS
1478,M,1,6,CARDIOLOGY
1479,F,11,3,GENERAL
1480,M,7,4,CARDIOLOGY
1481,F,1,5,CARDIOLOGY
1482,F,13,2,ORTHOPEDICS
1483,F,1,5,GENERAL
1484,F,13,2,ORTHOPEDICS
1485,M,7,4,ORTHOPEDICS
1486,M,1,5,SURGERY
1487,M,10,3,GENERAL
1488,M,1,5,CARDIOLOGY
1489,F,6,4,ORTHOPEDICS
1490,M,6,4,GENERAL
1491,M,13,2,ORTHOPEDICS
1492,F,10,3,CARDIOLOGY
1493,M,1,5,GENERAL
1494,M,11,3,GENERAL
1495,F,13,2,GENERAL
1496,M,11,3,ORTHOPEDICS
1497,F,1,5,CARDIOLOGY
1498,M,6,4,GENERAL
1499,F,13,2,SURGERY
1500,F,1,5,ORTHOPEDICS
1501,M,6,4,CARDIOLOGY
1502,F,10,3,CARDIOLOGY
1503,F,1,5,GENERAL
1504,F,1,5,GENERAL
1505,M,1,5,CARDIOLOGY
1506,M,10,3,SURGERY
1507,M,12,3,CARDIOLOGY
1508,M,10,4,SURGERY
1509,M,13,2,CARDIOLOGY
1510,F,6,4,GENERAL
1511,M,6,4,ORTHOPEDICS
1512,F,7,4,ORTHOPEDICS
1513,M,13,3,CARDIOLOGY
1514,M,1,5,SURGERY
1515,F,1,5,GENERAL
1516,M,11,3,SURGERY
1517,F,6,4,ORTHOPEDICS
1518,F,10,3,SURGERY
1519,M,6,4,ORTHOPEDICS
1520,M,10,3,CARDIOLOGY
1521,M,13,3,CARDIOLOGY
1522,F,10,3,CARDIOLOGY
1523,M,13,3,CARDIOLOGY
1524,M,7,4,GENERAL
1525,F,1,5,GENERAL
1526,F,6,4,CARDIOLOGY
1527,F,1,5,CARDIOLOGY
1528,M,10,3,GENERAL
1529,M,1,6,GENERAL
1530,F,6,4,SURGERY
1531,M,7,4,GENERAL
1532,F,10,3,ORTHOPEDICS
1533,M,1,5,ORTHOPEDICS
1534,M,6,4,GENERAL
1535,M,6,4,CARDIOLOGY
1536,F,1,5,GENERAL
1537,F,11,3,ORTHOPEDICS
1538,F,13,3,GENERAL
1539,F,1,5,ORTHOPEDICS
1540,M,13,2,CARDIOLOGY
1541,F,7,4,GENERAL
1542,F,6,4,GENERAL
1543,M,6,4,GENERAL
1544,F,1,5,CARDIOLOGY
1545,M,1,5,ORTHOPEDICS
1546,F,13,2,GENERAL
1547,M,1,5,SURGERY
1548,M,6,4,GENERAL
1549,M,11,3,CARDIOLOGY
1550,M,1,5,ORTHOPEDICS
1551,M,13,3,ORTHOPEDICS
1552,M,10,3,CARDIOLOGY
1553,F,1,5,GENERAL
1554,M,10,4,GENERAL
1555,F,10,4,GENERAL
1556,F,6,4,ORTHOPEDICS
1557,F,13,2,CARDIOLOGY
1558,F,6,4,CARDIOLOGY
1559,M,1,5,SURGERY
1560,F,1,5,SURGERY
1561,F,13,2,CARDIOLOGY
1562,M,13,3,GENERAL
1563,F,1,5,GENERAL
1564,F,1,5,GENERAL
1565,M,1,5,GENERAL
1566,M,10,4,GENERAL
1567,M,10,4,ORTHOPEDICS
1568,F,10,4,SURGERY
1569,M,13,3,GENERAL
1570,F,1,6,CARDIOLOGY
1571,M,13,1,GENERAL
1572,M,10,4,GENERAL
1573,F,1,5,ORTHOPEDICS
1574,F,7,4,GENERAL
1575,M,10,4,SURGERY
1576,F,10,4,CARDIOLOGY
1577,F,10,3,SURGERY
1578,M,7,4,CARDIOLOGY
1579,F,1,5,SURGERY
1580,F,10,4,SURGERY
1581,F,10,3,GENERAL
1582,F,6,4,GENERAL
1583,M,6,4,GENERAL
1584,M,1,6,GENERAL
1585,M,10,4,SURGERY
1586,M,13,2,ORTHOPEDICS
1587,F,13,2,GENERAL
1588,M,10,4,SURGERY
1589,M,8,4,ORTHOPEDICS
1590,M,1,5,CARDIOLOGY
1591,M,1,5,GENERAL
1592,M,6,4,GENERAL
1593,F,10,3,CARDIOLOGY
1594,F,11,3,ORTHOPEDICS
1595,M,1,5,GENERAL
1596,F,10,4,CARDIOLOGY
1597,M,1,5,CARDIOLOGY
1598,F,1,5,GENERAL
1599,M,1,5,GENERAL
1600,M,11,3,SURGERY
1601,M,10,4,CARDIOLOGY
1602,F,6,4,SURGERY
1603,F,10,3,GENERAL
1604,F,10,4,CARDIOLOGY
1605,F,10,3,SURGERY
1606,M,1,6,GENERAL
1607,M,1,6,ORTHOPEDICS
1608,F,10,3,GENERAL
1609,F,6,4,CARDIOLOGY
1610,M,6,4,SURGERY
1611,F,13,3,GENERAL
1612,M,6,4,SURGERY
1613,M,10,4,GENERAL
1614,M,13,2,GENERAL
1615,F,10,3,GENERAL
1616,F,6,4,ORTHOPEDICS
1617,F,6,4,SURGERY
1618,M,1,5,CARDIOLOGY
1619,M,11,3,GENERAL
1620,M,13,3,ORTHOPEDICS
1621,F,7,4,SURGERY
1622,F,1,5,GENERAL
1623,M,6,4,SURGERY
1624,M,13,3,GENERAL
1625,M,6,4,GENERAL
1626,F,10,4,SURGERY
1627,M,1,6,CARDIOLOGY
1628,M,6,4,CARDIOLOGY
1629,F,10,3,CARDIOLOGY
1630,F,6,4,GENERAL
1631,M,7,4,GENERAL
1632,F,6,4,GENERAL
1633,M,11,3,SURGERY
1634,F,13,3,GENERAL
1635,F,1,5,ORTHOPEDICS
1636,M,1,5,SURGERY
1637,M,8,4,CARDIOLOGY
1638,M,1,5,GENERAL
1639,M,11,3,GENERAL
1640,M,1,5,ORTHOPEDICS
1641,F,6,4,CARDIOLOGY
1642,F,10,4,CARDIOLOGY
1643,M,1,5,GENERAL
1644,F,7,4,GENERAL
1645,M,10,4,CARDIOLOGY
1646,F,10,4,GENERAL
1647,M,1,5,SURGERY
1648,M,1,6,ORTHOPEDICS
1649,F,6,4,GENERAL
1650,F,10,4,GENERAL
1651,F,10,3,GENERAL
1652,F,6,4,CARDIOLOGY
1653,F,1,5,GENERAL
1654,F,10,4,SURGERY
1655,M,1,5,GENERAL
1656,F,11,3,SURGERY
1657,M,10,3,ORTHOPEDICS
1658,F,13,2,CARDIOLOGY
1659,M,13,2,ORTHOPEDICS
1660,F,10,3,ORTHOPEDICS
1661,M,8,4,ORTHOPEDICS
1662,F,7,4,GENERAL
1663,F,1,5,ORTHOPEDICS
1664,M,1,5,CARDIOLOGY
1665,F,6,4,SURGERY
1666,M,1,5,SURGERY
1667,F,7,4,GENERAL
1668,F,6,4,GENERAL
1669,M,6,4,ORTHOPEDICS
1670,M,6,4,CARDIOLOGY
1671,F,1,6,CARDIOLOGY
1672,M,6,4,CARDIOLOGY
1673,M,11,3,GENERAL
1674,F,13,2,SURGERY
1675,F,10,3,CARDIOLOGY
1676,M,6,4,GENERAL
1677,M,1,6,GENERAL
1678,M,6,4,GENERAL
1679,F,6,4,GENERAL
1680,F,10,4,GENERAL
1681,F,11,3,ORTHOPEDICS
1682,F,7,4,GENERAL
1683,F,1,6,SURGERY
1684,M,10,3,SURGERY
1685,F,1,5,CARDIOLOGY
1686,F,6,4,SURGERY
1687,F,1,5,GENERAL
1688,F,6,4,GENERAL
1689,M,1,5,GENERAL
1690,F,10,4,GENERAL
1691,F,6,4,GENERAL
1692,M,1,5,CARDIOLOGY
1693,F,1,5,GENERAL
1694,F,10,3,ORTHOPEDICS
1695,F,6,4,SURGERY
1696,F,8,4,GENERAL
1697,F,1,6,GENERAL
1698,F,6,4,GENERAL
1699,M,11,3,SURGERY
1700,M,1,5,GENERAL
1701,F,6,4,CARDIOLOGY
1702,M,6,4,GENERAL
1703,M,1,5,CARDIOLOGY
1704,F,13,3,GENERAL
1705,F,13,2,SURGERY
1706,M,13,2,GENERAL
1707,M,10,3,GENERAL
1708,F,1,5,GENERAL
1709,M,1,5,GENERAL
1710,M,1,5,ORTHOPEDICS
1711,F,1,6,GENERAL
1712,F,11,3,ORTHOPEDICS
1713,M,6,4,CARDIOLOGY
1714,F,11,3,SURGERY
1715,M,6,4,CARDIOLOGY
1716,M,1,5,GENERAL
1717,M,13,2,CARDIOLOGY
1718,F,6,5,GENERAL
1719,M,6,4,SURGERY
1720,F,1,5,GENERAL
1721,M,1,5,CARDIOLOGY
1722,F,1,5,GENERAL
1723,F,13,2,CARDIOLOGY
1724,M,7,4,GENERAL
1725,M,7,4,GENERAL
1726,F,6,4,GENERAL
1727,M,6,4,GENERAL
1728,F,6,5,ORTHOPEDICS
1729,M,11,3,GENERAL
1730,F,1,5,SURGERY
1731,F,1,6,GENERAL
1732,M,11,3,SURGERY
1733,M,10,4,GENERAL
1734,F,1,5,GENERAL
1735,M,1,5,SURGERY
1736,M,1,5,SURGERY
1737,F,6,4,CARDIOLOGY
1738,M,10,3,GENERAL
1739,M,6,4,GENERAL
1740,F,10,3,CARDIOLOGY
1741,F,11,3,ORTHOPEDICS
1742,M,1,5,GENERAL
1743,F,10,4,CARDIOLOGY
1744,F,10,3,CARDIOLOGY
1745,F,13,2,GENERAL
1746,M,10,4,GENERAL
1747,M,11,3,SURGERY
1748,M,1,5,CARDIOLOGY
1749,F,1,6,SURGERY
1750,M,10,4,SURGERY
1751,M,12,3,GENERAL
1752,M,10,4,CARDIOLOGY
1753,M,11,3,ORTHOPEDICS
1754,F,7,4,CARDIOLOGY
1755,F,1,5,ORTHOPEDICS
1756,F,6,4,CARDIOLOGY
1757,F,1,5,ORTHOPEDICS
1758,F,10,4,CARDIOLOGY
1759,M,10,3,GENERAL
1760,F,6,4,SURGERY
1761,F,1,5,GENERAL
1762,M,10,3,GENERAL
1763,M,1,6,ORTHOPEDICS
1764,M,10,3,ORTHOPEDICS
1765,M,1,5,ORTHOPEDICS
1766,M,6,4,GENERAL
1767,F,1,5,CARDIOLOGY
1768,M,7,4,GENERAL
1769,M,11,3,SURGERY
1770,M,1,5,GENERAL
1771,F,6,4,ORTHOPEDICS
1772,M,13,2,CARDIOLOGY
1773,M,11,3,ORTHOPEDICS
1774,M,6,4,SURGERY
1775,M,6,4,CARDIOLOGY
1776,M,10,4,CARDIOLOGY
1777,M,1,5,CARDIOLOGY
1778,M,1,5,GENERAL
1779,F,6,4,GENERAL
1780,F,1,6,SURGERY
1781,F,1,5,GENERAL
1782,F,11,3,CARDIOLOGY
1783,F,10,3,ORTHOPEDICS
1784,M,1,5,GENERAL
1785,F,10,3,CARDIOLOGY
1786,F,10,3,GENERAL
1787,F,1,5,GENERAL
1788,F,10,3,ORTHOPEDICS
1789,F,6,4,SURGERY
1790,F,13,3,SURGERY
1791,F,10,3,SURGERY
1792,M,7,4,GENERAL
1793,M,1,5,GENERAL
1794,M,6,4,ORTHOPEDICS
1795,M,1,6,GENERAL
1796,F,11,3,CARDIOLOGY
1797,M,1,6,SURGERY
1798,M,1,6,CARDIOLOGY
1799,M,6,4,ORTHOPEDICS
1800,F,10,4,GENERAL
1801,M,13,2,ORTHOPEDICS
1802,F,13,2,SURGERY
1803,M,6,4,SURGERY
1804,M,1,5,GENERAL
1805,F,1,5,GENERAL
1806,F,13,2,GENERAL
1807,F,1,5,CARDIOLOGY
1808,M,13,2,ORTHOPEDICS
1809,M,1,5,SURGERY
1810,F,1,5,GENERAL
1811,F,1,5,GENERAL
1812,M,13,2,GENERAL
1813,M,10,3,CARDIOLOGY
1814,F,6,4,SURGERY
1815,F,11,3,ORTHOPEDICS
1816,M,7,4,GENERAL
1817,M,11,3,GENERAL
1818,M,1,6,SURGERY
1819,F,1,5,ORTHOPEDICS
1820,F,13,3,ORTHOPEDICS
1821,F,11,3,GENERAL
1822,M,11,3,GENERAL
1823,F,13,2,SURGERY
1824,M,6,4,SURGERY
1825,M,13,3,GENERAL
1826,F,10,4,CARDIOLOGY
1827,F,6,4,GENERAL
1828,F,10,4,GENERAL
1829,F,6,4,GENERAL
1830,M,11,3,SURGERY
1831,F,10,3,CARDIOLOGY
1832,M,1,5,GENERAL
1833,F,11,3,SURGERY
1834,F,6,4,GENERAL
1835,M,1,5,GENERAL
1836,M,1,5,ORTHOPEDICS
1837,M,10,4,GENERAL
1838,F,6,5,SURGERY
1839,F,1,5,GENERAL
1840,M,10,4,GENERAL
1841,F,10,3,GENERAL
1842,M,1,6,ORTHOPEDICS
1843,M,13,3,GENERAL
1844,M,1,5,CARDIOLOGY
1845,M,1,5,CARDIOLOGY
1846,M,10,4,GENERAL
1847,M,1,5,CARDIOLOGY
1848,M,1,5,CARDIOLOGY
1849,M,10,3,GENERAL
1850,M,7,4,ORTHOPEDICS
1851,F,10,4,CARDIOLOGY
1852,F,8,4,GENERAL
1853,M,10,3,GENERAL
1854,F,1,5,CARDIOLOGY
1855,M,6,4,GENERAL
1856,M,1,5,GENERAL
1857,M,1,5,GENERAL
1858,M,6,4,GENERAL
1859,F,1,6,GENERAL
1860,F,1,5,GENERAL
1861,M,6,5,ORTHOPEDICS
1862,M,6,4,SURGERY
1863,F,6,4,SURGERY
1864,M,6,4,GENERAL
1865,F,11,3,GENERAL
1866,F,6,4,ORTHOPEDICS
1867,M,11,3,GENERAL
1868,M,6,4,SURGERY
1869,F,13,2,CARDIOLOGY
1870,M,1,5,SURGERY
1871,M,13,2,CARDIOLOGY
1872,F,10,3,SURGERY
1873,F,1,5,SURGERY
1874,M,13,3,ORTHOPEDICS
1875,M,10,3,SURGERY
1876,M,6,4,GENERAL
1877,M,6,4,GENERAL
1878,F,10,4,GENERAL
1879,M,1,5,SURGERY
1880,M,1,5,SURGERY
1881,F,6,4,ORTHOPEDICS
1882,F,10,3,SURGERY
1883,F,6,5,GENERAL
1884,F,7,4,GENERAL
1885,M,6,4,ORTHOPEDICS
1886,F,6,4,GENERAL
1887,F,11,3,GENERAL
1888,F,11,3,ORTHOPEDICS
1889,M,6,4,GENERAL
1890,M,13,2,GENERAL
1891,F,1,6,GENERAL
1892,F,10,3,GENERAL
1893,F,6,4,ORTHOPEDICS
1894,M,1,5,ORTHOPEDICS
1895,F,13,2,GENERAL
1896,M,1,5,ORTHOPEDICS
1897,F,10,3,SURGERY
1898,F,1,5,ORTHOPEDICS
1899,M,6,4,GENERAL
1900,M,10,3,CARDIOLOGY
1901,F,10,3,ORTHOPEDICS
1902,F,10,3,ORTHOPEDICS
1903,M,10,4,CARDIOLOGY
1904,F,6,4,GENERAL
1905,M,1,5,SURGERY
1906,F,6,5,CARDIOLOGY
1907,F,1,5,GENERAL
1908,M,6,4,SURGERY
1909,F,13,2,GENERAL
1910,M,1,5,ORTHOPEDICS
1911,M,1,5,CARDIOLOGY
1912,M,10,4,SURGERY
1913,F,10,4,GENERAL
1914,F,12,3,GENERAL
1915,M,6,4,GENERAL
1916,M,7,4,GENERAL
1917,F,6,4,GENERAL
1918,M,6,4,GENERAL
1919,F,1,5,GENERAL
1920,M,10,3,SURGERY
1921,M,13,2,CARDIOLOGY
1922,F,10,3,ORTHOPEDICS
1923,F,7,4,GENERAL
1924,F,1,6,CARDIOLOGY
1925,M,6,4,SURGERY
1926,F,11,3,ORTHOPEDICS
1927,M,1,5,CARDIOLOGY
1928,M,13,2,ORTHOPEDICS
1929,F,11,3,ORTHOPEDICS
1930,F,1,6,SURGERY
1931,F,6,4,ORTHOPEDICS
1932,F,11,3,SURGERY
1933,M,7,4,GENERAL
1934,F,13,2,SURGERY
1935,M,1,5,CARDIOLOGY
1936,F,1,5,GENERAL
1937,M,1,5,CARDIOLOGY
1938,M,6,4,ORTHOPEDICS
1939,F,1,5,GENERAL
1940,F,10,3,GENERAL
1941,M,10,3,GENERAL
1942,F,6,4,ORTHOPEDICS
1943,M,6,4,CARDIOLOGY
1944,F,1,5,GENERAL
1945,M,11,3,GENERAL
1946,M,10,3,ORTHOPEDICS
1947,F,6,4,GENERAL
1948,F,6,4,GENERAL
1949,M,1,5,GENERAL
1950,F,11,3,ORTHOPEDICS
1951,M,10,4,GENERAL
1952,M,7,4,GENERAL
1953,F,10,4,GENERAL
1954,M,10,4,ORTHOPEDICS
1955,F,6,4,CARDIOLOGY
1956,M,10,3,SURGERY
1957,M,1,5,GENERAL
1958,M,1,5,ORTHOPEDICS
1959,F,6,4,CARDIOLOGY
1960,F,1,5,ORTHOPEDICS
1961,M,1,5,CARDIOLOGY
1962,M,13,2,SURGERY
1963,F,1,5,ORTHOPEDICS
1964,F,6,4,GENERAL
1965,M,6,4,GENERAL
1966,M,10,4,GENERAL
1967,F,1,5,GENERAL
1968,M,1,5,SURGERY
1969,F,7,4,GENERAL
1970,F,1,5,GENERAL
1971,F,1,6,ORTHOPEDICS
1972,M,6,4,ORTHOPEDICS
1973,M,1,5,CARDIOLOGY
1974,M,10,3,CARDIOLOGY
1975,F,6,4,ORTHOPEDICS
1976,F,13,3,GENERAL
1977,M,6,5,GENERAL
1978,F,10,3,SURGERY
1979,M,1,5,SURGERY
1980,F,6,4,GENERAL
1981,F,13,3,GENERAL
1982,M,1,5,ORTHOPEDICS
1983,M,1,5,GENERAL
1984,M,6,4,GENERAL
1985,M,1,6,SURGERY
1986,M,10,4,SURGERY
1987,M,6,5,GENERAL
1988,M,1,6,GENERAL
1989,M,1,5,ORTHOPEDICS
1990,F,1,5,GENERAL
1991,M,10,4,ORTHOPEDICS
1992,M,10,3,GENERAL
1993,M,10,3,ORTHOPEDICS
1994,M,1,5,CARDIOLOGY
1995,F,7,4,GENERAL
1996,F,6,4,CARDIOLOGY
1997,M,6,4,GENERAL
1998,M,13,2,ORTHOPEDICS
1999,M,1,5,GENERAL
2000,M,6,4,ORTHOPEDICS
2001,M,11,3,SURGERY
2002,F,10,3,GENERAL
2003,F,10,3,CARDIOLOGY
2004,M,10,4,GENERAL
2005,F,6,5,CARDIOLOGY
2006,M,1,5,CARDIOLOGY
2007,M,1,7,SURGERY
2008,M,10,4,SURGERY
2009,F,13,2,GENERAL
2010,M,1,6,CARDIOLOGY
2011,M,10,3,CARDIOLOGY
2012,F,6,5,GENERAL
2013,M,13,2,CARDIOLOGY
2014,F,1,5,GENERAL
2015,M,7,4,GENERAL
2016,F,10,3,CARDIOLOGY
2017,F,1,5,SURGERY
2018,F,10,4,CARDIOLOGY
2019,F,10,4,GENERAL
2020,F,1,6,GENERAL
2021,F,10,3,CARDIOLOGY
2022,F,6,4,GENERAL
2023,M,13,2,ORTHOPEDICS
2024,F,13,2,GENERAL
2025,M,1,5,SURGERY
2026,F,1,5,GENERAL
2027,M,10,3,ORTHOPEDICS
2028,F,1,5,ORTHOPEDICS
2029,F,7,4,CARDIOLOGY
2030,F,7,4,GENERAL
2031,F,1,5,GENERAL
2032,M,1,7,GENERAL
2033,F,6,4,SURGERY
2034,M,11,3,ORTHOPEDICS
2035,M,11,3,CARDIOLOGY
2036,F,7,4,SURGERY
2037,F,10,4,SURGERY
2038,M,11,3,CARDIOLOGY
2039,M,10,4,ORTHOPEDICS
2040,F,1,6,GENERAL
2041,M,6,4,GENERAL
2042,M,10,3,ORTHOPEDICS
2043,M,10,3,SURGERY
2044,M,6,4,GENERAL
2045,F,13,2,CARDIOLOGY
2046,M,7,4,GENERAL
2047,F,1,5,CARDIOLOGY
2048,F,7,4,CARDIOLOGY
2049,M,11,3,SURGERY
2050,F,10,4,SURGERY
2051,M,6,4,GENERAL
2052,M,1,5,GENERAL
2053,F,6,4,SURGERY
2054,F,10,3,GENERAL
2055,F,10,3,SURGERY
2056,F,10,3,GENERAL
2057,M,6,4,GENERAL
2058,M,10,3,SURGERY
2059,M,13,2,CARDIOLOGY
2060,M,1,5,GENERAL
2061,F,6,4,SURGERY
2062,F,7,4,GENERAL
2063,F,1,5,GENERAL
2064,M,11,3,GENERAL
2065,M,10,3,GENERAL
2066,M,6,4,ORTHOPEDICS
2067,F,10,3,SURGERY
2068,M,1,5,GENERAL
2069,M,1,6,GENERAL
2070,F,1,5,GENERAL
2071,M,6,4,ORTHOPEDICS
2072,F,11,3,CARDIOLOGY
2073,M,1,5,SURGERY
2074,M,6,4,CARDIOLOGY
2075,F,13,2,CARDIOLOGY
2076,F,7,4,GENERAL
2077,M,7,4,CARDIOLOGY
2078,M,6,4,GENERAL
2079,M,6,4,GENERAL
2080,M,6,4,GENERAL
2081,F,6,4,SURGERY
2082,M,10,3,CARDIOLOGY
2083,M,1,5,GENERAL
2084,F,1,5,ORTHOPEDICS
2085,F,7,4,ORTHOPEDICS
2086,M,1,5,ORTHOPEDICS
2087,M,10,3,ORTHOPEDICS
2088,M,6,4,GENERAL
2089,F,1,5,CARDIOLOGY
2090,F,10,4,CARDIOLOGY
2091,M,10,3,GENERAL
2092,M,13,3,ORTHOPEDICS
2093,M,1,5,ORTHOPEDICS
2094,F,6,4,SURGERY
2095,F,1,5,GENERAL
2096,F,10,3,GENERAL
2097,F,6,4,GENERAL
2098,M,6,4,GENERAL
2099,M,13,2,GENERAL
2100,F,7,4,ORTHOPEDICS
2101,M,6,4,GENERAL
2102,F,1,5,SURGERY
2103,F,1,5,GENERAL
2104,M,11,3,ORTHOPEDICS
2105,M,1,5,CARDIOLOGY
2106,M,1,5,GENERAL
2107,F,1,5,GENERAL
2108,M,10,4,GENERAL
2109,M,10,4,ORTHOPEDICS
2110,F,7,4,CARDIOLOGY
2111,F,13,2,SURGERY
2112,M,6,4,CARDIOLOGY
2113,F,7,4,SURGERY
2114,F,6,4,GENERAL
2115,M,1,5,SURGERY
2116,F,10,4,GENERAL
2117,M,6,4,GENERAL
2118,M,1,6,CARDIOLOGY
2119,F,7,4,GENERAL
2120,M,10,3,ORTHOPEDICS
2121,F,1,6,CARDIOLOGY
2122,F,6,4,ORTHOPEDICS
2123,F,7,4,GENERAL
2124,M,1,6,SURGERY
2125,M,6,4,ORTHOPEDICS
2126,M,6,4,CARDIOLOGY
2127,F,7,4,CARDIOLOGY
2128,M,10,4,GENERAL
2129,M,1,7,SURGERY
2130,F,6,4,SURGERY
2131,M,6,4,SURGERY
2132,F,6,5,CARDIOLOGY
2133,M,1,6,SURGERY
2134,M,6,4,GENERAL
2135,M,10,4,ORTHOPEDICS
2136,F,10,3,SURGERY
2137,M,11,3,GENERAL
2138,F,7,4,SURGERY
2139,F,13,3,CARDIOLOGY
2140,M,13,2,SURGERY
2141,F,6,4,GENERAL
2142,F,1,5,GENERAL
2143,M,13,2,CARDIOLOGY
2144,M,1,5,GENERAL
2145,M,7,4,GENERAL
2146,F,7,4,GENERAL
2147,F,11,3,CARDIOLOGY
2148,M,7,4,GENERAL
2149,M,10,4,GENERAL
2150,M,6,4,CARDIOLOGY
2151,F,1,5,CARDIOLOGY
2152,F,6,4,SURGERY
2153,M,1,5,ORTHOPEDICS
2154,F,10,3,CARDIOLOGY
2155,M,10,3,GENERAL
2156,F,13,3,GENERAL
2157,M,13,2,SURGERY
2158,F,10,4,GENERAL
2159,F,1,5,SURGERY
2160,F,1,5,GENERAL
2161,F,6,4,GENERAL
2162,M,7,4,GENERAL
2163,M,1,5,GENERAL
2164,M,7,4,GENERAL
2165,F,1,5,ORTHOPEDICS
2166,F,1,5,GENERAL
2167,M,1,5,GENERAL
2168,F,6,4,GENERAL
2169,F,1,5,CARDIOLOGY
2170,F,13,2,ORTHOPEDICS
2171,M,6,4,GENERAL
2172,F,10,3,ORTHOPEDICS
2173,F,12,3,CARDIOLOGY
2174,M,10,3,ORTHOPEDICS
2175,M,10,4,SURGERY
2176,M,6,4,CARDIOLOGY
2177,M,6,4,CARDIOLOGY
2178,F,1,5,ORTHOPEDICS
2179,M,13,2,GENERAL
2180,M,13,2,CARDIOLOGY
2181,F,6,4,GENERAL
2182,M,11,3,GENERAL
2183,M,10,3,SURGERY
2184,F,6,4,GENERAL
2185,M,10,4,GENERAL
2186,M,11,3,GENERAL
2187,M,10,3,GENERAL
2188,F,13,2,GENERAL
2189,M,13,2,SURGERY
2190,M,1,6,GENERAL
2191,F,10,3,GENERAL
2192,F,13,2,GENERAL
2193,M,10,4,GENERAL
2194,M,10,4,CARDIOLOGY
2195,F,1,5,ORTHOPEDICS
2196,F,1,5,GENERAL
2197,M,1,5,SURGERY
2198,M,10,3,CARDIOLOGY
2199,M,1,5,GENERAL
2200,F,11,3,SURGERY
2201,F,10,4,SURGERY
2202,F,1,5,GENERAL
2203,M,6,4,GENERAL
2204,M,1,5,SURGERY
2205,M,1,5,GENERAL
2206,F,13,3,CARDIOLOGY
2207,F,1,5,GENERAL
2208,F,1,5,CARDIOLOGY
2209,M,1,5,GENERAL
2210,M,11,3,GENERAL
2211,M,1,5,GENERAL
2212,M,1,5,CARDIOLOGY
2213,M,10,3,GENERAL
2214,M,1,5,GENERAL
2215,F,6,4,ORTHOPEDICS
2216,M,6,4,GENERAL
2217,M,6,4,CARDIOLOGY
2218,F,11,3,GENERAL
2219,M,13,2,GENERAL
2220,F,6,4,GENERAL
2221,M,6,4,ORTHOPEDICS
2222,F,13,3,GENERAL
2223,M,6,4,CARDIOLOGY
2224,F,6,4,SURGERY
2225,F,10,4,GENERAL
2226,F,1,5,SURGERY
2227,M,7,4,GENERAL
2228,F,13,2,ORTHOPEDICS
2229,F,1,6,GENERAL
2230,F,6,4,SURGERY
2231,F,10,4,SURGERY
2232,M,1,5,GENERAL
2233,M,6,4,SURGERY
2234,F,7,4,ORTHOPEDICS
2235,F,13,2,GENERAL
2236,F,1,5,ORTHOPEDICS
2237,F,11,3,GENERAL
2238,M,10,3,SURGERY
2239,M,10,4,ORTHOPEDICS
2240,M,1,6,GENERAL
2241,M,11,3,CARDIOLOGY
2242,M,11,3,GENERAL
2243,F,6,4,GENERAL
2244,F,10,3,GENERAL
2245,M,6,4,ORTHOPEDICS
2246,M,10,3,ORTHOPEDICS
2247,M,1,5,ORTHOPEDICS
2248,M,1,5,GENERAL
2249,M,6,4,CARDIOLOGY
2250,F,1,5,ORTHOPEDICS
2251,M,13,2,ORTHOPEDICS
2252,F,13,3,CARDIOLOGY
2253,F,10,4,GENERAL
2254,M,10,3,GENERAL
2255,M,12,3,SURGERY
2256,M,1,5,SURGERY
2257,M,10,3,GENERAL
2258,M,1,5,GENERAL
2259,M,1,5,SURGERY
2260,F,1,6,SURGERY
2261,M,10,3,GENERAL
2262,M,1,5,CARDIOLOGY
2263,F,10,4,SURGERY
2264,F,10,3,GENERAL
2265,F,6,4,GENERAL
2266,F,1,5,GENERAL
2267,M,6,4,CARDIOLOGY
2268,M,1,5,CARDIOLOGY
2269,F,10,3,CARDIOLOGY
2270,F,13,3,ORTHOPEDICS
2271,M,6,4,GENERAL
2272,F,6,4,GENERAL
2273,M,6,4,CARDIOLOGY
2274,M,1,5,GENERAL
2275,M,10,4,GENERAL
2276,M,7,4,GENERAL
2277,M,10,4,SURGERY
2278,F,1,6,SURGERY
2279,F,13,3,SURGERY
2280,F,1,5,GENERAL
2281,M,1,5,CARDIOLOGY
2282,M,13,2,CARDIOLOGY
2283,F,1,5,GENERAL
2284,F,10,3,GENERAL
2285,F,1,6,CARDIOLOGY
2286,F,6,4,CARDIOLOGY
2287,F,1,5,GENERAL
2288,F,1,5,ORTHOPEDICS
2289,F,1,6,ORTHOPEDICS
2290,M,1,6,ORTHOPEDICS
2291,M,10,3,ORTHOPEDICS
2292,F,6,4,CARDIOLOGY
2293,F,1,5,GENERAL
2294,M,1,5,GENERAL
2295,M,1,5,GENERAL
2296,M,6,4,GENERAL
2297,M,1,6,GENERAL
2298,F,6,4,GENERAL
2299,M,13,3,GENERAL
2300,M,13,3,GENERAL
2301,M,1,6,SURGERY
2302,M,11,3,ORTHOPEDICS
2303,M,1,5,ORTHOPEDICS
2304,M,6,4,SURGERY
2305,M,11,3,SURGERY
2306,M,6,4,GENERAL
2307,F,1,5,GENERAL
2308,F,6,4,SURGERY
2309,M,10,4,GENERAL
2310,F,6,4,ORTHOPEDICS
2311,M,11,3,ORTHOPEDICS
2312,M,1,5,GENERAL
2313,F,10,4,CARDIOLOGY
2314,M,6,4,ORTHOPEDICS
2315,F,10,4,GENERAL
2316,M,10,3,GENERAL
2317,F,11,3,GENERAL
2318,F,10,3,GENERAL
2319,M,6,4,CARDIOLOGY
2320,F,6,4,ORTHOPEDICS
2321,F,7,4,ORTHOPEDICS
2322,M,11,3,ORTHOPEDICS
2323,M,10,3,CARDIOLOGY
2324,M,6,4,SURGERY
2325,F,1,5,GENERAL
2326,F,10,3,ORTHOPEDICS
2327,M,1,6,GENERAL
2328,M,1,6,GENERAL
2329,F,6,4,GENERAL
2330,M,6,4,ORTHOPEDICS
2331,F,10,3,GENERAL
2332,F,10,3,GENERAL
2333,F,6,4,ORTHOPEDICS
2334,M,6,4,GENERAL
2335,M,11,3,ORTHOPEDICS
2336,F,1,6,GENERAL
2337,F,13,3,GENERAL
2338,M,1,5,CARDIOLOGY
2339,F,7,4,ORTHOPEDICS
2340,F,1,5,ORTHOPEDICS
2341,M,6,4,SURGERY
2342,M,11,3,ORTHOPEDICS
2343,M,1,5,GENERAL
2344,F,11,3,CARDIOLOGY
2345,F,13,2,GENERAL
2346,M,10,3,GENERAL
2347,F,6,4,GENERAL
2348,M,6,4,GENERAL
2349,F,13,2,CARDIOLOGY
2350,F,1,5,ORTHOPEDICS
2351,M,6,4,GENERAL
2352,M,1,5,GENERAL
2353,M,1,5,CARDIOLOGY
2354,F,8,4,CARDIOLOGY
2355,M,10,3,SURGERY
2356,F,7,4,ORTHOPEDICS
2357,F,11,3,CARDIOLOGY
2358,M,6,4,SURGERY
2359,M,10,4,CARDIOLOGY
2360,M,6,4,GENERAL
2361,F,6,4,GENERAL
2362,M,10,3,SURGERY
2363,F,1,5,ORTHOPEDICS
2364,F,10,3,GENERAL
2365,M,7,4,CARDIOLOGY
2366,M,1,5,SURGERY
2367,F,6,4,SURGERY
2368,F,13,2,ORTHOPEDICS
2369,F,6,4,GENERAL
2370,F,10,4,SURGERY
2371,F,1,7,CARDIOLOGY
2372,M,1,5,CARDIOLOGY
2373,M,6,4,ORTHOPEDICS
2374,M,1,5,GENERAL
2375,F,6,4,GENERAL
2376,M,1,5,GENERAL
2377,F,1,5,GENERAL
2378,M,6,4,SURGERY
2379,M,1,6,GENERAL
2380,M,1,5,GENERAL
2381,F,6,4,GENERAL
2382,F,6,4,ORTHOPEDICS
2383,M,1,6,SURGERY
2384,M,13,2,GENERAL
2385,F,10,3,CARDIOLOGY
2386,F,10,3,SURGERY
2387,F,11,3,SURGERY
2388,M,13,2,GENERAL
2389,M,10,4,ORTHOPEDICS
2390,M,6,4,GENERAL
2391,F,10,3,GENERAL
2392,F,13,3,GENERAL
2393,M,1,6,GENERAL
2394,M,6,4,CARDIOLOGY
2395,M,1,6,GENERAL
2396,F,11,3,SURGERY
2397,F,10,3,GENERAL
2398,M,1,5,CARDIOLOGY
2399,F,10,3,GENERAL
2400,F,11,3,CARDIOLOGY
2401,F,13,2,GENERAL
2402,M,6,4,GENERAL
2403,M,1,5,ORTHOPEDICS
2404,F,6,4,ORTHOPEDICS
2405,M,10,4,ORTHOPEDICS
2406,M,10,4,SURGERY
2407,F,10,3,CARDIOLOGY
2408,M,1,5,GENERAL
2409,M,10,3,CARDIOLOGY
2410,F,10,4,GENERAL
2411,F,10,4,SURGERY
2412,F,1,6,CARDIOLOGY
2413,F,1,6,GENERAL
2414,F,13,2,CARDIOLOGY
2415,M,1,6,GENERAL
2416,F,11,3,SURGERY
2417,M,10,3,GENERAL
2418,F,1,5,GENERAL
2419,F,7,4,SURGERY
2420,M,11,3,SURGERY
2421,F,6,4,CARDIOLOGY
2422,F,1,5,CARDIOLOGY
2423,F,6,4,CARDIOLOGY
2424,M,1,5,ORTHOPEDICS
2425,F,7,4,SURGERY
2426,F,11,3,SURGERY
2427,M,1,5,GENERAL
2428,F,13,2,ORTHOPEDICS
2429,M,6,4,ORTHOPEDICS
2430,F,13,3,GENERAL
2431,F,7,4,SURGERY
2432,M,1,5,SURGERY
2433,F,6,4,GENERAL
2434,M,1,5,ORTHOPEDICS
2435,F,6,4,GENERAL
2436,F,6,4,GENERAL
2437,M,13,3,GENERAL
2438,F,13,3,GENERAL
2439,M,1,6,SURGERY
2440,F,1,5,CARDIOLOGY
2441,F,1,5,SURGERY
2442,M,10,3,GENERAL
2443,M,1,5,SURGERY
2444,F,1,5,GENERAL
2445,F,6,4,CARDIOLOGY
2446,F,1,5,GENERAL
2447,M,1,5,ORTHOPEDICS
2448,M,1,5,ORTHOPEDICS
2449,M,6,4,SURGERY
2450,F,6,4,GENERAL
2451,F,1,5,SURGERY
2452,F,13,3,SURGERY
2453,M,6,4,CARDIOLOGY
2454,M,1,6,ORTHOPEDICS
2455,M,1,5,ORTHOPEDICS
2456,M,13,2,GENERAL
2457,F,6,4,GENERAL
2458,M,1,5,GENERAL
2459,M,1,5,GENERAL
2460,M,1,5,GENERAL
2461,M,7,4,SURGERY
2462,M,6,4,GENERAL
2463,M,6,4,GENERAL
2464,F,10,4,GENERAL
2465,M,13,2,CARDIOLOGY
2466,M,10,3,CARDIOLOGY
2467,F,10,3,GENERAL
2468,F,13,2,ORTHOPEDICS
2469,F,1,6,GENERAL
2470,M,1,6,SURGERY
2471,M,6,4,GENERAL
2472,F,1,5,CARDIOLOGY
2473,F,6,4,GENERAL
2474,M,6,4,GENERAL
2475,M,6,4,CARDIOLOGY
2476,F,1,6,SURGERY
2477,M,7,4,GENERAL
2478,M,6,4,SURGERY
2479,M,10,3,SURGERY
2480,M,6,4,GENERAL
2481,M,1,5,CARDIOLOGY
2482,F,6,4,CARDIOLOGY
2483,F,1,5,CARDIOLOGY
2484,M,11,3,ORTHOPEDICS
2485,F,6,4,SURGERY
2486,M,13,1,ORTHOPEDICS
2487,F,13,3,GENERAL
2488,F,10,4,GENERAL
2489,F,1,5,ORTHOPEDICS
2490,M,10,3,GENERAL
2491,F,6,4,SURGERY
2492,M,7,4,CARDIOLOGY
2493,M,1,5,GENERAL
2494,F,1,5,GENERAL
2495,F,6,4,GENERAL
2496,M,1,5,GENERAL
2497,F,7,4,GENERAL
2498,M,7,4,SURGERY
2499,M,13,2,ORTHOPEDICS
2500,F,6,4,SURGERY
2501,F,6,4,GENERAL
2502,F,1,6,GENERAL
2503,M,1,5,GENERAL
2504,M,6,4,SURGERY
2505,M,1,5,ORTHOPEDICS
2506,M,6,4,ORTHOPEDICS
2507,M,11,3,SURGERY
2508,M,6,4,GENERAL
2509,F,7,4,CARDIOLOGY
2510,F,1,5,GENERAL
2511,M,1,5,GENERAL
2512,M,6,4,SURGERY
2513,F,1,6,CARDIOLOGY
2514,F,10,3,CARDIOLOGY
2515,F,13,3,CARDIOLOGY
2516,F,10,3,CARDIOLOGY
2517,F,10,3,SURGERY
2518,M,6,4,GENERAL
2519,F,1,5,GENERAL
2520,F,13,3,ORTHOPEDICS
2521,F,10,4,ORTHOPEDICS
2522,M,10,4,SURGERY
2523,F,1,5,SURGERY
2524,F,8,4,GENERAL
2525,M,6,4,GENERAL
2526,F,6,4,CARDIOLOGY
2527,F,11,3,SURGERY
2528,M,10,4,GENERAL
2529,M,13,3,ORTHOPEDICS
2530,F,13,3,GENERAL
2531,F,1,6,GENERAL
2532,F,7,4,CARDIOLOGY
2533,M,10,3,GENERAL
2534,M,7,4,ORTHOPEDICS
2535,M,11,3,GENERAL
2536,M,13,3,GENERAL
2537,F,10,4,ORTHOPEDICS
2538,F,7,4,GENERAL
2539,F,6,4,GENERAL
2540,F,1,5,CARDIOLOGY
2541,F,13,3,SURGERY
2542,M,6,4,SURGERY
2543,F,6,4,GENERAL
2544,M,10,4,GENERAL
2545,F,11,3,CARDIOLOGY
2546,M,10,3,SURGERY
2547,M,10,3,GENERAL
2548,M,10,3,GENERAL
2549,F,11,3,GENERAL
2550,F,1,6,CARDIOLOGY
2551,M,1,5,GENERAL
2552,F,13,2,SURGERY
2553,F,1,6,CARDIOLOGY
2554,M,10,3,SURGERY
2555,M,1,5,CARDIOLOGY
2556,F,7,4,CARDIOLOGY
2557,M,6,4,ORTHOPEDICS
2558,F,10,3,SURGERY
2559,F,1,5,SURGERY
2560,M,10,3,SURGERY
2561,F,1,5,GENERAL
2562,M,1,5,GENERAL
2563,F,13,2,CARDIOLOGY
2564,F,13,3,CARDIOLOGY
2565,M,13,3,CARDIOLOGY
2566,M,6,4,SURGERY
2567,M,1,5,GENERAL
2568,M,1,5,GENERAL
2569,M,6,4,ORTHOPEDICS
2570,F,13,3,GENERAL
2571,F,10,3,SURGERY
2572,F,11,3,GENERAL
2573,F,6,4,SURGERY
2574,M,7,4,ORTHOPEDICS
2575,F,10,4,GENERAL
2576,M,6,4,CARDIOLOGY
2577,F,13,2,CARDIOLOGY
2578,F,1,5,SURGERY
2579,M,1,5,SURGERY
2580,F,1,5,CARDIOLOGY
2581,F,7,4,SURGERY
2582,M,7,4,GENERAL
2583,M,10,4,CARDIOLOGY
2584,F,6,4,GENERAL
2585,M,6,4,CARDIOLOGY
2586,F,1,5,SURGERY
2587,F,11,3,CARDIOLOGY
2588,F,6,4,ORTHOPEDICS
2589,M,10,3,SURGERY
2590,F,6,4,GENERAL
2591,F,6,4,SURGERY
2592,M,1,5,CARDIOLOGY
2593,F,1,5,CARDIOLOGY
2594,M,13,2,GENERAL
2595,M,10,4,SURGERY
2596,M,13,3,CARDIOLOGY
2597,M,10,3,GENERAL
2598,F,6,4,CARDIOLOGY
2599,F,7,4,GENERAL
2600,F,1,5,CARDIOLOGY
2601,M,10,3,ORTHOPEDICS
2602,M,7,4,GENERAL
2603,M,1,6,SURGERY
2604,F,6,4,SURGERY
2605,F,6,4,GENERAL
2606,M,1,7,ORTHOPEDICS
2607,F,6,4,CARDIOLOGY
2608,F,13,2,ORTHOPEDICS
2609,F,10,3,ORTHOPEDICS
2610,F,1,5,ORTHOPEDICS
2611,M,1,5,ORTHOPEDICS
2612,M,6,4,GENERAL
2613,M,10,3,CARDIOLOGY
2614,F,1,5,GENERAL
2615,M,13,2,GENERAL
2616,F,6,4,GENERAL
2617,F,10,3,GENERAL
2618,F,10,3,GENERAL
2619,M,6,4,GENERAL
2620,M,11,3,ORTHOPEDICS
2621,F,10,3,CARDIOLOGY
2622,F,10,3,GENERAL
2623,M,6,4,SURGERY
2624,M,13,2,ORTHOPEDICS
2625,F,11,3,GENERAL
2626,F,6,4,GENERAL
2627,F,1,6,GENERAL
2628,F,6,4,SURGERY
2629,F,10,4,GENERAL
2630,M,13,2,SURGERY
2631,F,1,5,GENERAL
2632,M,8,4,SURGERY
2633,M,10,3,CARDIOLOGY
2634,M,1,5,SURGERY
2635,M,1,5,ORTHOPEDICS
2636,F,13,2,ORTHOPEDICS
2637,F,6,5,ORTHOPEDICS
2638,F,1,5,ORTHOPEDICS
2639,F,10,4,CARDIOLOGY
2640,M,6,4,SURGERY
2641,M,7,4,CARDIOLOGY
2642,M,1,6,SURGERY
2643,M,10,4,GENERAL
2644,F,6,4,SURGERY
2645,F,6,4,CARDIOLOGY
2646,M,10,4,GENERAL
2647,M,7,4,CARDIOLOGY
2648,M,1,5,SURGERY
2649,M,6,4,GENERAL
2650,M,13,2,ORTHOPEDICS
2651,M,11,3,GENERAL
2652,M,10,3,ORTHOPEDICS
2653,M,13,2,GENERAL
2654,M,13,3,SURGERY
2655,F,1,5,ORTHOPEDICS
2656,F,6,4,GENERAL
2657,F,10,4,GENERAL
2658,M,12,3,GENERAL
2659,F,6,4,SURGERY
2660,F,6,4,CARDIOLOGY
2661,F,10,4,CARDIOLOGY
2662,M,1,5,CARDIOLOGY
2663,F,1,5,GENERAL
2664,M,6,4,CARDIOLOGY
2665,M,1,5,CARDIOLOGY
2666,F,10,3,ORTHOPEDICS
2667,F,13,2,GENERAL
2668,M,1,5,ORTHOPEDICS
2669,M,1,5,ORTHOPEDICS
2670,F,13,3,SURGERY
2671,F,6,4,SURGERY
2672,M,10,4,GENERAL
2673,F,6,4,CARDIOLOGY
2674,F,10,3,GENERAL
2675,F,7,4,GENERAL
2676,F,1,5,CARDIOLOGY
2677,F,10,3,CARDIOLOGY
2678,M,10,4,GENERAL
2679,F,6,4,CARDIOLOGY
2680,F,6,4,SURGERY
2681,M,6,4,GENERAL
2682,F,10,4,GENERAL
2683,M,1,6,GENERAL
2684,F,10,3,ORTHOPEDICS
2685,M,10,3,SURGERY
2686,F,1,5,CARDIOLOGY
2687,F,1,5,ORTHOPEDICS
2688,F,6,4,SURGERY
2689,M,6,5,GENERAL
2690,F,1,5,GENERAL
2691,F,6,4,GENERAL
2692,F,8,4,GENERAL
2693,M,6,4,CARDIOLOGY
2694,M,13,3,SURGERY
2695,M,10,4,CARDIOLOGY
2696,F,1,5,GENERAL
2697,M,8,4,ORTHOPEDICS
2698,M,10,3,GENERAL
2699,M,1,5,GENERAL
2700,F,1,6,GENERAL
2701,M,6,4,ORTHOPEDICS
2702,M,13,2,CARDIOLOGY
2703,F,13,3,GENERAL
2704,M,1,5,ORTHOPEDICS
2705,F,13,3,CARDIOLOGY
2706,F,6,4,GENERAL
2707,M,6,5,CARDIOLOGY
2708,M,10,3,GENERAL
2709,F,1,6,GENERAL
2710,M,1,5,GENERAL
2711,F,1,6,GENERAL
2712,M,1,6,CARDIOLOGY
2713,F,7,4,GENERAL
2714,F,13,3,GENERAL
2715,M,6,4,CARDIOLOGY
2716,M,6,4,GENERAL
2717,M,1,5,ORTHOPEDICS
2718,F,6,5,CARDIOLOGY
2719,F,1,5,CARDIOLOGY
2720,F,1,5,ORTHOPEDICS
2721,F,1,5,CARDIOLOGY
2722,F,10,4,GENERAL
2723,F,6,4,GENERAL
2724,F,1,5,GENERAL
2725,M,6,4,CARDIOLOGY
2726,F,7,4,CARDIOLOGY
2727,M,6,4,CARDIOLOGY
2728,M,6,4,GENERAL
2729,M,10,3,SURGERY
2730,M,1,5,GENERAL
2731,F,6,4,ORTHOPEDICS
2732,F,13,3,CARDIOLOGY
2733,M,6,4,GENERAL
2734,M,13,2,SURGERY
2735,F,13,3,SURGERY
2736,F,13,3,CARDIOLOGY
2737,M,1,5,SURGERY
2738,F,10,4,CARDIOLOGY
2739,M,7,4,CARDIOLOGY
2740,F,1,5,GENERAL
2741,M,1,5,GENERAL
2742,F,1,5,GENERAL
2743,M,7,4,CARDIOLOGY
2744,M,1,6,SURGERY
2745,M,11,3,GENERAL
2746,F,13,3,CARDIOLOGY
2747,F,1,5,SURGERY
2748,M,6,4,ORTHOPEDICS
2749,F,10,4,CARDIOLOGY
2750,F,1,5,ORTHOPEDICS
2751,F,6,4,GENERAL
2752,F,1,5,GENERAL
2753,F,10,4,GENERAL
2754,F,1,5,ORTHOPEDICS
2755,M,6,4,CARDIOLOGY
2756,F,7,4,CARDIOLOGY
2757,F,1,5,CARDIOLOGY
2758,M,13,3,SURGERY
2759,M,1,6,SURGERY
2760,F,1,5,GENERAL
2761,M,1,5,GENERAL
2762,M,10,3,CARDIOLOGY
2763,F,6,4,SURGERY
2764,F,6,4,GENERAL
2765,F,1,6,GENERAL
2766,F,6,4,GENERAL
2767,M,6,4,ORTHOPEDICS
2768,M,8,4,GENERAL
2769,M,1,5,CARDIOLOGY
2770,F,6,4,GENERAL
2771,F,10,4,GENERAL
2772,F,1,6,GENERAL
2773,F,1,5,ORTHOPEDICS
2774,M,6,4,GENERAL
2775,M,1,5,SURGERY
2776,F,10,4,GENERAL
2777,F,10,4,SURGERY
2778,M,10,4,GENERAL
2779,M,1,6,GENERAL
2780,F,1,5,SURGERY
2781,F,1,6,GENERAL
2782,F,10,4,ORTHOPEDICS
2783,M,1,5,GENERAL
2784,F,6,4,CARDIOLOGY
2785,M,7,4,CARDIOLOGY
2786,F,1,5,SURGERY
2787,M,6,4,GENERAL
2788,F,1,5,SURGERY
2789,M,6,4,GENERAL
2790,F,1,5,GENERAL
2791,F,7,4,ORTHOPEDICS
2792,M,6,4,GENERAL
2793,M,6,4,ORTHOPEDICS
2794,M,10,4,GENERAL
2795,M,10,4,SURGERY
2796,M,1,5,GENERAL
2797,M,10,3,ORTHOPEDICS
2798,M,10,4,GENERAL
2799,F,1,5,GENERAL
2800,M,8,4,SURGERY
2801,M,6,4,CARDIOLOGY
2802,F,6,4,GENERAL
2803,M,1,6,ORTHOPEDICS
2804,F,1,5,GENERAL
2805,M,1,6,GENERAL
2806,M,10,3,ORTHOPEDICS
2807,M,1,5,ORTHOPEDICS
2808,M,10,3,SURGERY
2809,M,6,4,GENERAL
2810,M,6,5,CARDIOLOGY
2811,M,1,5,GENERAL
2812,M,1,5,CARDIOLOGY
2813,F,10,3,GENERAL
2814,F,1,5,GENERAL
2815,M,1,6,GENERAL
2816,F,6,4,GENERAL
2817,F,10,3,CARDIOLOGY
2818,F,1,5,ORTHOPEDICS
2819,F,6,4,CARDIOLOGY
2820,F,10,3,GENERAL
2821,M,6,5,GENERAL
2822,F,7,4,CARDIOLOGY
2823,M,6,4,GENERAL
2824,M,10,3,GENERAL
2825,M,13,1,SURGERY
2826,F,1,5,GENERAL
2827,M,6,4,ORTHOPEDICS
2828,F,6,4,SURGERY
2829,M,1,6,CARDIOLOGY
2830,M,11,3,SURGERY
2831,F,1,5,GENERAL
2832,M,6,4,GENERAL
2833,M,6,4,GENERAL
2834,F,1,5,GENERAL
2835,M,1,5,GENERAL
2836,M,7,4,GENERAL
2837,M,1,5,ORTHOPEDICS
2838,F,10,4,ORTHOPEDICS
2839,M,1,5,GENERAL
2840,M,11,3,GENERAL
2841,M,10,4,CARDIOLOGY
2842,F,10,3,CARDIOLOGY
2843,M,6,4,ORTHOPEDICS
2844,M,10,4,ORTHOPEDICS
2845,M,11,3,ORTHOPEDICS
2846,F,6,4,GENERAL
2847,F,6,4,ORTHOPEDICS
2848,M,1,5,GENERAL
2849,M,1,5,ORTHOPEDICS
2850,M,1,5,GENERAL
2851,M,6,4,CARDIOLOGY
2852,F,13,1,CARDIOLOGY
2853,F,10,3,CARDIOLOGY
2854,F,1,5,CARDIOLOGY
2855,M,1,5,CARDIOLOGY
2856,M,6,4,CARDIOLOGY
2857,M,1,5,GENERAL
2858,F,11,3,GENERAL
2859,M,13,2,CARDIOLOGY
2860,M,10,3,SURGERY
2861,M,10,4,SURGERY
2862,M,6,4,CARDIOLOGY
2863,M,1,6,SURGERY
2864,F,10,4,GENERAL
2865,M,10,4,CARDIOLOGY
2866,M,13,3,GENERAL
2867,M,10,3,CARDIOLOGY
2868,F,13,2,GENERAL
2869,M,7,4,SURGERY
2870,M,11,3,CARDIOLOGY
2871,M,6,4,GENERAL
2872,M,10,4,GENERAL
2873,M,10,3,GENERAL
2874,F,1,6,ORTHOPEDICS
2875,M,13,2,GENERAL
2876,M,6,4,ORTHOPEDICS
2877,F,7,4,CARDIOLOGY
2878,M,1,5,CARDIOLOGY
2879,M,7,4,CARDIOLOGY
2880,F,6,4,SURGERY
2881,M,13,3,GENERAL
2882,M,13,2,ORTHOPEDICS
2883,F,10,3,SURGERY
2884,F,13,3,GENERAL
2885,M,10,4,SURGERY
2886,F,7,4,GENERAL
2887,F,1,5,SURGERY
2888,F,1,5,GENERAL
2889,F,1,5,SURGERY
2890,M,10,3,CARDIOLOGY
2891,M,10,4,SURGERY
2892,M,1,6,SURGERY
2893,M,1,6,GENERAL
2894,F,10,4,GENERAL
2895,M,13,2,SURGERY
2896,F,1,5,GENERAL
2897,M,1,6,ORTHOPEDICS
2898,F,1,5,CARDIOLOGY
2899,F,10,4,SURGERY
2900,F,11,3,GENERAL
2901,M,6,4,ORTHOPEDICS
2902,M,13,2,GENERAL
2903,M,1,6,SURGERY
2904,M,12,3,SURGERY
2905,F,10,3,CARDIOLOGY
2906,M,10,3,GENERAL
2907,M,11,3,GENERAL
2908,M,6,4,GENERAL
2909,F,7,4,ORTHOPEDICS
2910,F,1,6,SURGERY
2911,F,1,6,GENERAL
2912,M,13,2,GENERAL
2913,F,6,5,ORTHOPEDICS
2914,M,13,3,SURGERY
2915,M,10,3,ORTHOPEDICS
2916,F,6,4,GENERAL
2917,M,1,5,ORTHOPEDICS
2918,F,6,4,SURGERY
2919,F,10,3,GENERAL
2920,M,1,5,ORTHOPEDICS
2921,F,6,4,GENERAL
2922,F,11,3,ORTHOPEDICS
2923,M,10,3,ORTHOPEDICS
2924,M,7,4,ORTHOPEDICS
2925,F,1,5,ORTHOPEDICS
2926,M,13,2,GENERAL
2927,F,10,3,SURGERY
2928,M,6,5,GENERAL
2929,F,10,4,GENERAL
2930,F,1,5,ORTHOPEDICS
2931,M,7,4,SURGERY
2932,M,6,4,CARDIOLOGY
2933,M,1,6,CARDIOLOGY
2934,M,1,5,CARDIOLOGY
2935,M,12,3,CARDIOLOGY
2936,M,6,4,CARDIOLOGY
2937,F,13,2,ORTHOPEDICS
2938,M,10,3,ORTHOPEDICS
2939,M,6,4,GENERAL
2940,F,1,5,GENERAL
2941,F,6,5,CARDIOLOGY
2942,F,6,4,GENERAL
2943,M,10,3,GENERAL
2944,F,7,4,ORTHOPEDICS
2945,M,1,6,CARDIOLOGY
2946,F,13,2,SURGERY
2947,F,1,6,SURGERY
2948,M,1,6,GENERAL
2949,M,1,5,SURGERY
2950,M,6,4,CARDIOLOGY
2951,F,1,5,SURGERY
2952,M,10,4,ORTHOPEDICS
2953,M,7,4,ORTHOPEDICS
2954,F,10,3,ORTHOPEDICS
2955,M,7,4,CARDIOLOGY
2956,F,1,5,GENERAL
2957,F,1,5,GENERAL
2958,F,1,6,GENERAL
2959,M,1,5,SURGERY
2960,M,6,4,SURGERY
2961,F,6,4,SURGERY
2962,F,6,4,ORTHOPEDICS
2963,M,7,4,GENERAL
2964,M,1,5,GENERAL
2965,M,6,4,ORTHOPEDICS
2966,M,1,6,ORTHOPEDICS
2967,F,10,4,ORTHOPEDICS
2968,F,6,4,SURGERY
2969,M,6,4,GENERAL
2970,M,6,4,ORTHOPEDICS
2971,F,6,5,SURGERY
2972,M,1,7,SURGERY
2973,F,6,4,GENERAL
2974,M,6,4,CARDIOLOGY
2975,M,1,5,SURGERY
2976,F,13,2,GENERAL
2977,M,13,1,SURGERY
2978,M,1,5,GENERAL
2979,F,6,4,ORTHOPEDICS
2980,M,10,4,ORTHOPEDICS
2981,F,11,3,SURGERY
2982,F,1,5,GENERAL
2983,M,1,5,GENERAL
2984,M,10,3,CARDIOLOGY
2985,M,1,5,ORTHOPEDICS
2986,M,1,5,GENERAL
2987,F,10,3,CARDIOLOGY
2988,F,13,2,GENERAL
2989,M,1,5,SURGERY
2990,F,1,5,SURGERY
2991,F,13,2,ORTHOPEDICS
2992,M,10,3,GENERAL
2993,F,10,4,SURGERY
2994,F,13,3,GENERAL
2995,M,6,4,GENERAL
2996,M,10,4,GENERAL
2997,M,10,4,ORTHOPEDICS
2998,F,7,4,SURGERY
2999,M,6,4,GENERAL
3000,F,6,4,CARDIOLOGY
3001,M,6,4,ORTHOPEDICS
3002,F,6,4,GENERAL
3003,M,10,3,SURGERY
3004,M,7,4,SURGERY
3005,F,7,4,GENERAL
3006,M,13,2,GENERAL
3007,F,6,4,SURGERY
3008,M,1,6,SURGERY
3009,F,6,4,CARDIOLOGY
3010,M,11,3,ORTHOPEDICS
3011,M,1,5,SURGERY
3012,F,12,3,GENERAL
3013,F,13,3,SURGERY
3014,M,6,4,GENERAL
3015,M,1,5,ORTHOPEDICS
3016,F,1,7,SURGERY
3017,M,11,3,GENERAL
3018,M,1,5,ORTHOPEDICS
3019,F,6,4,CARDIOLOGY
3020,F,1,6,ORTHOPEDICS
3021,F,10,3,GENERAL
3022,M,10,3,GENERAL
3023,M,7,4,SURGERY
3024,F,10,4,CARDIOLOGY
3025,M,10,3,SURGERY
3026,M,10,4,SURGERY
3027,F,6,4,SURGERY
3028,F,10,3,GENERAL
3029,F,13,2,SURGERY
3030,F,10,3,CARDIOLOGY
3031,M,1,5,GENERAL
3032,M,1,5,ORTHOPEDICS
3033,M,11,3,CARDIOLOGY
3034,M,13,1,GENERAL
3035,M,13,2,GENERAL
3036,F,10,4,GENERAL
3037,M,10,3,ORTHOPEDICS
3038,F,6,4,GENERAL
3039,F,13,1,GENERAL
3040,M,6,4,GENERAL
3041,F,10,4,GENERAL
3042,F,1,5,GENERAL
3043,M,10,3,SURGERY
3044,M,1,5,CARDIOLOGY
3045,M,6,4,CARDIOLOGY
3046,F,1,6,GENERAL
3047,F,6,4,ORTHOPEDICS
3048,F,13,3,GENERAL
3049,F,6,4,GENERAL
3050,M,13,3,GENERAL
3051,M,6,5,GENERAL
3052,F,13,3,GENERAL
3053,F,6,4,SURGERY
3054,F,13,2,GENERAL
3055,F,10,3,SURGERY
3056,M,13,2,GENERAL
3057,M,13,2,GENERAL
3058,F,11,3,GENERAL
3059,M,1,5,GENERAL
3060,M,6,4,ORTHOPEDICS
3061,M,1,6,ORTHOPEDICS
3062,F,7,4,CARDIOLOGY
3063,M,6,4,ORTHOPEDICS
3064,F,13,3,GENERAL
3065,M,1,5,ORTHOPEDICS
3066,F,1,5,CARDIOLOGY
3067,M,6,4,ORTHOPEDICS
3068,M,13,2,GENERAL
3069,F,11,3,ORTHOPEDICS
3070,M,10,4,GENERAL
3071,M,1,5,GENERAL
3072,F,1,6,SURGERY
3073,M,1,6,GENERAL
3074,F,11,3,GENERAL
3075,M,1,5,GENERAL
3076,F,1,5,GENERAL
3077,M,10,3,SURGERY
3078,M,1,5,GENERAL
3079,F,1,5,CARDIOLOGY
3080,F,10,4,GENERAL
3081,M,1,5,CARDIOLOGY
3082,F,10,3,SURGERY
3083,M,6,4,CARDIOLOGY
3084,M,1,5,GENERAL
3085,F,6,4,ORTHOPEDICS
3086,F,6,4,GENERAL
3087,M,11,3,GENERAL
3088,F,1,5,SURGERY
3089,F,7,4,SURGERY
3090,M,10,3,SURGERY
3091,F,1,5,GENERAL
3092,F,1,5,GENERAL
3093,M,1,5,CARDIOLOGY
3094,M,1,5,GENERAL
3095,M,10,3,ORTHOPEDICS
3096,M,6,4,SURGERY
3097,F,13,3,SURGERY
3098,F,10,4,SURGERY
3099,M,1,6,CARDIOLOGY
3100,F,10,3,ORTHOPEDICS
3101,F,1,5,ORTHOPEDICS
3102,F,1,5,GENERAL
3103,F,1,6,ORTHOPEDICS
3104,F,6,4,GENERAL
3105,M,10,3,CARDIOLOGY
3106,F,1,5,CARDIOLOGY
3107,M,1,6,ORTHOPEDICS
3108,F,6,4,GENERAL
3109,M,6,4,SURGERY
3110,M,1,5,SURGERY
3111,M,1,5,GENERAL
3112,M,10,3,CARDIOLOGY
3113,F,7,4,ORTHOPEDICS
3114,F,7,4,GENERAL
3115,M,10,4,SURGERY
3116,M,7,4,CARDIOLOGY
3117,F,6,5,GENERAL
3118,F,10,4,GENERAL
3119,M,13,2,CARDIOLOGY
3120,M,6,4,GENERAL
3121,M,13,2,SURGERY
3122,F,7,4,GENERAL
3123,F,1,5,ORTHOPEDICS
3124,F,1,5,ORTHOPEDICS
3125,M,6,4,GENERAL
3126,M,10,4,SURGERY
3127,F,6,4,GENERAL
3128,M,1,6,CARDIOLOGY
3129,F,6,4,CARDIOLOGY
3130,F,13,2,CARDIOLOGY
3131,M,1,5,SURGERY
3132,M,11,3,SURGERY
3133,M,13,2,GENERAL
3134,M,6,4,GENERAL
3135,M,6,4,ORTHOPEDICS
3136,M,7,4,GENERAL
3137,F,13,3,GENERAL
3138,F,7,4,ORTHOPEDICS
3139,F,1,5,SURGERY
3140,F,7,4,ORTHOPEDICS
3141,M,10,4,GENERAL
3142,F,1,5,ORTHOPEDICS
3143,F,6,4,SURGERY
3144,F,7,4,GENERAL
3145,M,13,3,SURGERY
3146,M,11,3,ORTHOPEDICS
3147,M,10,4,SURGERY
3148,F,1,5,ORTHOPEDICS
3149,F,1,5,ORTHOPEDICS
3150,M,10,4,GENERAL
3151,M,10,3,CARDIOLOGY
3152,M,10,3,GENERAL
3153,F,7,4,ORTHOPEDICS
3154,F,6,4,ORTHOPEDICS
3155,F,1,6,GENERAL
3156,M,6,4,SURGERY
3157,F,6,4,SURGERY
3158,F,10,3,ORTHOPEDICS
3159,M,6,5,GENERAL
3160,M,11,3,GENERAL
3161,F,6,4,GENERAL
3162,M,7,4,GENERAL
3163,M,1,5,SURGERY
3164,M,6,4,ORTHOPEDICS
3165,F,1,5,GENERAL
3166,M,10,4,ORTHOPEDICS
3167,F,6,4,GENERAL
3168,F,6,4,GENERAL
3169,F,6,4,SURGERY
3170,M,10,4,SURGERY
3171,M,1,5,ORTHOPEDICS
3172,M,6,4,SURGERY
3173,M,8,4,SURGERY
3174,F,7,4,CARDIOLOGY
3175,M,6,4,GENERAL
3176,F,10,3,GENERAL
3177,M,6,4,SURGERY
3178,F,6,4,GENERAL
3179,M,7,4,ORTHOPEDICS
3180,M,1,6,GENERAL
3181,M,1,5,GENERAL
3182,M,6,4,CARDIOLOGY
3183,F,13,2,ORTHOPEDICS
3184,F,6,4,SURGERY
3185,F,13,2,GENERAL
3186,M,10,3,GENERAL
3187,F,6,4,GENERAL
3188,F,13,2,GENERAL
3189,M,13,2,ORTHOPEDICS
3190,F,11,3,ORTHOPEDICS
3191,F,1,5,GENERAL
3192,M,13,2,ORTHOPEDICS
3193,F,6,4,GENERAL
3194,F,11,3,GENERAL
3195,M,1,5,GENERAL
3196,M,11,3,CARDIOLOGY
3197,F,1,6,SURGERY
3198,M,11,3,CARDIOLOGY
3199,F,1,5,GENERAL
3200,F,11,3,SURGERY
3201,M,6,4,ORTHOPEDICS
3202,M,1,5,CARDIOLOGY
3203,F,1,5,GENERAL
3204,F,10,4,GENERAL
3205,M,10,4,ORTHOPEDICS
3206,F,11,3,GENERAL
3207,M,10,3,GENERAL
3208,F,7,4,SURGERY
3209,M,1,5,SURGERY
3210,F,1,6,GENERAL
3211,F,7,4,SURGERY
3212,F,10,3,SURGERY
3213,M,1,5,SURGERY
3214,M,10,3,GENERAL
3215,F,6,4,GENERAL
3216,F,10,3,GENERAL
3217,M,6,4,GENERAL
3218,M,1,5,GENERAL
3219,M,13,2,GENERAL
3220,M,10,4,GENERAL
3221,F,11,3,GENERAL
3222,M,10,4,ORTHOPEDICS
3223,M,1,5,CARDIOLOGY
3224,F,11,3,ORTHOPEDICS
3225,F,10,4,GENERAL
3226,F,10,3,CARDIOLOGY
3227,F,12,3,GENERAL
3228,M,1,6,ORTHOPEDICS
3229,M,1,5,CARDIOLOGY
3230,F,1,5,ORTHOPEDICS
3231,F,1,5,GENERAL
3232,M,6,4,GENERAL
3233,F,1,5,ORTHOPEDICS
3234,M,6,4,GENERAL
3235,M,1,5,CARDIOLOGY
3236,M,10,4,ORTHOPEDICS
3237,M,1,5,GENERAL
3238,F,1,5,SURGERY
3239,F,13,3,GENERAL
3240,F,1,5,GENERAL
3241,F,1,6,SURGERY
3242,F,6,4,GENERAL
3243,M,10,4,SURGERY
3244,M,1,5,CARDIOLOGY
3245,F,6,4,GENERAL
3246,M,1,6,GENERAL
3247,M,1,6,GENERAL
3248,F,6,4,CARDIOLOGY
3249,M,10,4,GENERAL
3250,M,1,5,GENERAL
3251,M,1,5,GENERAL
3252,M,6,4,GENERAL
3253,M,1,5,ORTHOPEDICS
3254,F,6,4,GENERAL
3255,F,10,3,ORTHOPEDICS
3256,F,1,5,ORTHOPEDICS
3257,M,10,4,ORTHOPEDICS
3258,F,6,4,GENERAL
3259,F,6,4,SURGERY
3260,F,11,3,CARDIOLOGY
3261,F,10,3,GENERAL
3262,F,13,2,CARDIOLOGY
3263,M,1,6,SURGERY
3264,M,1,5,SURGERY
3265,M,1,5,SURGERY
3266,M,10,3,ORTHOPEDICS
3267,M,13,1,SURGERY
3268,M,6,4,SURGERY
3269,F,1,5,GENERAL
3270,F,10,4,CARDIOLOGY
3271,M,10,3,GENERAL
3272,F,10,3,ORTHOPEDICS
3273,M,10,4,ORTHOPEDICS
3274,M,11,3,GENERAL
3275,M,13,2,GENERAL
3276,F,1,5,GENERAL
3277,M,10,4,ORTHOPEDICS
3278,F,11,3,SURGERY
3279,F,1,5,ORTHOPEDICS
3280,M,1,5,ORTHOPEDICS
3281,F,6,4,SURGERY
3282,F,10,3,GENERAL
3283,M,13,2,GENERAL
3284,F,8,4,GENERAL
3285,F,6,4,SURGERY
3286,M,7,4,ORTHOPEDICS
3287,M,7,4,CARDIOLOGY
3288,F,10,3,CARDIOLOGY
3289,M,1,5,SURGERY
3290,F,13,2,GENERAL
3291,M,6,4,CARDIOLOGY
3292,F,10,4,GENERAL
3293,F,6,4,CARDIOLOGY
3294,F,10,3,ORTHOPEDICS
3295,F,1,5,SURGERY
3296,F,10,4,SURGERY
3297,M,1,5,GENERAL
3298,F,11,3,CARDIOLOGY
3299,F,10,3,GENERAL
3300,F,10,4,GENERAL
3301,F,6,4,ORTHOPEDICS
3302,M,1,6,GENERAL
3303,M,1,5,ORTHOPEDICS
3304,M,6,4,CARDIOLOGY
3305,F,10,4,GENERAL
3306,F,6,4,CARDIOLOGY
3307,F,6,4,SURGERY
3308,F,6,4,CARDIOLOGY
3309,F,6,4,CARDIOLOGY
3310,M,10,3,ORTHOPEDICS
3311,M,1,5,ORTHOPEDICS
3312,F,1,5,GENERAL
3313,F,10,3,SURGERY
3314,M,6,4,CARDIOLOGY
3315,F,13,2,GENERAL
3316,M,1,5,SURGERY
3317,F,10,3,CARDIOLOGY
3318,M,13,2,GENERAL
3319,M,13,3,ORTHOPEDICS
3320,F,13,2,CARDIOLOGY
3321,M,10,4,GENERAL
3322,M,11,3,CARDIOLOGY
3323,F,1,6,GENERAL
3324,M,10,3,SURGERY
3325,F,6,4,GENERAL
3326,F,1,5,GENERAL
3327,F,6,4,SURGERY
3328,F,1,5,GENERAL
3329,F,6,4,SURGERY
3330,M,7,4,CARDIOLOGY
3331,M,1,5,SURGERY
3332,F,13,2,GENERAL
3333,F,6,4,SURGERY
3334,M,10,3,ORTHOPEDICS
3335,F,1,5,SURGERY
3336,M,11,3,GENERAL
3337,F,10,4,GENERAL
3338,M,6,4,GENERAL
3339,F,10,4,CARDIOLOGY
3340,F,10,3,SURGERY
3341,F,1,5,SURGERY
3342,F,6,4,SURGERY
3343,F,1,5,GENERAL
3344,F,1,5,GENERAL
3345,M,13,2,GENERAL
3346,F,1,5,GENERAL
3347,F,1,5,GENERAL
3348,F,1,5,ORTHOPEDICS
3349,F,10,3,GENERAL
3350,M,1,5,CARDIOLOGY
3351,M,10,3,CARDIOLOGY
3352,M,1,5,GENERAL
3353,F,7,4,GENERAL
3354,F,1,5,SURGERY
3355,F,13,3,CARDIOLOGY
3356,M,10,4,SURGERY
3357,M,13,2,ORTHOPEDICS
3358,F,6,4,GENERAL
3359,F,11,3,GENERAL
3360,M,6,4,SURGERY
3361,F,6,4,SURGERY
3362,F,6,4,SURGERY
3363,M,11,3,ORTHOPEDICS
3364,F,1,6,GENERAL
3365,F,10,4,SURGERY
3366,M,1,6,ORTHOPEDICS
3367,M,7,4,ORTHOPEDICS
3368,M,6,4,CARDIOLOGY
3369,M,1,5,CARDIOLOGY
3370,F,7,4,GENERAL
3371,F,13,3,SURGERY
3372,F,13,1,CARDIOLOGY
3373,F,6,4,GENERAL
3374,M,1,5,SURGERY
3375,M,6,4,GENERAL
3376,F,1,5,CARDIOLOGY
3377,F,1,5,SURGERY
3378,M,6,4,CARDIOLOGY
3379,F,1,5,GENERAL
3380,M,7,4,GENERAL
3381,M,10,4,CARDIOLOGY
3382,F,1,5,GENERAL
3383,F,6,4,ORTHOPEDICS
3384,M,1,5,SURGERY
3385,F,13,2,SURGERY
3386,F,10,3,GENERAL
3387,F,1,5,CARDIOLOGY
3388,F,13,3,CARDIOLOGY
3389,F,6,4,ORTHOPEDICS
3390,F,1,5,GENERAL
3391,M,1,5,GENERAL
3392,F,1,5,ORTHOPEDICS
3393,M,1,5,GENERAL
3394,M,6,4,GENERAL
3395,F,10,3,SURGERY
3396,M,1,5,ORTHOPEDICS
3397,F,10,3,CARDIOLOGY
3398,F,1,5,GENERAL
3399,M,6,4,CARDIOLOGY
3400,F,7,4,GENERAL
3401,F,6,4,ORTHOPEDICS
3402,M,6,4,SURGERY
3403,M,6,4,CARDIOLOGY
3404,M,10,3,CARDIOLOGY
3405,F,7,4,CARDIOLOGY
3406,M,11,3,CARDIOLOGY
3407,F,1,5,SURGERY
3408,F,1,5,CARDIOLOGY
3409,M,1,6,CARDIOLOGY
3410,M,6,4,GENERAL
3411,F,1,6,GENERAL
3412,M,6,4,ORTHOPEDICS
3413,M,6,4,ORTHOPEDICS
3414,F,10,4,SURGERY
3415,F,10,4,CARDIOLOGY
3416,M,6,4,ORTHOPEDICS
3417,M,6,4,ORTHOPEDICS
3418,M,13,3,ORTHOPEDICS
3419,F,10,3,GENERAL
3420,F,10,4,GENERAL
3421,M,10,4,ORTHOPEDICS
3422,F,1,6,SURGERY
3423,M,13,3,GENERAL
3424,F,6,4,SURGERY
3425,F,1,5,GENERAL
3426,F,1,5,SURGERY
3427,M,6,4,SURGERY
3428,M,6,4,GENERAL
3429,F,6,4,GENERAL
3430,M,1,5,GENERAL
3431,M,11,3,GENERAL
3432,M,10,3,SURGERY
3433,F,11,3,SURGERY
3434,M,11,3,ORTHOPEDICS
3435,F,1,5,GENERAL
3436,M,11,3,ORTHOPEDICS
3437,M,1,5,SURGERY
3438,M,10,3,ORTHOPEDICS
3439,F,13,2,SURGERY
3440,F,10,3,SURGERY
3441,F,6,4,ORTHOPEDICS
3442,M,10,4,ORTHOPEDICS
3443,F,10,3,GENERAL
3444,M,1,5,CARDIOLOGY
3445,F,6,4,GENERAL
3446,M,10,3,GENERAL
3447,M,1,5,GENERAL
3448,M,13,2,CARDIOLOGY
3449,M,11,3,GENERAL
3450,F,10,4,CARDIOLOGY
3451,F,13,2,SURGERY
3452,M,10,3,ORTHOPEDICS
3453,M,13,1,GENERAL
3454,M,7,4,ORTHOPEDICS
3455,M,13,3,GENERAL
3456,F,13,3,ORTHOPEDICS
3457,M,6,4,GENERAL
3458,M,1,5,GENERAL
3459,F,13,3,SURGERY
3460,F,6,4,GENERAL
3461,F,1,5,GENERAL
3462,M,6,4,SURGERY
3463,M,6,4,GENERAL
3464,F,11,3,CARDIOLOGY
3465,M,10,4,ORTHOPEDICS
3466,F,10,3,ORTHOPEDICS
3467,M,6,4,GENERAL
3468,M,6,4,GENERAL
3469,F,11,3,GENERAL
3470,F,10,4,CARDIOLOGY
3471,M,6,4,CARDIOLOGY
3472,F,1,5,SURGERY
3473,F,10,3,GENERAL
3474,F,10,3,CARDIOLOGY
3475,F,1,6,CARDIOLOGY
3476,M,1,5,GENERAL
3477,F,6,4,GENERAL
3478,F,1,5,SURGERY
3479,F,1,5,GENERAL
3480,F,1,5,GENERAL
3481,M,1,6,CARDIOLOGY
3482,F,1,5,GENERAL
3483,M,1,6,CARDIOLOGY
3484,F,13,3,CARDIOLOGY
3485,M,10,4,GENERAL
3486,F,1,6,GENERAL
3487,F,1,5,GENERAL
3488,F,7,4,CARDIOLOGY
3489,F,10,3,GENERAL
3490,F,10,4,CARDIOLOGY
3491,F,6,4,ORTHOPEDICS
3492,M,6,4,ORTHOPEDICS
3493,M,13,2,GENERAL
3494,F,10,4,SURGERY
3495,M,11,3,SURGERY
3496,M,10,3,CARDIOLOGY
3497,M,10,3,GENERAL
3498,M,10,3,ORTHOPEDICS
3499,M,11,3,GENERAL
3500,F,10,3,CARDIOLOGY
3501,F,1,5,ORTHOPEDICS
3502,M,1,5,GENERAL
3503,M,1,5,SURGERY
3504,F,7,4,ORTHOPEDICS
3505,M,10,4,GENERAL
3506,M,6,4,ORTHOPEDICS
3507,F,10,3,SURGERY
3508,F,13,2,GENERAL
3509,F,1,5,ORTHOPEDICS
3510,F,1,5,SURGERY
3511,F,1,6,ORTHOPEDICS
3512,F,7,4,CARDIOLOGY
3513,M,1,5,GENERAL
3514,F,1,5,CARDIOLOGY
3515,M,11,3,GENERAL
3516,F,13,3,GENERAL
3517,M,13,3,GENERAL
3518,M,6,4,GENERAL
3519,M,1,5,CARDIOLOGY
3520,F,1,5,ORTHOPEDICS
3521,M,1,5,GENERAL
3522,F,10,4,CARDIOLOGY
3523,M,10,3,GENERAL
3524,M,6,4,GENERAL
3525,M,11,3,GENERAL
3526,M,6,4,ORTHOPEDICS
3527,F,6,4,ORTHOPEDICS
3528,M,1,5,SURGERY
3529,F,10,3,CARDIOLOGY
3530,F,6,4,ORTHOPEDICS
3531,F,1,5,CARDIOLOGY
3532,F,10,4,SURGERY
3533,M,6,4,GENERAL
3534,F,10,3,SURGERY
3535,M,7,4,SURGERY
3536,M,10,4,CARDIOLOGY
3537,F,1,5,GENERAL
3538,F,6,4,ORTHOPEDICS
3539,M,13,3,CARDIOLOGY
3540,F,1,5,GENERAL
3541,F,13,2,CARDIOLOGY
3542,F,6,4,GENERAL
3543,F,1,5,GENERAL
3544,F,7,4,SURGERY
3545,F,1,5,SURGERY
3546,M,1,5,GENERAL
3547,F,10,3,GENERAL
3548,M,13,2,CARDIOLOGY
3549,F,10,4,GENERAL
3550,M,10,4,ORTHOPEDICS
3551,M,10,4,CARDIOLOGY
3552,M,6,4,SURGERY
3553,M,12,3,GENERAL
3554,M,6,4,SURGERY
3555,F,7,4,GENERAL
3556,F,6,4,GENERAL
3557,M,1,5,ORTHOPEDICS
3558,M,11,3,CARDIOLOGY
3559,M,6,4,GENERAL
3560,M,1,5,GENERAL
3561,M,6,4,GENERAL
3562,F,1,5,GENERAL
3563,F,1,5,SURGERY
3564,F,1,5,CARDIOLOGY
3565,M,7,4,GENERAL
3566,M,6,4,GENERAL
3567,F,1,5,GENERAL
3568,M,1,5,ORTHOPEDICS
3569,F,1,5,CARDIOLOGY
3570,M,6,4,GENERAL
3571,M,10,3,GENERAL
3572,F,6,4,SURGERY
3573,F,10,4,CARDIOLOGY
3574,F,10,3,GENERAL
3575,M,6,4,GENERAL
3576,M,7,4,GENERAL
3577,M,10,4,CARDIOLOGY
3578,M,6,4,ORTHOPEDICS
3579,F,10,3,GENERAL
3580,F,10,3,SURGERY
3581,M,6,4,GENERAL
3582,M,6,4,ORTHOPEDICS
3583,F,6,4,GENERAL
3584,F,1,6,ORTHOPEDICS
3585,M,6,4,GENERAL
3586,F,10,3,CARDIOLOGY
3587,F,10,3,CARDIOLOGY
3588,M,6,4,ORTHOPEDICS
3589,F,6,4,CARDIOLOGY
3590,F,1,5,CARDIOLOGY
3591,F,10,4,SURGERY
3592,F,7,4,ORTHOPEDICS
3593,M,13,2,ORTHOPEDICS
3594,M,6,4,CARDIOLOGY
3595,F,10,4,SURGERY
3596,M,6,4,ORTHOPEDICS
3597,F,8,4,GENERAL
3598,M,1,6,ORTHOPEDICS
3599,F,6,4,GENERAL
3600,F,10,4,GENERAL
3601,M,1,6,ORTHOPEDICS
3602,M,11,3,CARDIOLOGY
3603,M,11,3,ORTHOPEDICS
3604,M,1,5,CARDIOLOGY
3605,M,1,7,ORTHOPEDICS
3606,M,6,4,ORTHOPEDICS
3607,M,6,4,GENERAL
3608,F,8,4,SURGERY
3609,M,1,5,SURGERY
3610,F,6,4,CARDIOLOGY
3611,F,13,1,GENERAL
3612,F,13,3,ORTHOPEDICS
3613,M,11,3,GENERAL
3614,F,10,3,GENERAL
3615,F,10,3,ORTHOPEDICS
3616,F,10,4,GENERAL
3617,M,10,4,SURGERY
3618,F,10,4,SURGERY
3619,F,1,6,CARDIOLOGY
3620,F,6,4,CARDIOLOGY
3621,M,13,3,ORTHOPEDICS
3622,M,1,6,CARDIOLOGY
3623,F,1,5,GENERAL
3624,M,10,4,SURGERY
3625,F,1,5,GENERAL
3626,F,10,3,SURGERY
3627,M,13,2,CARDIOLOGY
3628,F,6,4,SURGERY
3629,M,6,4,CARDIOLOGY
3630,M,1,6,CARDIOLOGY
3631,F,10,4,SURGERY
3632,M,6,4,GENERAL
3633,F,6,4,GENERAL
3634,M,13,2,CARDIOLOGY
3635,M,13,2,ORTHOPEDICS
3636,M,1,5,CARDIOLOGY
3637,M,10,4,GENERAL
3638,M,13,3,GENERAL
3639,M,6,4,GENERAL
3640,M,10,3,CARDIOLOGY
3641,F,10,3,CARDIOLOGY
3642,M,1,6,GENERAL
3643,F,10,4,CARDIOLOGY
3644,M,13,3,GENERAL
3645,M,10,3,ORTHOPEDICS
3646,F,10,4,GENERAL
3647,F,10,3,GENERAL
3648,M,7,4,SURGERY
3649,M,6,4,GENERAL
3650,M,1,6,ORTHOPEDICS
3651,F,11,3,SURGERY
3652,M,10,3,CARDIOLOGY
3653,F,1,5,CARDIOLOGY
3654,M,7,4,GENERAL
3655,M,1,5,CARDIOLOGY
3656,F,1,5,ORTHOPEDICS
3657,M,1,5,GENERAL
3658,F,10,3,CARDIOLOGY
3659,M,13,2,CARDIOLOGY
3660,M,1,5,CARDIOLOGY
3661,F,6,4,GENERAL
3662,F,11,3,CARDIOLOGY
3663,F,1,5,CARDIOLOGY
3664,M,6,4,SURGERY
3665,M,1,6,ORTHOPEDICS
3666,F,7,4,GENERAL
3667,M,6,5,GENERAL
3668,M,6,4,SURGERY
3669,F,1,5,SURGERY
3670,F,13,2,SURGERY
3671,M,1,5,ORTHOPEDICS
3672,M,11,3,SURGERY
3673,F,10,3,SURGERY
3674,F,6,4,CARDIOLOGY
3675,F,1,5,CARDIOLOGY
3676,F,13,3,GENERAL
3677,M,10,3,GENERAL
3678,M,1,6,SURGERY
3679,F,13,3,CARDIOLOGY
3680,F,10,4,ORTHOPEDICS
3681,F,11,3,ORTHOPEDICS
3682,F,10,3,CARDIOLOGY
3683,F,10,4,GENERAL
3684,M,13,2,ORTHOPEDICS
3685,M,10,4,GENERAL
3686,M,1,6,CARDIOLOGY
3687,F,1,5,GENERAL
3688,M,7,4,GENERAL
3689,F,10,3,CARDIOLOGY
3690,F,1,6,ORTHOPEDICS
3691,F,10,4,GENERAL
3692,M,1,5,GENERAL
3693,M,6,4,GENERAL
3694,M,1,5,SURGERY
3695,M,11,3,ORTHOPEDICS
3696,M,6,4,GENERAL
3697,M,1,5,GENERAL
3698,F,12,3,SURGERY
3699,F,6,4,GENERAL
3700,F,6,4,ORTHOPEDICS
3701,M,6,4,CARDIOLOGY
3702,F,10,3,ORTHOPEDICS
3703,F,7,4,ORTHOPEDICS
3704,M,1,5,ORTHOPEDICS
3705,F,6,4,CARDIOLOGY
3706,F,6,4,SURGERY
3707,F,1,5,ORTHOPEDICS
3708,M,1,6,SURGERY
3709,F,1,6,CARDIOLOGY
3710,M,10,4,SURGERY
3711,F,10,3,ORTHOPEDICS
3712,F,1,6,CARDIOLOGY
3713,F,6,4,CARDIOLOGY
3714,M,1,5,GENERAL
3715,M,1,5,ORTHOPEDICS
3716,F,11,3,CARDIOLOGY
3717,F,10,4,SURGERY
3718,M,1,5,GENERAL
3719,F,6,4,GENERAL
3720,F,1,6,GENERAL
3721,M,10,3,GENERAL
3722,M,11,3,GENERAL
3723,F,6,4,ORTHOPEDICS
3724,M,6,4,ORTHOPEDICS
3725,F,13,2,SURGERY
3726,F,10,3,SURGERY
3727,M,1,6,CARDIOLOGY
3728,M,6,4,CARDIOLOGY
3729,M,1,5,GENERAL
3730,F,6,4,ORTHOPEDICS
3731,F,13,2,GENERAL
3732,F,6,4,GENERAL
3733,F,10,4,GENERAL
3734,F,6,4,GENERAL
3735,M,6,4,CARDIOLOGY
3736,F,7,4,GENERAL
3737,F,1,5,ORTHOPEDICS
3738,M,10,3,ORTHOPEDICS
3739,F,1,5,ORTHOPEDICS
3740,F,13,3,ORTHOPEDICS
3741,M,6,4,GENERAL
3742,F,6,5,ORTHOPEDICS
3743,F,13,3,GENERAL
3744,F,11,3,GENERAL
3745,M,1,5,CARDIOLOGY
3746,F,10,3,ORTHOPEDICS
3747,M,10,4,GENERAL
3748,M,6,4,ORTHOPEDICS
3749,M,11,3,GENERAL
3750,F,1,5,CARDIOLOGY
3751,M,6,4,GENERAL
3752,F,1,6,SURGERY
3753,M,10,4,CARDIOLOGY
3754,M,1,5,ORTHOPEDICS
3755,F,6,4,GENERAL
3756,F,6,4,GENERAL
3757,M,10,4,CARDIOLOGY
3758,F,6,4,SURGERY
3759,F,1,5,CARDIOLOGY
3760,F,13,2,ORTHOPEDICS
3761,M,11,3,CARDIOLOGY
3762,M,7,4,CARDIOLOGY
3763,F,1,5,GENERAL
3764,M,11,3,GENERAL
3765,M,1,6,CARDIOLOGY
3766,F,1,5,GENERAL
3767,M,1,5,SURGERY
3768,M,13,1,GENERAL
3769,M,10,3,ORTHOPEDICS
3770,M,11,3,GENERAL
3771,F,11,3,SURGERY
3772,F,11,3,ORTHOPEDICS
3773,M,1,5,ORTHOPEDICS
3774,F,11,3,SURGERY
3775,M,10,4,GENERAL
3776,F,11,3,ORTHOPEDICS
3777,F,1,5,SURGERY
3778,M,6,4,GENERAL
3779,F,11,3,CARDIOLOGY
3780,F,11,3,GENERAL
3781,F,1,6,SURGERY
3782,F,6,4,ORTHOPEDICS
3783,F,10,3,SURGERY
3784,F,7,4,GENERAL
3785,F,1,5,GENERAL
3786,M,1,7,SURGERY
3787,F,1,5,GENERAL
3788,F,1,5,CARDIOLOGY
3789,M,6,4,CARDIOLOGY
3790,F,6,5,GENERAL
3791,M,13,2,GENERAL
3792,F,6,4,CARDIOLOGY
3793,F,10,4,CARDIOLOGY
3794,F,6,4,ORTHOPEDICS
3795,M,6,4,SURGERY
3796,M,6,4,ORTHOPEDICS
3797,M,7,4,GENERAL
3798,M,10,3,CARDIOLOGY
3799,M,10,3,ORTHOPEDICS
3800,M,1,5,GENERAL
3801,F,6,4,ORTHOPEDICS
3802,F,1,5,ORTHOPEDICS
3803,F,10,3,GENERAL
3804,F,1,6,CARDIOLOGY
3805,F,11,3,CARDIOLOGY
3806,F,1,5,SURGERY
3807,M,1,5,GENERAL
3808,F,1,5,ORTHOPEDICS
3809,F,10,4,SURGERY
3810,F,6,4,GENERAL
3811,M,11,3,GENERAL
3812,M,11,3,SURGERY
3813,F,10,3,GENERAL
3814,M,10,3,CARDIOLOGY
3815,M,11,3,SURGERY
3816,M,6,4,SURGERY
3817,M,6,4,GENERAL
3818,M,6,5,SURGERY
3819,F,1,6,CARDIOLOGY
3820,M,7,4,GENERAL
3821,M,13,3,CARDIOLOGY
3822,M,7,4,CARDIOLOGY
3823,F,1,5,GENERAL
3824,F,10,4,GENERAL
3825,M,11,3,GENERAL
3826,F,1,5,GENERAL
3827,F,6,4,ORTHOPEDICS
3828,M,1,5,ORTHOPEDICS
3829,F,6,4,GENERAL
3830,F,11,3,ORTHOPEDICS
3831,F,1,5,GENERAL
3832,F,6,4,GENERAL
3833,F,6,4,GENERAL
3834,M,1,5,SURGERY
3835,M,6,5,GENERAL
3836,M,11,3,GENERAL
3837,F,13,3,CARDIOLOGY
3838,F,1,5,ORTHOPEDICS
3839,M,12,3,GENERAL
3840,M,1,5,GENERAL
3841,F,1,5,GENERAL
3842,F,7,4,CARDIOLOGY
3843,F,1,5,GENERAL
3844,F,10,3,ORTHOPEDICS
3845,F,1,6,ORTHOPEDICS
3846,F,1,5,GENERAL
3847,M,10,4,SURGERY
3848,M,1,6,ORTHOPEDICS
3849,F,10,4,CARDIOLOGY
3850,M,10,3,SURGERY
3851,F,13,2,CARDIOLOGY
3852,M,6,4,SURGERY
3853,F,1,6,GENERAL
3854,M,7,4,GENERAL
3855,F,1,5,ORTHOPEDICS
3856,M,13,2,GENERAL
3857,F,1,6,GENERAL
3858,M,10,4,ORTHOPEDICS
3859,F,1,5,GENERAL
3860,M,10,4,ORTHOPEDICS
3861,M,10,3,SURGERY
3862,M,6,4,GENERAL
3863,F,10,3,GENERAL
3864,F,11,3,GENERAL
3865,M,1,5,CARDIOLOGY
3866,M,6,4,GENERAL
3867,F,10,3,SURGERY
3868,F,6,4,GENERAL
3869,F,10,3,GENERAL
3870,M,7,4,ORTHOPEDICS
3871,M,10,3,GENERAL
3872,M,1,5,ORTHOPEDICS
3873,M,10,4,SURGERY
3874,F,6,4,GENERAL
3875,F,10,4,SURGERY
3876,F,7,4,GENERAL
3877,F,13,2,ORTHOPEDICS
3878,F,1,5,GENERAL
3879,F,10,4,CARDIOLOGY
3880,F,1,5,CARDIOLOGY
3881,M,1,5,GENERAL
3882,M,1,5,CARDIOLOGY
3883,M,1,5,SURGERY
3884,F,6,4,ORTHOPEDICS
3885,M,6,4,GENERAL
3886,M,10,4,GENERAL
3887,F,7,4,CARDIOLOGY
3888,F,10,3,SURGERY
3889,F,6,4,SURGERY
3890,M,7,4,ORTHOPEDICS
3891,M,10,4,GENERAL
3892,M,1,5,ORTHOPEDICS
3893,F,10,4,SURGERY
3894,F,1,5,CARDIOLOGY
3895,M,11,3,CARDIOLOGY
3896,F,13,1,SURGERY
3897,F,1,5,GENERAL
3898,M,1,5,CARDIOLOGY
3899,F,6,4,SURGERY
3900,F,6,4,CARDIOLOGY
3901,M,1,5,ORTHOPEDICS
3902,M,11,3,GENERAL
3903,M,6,4,GENERAL
3904,M,1,5,SURGERY
3905,F,6,4,ORTHOPEDICS
3906,F,1,5,GENERAL
3907,F,10,3,GENERAL
3908,M,10,3,GENERAL
3909,M,6,4,SURGERY
3910,F,6,4,ORTHOPEDICS
3911,M,13,3,SURGERY
3912,F,1,6,SURGERY
3913,F,1,5,ORTHOPEDICS
3914,M,1,5,GENERAL
3915,F,10,4,ORTHOPEDICS
3916,M,7,4,GENERAL
3917,M,6,5,SURGERY
3918,F,13,2,GENERAL
3919,F,10,4,CARDIOLOGY
3920,F,11,3,GENERAL
3921,M,10,4,GENERAL
3922,F,6,4,CARDIOLOGY
3923,F,7,4,SURGERY
3924,F,1,8,ORTHOPEDICS
3925,F,1,6,CARDIOLOGY
3926,F,6,4,GENERAL
3927,M,6,4,GENERAL
3928,M,6,4,ORTHOPEDICS
3929,F,11,3,GENERAL
3930,M,6,4,CARDIOLOGY
3931,M,6,4,GENERAL
3932,F,1,5,SURGERY
3933,F,10,3,CARDIOLOGY
3934,F,10,3,GENERAL
3935,F,11,3,GENERAL
3936,F,6,4,CARDIOLOGY
3937,M,6,4,CARDIOLOGY
3938,F,7,4,SURGERY
3939,F,6,4,CARDIOLOGY
3940,M,6,4,SURGERY
3941,M,1,5,SURGERY
3942,M,10,3,SURGERY
3943,F,6,4,SURGERY
3944,M,1,5,GENERAL
3945,M,1,6,GENERAL
3946,F,1,5,GENERAL
3947,F,6,4,GENERAL
3948,F,10,4,GENERAL
3949,F,1,5,ORTHOPEDICS
3950,M,7,4,SURGERY
3951,M,1,5,GENERAL
3952,F,6,4,SURGERY
3953,M,10,3,SURGERY
3954,M,13,3,SURGERY
3955,F,6,4,GENERAL
3956,M,10,3,ORTHOPEDICS
3957,M,10,4,GENERAL
3958,F,1,7,ORTHOPEDICS
3959,F,10,4,CARDIOLOGY
3960,F,11,3,ORTHOPEDICS
3961,M,1,5,GENERAL
3962,F,1,5,CARDIOLOGY
3963,M,6,5,CARDIOLOGY
3964,M,10,3,ORTHOPEDICS
3965,F,11,3,GENERAL
3966,M,7,4,CARDIOLOGY
3967,M,10,3,SURGERY
3968,M,7,4,CARDIOLOGY
3969,F,1,5,GENERAL
3970,F,7,4,SURGERY
3971,F,1,5,GENERAL
3972,M,13,2,GENERAL
3973,M,10,4,GENERAL
3974,M,1,5,ORTHOPEDICS
3975,F,10,3,CARDIOLOGY
3976,M,1,5,SURGERY
3977,M,1,5,CARDIOLOGY
3978,M,11,3,ORTHOPEDICS
3979,M,7,4,SURGERY
3980,M,1,5,SURGERY
3981,F,6,4,ORTHOPEDICS
3982,M,1,5,ORTHOPEDICS
3983,M,13,3,SURGERY
3984,M,10,3,CARDIOLOGY
3985,M,6,4,ORTHOPEDICS
3986,F,1,5,GENERAL
3987,M,1,5,ORTHOPEDICS
3988,M,7,4,ORTHOPEDICS
3989,F,10,4,ORTHOPEDICS
3990,F,1,5,ORTHOPEDICS
3991,M,6,4,SURGERY
3992,F,10,4,ORTHOPEDICS
3993,M,6,4,GENERAL
3994,F,6,4,GENERAL
3995,M,10,4,GENERAL
3996,M,6,4,ORTHOPEDICS
3997,M,1,6,CARDIOLOGY
3998,F,1,5,GENERAL
3999,F,13,3,GENERAL
4000,F,10,4,SURGERY
4001,F,10,4,GENERAL
4002,F,6,4,GENERAL
4003,M,1,6,ORTHOPEDICS
4004,F,11,3,CARDIOLOGY
4005,F,12,3,CARDIOLOGY
4006,M,6,4,CARDIOLOGY
4007,F,11,3,CARDIOLOGY
4008,F,13,3,SURGERY
4009,M,10,4,GENERAL
4010,M,13,2,GENERAL
4011,F,6,4,GENERAL
4012,M,13,3,GENERAL
4013,M,6,4,SURGERY
4014,M,13,3,GENERAL
4015,M,6,4,GENERAL
4016,M,1,5,GENERAL
4017,F,1,6,ORTHOPEDICS
4018,M,1,5,GENERAL
4019,F,7,4,GENERAL
4020,M,11,3,ORTHOPEDICS
4021,M,13,2,GENERAL
4022,F,1,6,CARDIOLOGY
4023,F,7,4,GENERAL
4024,M,10,3,GENERAL
4025,F,11,3,SURGERY
4026,M,11,3,ORTHOPEDICS
4027,F,1,5,GENERAL
4028,M,13,2,SURGERY
4029,M,1,6,SURGERY
4030,M,7,4,SURGERY
4031,F,10,3,GENERAL
4032,M,7,4,CARDIOLOGY
4033,F,13,3,CARDIOLOGY
4034,M,1,5,SURGERY
4035,M,10,3,GENERAL
4036,M,10,4,ORTHOPEDICS
4037,F,6,4,CARDIOLOGY
4038,F,10,3,GENERAL
4039,F,8,4,CARDIOLOGY
4040,M,10,3,ORTHOPEDICS
4041,F,10,3,SURGERY
4042,F,13,3,GENERAL
4043,M,1,6,CARDIOLOGY
4044,M,6,4,GENERAL
4045,F,1,6,ORTHOPEDICS
4046,F,11,3,SURGERY
4047,M,1,5,GENERAL
4048,F,11,3,ORTHOPEDICS
4049,F,1,5,GENERAL
4050,M,1,5,CARDIOLOGY
4051,M,1,6,ORTHOPEDICS
4052,F,1,5,SURGERY
4053,F,1,5,GENERAL
4054,M,1,5,ORTHOPEDICS
4055,F,11,3,ORTHOPEDICS
4056,M,1,5,GENERAL
4057,M,10,4,SURGERY
4058,F,7,4,CARDIOLOGY
4059,M,10,4,ORTHOPEDICS
4060,F,13,3,SURGERY
4061,M,10,3,GENERAL
4062,M,1,5,ORTHOPEDICS
4063,F,6,4,ORTHOPEDICS
4064,M,1,5,SURGERY
4065,M,11,3,CARDIOLOGY
4066,F,11,3,GENERAL
4067,M,6,4,GENERAL
4068,F,7,4,CARDIOLOGY
4069,M,10,3,GENERAL
4070,F,7,4,CARDIOLOGY
4071,F,10,3,CARDIOLOGY
4072,M,1,5,ORTHOPEDICS
4073,F,1,5,GENERAL
4074,M,10,3,ORTHOPEDICS
4075,F,6,4,CARDIOLOGY
4076,F,7,4,SURGERY
4077,M,1,5,ORTHOPEDICS
4078,F,10,4,GENERAL
4079,M,1,5,CARDIOLOGY
4080,M,6,4,ORTHOPEDICS
4081,F,11,3,GENERAL
4082,F,10,4,GENERAL
4083,F,1,5,SURGERY
4084,F,10,4,SURGERY
4085,M,6,4,GENERAL
4086,F,13,2,GENERAL
4087,M,6,4,SURGERY
4088,M,6,4,SURGERY
4089,M,1,5,GENERAL
4090,M,10,4,ORTHOPEDICS
4091,F,6,4,CARDIOLOGY
4092,F,10,3,GENERAL
4093,M,1,5,GENERAL
4094,F,1,6,SURGERY
4095,F,6,5,GENERAL
4096,M,13,2,SURGERY
4097,F,6,4,GENERAL
4098,M,1,5,GENERAL
4099,M,13,2,GENERAL
4100,M,6,4,SURGERY
4101,M,10,3,CARDIOLOGY
4102,M,1,5,GENERAL
4103,M,11,3,ORTHOPEDICS
4104,M,10,3,ORTHOPEDICS
4105,F,6,4,GENERAL
4106,M,6,4,GENERAL
4107,F,11,3,GENERAL
4108,M,10,4,SURGERY
4109,M,1,5,CARDIOLOGY
4110,M,13,2,GENERAL
4111,M,1,5,GENERAL
4112,M,10,3,GENERAL
4113,M,1,5,GENERAL
4114,M,6,4,CARDIOLOGY
4115,M,11,3,GENERAL
4116,M,6,4,ORTHOPEDICS
4117,M,13,2,GENERAL
4118,F,1,5,CARDIOLOGY
4119,M,7,4,SURGERY
4120,F,1,5,ORTHOPEDICS
4121,F,6,5,GENERAL
4122,F,10,3,GENERAL
4123,M,6,4,SURGERY
4124,F,6,4,SURGERY
4125,M,10,3,CARDIOLOGY
4126,M,7,4,GENERAL
4127,F,1,6,CARDIOLOGY
4128,M,6,5,GENERAL
4129,M,11,3,CARDIOLOGY
4130,F,1,5,ORTHOPEDICS
4131,M,1,6,ORTHOPEDICS
4132,F,13,2,GENERAL
4133,M,1,5,ORTHOPEDICS
4134,M,11,3,CARDIOLOGY
4135,M,6,4,SURGERY
4136,F,11,3,ORTHOPEDICS
4137,F,1,5,GENERAL
4138,M,1,5,GENERAL
4139,F,10,4,CARDIOLOGY
4140,M,6,4,CARDIOLOGY
4141,F,10,4,SURGERY
4142,M,1,5,SURGERY
4143,F,6,4,GENERAL
4144,M,6,4,SURGERY
4145,F,1,6,GENERAL
4146,M,10,3,GENERAL
4147,F,6,4,GENERAL
4148,F,6,4,GENERAL
4149,M,6,4,SURGERY
4150,F,1,5,GENERAL
4151,M,10,4,SURGERY
4152,M,7,4,GENERAL
4153,M,1,5,ORTHOPEDICS
4154,M,10,3,SURGERY
4155,F,7,4,GENERAL
4156,F,6,4,GENERAL
4157,F,13,2,GENERAL
4158,M,10,4,ORTHOPEDICS
4159,F,1,5,GENERAL
4160,M,6,4,GENERAL
4161,F,10,4,GENERAL
4162,M,1,5,GENERAL
4163,F,1,5,GENERAL
4164,F,6,4,ORTHOPEDICS
4165,M,6,4,CARDIOLOGY
4166,M,1,5,GENERAL
4167,F,10,4,SURGERY
4168,M,1,5,GENERAL
4169,M,1,5,ORTHOPEDICS
4170,F,1,5,GENERAL
4171,F,1,5,ORTHOPEDICS
4172,F,6,4,ORTHOPEDICS
4173,F,11,3,SURGERY
4174,F,6,4,ORTHOPEDICS
4175,F,6,4,SURGERY
4176,M,10,3,GENERAL
4177,F,10,4,ORTHOPEDICS
4178,M,1,5,SURGERY
4179,F,10,3,GENERAL
4180,F,10,4,GENERAL
4181,F,1,6,SURGERY
4182,M,1,5,GENERAL
4183,M,1,5,CARDIOLOGY
4184,F,11,3,SURGERY
4185,M,10,3,GENERAL
4186,M,10,4,CARDIOLOGY
4187,M,10,3,GENERAL
4188,F,1,5,SURGERY
4189,M,10,4,GENERAL
4190,F,7,4,CARDIOLOGY
4191,M,1,5,GENERAL
4192,M,7,4,SURGERY
4193,F,1,5,GENERAL
4194,M,10,3,SURGERY
4195,F,13,3,SURGERY
4196,F,7,4,GENERAL
4197,F,6,4,GENERAL
4198,M,11,3,GENERAL
4199,F,6,4,GENERAL
4200,F,10,3,SURGERY
4201,M,10,4,GENERAL
4202,F,1,5,SURGERY
4203,F,10,3,GENERAL
4204,M,7,4,GENERAL
4205,F,6,4,GENERAL
4206,F,7,4,ORTHOPEDICS
4207,F,13,3,SURGERY
4208,F,1,5,ORTHOPEDICS
4209,F,10,3,GENERAL
4210,M,10,4,GENERAL
4211,F,10,4,GENERAL
4212,M,6,4,GENERAL
4213,F,6,4,GENERAL
4214,M,10,4,ORTHOPEDICS
4215,M,1,5,SURGERY
4216,M,7,4,ORTHOPEDICS
4217,M,6,4,SURGERY
4218,M,6,4,ORTHOPEDICS
4219,M,1,7,ORTHOPEDICS
4220,M,6,4,ORTHOPEDICS
4221,F,6,4,GENERAL
4222,M,6,4,SURGERY
4223,F,1,5,GENERAL
4224,M,6,4,GENERAL
4225,F,10,4,GENERAL
4226,M,1,5,ORTHOPEDICS
4227,F,1,6,GENERAL
4228,F,1,5,CARDIOLOGY
4229,M,1,5,GENERAL
4230,F,11,3,ORTHOPEDICS
4231,F,7,4,GENERAL
4232,F,11,3,ORTHOPEDICS
4233,M,11,3,ORTHOPEDICS
4234,M,10,4,SURGERY
4235,F,6,4,GENERAL
4236,F,10,4,GENERAL
4237,F,10,4,GENERAL
4238,F,13,2,ORTHOPEDICS
4239,M,10,3,GENERAL
4240,M,10,4,CARDIOLOGY
4241,F,13,2,GENERAL
4242,F,1,5,GENERAL
4243,F,1,5,GENERAL
4244,F,10,4,CARDIOLOGY
4245,F,10,4,GENERAL
4246,F,11,3,CARDIOLOGY
4247,F,1,6,ORTHOPEDICS
4248,F,7,4,CARDIOLOGY
4249,F,10,3,CARDIOLOGY
4250,M,11,3,GENERAL
4251,F,1,5,GENERAL
4252,F,6,4,GENERAL
4253,M,8,4,GENERAL
4254,M,10,4,GENERAL
4255,F,6,4,ORTHOPEDICS
4256,M,13,2,GENERAL
4257,F,10,4,GENERAL
4258,M,1,5,CARDIOLOGY
4259,F,10,3,ORTHOPEDICS
4260,M,6,4,ORTHOPEDICS
4261,M,1,5,GENERAL
4262,F,1,6,SURGERY
4263,F,1,5,SURGERY
4264,M,12,3,CARDIOLOGY
4265,F,6,4,GENERAL
4266,F,10,3,SURGERY
4267,M,1,5,CARDIOLOGY
4268,F,12,3,GENERAL
4269,F,1,6,SURGERY
4270,M,13,2,GENERAL
4271,M,7,4,GENERAL
4272,F,13,3,SURGERY
4273,F,6,4,ORTHOPEDICS
4274,F,10,4,GENERAL
4275,M,1,5,ORTHOPEDICS
4276,F,6,4,SURGERY
4277,F,1,5,CARDIOLOGY
4278,M,6,5,GENERAL
4279,M,1,6,ORTHOPEDICS
4280,F,1,5,GENERAL
4281,F,7,4,ORTHOPEDICS
4282,F,6,4,GENERAL
4283,M,6,4,CARDIOLOGY
4284,F,10,4,CARDIOLOGY
4285,M,10,3,GENERAL
4286,M,10,3,SURGERY
4287,F,6,4,ORTHOPEDICS
4288,M,1,5,GENERAL
4289,M,13,2,CARDIOLOGY
4290,F,1,6,GENERAL
4291,M,13,3,GENERAL
4292,F,6,4,CARDIOLOGY
4293,M,1,5,GENERAL
4294,F,6,4,GENERAL
4295,F,10,3,ORTHOPEDICS
4296,F,13,3,ORTHOPEDICS
4297,M,7,4,GENERAL
4298,F,11,3,ORTHOPEDICS
4299,F,1,5,ORTHOPEDICS
4300,F,1,5,GENERAL
4301,F,1,5,GENERAL
4302,M,1,5,SURGERY
4303,F,6,4,ORTHOPEDICS
4304,M,7,4,ORTHOPEDICS
4305,F,1,5,CARDIOLOGY
4306,F,1,5,SURGERY
4307,F,10,3,GENERAL
4308,F,7,4,CARDIOLOGY
4309,M,1,5,ORTHOPEDICS
4310,F,10,4,GENERAL
4311,F,10,4,GENERAL
4312,M,13,2,GENERAL
4313,M,1,6,SURGERY
4314,M,1,6,GENERAL
4315,M,1,5,GENERAL
4316,F,6,4,SURGERY
4317,F,11,3,SURGERY
4318,F,1,5,SURGERY
4319,M,1,5,GENERAL
4320,F,10,3,SURGERY
4321,F,10,3,ORTHOPEDICS
4322,M,1,5,ORTHOPEDICS
4323,M,6,4,GENERAL
4324,F,10,3,CARDIOLOGY
4325,F,6,4,GENERAL
4326,M,10,3,SURGERY
4327,F,13,2,GENERAL
4328,F,10,4,ORTHOPEDICS
4329,M,10,3,GENERAL
4330,M,1,5,CARDIOLOGY
4331,F,12,3,CARDIOLOGY
4332,F,1,5,CARDIOLOGY
4333,M,6,4,SURGERY
4334,F,6,4,ORTHOPEDICS
4335,F,10,3,GENERAL
4336,F,10,3,SURGERY
4337,F,10,4,GENERAL
4338,M,10,3,GENERAL
4339,M,1,5,GENERAL
4340,F,11,3,SURGERY
4341,F,13,2,GENERAL
4342,M,13,2,GENERAL
4343,F,11,3,SURGERY
4344,F,6,4,CARDIOLOGY
4345,F,6,4,ORTHOPEDICS
4346,F,10,4,SURGERY
4347,F,10,3,CARDIOLOGY
4348,F,1,5,SURGERY
4349,F,12,3,CARDIOLOGY
4350,F,13,3,SURGERY
4351,M,6,4,GENERAL
4352,M,10,4,ORTHOPEDICS
4353,M,6,5,GENERAL
4354,M,13,3,GENERAL
4355,F,10,3,GENERAL
4356,M,6,4,GENERAL
4357,M,1,6,SURGERY
4358,F,6,4,GENERAL
4359,M,6,4,SURGERY
4360,F,13,2,CARDIOLOGY
4361,M,1,5,SURGERY
4362,M,10,3,CARDIOLOGY
4363,M,13,2,GENERAL
4364,M,6,4,SURGERY
4365,M,6,4,ORTHOPEDICS
4366,F,7,4,ORTHOPEDICS
4367,M,13,2,SURGERY
4368,F,10,4,GENERAL
4369,F,13,2,GENERAL
4370,F,1,5,GENERAL
4371,M,1,5,ORTHOPEDICS
4372,M,6,4,CARDIOLOGY
4373,M,1,6,GENERAL
4374,F,10,4,GENERAL
4375,F,10,4,GENERAL
4376,M,6,4,ORTHOPEDICS
4377,M,10,3,GENERAL
4378,F,1,7,CARDIOLOGY
4379,F,6,4,SURGERY
4380,M,13,1,ORTHOPEDICS
4381,F,1,5,GENERAL
4382,F,11,3,GENERAL
4383,M,11,3,GENERAL
4384,F,11,3,SURGERY
4385,M,7,4,GENERAL
4386,F,6,4,ORTHOPEDICS
4387,F,7,4,CARDIOLOGY
4388,F,11,3,SURGERY
4389,F,1,5,SURGERY
4390,M,1,5,SURGERY
4391,M,1,5,CARDIOLOGY
4392,F,1,5,GENERAL
4393,M,10,4,GENERAL
4394,M,11,3,GENERAL
4395,F,13,3,GENERAL
4396,F,1,5,ORTHOPEDICS
4397,F,10,4,CARDIOLOGY
4398,M,7,4,GENERAL
4399,F,1,6,ORTHOPEDICS
4400,F,6,4,GENERAL
4401,M,6,4,CARDIOLOGY
4402,M,11,3,CARDIOLOGY
4403,M,13,3,GENERAL
4404,M,1,5,GENERAL
4405,F,11,3,CARDIOLOGY
4406,F,13,2,GENERAL
4407,M,1,5,GENERAL
4408,F,1,5,GENERAL
4409,M,10,4,CARDIOLOGY
4410,M,10,3,SURGERY
4411,M,10,3,ORTHOPEDICS
4412,M,6,4,ORTHOPEDICS
4413,F,1,6,ORTHOPEDICS
4414,F,10,3,CARDIOLOGY
4415,F,7,4,ORTHOPEDICS
4416,F,13,2,GENERAL
4417,F,6,4,GENERAL
4418,F,10,3,GENERAL
4419,F,1,5,SURGERY
4420,M,6,4,ORTHOPEDICS
4421,M,1,5,GENERAL
4422,M,1,6,GENERAL
4423,F,6,4,GENERAL
4424,M,10,4,GENERAL
4425,M,8,4,GENERAL
4426,F,1,5,GENERAL
4427,F,6,4,GENERAL
4428,M,6,4,SURGERY
4429,M,1,5,CARDIOLOGY
4430,M,10,4,ORTHOPEDICS
4431,M,10,4,CARDIOLOGY
4432,M,10,4,ORTHOPEDICS
4433,F,6,4,ORTHOPEDICS
4434,M,6,4,GENERAL
4435,F,6,4,SURGERY
4436,F,1,5,ORTHOPEDICS
4437,M,11,3,GENERAL
4438,M,10,4,CARDIOLOGY
4439,M,1,6,GENERAL
4440,M,11,3,SURGERY
4441,M,1,6,CARDIOLOGY
4442,F,6,4,ORTHOPEDICS
4443,F,13,2,SURGERY
4444,F,1,5,CARDIOLOGY
4445,F,6,4,GENERAL
4446,M,6,5,CARDIOLOGY
4447,M,13,3,GENERAL
4448,M,6,4,GENERAL
4449,F,6,4,CARDIOLOGY
4450,F,10,3,CARDIOLOGY
4451,F,10,3,GENERAL
4452,F,13,3,ORTHOPEDICS
4453,M,6,4,ORTHOPEDICS
4454,M,13,3,GENERAL
4455,M,10,3,GENERAL
4456,F,1,6,GENERAL
4457,M,6,4,GENERAL
4458,M,6,5,GENERAL
4459,M,6,4,GENERAL
4460,M,10,4,ORTHOPEDICS
4461,M,6,4,ORTHOPEDICS
4462,F,1,5,SURGERY
4463,M,13,2,GENERAL
4464,M,13,2,GENERAL
4465,M,10,3,CARDIOLOGY
4466,F,10,3,SURGERY
4467,F,6,4,CARDIOLOGY
4468,M,13,2,GENERAL
4469,M,6,4,SURGERY
4470,F,6,4,ORTHOPEDICS
4471,F,11,3,SURGERY
4472,F,13,2,GENERAL
4473,F,10,4,CARDIOLOGY
4474,F,13,2,ORTHOPEDICS
4475,F,1,5,CARDIOLOGY
4476,M,1,5,GENERAL
4477,M,7,4,ORTHOPEDICS
4478,M,10,4,ORTHOPEDICS
4479,F,10,3,ORTHOPEDICS
4480,F,1,5,SURGERY
4481,F,10,3,SURGERY
4482,F,6,4,GENERAL
4483,M,1,5,ORTHOPEDICS
4484,F,10,4,GENERAL
4485,M,10,3,GENERAL
4486,M,1,5,SURGERY
4487,M,7,4,ORTHOPEDICS
4488,M,13,3,SURGERY
4489,M,1,5,GENERAL
4490,M,1,6,CARDIOLOGY
4491,F,13,2,CARDIOLOGY
4492,M,6,4,GENERAL
4493,M,1,5,GENERAL
4494,M,6,4,CARDIOLOGY
4495,F,1,5,CARDIOLOGY
4496,M,10,3,GENERAL
4497,F,1,5,CARDIOLOGY
4498,F,1,5,GENERAL
4499,M,6,4,ORTHOPEDICS
4500,F,6,4,CARDIOLOGY
4501,F,10,4,GENERAL
4502,M,10,4,GENERAL
4503,M,1,5,GENERAL
4504,F,6,4,GENERAL
4505,F,6,4,SURGERY
4506,M,6,4,GENERAL
4507,M,1,5,GENERAL
4508,F,6,4,ORTHOPEDICS
4509,F,11,3,GENERAL
4510,M,13,3,GENERAL
4511,M,1,5,CARDIOLOGY
4512,M,11,3,CARDIOLOGY
4513,M,13,2,ORTHOPEDICS
4514,M,6,4,GENERAL
4515,F,1,5,ORTHOPEDICS
4516,M,7,4,ORTHOPEDICS
4517,M,6,4,GENERAL
4518,F,1,5,SURGERY
4519,F,1,5,GENERAL
4520,M,10,4,ORTHOPEDICS
4521,F,1,5,GENERAL
4522,F,7,4,CARDIOLOGY
4523,M,1,6,GENERAL
4524,M,10,4,GENERAL
4525,M,6,4,CARDIOLOGY
4526,M,11,3,GENERAL
4527,M,11,3,GENERAL
4528,F,7,4,SURGERY
4529,F,7,4,ORTHOPEDICS
4530,M,6,5,ORTHOPEDICS
4531,F,10,3,ORTHOPEDICS
4532,M,10,4,SURGERY
4533,M,1,5,ORTHOPEDICS
4534,M,10,4,GENERAL
4535,M,10,4,GENERAL
4536,F,1,5,SURGERY
4537,M,13,2,SURGERY
4538,M,6,4,CARDIOLOGY
4539,F,6,4,CARDIOLOGY
4540,F,11,3,ORTHOPEDICS
4541,F,1,5,CARDIOLOGY
4542,M,10,4,GENERAL
4543,F,6,4,ORTHOPEDICS
4544,M,6,4,GENERAL
4545,F,10,4,SURGERY
4546,F,13,2,ORTHOPEDICS
4547,M,10,3,CARDIOLOGY
4548,M,1,5,GENERAL
4549,M,10,3,ORTHOPEDICS
4550,M,10,3,GENERAL
4551,M,1,6,SURGERY
4552,M,10,3,SURGERY
4553,M,10,3,GENERAL
4554,F,6,4,SURGERY
4555,M,1,6,SURGERY
4556,F,11,3,ORTHOPEDICS
4557,F,10,4,CARDIOLOGY
4558,M,1,5,GENERAL
4559,F,13,2,SURGERY
4560,M,1,5,SURGERY
4561,M,1,5,ORTHOPEDICS
4562,M,6,4,SURGERY
4563,F,1,5,SURGERY
4564,F,6,4,SURGERY
4565,M,6,4,ORTHOPEDICS
4566,F,6,4,GENERAL
4567,F,11,3,GENERAL
4568,M,13,3,SURGERY
4569,M,7,4,CARDIOLOGY
4570,F,10,3,GENERAL
4571,M,1,5,CARDIOLOGY
4572,F,1,6,GENERAL
4573,F,13,2,SURGERY
4574,M,6,4,SURGERY
4575,M,6,4,GENERAL
4576,M,10,3,GENERAL
4577,F,10,4,CARDIOLOGY
4578,F,1,5,GENERAL
4579,F,10,4,GENERAL
4580,F,13,2,CARDIOLOGY
4581,M,13,2,CARDIOLOGY
4582,M,6,4,ORTHOPEDICS
4583,F,1,5,CARDIOLOGY
4584,M,1,5,CARDIOLOGY
4585,M,6,4,GENERAL
4586,M,1,5,GENERAL
4587,M,10,3,ORTHOPEDICS
4588,F,1,5,CARDIOLOGY
4589,F,10,3,CARDIOLOGY
4590,F,10,4,CARDIOLOGY
4591,M,6,4,SURGERY
4592,M,1,5,ORTHOPEDICS
4593,M,10,4,CARDIOLOGY
4594,F,1,5,ORTHOPEDICS
4595,M,7,4,GENERAL
4596,F,10,4,GENERAL
4597,F,1,5,CARDIOLOGY
4598,F,13,3,SURGERY
4599,F,10,3,CARDIOLOGY
4600,M,1,5,CARDIOLOGY
4601,F,1,6,GENERAL
4602,M,6,4,GENERAL
4603,M,10,3,SURGERY
4604,F,1,5,GENERAL
4605,M,1,6,GENERAL
4606,M,1,5,SURGERY
4607,F,10,3,GENERAL
4608,M,6,4,GENERAL
4609,M,6,4,ORTHOPEDICS
4610,M,6,4,ORTHOPEDICS
4611,F,1,5,ORTHOPEDICS
4612,M,1,6,GENERAL
4613,M,13,2,CARDIOLOGY
4614,M,6,4,GENERAL
4615,M,6,4,GENERAL
4616,F,11,3,ORTHOPEDICS
4617,M,7,4,ORTHOPEDICS
4618,F,6,4,GENERAL
4619,F,7,4,GENERAL
4620,M,7,4,GENERAL
4621,F,1,5,ORTHOPEDICS
4622,F,6,4,GENERAL
4623,F,10,4,ORTHOPEDICS
4624,F,6,4,SURGERY
4625,F,1,5,CARDIOLOGY
4626,F,6,4,ORTHOPEDICS
4627,M,6,4,GENERAL
4628,F,13,2,ORTHOPEDICS
4629,F,10,4,ORTHOPEDICS
4630,F,6,4,CARDIOLOGY
4631,F,6,4,CARDIOLOGY
4632,F,6,4,CARDIOLOGY
4633,M,13,2,GENERAL
4634,M,13,2,ORTHOPEDICS
4635,F,1,5,GENERAL
4636,F,10,4,GENERAL
4637,M,13,3,ORTHOPEDICS
4638,M,13,2,GENERAL
4639,M,1,5,ORTHOPEDICS
4640,F,10,3,SURGERY
4641,F,6,4,GENERAL
4642,M,11,3,SURGERY
4643,M,1,5,GENERAL
4644,F,6,4,CARDIOLOGY
4645,M,1,5,GENERAL
4646,F,6,4,CARDIOLOGY
4647,M,1,5,GENERAL
4648,M,1,5,ORTHOPEDICS
4649,F,6,4,CARDIOLOGY
4650,F,7,4,ORTHOPEDICS
4651,M,1,5,GENERAL
4652,F,6,5,SURGERY
4653,M,6,4,GENERAL
4654,M,7,4,GENERAL
4655,F,13,2,SURGERY
4656,F,6,4,ORTHOPEDICS
4657,F,10,4,GENERAL
4658,M,6,4,SURGERY
4659,M,1,5,ORTHOPEDICS
4660,F,7,4,CARDIOLOGY
4661,F,6,4,SURGERY
4662,F,1,5,CARDIOLOGY
4663,F,13,2,GENERAL
4664,F,11,3,SURGERY
4665,F,10,4,GENERAL
4666,M,6,4,GENERAL
4667,M,1,5,GENERAL
4668,M,6,4,GENERAL
4669,M,6,4,GENERAL
4670,F,13,2,SURGERY
4671,M,11,3,ORTHOPEDICS
4672,M,1,5,GENERAL
4673,M,10,4,GENERAL
4674,M,8,4,CARDIOLOGY
4675,F,1,5,GENERAL
4676,M,1,5,GENERAL
4677,M,7,4,SURGERY
4678,M,6,4,GENERAL
4679,M,10,4,CARDIOLOGY
4680,M,1,5,ORTHOPEDICS
4681,M,7,4,ORTHOPEDICS
4682,F,7,4,GENERAL
4683,M,6,4,SURGERY
4684,F,6,4,ORTHOPEDICS
4685,M,10,4,GENERAL
4686,M,6,4,CARDIOLOGY
4687,F,7,4,CARDIOLOGY
4688,M,1,5,SURGERY
4689,M,6,4,GENERAL
4690,M,1,5,SURGERY
4691,M,1,5,SURGERY
4692,F,10,3,SURGERY
4693,M,1,5,SURGERY
4694,F,10,3,GENERAL
4695,M,1,5,ORTHOPEDICS
4696,F,10,4,GENERAL
4697,F,10,3,ORTHOPEDICS
4698,M,11,3,ORTHOPEDICS
4699,F,6,4,SURGERY
4700,M,10,4,GENERAL
4701,F,1,5,ORTHOPEDICS
4702,M,1,6,SURGERY
4703,M,6,4,ORTHOPEDICS
4704,M,10,3,CARDIOLOGY
4705,F,1,6,CARDIOLOGY
4706,M,10,3,CARDIOLOGY
4707,F,6,4,CARDIOLOGY
4708,F,10,3,ORTHOPEDICS
4709,M,10,3,GENERAL
4710,F,1,6,GENERAL
4711,M,1,5,GENERAL
4712,M,6,4,ORTHOPEDICS
4713,F,13,2,GENERAL
4714,F,1,6,SURGERY
4715,F,10,3,GENERAL
4716,M,1,5,ORTHOPEDICS
4717,F,1,5,GENERAL
4718,M,1,5,CARDIOLOGY
4719,M,1,5,CARDIOLOGY
4720,M,1,5,GENERAL
4721,M,1,5,SURGERY
4722,F,6,4,CARDIOLOGY
4723,M,13,3,CARDIOLOGY
4724,M,6,4,SURGERY
4725,M,1,5,CARDIOLOGY
4726,F,6,4,GENERAL
4727,M,1,5,GENERAL
4728,M,1,6,GENERAL
4729,F,10,4,GENERAL
4730,F,6,4,CARDIOLOGY
4731,M,1,5,SURGERY
4732,M,6,4,GENERAL
4733,M,10,3,CARDIOLOGY
4734,M,6,4,GENERAL
4735,F,10,4,SURGERY
4736,F,6,4,GENERAL
4737,M,13,2,SURGERY
4738,F,6,4,CARDIOLOGY
4739,F,13,2,ORTHOPEDICS
4740,F,11,3,GENERAL
4741,F,1,6,GENERAL
4742,M,1,5,CARDIOLOGY
4743,F,1,5,GENERAL
4744,F,6,4,GENERAL
4745,F,1,5,GENERAL
4746,F,10,3,GENERAL
4747,F,6,4,GENERAL
4748,M,13,2,CARDIOLOGY
4749,M,1,5,ORTHOPEDICS
4750,M,11,3,GENERAL
4751,F,13,2,GENERAL
4752,F,6,4,GENERAL
4753,M,1,5,ORTHOPEDICS
4754,M,10,4,SURGERY
4755,M,6,4,ORTHOPEDICS
4756,F,6,4,ORTHOPEDICS
4757,F,13,2,SURGERY
4758,F,1,5,SURGERY
4759,F,10,4,ORTHOPEDICS
4760,F,6,4,ORTHOPEDICS
4761,M,6,4,GENERAL
4762,M,1,6,GENERAL
4763,M,6,4,GENERAL
4764,F,6,4,CARDIOLOGY
4765,M,1,5,GENERAL
4766,F,6,4,CARDIOLOGY
4767,M,1,6,SURGERY
4768,M,11,3,CARDIOLOGY
4769,F,1,5,SURGERY
4770,M,7,4,CARDIOLOGY
4771,M,10,3,GENERAL
4772,F,10,3,GENERAL
4773,M,1,5,GENERAL
4774,F,1,5,SURGERY
4775,M,6,4,ORTHOPEDICS
4776,F,6,4,SURGERY
4777,M,10,4,SURGERY
4778,M,1,5,CARDIOLOGY
4779,M,1,6,CARDIOLOGY
4780,F,10,3,SURGERY
4781,F,1,6,GENERAL
4782,M,7,4,SURGERY
4783,M,1,6,SURGERY
4784,F,6,4,SURGERY
4785,F,1,6,GENERAL
4786,F,11,3,ORTHOPEDICS
4787,F,1,5,GENERAL
4788,M,6,5,GENERAL
4789,M,6,4,CARDIOLOGY
4790,F,13,3,GENERAL
4791,M,1,5,SURGERY
4792,F,11,3,GENERAL
4793,F,10,3,GENERAL
4794,M,1,6,CARDIOLOGY
4795,M,6,4,GENERAL
4796,F,1,5,ORTHOPEDICS
4797,F,6,4,CARDIOLOGY
4798,F,11,3,SURGERY
4799,M,10,4,CARDIOLOGY
4800,F,6,4,CARDIOLOGY
4801,F,13,2,CARDIOLOGY
4802,M,10,4,ORTHOPEDICS
4803,M,10,3,ORTHOPEDICS
4804,F,10,3,CARDIOLOGY
4805,F,1,5,SURGERY
4806,M,1,5,ORTHOPEDICS
4807,F,1,5,SURGERY
4808,M,10,4,GENERAL
4809,F,10,3,SURGERY
4810,M,10,3,GENERAL
4811,F,7,4,SURGERY
4812,M,11,3,ORTHOPEDICS
4813,M,1,6,GENERAL
4814,F,1,5,GENERAL
4815,F,13,2,SURGERY
4816,M,10,4,CARDIOLOGY
4817,M,10,3,GENERAL
4818,F,10,4,ORTHOPEDICS
4819,F,1,5,GENERAL
4820,F,1,5,GENERAL
4821,F,11,3,CARDIOLOGY
4822,F,11,3,ORTHOPEDICS
4823,F,13,3,CARDIOLOGY
4824,F,6,4,GENERAL
4825,F,10,3,SURGERY
4826,F,6,4,CARDIOLOGY
4827,F,6,4,ORTHOPEDICS
4828,M,1,5,CARDIOLOGY
4829,M,10,3,GENERAL
4830,M,1,5,ORTHOPEDICS
4831,M,10,4,GENERAL
4832,M,6,4,SURGERY
4833,F,10,3,SURGERY
4834,F,1,6,GENERAL
4835,F,1,5,GENERAL
4836,M,1,6,GENERAL
4837,M,1,5,GENERAL
4838,M,6,4,GENERAL
4839,F,10,3,CARDIOLOGY
4840,M,6,4,SURGERY
4841,M,1,6,GENERAL
4842,F,6,4,SURGERY
4843,M,1,5,GENERAL
4844,F,6,4,GENERAL
4845,M,6,4,SURGERY
4846,M,10,3,CARDIOLOGY
4847,M,6,4,GENERAL
4848,F,6,4,GENERAL
4849,F,10,3,GENERAL
4850,F,1,5,GENERAL
4851,F,11,3,SURGERY
4852,F,11,3,CARDIOLOGY
4853,M,6,4,GENERAL
4854,M,6,4,ORTHOPEDICS
4855,F,6,4,GENERAL
4856,M,1,5,ORTHOPEDICS
4857,M,13,2,GENERAL
4858,F,1,5,GENERAL
4859,M,1,5,SURGERY
4860,M,6,4,GENERAL
4861,F,10,3,GENERAL
4862,M,6,4,GENERAL
4863,M,6,4,SURGERY
4864,M,12,3,CARDIOLOGY
4865,F,1,5,GENERAL
4866,M,6,4,ORTHOPEDICS
4867,M,13,3,GENERAL
4868,F,13,2,GENERAL
4869,F,6,4,CARDIOLOGY
4870,M,13,2,GENERAL
4871,F,13,2,GENERAL
4872,M,10,4,GENERAL
4873,M,11,3,ORTHOPEDICS
4874,F,13,2,ORTHOPEDICS
4875,M,7,4,CARDIOLOGY
4876,M,13,2,GENERAL
4877,F,1,5,GENERAL
4878,M,6,4,ORTHOPEDICS
4879,M,1,5,SURGERY
4880,M,1,7,GENERAL
4881,M,1,5,GENERAL
4882,M,1,5,ORTHOPEDICS
4883,M,7,4,GENERAL
4884,M,7,4,CARDIOLOGY
4885,M,1,6,ORTHOPEDICS
4886,M,10,4,SURGERY
4887,M,6,4,CARDIOLOGY
4888,M,1,6,CARDIOLOGY
4889,M,11,3,GENERAL
4890,M,13,2,CARDIOLOGY
4891,F,10,3,GENERAL
4892,M,1,5,GENERAL
4893,M,1,5,ORTHOPEDICS
4894,F,13,2,ORTHOPEDICS
4895,F,1,6,CARDIOLOGY
4896,F,10,4,ORTHOPEDICS
4897,F,6,5,ORTHOPEDICS
4898,F,13,3,SURGERY
4899,F,1,6,SURGERY
4900,M,10,3,GENERAL
4901,F,13,2,SURGERY
4902,M,11,3,ORTHOPEDICS
4903,M,6,4,GENERAL
4904,F,13,2,ORTHOPEDICS
4905,M,11,3,GENERAL
4906,M,6,4,SURGERY
4907,M,6,4,GENERAL
4908,F,1,6,SURGERY
4909,F,11,3,GENERAL
4910,F,6,4,GENERAL
4911,M,10,3,ORTHOPEDICS
4912,F,10,3,GENERAL
4913,F,1,5,CARDIOLOGY
4914,M,10,4,GENERAL
4915,M,6,4,GENERAL
4916,F,10,4,CARDIOLOGY
4917,M,10,4,CARDIOLOGY
4918,F,11,3,SURGERY
4919,M,1,5,SURGERY
4920,M,7,4,ORTHOPEDICS
4921,F,1,6,GENERAL
4922,F,12,3,GENERAL
4923,F,13,2,GENERAL
4924,F,1,6,CARDIOLOGY
4925,M,7,4,GENERAL
4926,F,6,4,SURGERY
4927,F,6,4,GENERAL
4928,M,13,2,GENERAL
4929,F,7,4,SURGERY
4930,M,6,4,SURGERY
4931,F,6,4,GENERAL
4932,M,10,3,CARDIOLOGY
4933,M,1,5,GENERAL
4934,F,10,3,CARDIOLOGY
4935,F,6,4,GENERAL
4936,M,10,4,CARDIOLOGY
4937,F,10,4,CARDIOLOGY
4938,M,6,4,GENERAL
4939,M,6,5,SURGERY
4940,M,6,4,ORTHOPEDICS
4941,F,1,6,GENERAL
4942,M,13,2,SURGERY
4943,F,11,3,SURGERY
4944,F,6,4,GENERAL
4945,F,13,2,GENERAL
4946,F,11,3,GENERAL
4947,F,6,4,SURGERY
4948,M,1,5,GENERAL
4949,M,13,3,GENERAL
4950,M,13,3,CARDIOLOGY
4951,M,7,4,GENERAL
4952,F,7,4,SURGERY
4953,F,11,3,SURGERY
4954,F,10,4,GENERAL
4955,M,13,2,GENERAL
4956,F,13,3,ORTHOPEDICS
4957,M,6,4,CARDIOLOGY
4958,M,6,4,GENERAL
4959,F,1,5,GENERAL
4960,F,8,4,SURGERY
4961,F,11,3,CARDIOLOGY
4962,F,10,4,SURGERY
4963,M,7,4,GENERAL
4964,F,10,3,ORTHOPEDICS
4965,F,10,3,SURGERY
4966,F,10,3,GENERAL
4967,F,6,4,CARDIOLOGY
4968,M,1,6,ORTHOPEDICS
4969,M,1,7,GENERAL
4970,M,6,4,GENERAL
4971,F,6,4,GENERAL
4972,F,6,5,GENERAL
4973,F,7,4,ORTHOPEDICS
4974,M,10,4,CARDIOLOGY
4975,M,11,3,GENERAL
4976,M,1,5,ORTHOPEDICS
4977,F,10,3,GENERAL
4978,F,10,3,CARDIOLOGY
4979,M,8,4,CARDIOLOGY
4980,F,6,4,CARDIOLOGY
4981,M,10,4,GENERAL
4982,M,11,3,SURGERY
4983,F,10,3,ORTHOPEDICS
4984,F,1,7,GENERAL
4985,F,6,4,GENERAL
4986,F,10,3,ORTHOPEDICS
4987,F,10,4,GENERAL
4988,F,7,4,SURGERY
4989,M,6,4,GENERAL
4990,F,1,5,GENERAL
4991,M,6,4,GENERAL
4992,M,1,5,SURGERY
4993,M,11,3,ORTHOPEDICS
4994,F,10,4,SURGERY
4995,M,10,3,GENERAL
4996,M,1,5,ORTHOPEDICS
4997,M,1,5,ORTHOPEDICS
4998,M,1,5,GENERAL
4999,F,1,5,SURGERY
5000,F,6,4,GENERAL
5001,F,13,2,ORTHOPEDICS
5002,F,11,3,GENERAL
5003,M,10,3,ORTHOPEDICS
5004,F,1,6,SURGERY
5005,M,1,5,ORTHOPEDICS
5006,M,7,4,GENERAL
5007,F,6,4,GENERAL
5008,M,6,4,GENERAL
5009,F,13,3,ORTHOPEDICS
5010,F,6,4,GENERAL
5011,F,6,4,GENERAL
5012,M,1,5,CARDIOLOGY
5013,M,1,5,SURGERY
5014,F,6,4,ORTHOPEDICS
5015,M,1,5,GENERAL
5016,F,6,4,GENERAL
5017,F,10,3,ORTHOPEDICS
5018,M,13,2,GENERAL
5019,F,6,4,CARDIOLOGY
5020,M,11,3,GENERAL
5021,F,7,4,GENERAL
5022,F,10,3,GENERAL
5023,M,6,4,CARDIOLOGY
5024,F,6,4,ORTHOPEDICS
5025,F,1,5,GENERAL
5026,F,1,6,ORTHOPEDICS
5027,F,6,4,CARDIOLOGY
5028,M,10,3,SURGERY
5029,F,6,5,ORTHOPEDICS
5030,M,1,5,SURGERY
5031,M,6,4,GENERAL
5032,M,1,5,ORTHOPEDICS
5033,M,10,4,ORTHOPEDICS
5034,F,13,3,ORTHOPEDICS
5035,F,6,4,CARDIOLOGY
5036,F,6,4,GENERAL
5037,M,10,3,CARDIOLOGY
5038,M,1,6,ORTHOPEDICS
5039,F,6,4,GENERAL
5040,F,1,5,SURGERY
5041,F,10,3,SURGERY
5042,F,10,3,GENERAL
5043,M,1,5,SURGERY
5044,F,10,4,SURGERY
5045,F,1,5,ORTHOPEDICS
5046,M,11,3,ORTHOPEDICS
5047,F,1,5,SURGERY
5048,F,1,5,SURGERY
5049,F,10,3,GENERAL
5050,F,11,3,ORTHOPEDICS
5051,M,10,3,SURGERY
5052,F,6,4,GENERAL
5053,F,6,4,ORTHOPEDICS
5054,M,10,4,SURGERY
5055,M,10,3,GENERAL
5056,M,8,4,SURGERY
5057,M,10,3,GENERAL
5058,F,1,5,CARDIOLOGY
5059,F,1,5,GENERAL
5060,M,1,5,SURGERY
5061,F,7,4,GENERAL
5062,M,10,4,CARDIOLOGY
5063,F,10,4,ORTHOPEDICS
5064,F,1,5,GENERAL
5065,F,6,4,ORTHOPEDICS
5066,F,11,3,SURGERY
5067,F,1,5,CARDIOLOGY
5068,F,7,4,ORTHOPEDICS
5069,F,10,4,SURGERY
5070,M,13,3,ORTHOPEDICS
5071,F,1,6,GENERAL
5072,F,6,4,SURGERY
5073,M,12,3,GENERAL
5074,F,1,5,GENERAL
5075,F,10,4,ORTHOPEDICS
5076,F,7,4,CARDIOLOGY
5077,F,7,4,SURGERY
5078,F,1,5,GENERAL
5079,M,6,4,CARDIOLOGY
5080,F,11,3,SURGERY
5081,M,6,4,GENERAL
5082,F,6,4,ORTHOPEDICS
5083,F,6,4,SURGERY
5084,F,6,4,GENERAL
5085,M,1,5,SURGERY
5086,M,10,3,CARDIOLOGY
5087,M,10,4,GENERAL
5088,M,10,3,SURGERY
5089,F,10,3,GENERAL
5090,F,10,3,SURGERY
5091,F,6,4,GENERAL
5092,F,6,4,GENERAL
5093,F,6,5,CARDIOLOGY
5094,M,10,3,GENERAL
5095,F,6,4,GENERAL
5096,F,1,5,SURGERY
5097,M,1,5,ORTHOPEDICS
5098,M,6,4,GENERAL
5099,M,1,5,GENERAL
5100,M,13,2,GENERAL
5101,F,13,2,SURGERY
5102,M,7,4,GENERAL
5103,M,13,3,CARDIOLOGY
5104,F,1,6,CARDIOLOGY
5105,M,13,2,GENERAL
5106,F,10,3,CARDIOLOGY
5107,F,11,3,SURGERY
5108,M,7,4,GENERAL
5109,M,6,4,GENERAL
5110,F,13,2,CARDIOLOGY
5111,F,1,5,GENERAL
5112,F,11,3,SURGERY
5113,F,6,4,SURGERY
5114,M,1,5,CARDIOLOGY
5115,F,1,6,CARDIOLOGY
5116,M,1,5,CARDIOLOGY
5117,F,6,4,GENERAL
5118,F,13,2,ORTHOPEDICS
5119,F,1,5,CARDIOLOGY
5120,F,6,4,CARDIOLOGY
5121,M,10,4,SURGERY
5122,F,1,5,ORTHOPEDICS
5123,F,10,3,GENERAL
5124,F,7,4,ORTHOPEDICS
5125,M,11,3,CARDIOLOGY
5126,F,10,3,SURGERY
5127,M,13,3,SURGERY
5128,M,11,3,SURGERY
5129,M,1,5,CARDIOLOGY
5130,F,6,4,GENERAL
5131,F,6,4,SURGERY
5132,F,1,5,GENERAL
5133,M,6,4,ORTHOPEDICS
5134,F,10,4,GENERAL
5135,M,6,4,CARDIOLOGY
5136,F,11,3,GENERAL
5137,F,10,4,GENERAL
5138,F,1,6,GENERAL
5139,M,11,3,CARDIOLOGY
5140,M,10,4,CARDIOLOGY
5141,F,6,4,GENERAL
5142,F,6,4,CARDIOLOGY
5143,F,10,3,GENERAL
5144,M,6,4,ORTHOPEDICS
5145,M,1,5,SURGERY
5146,F,6,4,ORTHOPEDICS
5147,F,6,4,GENERAL
5148,M,1,5,SURGERY
5149,M,6,4,SURGERY
5150,F,10,4,ORTHOPEDICS
5151,M,1,5,ORTHOPEDICS
5152,M,1,5,GENERAL
5153,M,1,5,CARDIOLOGY
5154,F,1,5,ORTHOPEDICS
5155,F,13,2,GENERAL
5156,F,1,5,SURGERY
5157,F,7,4,GENERAL
5158,M,7,4,SURGERY
5159,F,1,5,GENERAL
5160,F,1,5,SURGERY
5161,F,13,3,GENERAL
5162,F,10,4,GENERAL
5163,M,6,4,ORTHOPEDICS
5164,F,1,5,ORTHOPEDICS
5165,F,10,3,GENERAL
5166,F,6,4,GENERAL
5167,M,7,4,SURGERY
5168,F,1,5,SURGERY
5169,F,6,4,GENERAL
5170,F,10,3,SURGERY
5171,F,6,4,GENERAL
5172,F,6,4,SURGERY
5173,F,1,6,SURGERY
5174,F,6,4,ORTHOPEDICS
5175,F,7,4,GENERAL
5176,M,1,5,GENERAL
5177,M,6,4,GENERAL
5178,M,1,6,GENERAL
5179,M,11,3,SURGERY
5180,M,1,5,CARDIOLOGY
5181,M,6,4,GENERAL
5182,F,10,3,SURGERY
5183,F,11,3,GENERAL
5184,F,6,4,SURGERY
5185,M,6,4,GENERAL
5186,M,10,4,CARDIOLOGY
5187,M,13,2,GENERAL
5188,F,13,2,GENERAL
5189,F,1,5,ORTHOPEDICS
5190,M,6,4,CARDIOLOGY
5191,M,10,4,ORTHOPEDICS
5192,M,10,3,CARDIOLOGY
5193,M,6,4,SURGERY
5194,M,6,4,GENERAL
5195,F,1,6,GENERAL
5196,F,10,3,GENERAL
5197,M,10,4,GENERAL
5198,F,1,5,CARDIOLOGY
5199,M,6,4,SURGERY
5200,F,13,3,GENERAL
5201,F,11,3,SURGERY
5202,F,1,5,CARDIOLOGY
5203,F,9,4,ORTHOPEDICS
5204,F,10,3,GENERAL
5205,M,13,2,GENERAL
5206,M,13,2,GENERAL
5207,F,10,3,GENERAL
5208,M,10,4,CARDIOLOGY
5209,F,10,4,CARDIOLOGY
5210,M,6,4,GENERAL
5211,F,1,5,GENERAL
5212,F,1,5,GENERAL
5213,F,1,5,GENERAL
5214,F,1,5,ORTHOPEDICS
5215,F,6,4,CARDIOLOGY
5216,F,13,3,GENERAL
5217,F,6,4,ORTHOPEDICS
5218,F,1,5,SURGERY
5219,F,1,5,ORTHOPEDICS
5220,F,1,5,GENERAL
5221,M,10,4,ORTHOPEDICS
5222,M,6,4,SURGERY
5223,M,11,3,GENERAL
5224,F,13,2,GENERAL
5225,M,6,4,GENERAL
5226,F,10,3,ORTHOPEDICS
5227,F,6,4,GENERAL
5228,F,1,5,GENERAL
5229,M,7,4,GENERAL
5230,M,1,6,GENERAL
5231,F,6,4,GENERAL
5232,M,13,2,SURGERY
5233,M,11,3,ORTHOPEDICS
5234,M,10,3,ORTHOPEDICS
5235,F,1,6,SURGERY
5236,M,10,3,GENERAL
5237,M,6,4,SURGERY
5238,F,1,5,GENERAL
5239,M,1,5,ORTHOPEDICS
5240,F,1,5,GENERAL
5241,M,10,4,CARDIOLOGY
5242,F,6,4,CARDIOLOGY
5243,F,1,6,GENERAL
5244,M,10,3,CARDIOLOGY
5245,M,13,3,CARDIOLOGY
5246,F,1,5,SURGERY
5247,F,1,5,SURGERY
5248,F,1,6,GENERAL
5249,F,6,4,GENERAL
5250,M,10,4,GENERAL
5251,M,11,3,ORTHOPEDICS
5252,F,10,4,SURGERY
5253,F,7,4,GENERAL
5254,M,10,4,GENERAL
5255,M,1,5,ORTHOPEDICS
5256,M,6,4,GENERAL
5257,M,1,5,CARDIOLOGY
5258,M,10,3,GENERAL
5259,F,6,4,CARDIOLOGY
5260,M,1,5,ORTHOPEDICS
5261,F,10,4,ORTHOPEDICS
5262,M,1,5,ORTHOPEDICS
5263,M,6,4,CARDIOLOGY
5264,M,1,5,GENERAL
5265,M,7,4,SURGERY
5266,F,6,4,GENERAL
5267,F,6,4,GENERAL
5268,M,13,3,CARDIOLOGY
5269,F,10,4,CARDIOLOGY
5270,M,1,6,GENERAL
5271,F,6,4,CARDIOLOGY
5272,F,13,3,GENERAL
5273,M,1,5,SURGERY
5274,F,1,5,CARDIOLOGY
5275,F,6,4,ORTHOPEDICS
5276,F,10,3,CARDIOLOGY
5277,F,6,5,GENERAL
5278,F,7,4,GENERAL
5279,F,6,4,GENERAL
5280,F,1,5,GENERAL
5281,M,1,5,CARDIOLOGY
5282,F,6,4,SURGERY
5283,F,10,3,GENERAL
5284,M,6,4,SURGERY
5285,M,1,5,SURGERY
5286,F,1,5,SURGERY
5287,M,10,4,ORTHOPEDICS
5288,M,10,4,GENERAL
5289,M,11,3,SURGERY
5290,F,11,3,GENERAL
5291,M,10,3,GENERAL
5292,M,10,3,CARDIOLOGY
5293,F,11,3,GENERAL
5294,M,6,4,CARDIOLOGY
5295,M,1,5,GENERAL
5296,F,10,3,ORTHOPEDICS
5297,M,11,3,GENERAL
5298,F,1,6,GENERAL
5299,F,10,3,CARDIOLOGY
5300,F,1,6,ORTHOPEDICS
5301,F,6,4,SURGERY
5302,F,11,3,SURGERY
5303,M,1,5,GENERAL
5304,M,1,6,GENERAL
5305,F,13,2,GENERAL
5306,F,1,5,GENERAL
5307,M,6,4,GENERAL
5308,M,7,4,SURGERY
5309,F,11,3,ORTHOPEDICS
5310,M,6,5,CARDIOLOGY
5311,M,13,3,SURGERY
5312,F,13,3,GENERAL
5313,M,1,5,SURGERY
5314,F,10,3,SURGERY
5315,M,10,3,GENERAL
5316,M,1,5,GENERAL
5317,F,1,6,ORTHOPEDICS
5318,M,10,3,GENERAL
5319,M,6,4,GENERAL
5320,F,13,2,CARDIOLOGY
5321,M,6,4,ORTHOPEDICS
5322,M,10,4,GENERAL
5323,F,10,3,CARDIOLOGY
5324,F,6,4,ORTHOPEDICS
5325,F,1,6,SURGERY
5326,F,11,3,GENERAL
5327,M,1,5,SURGERY
5328,M,13,2,SURGERY
5329,M,10,3,GENERAL
5330,F,6,4,CARDIOLOGY
5331,F,6,4,ORTHOPEDICS
5332,F,1,5,SURGERY
5333,M,10,4,SURGERY
5334,M,1,5,CARDIOLOGY
5335,M,7,4,CARDIOLOGY
5336,F,1,6,CARDIOLOGY
5337,M,1,5,GENERAL
5338,M,1,5,GENERAL
5339,M,10,3,SURGERY
5340,F,6,4,SURGERY
5341,F,1,5,GENERAL
5342,M,1,5,SURGERY
5343,M,6,4,GENERAL
5344,F,6,4,GENERAL
5345,F,6,4,ORTHOPEDICS
5346,F,11,3,CARDIOLOGY
5347,M,6,4,SURGERY
5348,F,10,3,ORTHOPEDICS
5349,F,6,4,SURGERY
5350,F,10,3,ORTHOPEDICS
5351,F,1,5,CARDIOLOGY
5352,F,6,4,GENERAL
5353,M,11,3,GENERAL
5354,F,1,5,GENERAL
5355,M,6,4,SURGERY
5356,F,6,4,GENERAL
5357,F,1,7,GENERAL
5358,F,6,4,GENERAL
5359,M,10,4,GENERAL
5360,F,13,3,GENERAL
5361,M,10,3,GENERAL
5362,F,7,4,CARDIOLOGY
5363,M,6,4,CARDIOLOGY
5364,F,10,3,ORTHOPEDICS
5365,F,6,4,CARDIOLOGY
5366,F,6,4,GENERAL
5367,M,1,5,CARDIOLOGY
5368,M,6,4,CARDIOLOGY
5369,F,6,4,CARDIOLOGY
5370,M,1,5,GENERAL
5371,M,1,5,GENERAL
5372,F,1,7,ORTHOPEDICS
5373,M,10,3,GENERAL
5374,F,7,4,SURGERY
5375,F,6,4,GENERAL
5376,F,6,4,GENERAL
5377,F,1,6,SURGERY
5378,M,1,5,GENERAL
5379,F,1,5,GENERAL
5380,M,1,6,GENERAL
5381,M,10,3,CARDIOLOGY
5382,F,6,4,SURGERY
5383,M,7,4,GENERAL
5384,M,10,3,ORTHOPEDICS
5385,M,6,4,SURGERY
5386,F,10,3,SURGERY
5387,F,6,4,SURGERY
5388,F,6,4,CARDIOLOGY
5389,M,10,4,GENERAL
5390,M,1,5,CARDIOLOGY
5391,F,10,3,CARDIOLOGY
5392,M,11,3,GENERAL
5393,F,7,4,SURGERY
5394,M,10,4,GENERAL
5395,F,11,3,GENERAL
5396,F,6,4,CARDIOLOGY
5397,F,7,4,GENERAL
5398,M,11,3,GENERAL
5399,F,7,4,GENERAL
5400,M,10,4,SURGERY
5401,M,11,3,GENERAL
5402,M,13,2,GENERAL
5403,M,7,4,SURGERY
5404,M,13,3,ORTHOPEDICS
5405,M,10,3,ORTHOPEDICS
5406,M,10,4,ORTHOPEDICS
5407,F,10,4,ORTHOPEDICS
5408,F,1,5,CARDIOLOGY
5409,F,1,6,SURGERY
5410,F,11,3,GENERAL
5411,M,1,6,CARDIOLOGY
5412,M,1,6,GENERAL
5413,F,10,3,GENERAL
5414,F,6,4,GENERAL
5415,F,1,5,GENERAL
5416,M,10,3,GENERAL
5417,F,1,5,SURGERY
5418,M,1,6,CARDIOLOGY
5419,F,1,5,SURGERY
5420,M,6,4,ORTHOPEDICS
5421,M,7,4,GENERAL
5422,F,10,3,GENERAL
5423,F,1,5,GENERAL
5424,M,11,3,GENERAL
5425,M,6,5,GENERAL
5426,M,1,6,CARDIOLOGY
5427,M,10,3,CARDIOLOGY
5428,M,1,6,GENERAL
5429,F,10,3,GENERAL
5430,F,1,5,ORTHOPEDICS
5431,M,1,6,CARDIOLOGY
5432,F,1,5,SURGERY
5433,F,10,4,ORTHOPEDICS
5434,F,1,5,SURGERY
5435,M,10,3,SURGERY
5436,M,1,6,GENERAL
5437,F,6,5,GENERAL
5438,F,13,2,GENERAL
5439,F,11,3,GENERAL
5440,F,1,5,ORTHOPEDICS
5441,M,10,3,CARDIOLOGY
5442,F,7,4,CARDIOLOGY
5443,M,1,6,ORTHOPEDICS
5444,M,6,4,SURGERY
5445,F,1,6,GENERAL
5446,M,1,5,GENERAL
5447,M,7,4,SURGERY
5448,F,1,5,GENERAL
5449,F,11,3,SURGERY
5450,F,1,5,GENERAL
5451,F,10,4,CARDIOLOGY
5452,F,6,4,CARDIOLOGY
5453,M,6,4,GENERAL
5454,F,11,3,SURGERY
5455,M,1,5,GENERAL
5456,M,10,4,CARDIOLOGY
5457,M,10,3,GENERAL
5458,F,6,4,SURGERY
5459,F,1,5,CARDIOLOGY
5460,F,1,6,CARDIOLOGY
5461,M,10,3,GENERAL
5462,F,1,5,SURGERY
5463,F,10,4,GENERAL
5464,F,1,7,SURGERY
5465,M,1,5,CARDIOLOGY
5466,F,1,5,ORTHOPEDICS
5467,M,13,3,ORTHOPEDICS
5468,M,10,3,SURGERY
5469,M,1,5,ORTHOPEDICS
5470,M,13,3,GENERAL
5471,M,11,3,GENERAL
5472,M,1,5,SURGERY
5473,F,1,5,CARDIOLOGY
5474,M,13,2,SURGERY
5475,M,11,3,CARDIOLOGY
5476,M,1,5,GENERAL
5477,M,6,4,GENERAL
5478,M,1,5,GENERAL
5479,M,6,4,CARDIOLOGY
5480,F,6,4,GENERAL
5481,F,11,3,CARDIOLOGY
5482,F,12,3,GENERAL
5483,F,13,2,ORTHOPEDICS
5484,M,1,5,SURGERY
5485,M,1,5,GENERAL
5486,F,10,3,CARDIOLOGY
5487,F,6,4,ORTHOPEDICS
5488,M,6,5,SURGERY
5489,M,1,5,SURGERY
5490,F,1,7,CARDIOLOGY
5491,M,1,6,CARDIOLOGY
5492,F,1,5,GENERAL
5493,F,10,3,CARDIOLOGY
5494,F,10,3,GENERAL
5495,M,7,4,ORTHOPEDICS
5496,F,1,6,SURGERY
5497,F,6,4,GENERAL
5498,M,10,4,GENERAL
5499,F,6,4,CARDIOLOGY
5500,M,6,4,GENERAL
5501,M,10,4,CARDIOLOGY
5502,F,10,3,GENERAL
5503,M,13,3,SURGERY
5504,M,1,5,GENERAL
5505,F,1,5,SURGERY
5506,F,6,4,ORTHOPEDICS
5507,M,11,3,CARDIOLOGY
5508,F,11,3,GENERAL
5509,F,10,4,GENERAL
5510,F,10,4,CARDIOLOGY
5511,M,1,5,GENERAL
5512,F,6,4,ORTHOPEDICS
5513,M,10,3,CARDIOLOGY
5514,F,13,2,GENERAL
5515,M,1,5,CARDIOLOGY
5516,M,1,5,ORTHOPEDICS
5517,M,6,4,ORTHOPEDICS
5518,M,6,4,SURGERY
5519,F,1,5,GENERAL
5520,M,1,5,GENERAL
5521,F,1,6,GENERAL
5522,F,11,3,ORTHOPEDICS
5523,F,1,7,GENERAL
5524,M,6,4,SURGERY
5525,M,7,4,GENERAL
5526,M,1,5,CARDIOLOGY
5527,M,6,4,GENERAL
5528,M,6,4,GENERAL
5529,F,6,4,ORTHOPEDICS
5530,F,6,4,GENERAL
5531,F,6,4,SURGERY
5532,F,6,4,ORTHOPEDICS
5533,M,1,5,GENERAL
5534,M,10,4,GENERAL
5535,F,6,4,GENERAL
5536,F,1,5,SURGERY
5537,M,7,4,GENERAL
5538,M,1,5,GENERAL
5539,F,1,5,GENERAL
5540,F,1,6,ORTHOPEDICS
5541,M,1,5,SURGERY
5542,M,6,4,GENERAL
5543,M,10,3,GENERAL
5544,F,7,4,ORTHOPEDICS
5545,M,6,4,GENERAL
5546,M,13,3,ORTHOPEDICS
5547,F,10,3,CARDIOLOGY
5548,M,10,3,GENERAL
5549,M,6,4,GENERAL
5550,M,1,6,CARDIOLOGY
5551,F,6,5,ORTHOPEDICS
5552,F,10,4,GENERAL
5553,M,11,3,GENERAL
5554,M,1,6,ORTHOPEDICS
5555,F,6,4,ORTHOPEDICS
5556,F,1,5,ORTHOPEDICS
5557,F,1,6,SURGERY
5558,M,10,4,GENERAL
5559,F,10,4,ORTHOPEDICS
5560,F,1,5,GENERAL
5561,F,10,4,GENERAL
5562,F,10,3,SURGERY
5563,F,10,3,SURGERY
5564,F,13,3,CARDIOLOGY
5565,F,1,5,CARDIOLOGY
5566,F,10,3,GENERAL
5567,M,10,4,CARDIOLOGY
5568,M,10,3,SURGERY
5569,M,13,2,GENERAL
5570,M,1,5,GENERAL
5571,M,1,5,SURGERY
5572,M,10,4,ORTHOPEDICS
5573,M,11,3,SURGERY
5574,F,1,5,SURGERY
5575,M,6,4,CARDIOLOGY
5576,F,13,1,GENERAL
5577,F,6,4,CARDIOLOGY
5578,F,1,5,GENERAL
5579,M,10,4,CARDIOLOGY
5580,F,10,3,SURGERY
5581,M,6,4,GENERAL
5582,M,1,5,ORTHOPEDICS
5583,F,10,3,CARDIOLOGY
5584,F,1,5,ORTHOPEDICS
5585,F,10,4,GENERAL
5586,F,6,4,ORTHOPEDICS
5587,F,6,4,SURGERY
5588,M,10,3,ORTHOPEDICS
5589,M,6,4,CARDIOLOGY
5590,M,1,5,SURGERY
5591,M,6,4,SURGERY
5592,F,6,4,SURGERY
5593,F,11,3,SURGERY
5594,F,6,4,GENERAL
5595,F,10,4,GENERAL
5596,M,1,5,GENERAL
5597,F,10,4,CARDIOLOGY
5598,M,11,3,ORTHOPEDICS
5599,F,6,4,GENERAL
5600,F,6,4,SURGERY
5601,M,11,3,CARDIOLOGY
5602,F,10,4,CARDIOLOGY
5603,F,7,4,GENERAL
5604,M,6,4,CARDIOLOGY
5605,M,7,4,GENERAL
5606,F,1,7,GENERAL
5607,F,10,3,GENERAL
5608,F,10,3,SURGERY
5609,M,6,4,GENERAL
5610,M,10,4,GENERAL
5611,M,10,4,ORTHOPEDICS
5612,M,1,5,GENERAL
5613,F,6,4,CARDIOLOGY
5614,F,10,3,CARDIOLOGY
5615,M,6,4,GENERAL
5616,F,13,1,GENERAL
5617,F,10,4,SURGERY
5618,F,6,4,GENERAL
5619,F,7,4,GENERAL
5620,F,1,5,GENERAL
5621,F,6,4,GENERAL
5622,F,11,3,CARDIOLOGY
5623,M,7,4,CARDIOLOGY
5624,M,10,3,SURGERY
5625,M,6,4,ORTHOPEDICS
5626,F,1,5,ORTHOPEDICS
5627,M,8,4,SURGERY
5628,F,10,4,ORTHOPEDICS
5629,F,1,5,GENERAL
5630,M,6,4,GENERAL
5631,F,10,3,CARDIOLOGY
5632,M,1,5,CARDIOLOGY
5633,M,1,6,GENERAL
5634,M,1,5,GENERAL
5635,F,6,4,CARDIOLOGY
5636,F,11,3,SURGERY
5637,F,7,4,ORTHOPEDICS
5638,M,1,5,GENERAL
5639,M,6,4,GENERAL
5640,M,1,6,SURGERY
5641,M,10,4,GENERAL
5642,M,1,5,GENERAL
5643,F,6,4,GENERAL
5644,M,1,5,CARDIOLOGY
5645,F,1,5,SURGERY
5646,F,1,7,GENERAL
5647,M,10,3,CARDIOLOGY
5648,M,6,4,ORTHOPEDICS
5649,M,1,5,GENERAL
5650,F,10,3,SURGERY
5651,M,1,5,ORTHOPEDICS
5652,F,11,3,SURGERY
5653,F,13,2,SURGERY
5654,F,13,1,SURGERY
5655,M,13,2,GENERAL
5656,F,13,2,GENERAL
5657,M,1,5,ORTHOPEDICS
5658,F,13,3,CARDIOLOGY
5659,M,13,2,GENERAL
5660,M,10,3,SURGERY
5661,M,13,2,SURGERY
5662,M,10,3,GENERAL
5663,F,6,4,GENERAL
5664,M,6,4,ORTHOPEDICS
5665,M,10,4,SURGERY
5666,F,10,4,GENERAL
5667,M,1,5,GENERAL
5668,M,1,5,SURGERY
5669,F,10,4,CARDIOLOGY
5670,M,1,5,GENERAL
5671,M,6,4,CARDIOLOGY
5672,F,13,2,SURGERY
5673,F,10,4,SURGERY
5674,F,10,3,GENERAL
5675,M,1,5,ORTHOPEDICS
5676,M,1,6,SURGERY
5677,M,10,3,GENERAL
5678,F,13,2,GENERAL
5679,M,1,5,GENERAL
5680,F,7,4,GENERAL
5681,F,10,4,SURGERY
5682,F,1,5,ORTHOPEDICS
5683,F,10,3,GENERAL
5684,F,11,3,CARDIOLOGY
5685,M,11,3,ORTHOPEDICS
5686,F,10,4,GENERAL
5687,M,13,2,SURGERY
5688,F,1,5,GENERAL
5689,F,10,3,ORTHOPEDICS
5690,M,6,4,GENERAL
5691,M,6,4,CARDIOLOGY
5692,M,10,4,CARDIOLOGY
5693,M,6,4,SURGERY
5694,F,1,5,GENERAL
5695,M,1,5,CARDIOLOGY
5696,F,13,2,SURGERY
5697,M,11,3,SURGERY
5698,M,13,3,SURGERY
5699,M,13,2,GENERAL
5700,M,13,1,GENERAL
5701,M,10,3,SURGERY
5702,M,10,4,GENERAL
5703,M,6,4,CARDIOLOGY
5704,M,1,5,CARDIOLOGY
5705,M,6,4,SURGERY
5706,F,1,5,ORTHOPEDICS
5707,M,6,4,GENERAL
5708,M,1,5,ORTHOPEDICS
5709,F,7,4,CARDIOLOGY
5710,M,13,2,GENERAL
5711,F,6,4,GENERAL
5712,M,10,4,ORTHOPEDICS
5713,M,1,5,SURGERY
5714,F,1,5,GENERAL
5715,M,1,6,GENERAL
5716,F,10,3,GENERAL
5717,F,1,5,ORTHOPEDICS
5718,F,6,5,SURGERY
5719,F,10,3,GENERAL
5720,F,10,3,GENERAL
5721,M,1,5,CARDIOLOGY
5722,F,13,3,GENERAL
5723,M,6,4,CARDIOLOGY
5724,F,1,6,ORTHOPEDICS
5725,F,1,5,GENERAL
5726,F,6,4,GENERAL
5727,M,1,5,GENERAL
5728,M,10,4,GENERAL
5729,F,10,3,GENERAL
5730,F,13,2,SURGERY
5731,F,11,3,GENERAL
5732,M,6,4,GENERAL
5733,M,6,4,SURGERY
5734,F,6,4,ORTHOPEDICS
5735,F,13,3,GENERAL
5736,F,10,3,GENERAL
5737,F,1,5,GENERAL
5738,F,11,3,ORTHOPEDICS
5739,M,13,3,ORTHOPEDICS
5740,F,6,4,ORTHOPEDICS
5741,F,13,3,GENERAL
5742,F,11,3,GENERAL
5743,M,10,3,SURGERY
5744,M,6,4,CARDIOLOGY
5745,F,1,5,GENERAL
5746,F,10,3,GENERAL
5747,F,6,4,CARDIOLOGY
5748,M,1,5,SURGERY
5749,F,6,4,GENERAL
5750,F,1,5,GENERAL
5751,F,1,6,GENERAL
5752,M,6,4,SURGERY
5753,F,10,4,GENERAL
5754,F,1,5,GENERAL
5755,M,6,4,GENERAL
5756,F,11,3,CARDIOLOGY
5757,F,1,5,GENERAL
5758,F,13,1,ORTHOPEDICS
5759,M,1,5,SURGERY
5760,F,11,3,CARDIOLOGY
5761,F,6,4,GENERAL
5762,F,1,5,ORTHOPEDICS
5763,F,13,1,SURGERY
5764,F,10,3,GENERAL
5765,M,10,3,CARDIOLOGY
5766,M,1,5,GENERAL
5767,M,1,6,GENERAL
5768,M,10,4,GENERAL
5769,M,6,4,SURGERY
5770,M,6,4,ORTHOPEDICS
5771,M,1,7,GENERAL
5772,M,11,3,CARDIOLOGY
5773,M,6,4,ORTHOPEDICS
5774,F,1,6,GENERAL
5775,F,7,4,GENERAL
5776,M,10,4,GENERAL
5777,M,6,4,SURGERY
5778,F,10,4,GENERAL
5779,M,6,4,ORTHOPEDICS
5780,F,10,3,ORTHOPEDICS
5781,M,1,5,CARDIOLOGY
5782,M,11,3,GENERAL
5783,F,10,3,SURGERY
5784,M,11,3,CARDIOLOGY
5785,M,13,3,ORTHOPEDICS
5786,F,10,4,SURGERY
5787,F,1,6,ORTHOPEDICS
5788,F,10,3,ORTHOPEDICS
5789,F,10,4,GENERAL
5790,F,6,4,ORTHOPEDICS
5791,M,10,4,CARDIOLOGY
5792,F,7,4,CARDIOLOGY
5793,F,10,4,ORTHOPEDICS
5794,F,1,5,GENERAL
5795,M,6,4,GENERAL
5796,F,10,3,GENERAL
5797,F,10,3,SURGERY
5798,M,6,4,GENERAL
5799,M,6,4,GENERAL
5800,F,1,5,ORTHOPEDICS
5801,M,6,4,GENERAL
5802,M,6,4,SURGERY
5803,M,1,5,CARDIOLOGY
5804,F,1,5,ORTHOPEDICS
5805,F,1,6,GENERAL
5806,M,10,3,SURGERY
5807,F,13,2,SURGERY
5808,M,6,4,GENERAL
5809,F,11,3,ORTHOPEDICS
5810,F,6,4,SURGERY
5811,M,10,3,GENERAL
5812,F,6,4,ORTHOPEDICS
5813,F,1,5,CARDIOLOGY
5814,M,1,5,GENERAL
5815,M,6,4,SURGERY
5816,M,1,5,ORTHOPEDICS
5817,F,10,3,GENERAL
5818,M,13,2,GENERAL
5819,F,13,3,CARDIOLOGY
5820,F,10,3,CARDIOLOGY
5821,F,1,6,CARDIOLOGY
5822,F,10,3,SURGERY
5823,F,12,3,CARDIOLOGY
5824,F,1,5,SURGERY
5825,F,6,4,ORTHOPEDICS
5826,M,1,6,CARDIOLOGY
5827,F,1,5,GENERAL
5828,M,6,4,CARDIOLOGY
5829,F,13,3,CARDIOLOGY
5830,M,10,3,GENERAL
5831,F,13,3,ORTHOPEDICS
5832,F,11,3,GENERAL
5833,F,13,2,CARDIOLOGY
5834,M,11,3,GENERAL
5835,F,6,4,CARDIOLOGY
5836,M,13,3,ORTHOPEDICS
5837,F,11,3,GENERAL
5838,M,6,4,CARDIOLOGY
5839,F,11,3,GENERAL
5840,F,10,3,CARDIOLOGY
5841,F,1,5,ORTHOPEDICS
5842,M,11,3,CARDIOLOGY
5843,M,1,5,SURGERY
5844,M,1,5,GENERAL
5845,M,1,5,CARDIOLOGY
5846,F,11,3,SURGERY
5847,F,6,4,ORTHOPEDICS
5848,M,11,3,SURGERY
5849,F,6,5,GENERAL
5850,F,6,4,SURGERY
5851,M,1,5,ORTHOPEDICS
5852,M,1,5,SURGERY
5853,F,6,4,CARDIOLOGY
5854,F,6,4,CARDIOLOGY
5855,F,6,4,GENERAL
5856,F,7,4,GENERAL
5857,F,1,5,GENERAL
5858,F,6,4,GENERAL
5859,F,1,6,SURGERY
5860,M,10,4,CARDIOLOGY
5861,F,11,3,GENERAL
5862,F,1,5,CARDIOLOGY
5863,F,1,5,ORTHOPEDICS
5864,M,7,4,CARDIOLOGY
5865,F,1,5,GENERAL
5866,F,6,4,GENERAL
5867,F,6,4,ORTHOPEDICS
5868,M,10,4,GENERAL
5869,M,10,4,CARDIOLOGY
5870,M,6,4,GENERAL
5871,F,13,2,ORTHOPEDICS
5872,F,1,5,ORTHOPEDICS
5873,M,6,4,ORTHOPEDICS
5874,M,6,4,GENERAL
5875,M,1,5,ORTHOPEDICS
5876,M,11,3,GENERAL
5877,M,6,4,ORTHOPEDICS
5878,M,11,3,ORTHOPEDICS
5879,F,13,3,ORTHOPEDICS
5880,M,6,4,ORTHOPEDICS
5881,F,10,3,GENERAL
5882,M,6,4,SURGERY
5883,M,6,4,ORTHOPEDICS
5884,M,1,5,ORTHOPEDICS
5885,M,1,5,CARDIOLOGY
5886,M,1,5,ORTHOPEDICS
5887,F,10,3,GENERAL
5888,F,6,4,GENERAL
5889,M,6,5,GENERAL
5890,M,11,3,GENERAL
5891,M,1,5,GENERAL
5892,F,13,3,ORTHOPEDICS
5893,F,10,3,GENERAL
5894,F,6,4,SURGERY
5895,M,12,3,GENERAL
5896,M,6,4,CARDIOLOGY
5897,F,6,4,GENERAL
5898,F,6,4,SURGERY
5899,F,6,4,SURGERY
5900,M,10,3,GENERAL
5901,M,13,3,SURGERY
5902,M,6,4,CARDIOLOGY
5903,M,11,3,SURGERY
5904,M,1,5,GENERAL
5905,M,13,2,GENERAL
5906,M,6,4,GENERAL
5907,M,1,6,ORTHOPEDICS
5908,M,13,2,ORTHOPEDICS
5909,M,11,3,CARDIOLOGY
5910,M,10,4,GENERAL
5911,F,10,4,ORTHOPEDICS
5912,F,1,5,CARDIOLOGY
5913,M,10,3,GENERAL
5914,M,1,5,GENERAL
5915,M,13,2,ORTHOPEDICS
5916,M,1,7,SURGERY
5917,M,11,3,GENERAL
5918,M,1,5,GENERAL
5919,F,1,5,GENERAL
5920,F,1,5,GENERAL
5921,M,7,4,GENERAL
5922,M,11,3,CARDIOLOGY
5923,M,6,4,ORTHOPEDICS
5924,M,1,5,CARDIOLOGY
5925,F,6,5,GENERAL
5926,M,6,4,GENERAL
5927,F,1,5,GENERAL
5928,F,7,4,SURGERY
5929,F,10,3,GENERAL
5930,F,13,2,GENERAL
5931,F,10,3,CARDIOLOGY
5932,M,6,4,GENERAL
5933,M,7,4,GENERAL
5934,M,6,4,GENERAL
5935,F,1,5,SURGERY
5936,M,13,3,GENERAL
5937,M,1,5,GENERAL
5938,M,1,5,GENERAL
5939,M,6,4,GENERAL
5940,F,10,3,SURGERY
5941,F,1,5,ORTHOPEDICS
5942,M,10,3,ORTHOPEDICS
5943,F,1,5,SURGERY
5944,M,10,3,ORTHOPEDICS
5945,M,10,4,ORTHOPEDICS
5946,M,10,3,GENERAL
5947,M,6,4,GENERAL
5948,F,1,5,GENERAL
5949,M,1,5,GENERAL
5950,M,1,6,GENERAL
5951,F,1,7,ORTHOPEDICS
5952,M,13,3,GENERAL
5953,M,7,4,SURGERY
5954,M,10,4,ORTHOPEDICS
5955,M,13,2,ORTHOPEDICS
5956,M,1,5,ORTHOPEDICS
5957,F,1,6,CARDIOLOGY
5958,M,10,3,GENERAL
5959,M,1,5,GENERAL
5960,M,6,4,CARDIOLOGY
5961,M,10,4,ORTHOPEDICS
5962,M,1,5,GENERAL
5963,M,6,4,GENERAL
5964,F,11,3,CARDIOLOGY
5965,M,1,5,CARDIOLOGY
5966,M,10,4,CARDIOLOGY
5967,F,1,5,CARDIOLOGY
5968,M,13,3,GENERAL
5969,M,10,4,GENERAL
5970,F,1,5,SURGERY
5971,M,11,3,GENERAL
5972,F,8,4,CARDIOLOGY
5973,M,13,2,ORTHOPEDICS
5974,F,10,3,ORTHOPEDICS
5975,F,11,3,GENERAL
5976,M,1,6,CARDIOLOGY
5977,M,6,4,SURGERY
5978,F,1,5,GENERAL
5979,F,6,4,CARDIOLOGY
5980,M,10,4,ORTHOPEDICS
5981,F,10,3,GENERAL
5982,M,7,4,ORTHOPEDICS
5983,F,10,4,CARDIOLOGY
5984,F,6,4,SURGERY
5985,F,10,4,CARDIOLOGY
5986,F,13,2,GENERAL
5987,M,1,5,GENERAL
5988,M,10,3,CARDIOLOGY
5989,F,11,3,CARDIOLOGY
5990,M,10,3,CARDIOLOGY
5991,M,13,2,GENERAL
5992,M,1,6,ORTHOPEDICS
5993,M,10,4,ORTHOPEDICS
5994,M,11,3,GENERAL
5995,F,6,4,SURGERY
5996,M,1,5,GENERAL
5997,F,1,5,CARDIOLOGY
5998,M,11,3,ORTHOPEDICS
5999,F,1,5,GENERAL
6000,M,13,3,ORTHOPEDICS
6001,F,1,5,SURGERY
6002,F,1,5,SURGERY
6003,F,10,4,CARDIOLOGY
6004,M,13,2,ORTHOPEDICS
6005,F,6,5,CARDIOLOGY
6006,M,6,4,GENERAL
6007,M,10,3,SURGERY
6008,F,10,4,SURGERY
6009,F,1,5,GENERAL
6010,F,13,2,ORTHOPEDICS
6011,F,1,5,SURGERY
6012,F,1,6,GENERAL
6013,F,13,3,SURGERY
6014,M,11,3,ORTHOPEDICS
6015,M,1,5,GENERAL
6016,F,6,4,CARDIOLOGY
6017,M,1,5,GENERAL
6018,F,10,3,ORTHOPEDICS
6019,M,1,5,GENERAL
6020,M,1,6,SURGERY
6021,F,13,1,CARDIOLOGY
6022,M,7,4,GENERAL
6023,F,10,3,GENERAL
6024,M,1,5,CARDIOLOGY
6025,M,6,4,CARDIOLOGY
6026,M,6,4,ORTHOPEDICS
6027,M,6,4,GENERAL
6028,M,1,5,SURGERY
6029,M,11,3,GENERAL
6030,F,6,4,CARDIOLOGY
6031,F,10,4,CARDIOLOGY
6032,F,13,2,GENERAL
6033,M,11,3,ORTHOPEDICS
6034,M,6,4,ORTHOPEDICS
6035,F,1,5,ORTHOPEDICS
6036,F,10,3,ORTHOPEDICS
6037,F,1,5,GENERAL
6038,F,6,4,GENERAL
6039,F,12,3,CARDIOLOGY
6040,M,10,4,CARDIOLOGY
6041,F,6,4,GENERAL
6042,F,10,4,ORTHOPEDICS
6043,M,6,4,GENERAL
6044,F,1,6,ORTHOPEDICS
6045,M,10,4,SURGERY
6046,F,13,2,SURGERY
6047,F,10,3,SURGERY
6048,M,6,4,GENERAL
6049,F,10,3,SURGERY
6050,M,10,3,CARDIOLOGY
6051,F,6,4,GENERAL
6052,F,6,4,GENERAL
6053,M,1,5,CARDIOLOGY
6054,M,10,3,ORTHOPEDICS
6055,F,1,5,CARDIOLOGY
6056,M,7,4,ORTHOPEDICS
6057,F,10,3,GENERAL
6058,F,6,4,CARDIOLOGY
6059,M,6,4,GENERAL
6060,F,1,5,ORTHOPEDICS
6061,F,10,3,ORTHOPEDICS
6062,M,13,3,GENERAL
6063,F,10,3,GENERAL
6064,M,1,5,GENERAL
6065,F,1,5,ORTHOPEDICS
6066,M,1,5,GENERAL
6067,M,6,4,CARDIOLOGY
6068,F,1,5,ORTHOPEDICS
6069,F,7,4,GENERAL
6070,F,10,4,GENERAL
6071,F,1,5,SURGERY
6072,F,10,3,GENERAL
6073,M,8,4,SURGERY
6074,M,13,3,GENERAL
6075,M,13,3,GENERAL
6076,F,10,3,ORTHOPEDICS
6077,M,13,2,CARDIOLOGY
6078,F,1,6,SURGERY
6079,M,1,5,GENERAL
6080,M,10,3,SURGERY
6081,M,10,4,CARDIOLOGY
6082,M,6,4,GENERAL
6083,M,6,4,GENERAL
6084,F,1,6,ORTHOPEDICS
6085,M,1,6,GENERAL
6086,M,1,5,ORTHOPEDICS
6087,M,6,4,ORTHOPEDICS
6088,F,7,4,SURGERY
6089,F,6,4,ORTHOPEDICS
6090,F,7,4,GENERAL
6091,M,6,4,SURGERY
6092,F,11,3,CARDIOLOGY
6093,M,10,3,CARDIOLOGY
6094,M,1,5,GENERAL
6095,M,1,6,ORTHOPEDICS
6096,F,6,4,CARDIOLOGY
6097,M,1,5,SURGERY
6098,F,11,3,GENERAL
6099,M,10,3,GENERAL
6100,M,13,3,SURGERY
6101,F,7,4,GENERAL
6102,M,10,3,CARDIOLOGY
6103,F,1,5,GENERAL
6104,M,7,4,SURGERY
6105,M,6,4,GENERAL
6106,M,10,3,SURGERY
6107,M,13,2,GENERAL
6108,F,1,5,ORTHOPEDICS
6109,F,6,4,ORTHOPEDICS
6110,M,1,5,ORTHOPEDICS
6111,F,10,4,GENERAL
6112,F,6,4,SURGERY
6113,F,6,4,GENERAL
6114,M,11,3,CARDIOLOGY
6115,F,6,4,GENERAL
6116,F,11,3,GENERAL
6117,M,6,4,CARDIOLOGY
6118,F,6,4,CARDIOLOGY
6119,M,1,5,GENERAL
6120,F,1,5,GENERAL
6121,M,1,5,SURGERY
6122,M,10,3,CARDIOLOGY
6123,M,11,3,GENERAL
6124,F,6,4,ORTHOPEDICS
6125,M,10,3,CARDIOLOGY
6126,F,11,3,GENERAL
6127,F,1,5,SURGERY
6128,F,13,2,GENERAL
6129,M,11,3,SURGERY
6130,F,10,3,GENERAL
6131,F,6,4,ORTHOPEDICS
6132,M,1,6,CARDIOLOGY
6133,M,7,4,GENERAL
6134,M,13,3,GENERAL
6135,M,13,3,ORTHOPEDICS
6136,F,7,4,ORTHOPEDICS
6137,M,10,3,ORTHOPEDICS
6138,F,1,6,GENERAL
6139,M,7,4,GENERAL
6140,M,11,3,GENERAL
6141,M,11,3,ORTHOPEDICS
6142,M,6,4,CARDIOLOGY
6143,F,10,4,SURGERY
6144,M,1,5,ORTHOPEDICS
6145,F,1,5,GENERAL
6146,F,10,3,GENERAL
6147,F,13,3,GENERAL
6148,F,10,3,GENERAL
6149,F,13,3,CARDIOLOGY
6150,M,6,4,CARDIOLOGY
6151,M,6,4,GENERAL
6152,F,11,3,GENERAL
6153,M,10,3,ORTHOPEDICS
6154,F,1,5,SURGERY
6155,F,10,3,GENERAL
6156,F,13,2,SURGERY
6157,M,10,3,GENERAL
6158,F,1,6,CARDIOLOGY
6159,M,13,2,SURGERY
6160,M,1,5,SURGERY
6161,M,10,4,CARDIOLOGY
6162,F,6,4,SURGERY
6163,M,6,5,CARDIOLOGY
6164,F,6,4,GENERAL
6165,M,1,6,CARDIOLOGY
6166,F,10,3,SURGERY
6167,M,6,4,GENERAL
6168,F,6,5,ORTHOPEDICS
6169,F,10,3,SURGERY
6170,M,10,4,ORTHOPEDICS
6171,M,10,3,GENERAL
6172,F,7,4,CARDIOLOGY
6173,M,6,4,ORTHOPEDICS
6174,M,6,4,GENERAL
6175,M,10,3,GENERAL
6176,M,10,3,CARDIOLOGY
6177,F,1,5,ORTHOPEDICS
6178,F,6,4,GENERAL
6179,F,10,4,GENERAL
6180,F,6,4,GENERAL
6181,M,6,4,GENERAL
6182,F,10,3,ORTHOPEDICS
6183,F,6,4,GENERAL
6184,M,10,3,CARDIOLOGY
6185,F,10,4,GENERAL
6186,F,11,3,ORTHOPEDICS
6187,M,10,4,GENERAL
6188,F,1,5,CARDIOLOGY
6189,M,13,2,CARDIOLOGY
6190,M,1,6,CARDIOLOGY
6191,F,1,5,GENERAL
6192,M,1,5,CARDIOLOGY
6193,F,1,5,ORTHOPEDICS
6194,M,1,5,GENERAL
6195,M,6,4,GENERAL
6196,F,10,4,ORTHOPEDICS
6197,F,1,6,GENERAL
6198,M,1,5,SURGERY
6199,F,13,2,GENERAL
6200,M,1,6,ORTHOPEDICS
6201,F,1,5,SURGERY
6202,M,1,6,CARDIOLOGY
6203,M,13,3,GENERAL
6204,M,1,5,ORTHOPEDICS
6205,M,10,3,SURGERY
6206,F,13,2,ORTHOPEDICS
6207,F,1,7,GENERAL
6208,F,10,4,CARDIOLOGY
6209,F,11,3,SURGERY
6210,F,1,5,ORTHOPEDICS
6211,M,10,4,SURGERY
6212,M,6,4,GENERAL
6213,M,7,4,ORTHOPEDICS
6214,F,13,2,GENERAL
6215,F,1,5,GENERAL
6216,M,7,4,CARDIOLOGY
6217,F,1,6,CARDIOLOGY
6218,F,10,4,GENERAL
6219,M,6,4,CARDIOLOGY
6220,M,6,4,CARDIOLOGY
6221,F,13,2,ORTHOPEDICS
6222,M,1,5,CARDIOLOGY
6223,M,1,5,SURGERY
6224,M,10,4,GENERAL
6225,F,1,5,GENERAL
6226,M,1,6,CARDIOLOGY
6227,F,1,5,ORTHOPEDICS
6228,M,11,3,CARDIOLOGY
6229,M,1,5,SURGERY
6230,F,1,6,SURGERY
6231,M,6,4,SURGERY
6232,F,10,4,SURGERY
6233,F,10,4,GENERAL
6234,F,6,4,GENERAL
6235,F,1,5,GENERAL
6236,F,1,5,CARDIOLOGY
6237,F,13,2,GENERAL
6238,M,6,4,GENERAL
6239,F,1,5,SURGERY
6240,M,6,4,GENERAL
6241,M,10,4,GENERAL
6242,F,10,4,ORTHOPEDICS
6243,M,1,5,CARDIOLOGY
6244,M,1,5,GENERAL
6245,F,1,5,ORTHOPEDICS
6246,M,13,2,GENERAL
6247,F,10,4,SURGERY
6248,M,6,4,ORTHOPEDICS
6249,F,10,3,ORTHOPEDICS
6250,M,1,5,ORTHOPEDICS
6251,F,10,3,CARDIOLOGY
6252,F,10,3,CARDIOLOGY
6253,F,1,5,GENERAL
6254,M,7,4,GENERAL
6255,M,10,3,CARDIOLOGY
6256,F,1,5,CARDIOLOGY
6257,M,10,3,ORTHOPEDICS
6258,F,10,4,GENERAL
6259,M,10,3,ORTHOPEDICS
6260,M,1,5,ORTHOPEDICS
6261,M,1,5,CARDIOLOGY
6262,F,1,5,CARDIOLOGY
6263,F,1,5,ORTHOPEDICS
6264,M,12,3,ORTHOPEDICS
6265,F,6,4,SURGERY
6266,M,6,4,GENERAL
6267,M,10,3,ORTHOPEDICS
6268,M,1,5,GENERAL
6269,F,10,3,GENERAL
6270,F,10,3,GENERAL
6271,F,10,4,GENERAL
6272,F,1,5,ORTHOPEDICS
6273,M,1,5,ORTHOPEDICS
6274,F,13,3,ORTHOPEDICS
6275,M,6,4,GENERAL
6276,M,10,4,SURGERY
6277,M,10,3,GENERAL
6278,F,6,4,ORTHOPEDICS
6279,M,10,4,CARDIOLOGY
6280,M,6,4,GENERAL
6281,F,6,4,GENERAL
6282,F,1,5,ORTHOPEDICS
6283,M,6,4,CARDIOLOGY
6284,F,1,5,ORTHOPEDICS
6285,M,1,5,GENERAL
6286,F,6,4,GENERAL
6287,M,10,3,SURGERY
6288,F,6,4,ORTHOPEDICS
6289,M,1,5,ORTHOPEDICS
6290,F,1,5,GENERAL
6291,F,7,4,ORTHOPEDICS
6292,F,1,5,GENERAL
6293,M,6,4,GENERAL
6294,M,10,4,ORTHOPEDICS
6295,M,10,4,GENERAL
6296,F,1,5,SURGERY
6297,M,13,3,GENERAL
6298,F,10,3,GENERAL
6299,M,1,7,ORTHOPEDICS
6300,M,11,3,CARDIOLOGY
6301,F,1,6,SURGERY
6302,F,13,3,CARDIOLOGY
6303,M,10,4,ORTHOPEDICS
6304,F,10,4,SURGERY
6305,M,1,5,ORTHOPEDICS
6306,M,11,3,CARDIOLOGY
6307,F,10,4,ORTHOPEDICS
6308,M,10,4,SURGERY
6309,F,6,4,CARDIOLOGY
6310,M,10,3,GENERAL
6311,M,6,4,GENERAL
6312,F,10,4,SURGERY
6313,M,1,5,ORTHOPEDICS
6314,M,1,5,ORTHOPEDICS
6315,M,6,4,ORTHOPEDICS
6316,F,10,3,CARDIOLOGY
6317,F,10,3,SURGERY
6318,M,6,4,GENERAL
6319,F,1,6,CARDIOLOGY
6320,M,1,5,ORTHOPEDICS
6321,F,6,4,GENERAL
6322,M,1,7,GENERAL
6323,F,1,5,SURGERY
6324,F,1,5,GENERAL
6325,F,1,5,SURGERY
6326,F,10,4,CARDIOLOGY
6327,F,1,5,GENERAL
6328,F,6,5,GENERAL
6329,M,13,1,SURGERY
6330,F,1,5,GENERAL
6331,M,1,6,ORTHOPEDICS
6332,M,10,3,GENERAL
6333,M,1,5,ORTHOPEDICS
6334,M,1,5,GENERAL
6335,F,1,5,ORTHOPEDICS
6336,F,1,6,SURGERY
6337,F,6,4,GENERAL
6338,F,13,3,GENERAL
6339,M,6,5,CARDIOLOGY
6340,M,13,2,ORTHOPEDICS
6341,M,6,4,ORTHOPEDICS
6342,M,1,5,ORTHOPEDICS
6343,M,10,4,ORTHOPEDICS
6344,F,13,3,GENERAL
6345,F,1,5,GENERAL
6346,M,1,5,GENERAL
6347,M,1,5,ORTHOPEDICS
6348,F,6,4,CARDIOLOGY
6349,F,1,5,GENERAL
6350,F,6,4,ORTHOPEDICS
6351,F,6,5,SURGERY
6352,M,13,2,ORTHOPEDICS
6353,F,1,5,SURGERY
6354,F,11,3,GENERAL
6355,F,1,5,CARDIOLOGY
6356,F,6,4,GENERAL
6357,F,11,3,GENERAL
6358,M,6,4,GENERAL
6359,F,10,3,CARDIOLOGY
6360,M,6,4,ORTHOPEDICS
6361,M,10,4,CARDIOLOGY
6362,F,6,4,GENERAL
6363,M,10,4,CARDIOLOGY
6364,F,7,4,GENERAL
6365,F,1,5,GENERAL
6366,M,10,4,ORTHOPEDICS
6367,F,10,4,GENERAL
6368,M,6,4,SURGERY
6369,F,10,4,CARDIOLOGY
6370,F,1,5,GENERAL
6371,M,1,5,CARDIOLOGY
6372,F,10,3,GENERAL
6373,F,6,5,GENERAL
6374,F,1,5,ORTHOPEDICS
6375,M,10,3,ORTHOPEDICS
6376,M,6,4,GENERAL
6377,M,6,4,ORTHOPEDICS
6378,M,10,4,SURGERY
6379,M,1,5,GENERAL
6380,M,1,5,SURGERY
6381,F,11,3,SURGERY
6382,M,7,4,GENERAL
6383,M,10,3,GENERAL
6384,M,10,3,GENERAL
6385,F,1,5,GENERAL
6386,F,10,4,ORTHOPEDICS
6387,M,7,4,CARDIOLOGY
6388,M,13,1,SURGERY
6389,F,12,3,SURGERY
6390,F,1,5,CARDIOLOGY
6391,M,10,4,SURGERY
6392,M,1,5,CARDIOLOGY
6393,M,10,4,SURGERY
6394,M,10,3,ORTHOPEDICS
6395,M,1,5,SURGERY
6396,M,1,6,ORTHOPEDICS
6397,F,1,5,CARDIOLOGY
6398,F,1,5,ORTHOPEDICS
6399,F,1,5,CARDIOLOGY
6400,F,1,5,GENERAL
