patient_id,gender,admission_day,los,required_specialty
1,M,10,3,CARDIOLOGY
2,F,1,5,ORTHOPEDICS
3,M,13,2,CARDIOLOGY
4,F,13,3,ORTHOPEDICS
5,M,10,4,GENERAL
6,M,13,2,GENERAL
7,F,6,4,SURGERY
8,M,6,4,ORTHOPEDICS
9,F,6,4,CARDIOLOGY
10,M,1,5,CARDIOLOGY
11,F,10,4,GENERAL
12,M,6,4,CARDIOLOGY
13,F,6,4,CARDIOLOGY
14,F,10,3,ORTHOPEDICS
15,M,10,3,GENERAL
16,F,10,3,ORTHOPEDICS
17,F,11,3,GENERAL
18,M,1,5,ORTHOPEDICS
19,F,13,2,GENERAL
20,F,1,5,GENERAL
21,M,13,2,SURGERY
22,F,10,4,GENERAL
23,M,1,5,ORTHOPEDICS
24,F,6,4,SURGERY
25,F,13,3,ORTHOPEDICS
26,F,1,5,GENERAL
27,M,10,3,SURGERY
28,F,7,4,GENERAL
29,F,10,4,SURGERY
30,M,10,4,GENERAL
31,M,1,5,ORTHOPEDICS
32,F,10,3,CARDIOLOGY
33,M,1,5,CARDIOLOGY
34,F,10,4,GENERAL
35,M,6,4,ORTHOPEDICS
36,M,6,4,CARDIOLOGY
37,F,10,4,GENERAL
38,F,1,5,GENERAL
39,F,11,3,CARDIOLOGY
40,F,1,5,SURGERY
41,M,10,4,ORTHOPEDICS
42,F,1,5,CARDIOLOGY
43,M,1,6,ORTHOPEDICS
44,M,10,4,GENERAL
45,M,1,6,SURGERY
46,F,10,3,GENERAL
47,M,1,5,GENERAL
48,F,1,5,SURGERY
49,M,13,2,SURGERY
50,M,7,4,SURGERY
51,M,10,3,GENERAL
52,F,6,4,ORTHOPEDICS
53,F,10,4,SURGERY
54,M,6,4,SURGERY
55,M,10,3,GENERAL
56,M,7,4,GENERAL
57,F,6,4,ORTHOPEDICS
58,F,13,2,CARDIOLOGY
59,F,6,4,GENERAL
60,F,1,5,GENERAL
61,F,10,4,SURGERY
62,F,6,4,GENERAL
63,M,6,4,GENERAL
64,F,8,4,ORTHOPEDICS
65,F,11,3,GENERAL
66,M,1,5,SURGERY
67,M,12,3,SURGERY
68,F,10,4,SURGERY
69,M,1,5,GENERAL
70,F,7,4,SURGERY
71,F,1,5,SURGERY
72,F,13,2,CARDIOLOGY
73,M,13,3,SURGERY
74,F,7,4,CARDIOLOGY
75,F,13,2,GENERAL
76,M,6,4,CARDIOLOGY
77,M,7,4,ORTHOPEDICS
78,F,10,3,CARDIOLOGY
79,F,10,3,CARDIOLOGY
80,M,1,5,SURGERY
81,F,6,4,GENERAL
82,M,1,5,CARDIOLOGY
83,M,1,6,GENERAL
84,M,10,4,GENERAL
85,M,1,5,SURGERY
86,F,13,3,ORTHOPEDICS
87,M,1,5,SURGERY
88,M,7,4,GENERAL
89,M,10,4,ORTHOPEDICS
90,M,10,3,GENERAL
91,M,6,4,ORTHOPEDICS
92,F,6,4,ORTHOPEDICS
93,F,1,5,GENERAL
94,M,7,4,SURGERY
95,F,6,4,GENERAL
96,M,1,5,SURGERY
97,M,6,4,GENERAL
98,F,10,4,CARDIOLOGY
99,F,1,6,CARDIOLOGY
100,M,6,4,GENERAL
101,M,6,4,ORTHOPEDICS
102,F,6,4,GENERAL
103,F,6,4,GENERAL
104,F,13,2,GENERAL
105,F,13,2,ORTHOPEDICS
106,M,6,4,ORTHOPEDICS
107,F,7,4,GENERAL
108,M,1,5,SURGERY
109,M,1,6,ORTHOPEDICS
110,M,1,5,SURGERY
111,M,13,2,GENERAL
112,M,10,3,GENERAL
113,F,6,4,GENERAL
114,F,13,2,ORTHOPEDICS
115,M,11,3,GENERAL
116,M,1,6,ORTHOPEDICS
117,M,11,3,CARDIOLOGY
118,M,6,4,GENERAL
119,F,7,4,SURGERY
120,F,6,4,GENERAL
121,M,6,4,SURGERY
122,F,1,5,GENERAL
123,F,10,4,GENERAL
124,M,6,4,CARDIOLOGY
125,F,13,2,GENERAL
126,M,1,5,ORTHOPEDICS
127,M,1,5,CARDIOLOGY
128,F,6,4,SURGERY
129,M,7,4,GENERAL
130,M,7,4,CARDIOLOGY
131,M,13,3,ORTHOPEDICS
132,F,10,3,GENERAL
133,M,1,6,ORTHOPEDICS
134,M,1,6,CARDIOLOGY
135,M,11,3,ORTHOPEDICS
136,F,13,2,ORTHOPEDICS
137,F,6,4,CARDIOLOGY
138,M,10,3,SURGERY
139,M,1,6,ORTHOPEDICS
140,F,6,4,SURGERY
141,M,13,3,ORTHOPEDICS
142,M,1,5,GENERAL
143,F,1,5,ORTHOPEDICS
144,F,1,5,SURGERY
145,F,1,6,SURGERY
146,F,6,4,GENERAL
147,F,6,4,GENERAL
148,M,6,4,GENERAL
149,M,13,2,GENERAL
150,F,6,4,SURGERY
151,F,6,4,CARDIOLOGY
152,M,10,4,SURGERY
153,F,12,3,GENERAL
154,M,10,3,SURGERY
155,M,11,3,CARDIOLOGY
156,M,10,4,GENERAL
157,F,1,5,SURGERY
158,F,6,4,GENERAL
159,F,10,3,ORTHOPEDICS
160,M,6,4,CARDIOLOGY
161,F,1,5,GENERAL
162,F,1,5,SURGERY
163,M,6,4,SURGERY
164,F,13,3,ORTHOPEDICS
165,M,10,4,SURGERY
166,F,11,3,ORTHOPEDICS
167,M,6,4,ORTHOPEDICS
168,F,7,4,CARDIOLOGY
169,M,1,5,CARDIOLOGY
170,M,13,2,GENERAL
171,M,10,3,ORTHOPEDICS
172,M,1,5,ORTHOPEDICS
173,M,6,4,GENERAL
174,F,7,4,ORTHOPEDICS
175,M,6,4,CARDIOLOGY
176,F,6,4,SURGERY
177,M,6,4,ORTHOPEDICS
178,F,11,3,GENERAL
179,M,10,4,CARDIOLOGY
180,M,1,5,GENERAL
181,F,10,3,CARDIOLOGY
182,F,10,4,GENERAL
183,M,13,2,SURGERY
184,M,1,5,SURGERY
185,F,1,6,ORTHOPEDICS
186,F,1,5,CARDIOLOGY
187,M,10,3,ORTHOPEDICS
188,M,10,3,GENERAL
189,F,10,3,ORTHOPEDICS
190,F,1,5,GENERAL
191,F,6,4,GENERAL
192,F,6,4,GENERAL
193,F,10,4,ORTHOPEDICS
194,M,6,4,SURGERY
195,F,13,2,GENERAL
196,M,1,5,ORTHOPEDICS
197,M,1,5,CARDIOLOGY
198,F,6,4,SURGERY
199,F,1,5,CARDIOLOGY
200,M,1,5,GENERAL
201,F,6,4,ORTHOPEDICS
202,F,1,5,CARDIOLOGY
203,M,6,4,CARDIOLOGY
204,M,1,5,GENERAL
205,M,10,3,CARDIOLOGY
206,M,11,3,ORTHOPEDICS
207,M,13,3,GENERAL
208,M,1,5,SURGERY
209,M,12,3,SURGERY
210,F,10,3,ORTHOPEDICS
211,F,13,3,CARDIOLOGY
212,M,1,5,GENERAL
213,M,6,4,GENERAL
214,M,7,4,GENERAL
215,M,10,3,ORTHOPEDICS
216,F,1,5,ORTHOPEDICS
217,F,1,5,GENERAL
218,F,6,4,ORTHOPEDICS
219,F,7,4,GENERAL
220,M,6,4,GENERAL
221,M,6,4,GENERAL
222,F,6,4,CARDIOLOGY
223,M,10,3,SURGERY
224,F,6,4,ORTHOPEDICS
225,F,10,3,GENERAL
226,F,1,5,GENERAL
227,F,11,3,ORTHOPEDICS
228,F,6,4,ORTHOPEDICS
229,F,10,3,GENERAL
230,M,13,2,ORTHOPEDICS
231,M,11,3,GENERAL
232,M,7,4,GENERAL
233,M,6,4,SURGERY
234,M,1,5,GENERAL
235,M,1,5,ORTHOPEDICS
236,M,10,4,CARDIOLOGY
237,F,1,5,CARDIOLOGY
238,M,13,2,SURGERY
239,F,1,5,GENERAL
240,F,7,4,GENERAL
241,F,10,3,CARDIOLOGY
242,F,8,4,GENERAL
243,M,1,5,GENERAL
244,M,7,4,CARDIOLOGY
245,F,1,5,SURGERY
246,M,7,4,SURGERY
247,M,10,4,GENERAL
248,M,7,4,CARDIOLOGY
249,F,11,3,ORTHOPEDICS
250,M,1,6,GENERAL
251,F,11,3,SURGERY
252,F,1,5,ORTHOPEDICS
253,M,6,4,GENERAL
254,F,7,4,GENERAL
255,M,1,5,SURGERY
256,M,1,5,ORTHOPEDICS
257,F,1,5,GENERAL
258,F,6,4,CARDIOLOGY
259,F,6,4,CARDIOLOGY
260,M,10,3,ORTHOPEDICS
261,M,6,4,GENERAL
262,M,1,5,ORTHOPEDICS
263,M,10,4,SURGERY
264,F,6,4,GENERAL
265,F,11,3,GENERAL
266,M,7,4,GENERAL
267,M,1,5,SURGERY
268,M,6,4,CARDIOLOGY
269,F,1,5,ORTHOPEDICS
270,M,1,5,GENERAL
271,F,6,5,GENERAL
272,F,1,7,ORTHOPEDICS
273,M,10,4,CARDIOLOGY
274,M,10,4,SURGERY
275,F,6,4,SURGERY
276,M,10,4,ORTHOPEDICS
277,F,10,3,GENERAL
278,M,1,5,SURGERY
279,M,1,5,ORTHOPEDICS
280,F,6,5,CARDIOLOGY
281,M,10,3,SURGERY
282,M,1,5,GENERAL
283,F,1,5,CARDIOLOGY
284,M,1,5,GENERAL
285,F,10,4,CARDIOLOGY
286,F,11,3,GENERAL
287,M,1,5,GENERAL
288,F,7,4,SURGERY
289,M,13,3,SURGERY
290,M,13,2,SURGERY
291,F,1,5,CARDIOLOGY
292,M,6,4,CARDIOLOGY
293,F,6,4,CARDIOLOGY
294,F,1,5,ORTHOPEDICS
295,M,6,4,ORTHOPEDICS
296,M,1,5,CARDIOLOGY
297,F,13,1,GENERAL
298,F,6,4,SURGERY
299,M,10,4,ORTHOPEDICS
300,M,6,4,GENERAL
301,F,13,2,CARDIOLOGY
302,M,13,3,GENERAL
303,M,6,4,CARDIOLOGY
304,F,13,3,CARDIOLOGY
305,F,1,5,SURGERY
306,F,1,5,SURGERY
307,F,6,5,ORTHOPEDICS
308,M,1,6,ORTHOPEDICS
309,F,10,4,SURGERY
310,F,6,4,CARDIOLOGY
311,M,6,4,ORTHOPEDICS
312,M,1,5,GENERAL
313,F,13,3,ORTHOPEDICS
314,M,6,4,ORTHOPEDICS
315,M,1,5,ORTHOPEDICS
316,M,10,3,GENERAL
317,F,1,5,GENERAL
318,M,1,5,SURGERY
319,M,10,4,ORTHOPEDICS
320,F,10,3,ORTHOPEDICS
321,F,1,6,ORTHOPEDICS
322,M,6,4,GENERAL
323,M,10,3,CARDIOLOGY
324,M,1,5,GENERAL
325,F,1,6,ORTHOPEDICS
326,F,1,5,CARDIOLOGY
327,F,11,3,ORTHOPEDICS
328,M,13,3,CARDIOLOGY
329,M,10,3,GENERAL
330,F,10,3,ORTHOPEDICS
331,M,6,5,GENERAL
332,M,6,4,ORTHOPEDICS
333,F,11,3,ORTHOPEDICS
334,M,6,4,GENERAL
335,M,7,4,SURGERY
336,F,1,5,SURGERY
337,F,1,5,SURGERY
338,M,11,3,CARDIOLOGY
339,M,1,5,SURGERY
340,F,6,4,GENERAL
341,F,6,4,SURGERY
342,M,10,3,CARDIOLOGY
343,M,10,3,GENERAL
344,F,13,3,CARDIOLOGY
345,F,10,3,GENERAL
346,M,10,3,CARDIOLOGY
347,M,1,5,GENERAL
348,M,6,4,GENERAL
349,F,6,4,GENERAL
350,M,6,4,GENERAL
351,M,11,3,ORTHOPEDICS
352,F,1,5,GENERAL
353,F,1,5,ORTHOPEDICS
354,F,6,4,GENERAL
355,M,6,4,SURGERY
356,M,1,6,ORTHOPEDICS
357,M,6,4,CARDIOLOGY
358,F,1,5,GENERAL
359,M,6,4,GENERAL
360,F,1,5,SURGERY
361,M,11,3,GENERAL
362,F,10,3,CARDIOLOGY
363,F,6,4,ORTHOPEDICS
364,F,11,3,SURGERY
365,M,7,4,GENERAL
366,F,1,6,CARDIOLOGY
367,F,11,3,ORTHOPEDICS
368,F,1,5,CARDIOLOGY
369,M,1,5,SURGERY
370,M,1,5,CARDIOLOGY
371,M,6,4,GENERAL
372,M,1,5,GENERAL
373,F,13,2,ORTHOPEDICS
374,F,1,5,GENERAL
375,F,13,1,GENERAL
376,F,10,4,CARDIOLOGY
377,M,13,2,CARDIOLOGY
378,M,1,5,GENERAL
379,M,1,5,GENERAL
380,F,8,4,ORTHOPEDICS
381,M,10,4,GENERAL
382,F,10,3,GENERAL
383,M,10,4,GENERAL
384,F,6,4,ORTHOPEDICS
385,M,6,4,GENERAL
386,F,13,2,GENERAL
387,F,10,3,CARDIOLOGY
388,F,11,3,SURGERY
389,F,6,4,GENERAL
390,F,13,3,GENERAL
391,M,13,2,GENERAL
392,F,1,5,CARDIOLOGY
393,M,1,5,GENERAL
394,F,1,5,GENERAL
395,F,7,4,ORTHOPEDICS
396,M,1,6,SURGERY
397,F,1,5,GENERAL
398,M,1,5,CARDIOLOGY
399,M,7,4,GENERAL
400,M,6,4,GENERAL
401,M,1,5,GENERAL
402,M,6,4,SURGERY
403,F,10,4,CARDIOLOGY
404,M,10,4,GENERAL
405,F,6,4,CARDIOLOGY
406,F,1,5,GENERAL
407,M,10,3,ORTHOPEDICS
408,F,6,4,GENERAL
409,F,1,5,GENERAL
410,F,6,4,GENERAL
411,M,6,4,SURGERY
412,M,7,4,ORTHOPEDICS
413,F,1,5,GENERAL
414,F,1,5,GENERAL
415,F,1,5,GENERAL
416,F,10,4,GENERAL
417,F,6,4,GENERAL
418,M,11,3,GENERAL
419,F,10,4,CARDIOLOGY
420,M,1,6,GENERAL
421,M,1,5,SURGERY
422,F,6,4,GENERAL
423,F,10,4,ORTHOPEDICS
424,F,6,4,CARDIOLOGY
425,F,10,4,GENERAL
426,F,6,4,SURGERY
427,M,10,4,GENERAL
428,F,10,3,ORTHOPEDICS
429,M,13,1,CARDIOLOGY
430,F,10,4,GENERAL
431,M,11,3,GENERAL
432,M,13,2,GENERAL
433,M,1,5,CARDIOLOGY
434,F,1,6,CARDIOLOGY
435,F,10,4,GENERAL
436,F,10,4,GENERAL
437,F,1,6,ORTHOPEDICS
438,F,1,5,SURGERY
439,F,10,3,GENERAL
440,M,11,3,GENERAL
441,M,6,4,GENERAL
442,F,10,3,CARDIOLOGY
443,M,6,5,GENERAL
444,F,6,4,ORTHOPEDICS
445,M,6,4,SURGERY
446,F,11,3,CARDIOLOGY
447,F,6,5,ORTHOPEDICS
448,F,1,6,ORTHOPEDICS
449,M,8,4,CARDIOLOGY
450,M,1,5,GENERAL
451,M,1,5,GENERAL
452,F,6,4,GENERAL
453,M,1,5,SURGERY
454,F,13,2,ORTHOPEDICS
455,F,7,4,CARDIOLOGY
456,M,1,5,GENERAL
457,M,11,3,GENERAL
458,F,1,6,SURGERY
459,M,10,4,SURGERY
460,M,10,3,SURGERY
461,F,7,4,GENERAL
462,F,10,3,ORTHOPEDICS
463,F,1,5,GENERAL
464,M,10,3,GENERAL
465,M,6,4,SURGERY
466,F,1,5,ORTHOPEDICS
467,F,13,2,GENERAL
468,F,10,3,GENERAL
469,M,6,4,GENERAL
470,F,10,4,CARDIOLOGY
471,F,6,4,ORTHOPEDICS
472,F,6,4,SURGERY
473,F,1,5,GENERAL
474,F,6,4,ORTHOPEDICS
475,M,13,3,ORTHOPEDICS
476,M,10,3,ORTHOPEDICS
477,M,6,5,CARDIOLOGY
478,F,10,3,ORTHOPEDICS
479,F,1,6,CARDIOLOGY
480,M,1,5,GENERAL
481,F,13,2,GENERAL
482,F,11,3,SURGERY
483,F,6,4,SURGERY
484,M,11,3,ORTHOPEDICS
485,F,11,3,CARDIOLOGY
486,M,1,5,SURGERY
487,M,7,4,CARDIOLOGY
488,M,1,6,CARDIOLOGY
489,M,6,4,CARDIOLOGY
490,M,7,4,SURGERY
491,M,1,5,GENERAL
492,M,1,6,GENERAL
493,M,7,4,SURGERY
494,M,1,6,GENERAL
495,F,1,5,ORTHOPEDICS
496,M,10,3,CARDIOLOGY
497,M,13,2,ORTHOPEDICS
498,F,10,3,ORTHOPEDICS
499,F,1,5,ORTHOPEDICS
500,M,6,4,ORTHOPEDICS
501,M,7,4,ORTHOPEDICS
502,M,6,4,GENERAL
503,F,12,3,CARDIOLOGY
504,F,10,3,GENERAL
505,F,1,5,GENERAL
506,M,1,6,GENERAL
507,M,1,5,CARDIOLOGY
508,F,1,5,GENERAL
509,M,1,6,ORTHOPEDICS
510,F,1,6,ORTHOPEDICS
511,F,6,4,ORTHOPEDICS
512,M,1,5,CARDIOLOGY
513,F,7,4,GENERAL
514,M,13,2,GENERAL
515,M,1,5,SURGERY
516,F,6,4,ORTHOPEDICS
517,F,1,5,SURGERY
518,F,7,4,GENERAL
519,M,6,4,GENERAL
520,M,10,4,SURGERY
521,M,6,4,ORTHOPEDICS
522,M,10,3,GENERAL
523,F,7,4,SURGERY
524,F,6,4,GENERAL
525,M,6,4,GENERAL
526,F,1,5,ORTHOPEDICS
527,F,1,6,GENERAL
528,F,11,3,GENERAL
529,M,6,4,ORTHOPEDICS
530,M,12,3,SURGERY
531,M,10,4,CARDIOLOGY
532,M,10,3,ORTHOPEDICS
533,M,13,3,GENERAL
534,M,13,2,SURGERY
535,F,6,4,ORTHOPEDICS
536,M,1,5,CARDIOLOGY
537,F,10,3,CARDIOLOGY
538,F,6,4,ORTHOPEDICS
539,F,1,6,GENERAL
540,M,10,3,ORTHOPEDICS
541,F,6,4,CARDIOLOGY
542,F,12,3,GENERAL
543,F,10,4,CARDIOLOGY
544,F,1,5,GENERAL
545,F,6,4,SURGERY
546,M,10,4,SURGERY
547,M,1,5,GENERAL
548,M,1,5,SURGERY
549,M,8,4,GENERAL
550,M,13,3,GENERAL
551,M,7,4,GENERAL
552,M,7,4,GENERAL
553,M,10,4,ORTHOPEDICS
554,F,1,6,GENERAL
555,F,1,5,GENERAL
556,M,10,3,GENERAL
557,M,1,5,GENERAL
558,F,1,5,GENERAL
559,F,10,4,ORTHOPEDICS
560,F,6,4,ORTHOPEDICS
561,F,6,4,GENERAL
562,M,1,5,GENERAL
563,F,13,2,GENERAL
564,M,10,4,CARDIOLOGY
565,M,1,5,GENERAL
566,M,6,4,SURGERY
567,F,11,3,ORTHOPEDICS
568,M,6,4,ORTHOPEDICS
569,F,11,3,SURGERY
570,F,13,2,ORTHOPEDICS
571,F,1,6,ORTHOPEDICS
572,M,7,4,CARDIOLOGY
573,M,6,4,ORTHOPEDICS
574,M,7,4,ORTHOPEDICS
575,M,6,4,GENERAL
576,M,6,4,GENERAL
577,M,1,6,CARDIOLOGY
578,F,7,4,GENERAL
579,F,10,3,SURGERY
580,M,6,4,GENERAL
581,F,10,3,SURGERY
582,M,6,4,CARDIOLOGY
583,F,10,3,GENERAL
584,F,10,3,SURGERY
585,M,13,2,GENERAL
586,F,1,5,CARDIOLOGY
587,F,6,4,SURGERY
588,F,1,5,CARDIOLOGY
589,F,10,4,SURGERY
590,F,6,4,ORTHOPEDICS
591,M,1,6,CARDIOLOGY
592,M,10,3,SURGERY
593,M,1,5,ORTHOPEDICS
594,M,1,5,CARDIOLOGY
595,F,13,2,GENERAL
596,F,1,5,ORTHOPEDICS
597,F,6,4,CARDIOLOGY
598,F,6,4,CARDIOLOGY
599,F,1,5,GENERAL
600,F,11,3,SURGERY
601,F,6,4,CARDIOLOGY
602,F,6,5,ORTHOPEDICS
603,F,1,5,CARDIOLOGY
604,F,10,3,GENERAL
605,F,13,3,CARDIOLOGY
606,F,1,5,CARDIOLOGY
607,M,10,3,GENERAL
608,M,6,4,ORTHOPEDICS
609,F,1,5,CARDIOLOGY
610,F,7,4,GENERAL
611,F,10,4,GENERAL
612,M,6,4,CARDIOLOGY
613,F,1,5,GENERAL
614,F,6,4,GENERAL
615,M,10,3,ORTHOPEDICS
616,F,6,4,GENERAL
617,F,6,4,ORTHOPEDICS
618,M,10,4,SURGERY
619,M,13,3,GENERAL
620,M,13,3,GENERAL
621,F,13,1,ORTHOPEDICS
622,F,1,5,GENERAL
623,M,10,3,ORTHOPEDICS
624,M,10,3,GENERAL
625,F,10,4,CARDIOLOGY
626,M,10,3,GENERAL
627,F,1,6,ORTHOPEDICS
628,M,1,5,SURGERY
629,F,8,4,ORTHOPEDICS
630,M,10,4,GENERAL
631,M,6,4,ORTHOPEDICS
632,M,1,5,GENERAL
633,F,10,3,CARDIOLOGY
634,M,6,4,GENERAL
635,F,10,3,GENERAL
636,M,10,4,CARDIOLOGY
637,F,6,4,CARDIOLOGY
638,M,1,5,CARDIOLOGY
639,F,10,3,CARDIOLOGY
640,M,10,3,CARDIOLOGY
641,F,1,5,CARDIOLOGY
642,M,10,3,GENERAL
643,M,6,4,CARDIOLOGY
644,F,12,3,SURGERY
645,M,11,3,SURGERY
646,F,6,4,CARDIOLOGY
647,M,11,3,ORTHOPEDICS
648,F,7,4,GENERAL
649,M,10,3,SURGERY
650,F,10,3,CARDIOLOGY
651,F,1,5,CARDIOLOGY
652,M,6,4,SURGERY
653,F,1,5,SURGERY
654,M,11,3,SURGERY
655,M,11,3,CARDIOLOGY
656,M,10,3,SURGERY
657,F,10,4,CARDIOLOGY
658,F,6,4,GENERAL
659,M,1,5,ORTHOPEDICS
660,F,6,4,GENERAL
661,F,6,4,GENERAL
662,F,10,4,GENERAL
663,M,10,3,ORTHOPEDICS
664,F,1,5,CARDIOLOGY
665,M,10,3,CARDIOLOGY
666,M,11,3,ORTHOPEDICS
667,M,13,2,GENERAL
668,M,13,2,GENERAL
669,F,12,3,ORTHOPEDICS
670,M,10,3,GENERAL
671,F,10,3,GENERAL
672,M,13,2,ORTHOPEDICS
673,F,1,5,CARDIOLOGY
674,M,1,5,SURGERY
675,M,1,5,GENERAL
676,F,11,3,GENERAL
677,F,13,2,GENERAL
678,F,6,4,GENERAL
679,F,6,4,SURGERY
680,M,1,5,CARDIOLOGY
681,F,6,4,SURGERY
682,F,1,5,GENERAL
683,F,10,3,ORTHOPEDICS
684,M,6,4,CARDIOLOGY
685,F,6,4,ORTHOPEDICS
686,M,1,5,ORTHOPEDICS
687,F,6,4,GENERAL
688,M,10,3,CARDIOLOGY
689,F,6,4,GENERAL
690,F,10,3,ORTHOPEDICS
691,F,10,4,GENERAL
692,F,1,6,ORTHOPEDICS
693,F,1,6,GENERAL
694,M,1,5,GENERAL
695,M,1,5,ORTHOPEDICS
696,F,1,5,GENERAL
697,F,10,3,GENERAL
698,M,7,4,CARDIOLOGY
699,F,6,4,CARDIOLOGY
700,M,1,5,ORTHOPEDICS
701,F,11,3,GENERAL
702,F,6,4,CARDIOLOGY
703,F,6,4,CARDIOLOGY
704,M,6,4,SURGERY
705,M,1,5,SURGERY
706,M,1,5,CARDIOLOGY
707,M,11,3,GENERAL
708,M,11,3,ORTHOPEDICS
709,M,1,5,CARDIOLOGY
710,M,11,3,CARDIOLOGY
711,F,10,3,CARDIOLOGY
712,M,10,3,CARDIOLOGY
713,F,10,4,SURGERY
714,M,6,4,SURGERY
715,M,1,5,CARDIOLOGY
716,M,10,3,SURGERY
717,M,10,4,ORTHOPEDICS
718,F,10,3,ORTHOPEDICS
719,F,11,3,SURGERY
720,M,11,3,GENERAL
721,F,13,2,CARDIOLOGY
722,M,10,3,GENERAL
723,F,10,3,SURGERY
724,M,10,3,ORTHOPEDICS
725,F,10,4,SURGERY
726,F,6,4,ORTHOPEDICS
727,M,1,5,ORTHOPEDICS
728,M,1,5,CARDIOLOGY
729,F,1,6,ORTHOPEDICS
730,F,1,5,GENERAL
731,M,13,2,GENERAL
732,F,6,4,ORTHOPEDICS
733,M,11,3,GENERAL
734,F,6,4,GENERAL
735,M,1,5,SURGERY
736,M,7,4,ORTHOPEDICS
737,M,6,4,ORTHOPEDICS
738,F,1,6,SURGERY
739,F,1,6,GENERAL
740,M,1,6,SURGERY
741,F,1,5,GENERAL
742,F,11,3,CARDIOLOGY
743,F,10,4,SURGERY
744,M,1,5,GENERAL
745,F,10,4,ORTHOPEDICS
746,M,7,4,ORTHOPEDICS
747,M,1,5,SURGERY
748,M,10,4,SURGERY
749,F,10,3,GENERAL
750,M,6,4,GENERAL
751,F,1,5,SURGERY
752,F,6,4,CARDIOLOGY
753,F,6,4,SURGERY
754,M,13,2,GENERAL
755,M,13,3,GENERAL
756,F,11,3,ORTHOPEDICS
757,M,11,3,GENERAL
758,F,10,4,GENERAL
759,M,11,3,ORTHOPEDICS
760,M,13,2,ORTHOPEDICS
761,F,10,4,GENERAL
762,M,11,3,GENERAL
763,M,1,5,GENERAL
764,M,6,5,ORTHOPEDICS
765,F,11,3,GENERAL
766,F,6,4,GENERAL
767,F,6,4,ORTHOPEDICS
768,F,10,4,ORTHOPEDICS
769,F,1,5,CARDIOLOGY
770,F,10,3,SURGERY
771,F,13,3,ORTHOPEDICS
772,F,10,4,CARDIOLOGY
773,M,10,3,ORTHOPEDICS
774,F,1,5,SURGERY
775,F,1,5,SURGERY
776,F,1,5,CARDIOLOGY
777,M,6,4,ORTHOPEDICS
778,M,6,4,ORTHOPEDICS
779,F,11,3,SURGERY
780,F,6,4,GENERAL
781,M,6,4,GENERAL
782,F,7,4,GENERAL
783,F,10,3,SURGERY
784,M,13,3,ORTHOPEDICS
785,M,1,5,GENERAL
786,M,1,5,GENERAL
787,M,6,4,GENERAL
788,M,6,4,GENERAL
789,M,10,3,ORTHOPEDICS
790,M,10,4,GENERAL
791,M,10,3,GENERAL
792,M,13,2,ORTHOPEDICS
793,F,6,4,CARDIOLOGY
794,M,1,5,SURGERY
795,F,1,6,SURGERY
796,M,10,4,SURGERY
797,F,1,5,GENERAL
798,M,6,4,ORTHOPEDICS
799,M,13,3,ORTHOPEDICS
800,M,11,3,ORTHOPEDICS
801,F,10,3,CARDIOLOGY
802,M,13,2,GENERAL
803,M,10,4,SURGERY
804,F,1,5,GENERAL
805,F,10,4,SURGERY
806,M,7,4,CARDIOLOGY
807,M,6,4,GENERAL
808,F,6,5,SURGERY
809,M,13,2,GENERAL
810,M,10,3,ORTHOPEDICS
811,F,10,4,ORTHOPEDICS
812,M,13,1,ORTHOPEDICS
813,M,1,5,GENERAL
814,M,10,3,CARDIOLOGY
815,M,6,4,ORTHOPEDICS
816,M,6,4,CARDIOLOGY
817,M,1,5,SURGERY
818,M,10,4,GENERAL
819,F,6,4,CARDIOLOGY
820,M,10,3,CARDIOLOGY
821,M,10,3,CARDIOLOGY
822,F,1,5,SURGERY
823,F,13,2,SURGERY
824,F,10,4,CARDIOLOGY
825,M,1,5,GENERAL
826,M,6,4,GENERAL
827,F,1,5,SURGERY
828,M,1,5,GENERAL
829,F,6,4,ORTHOPEDICS
830,M,6,5,SURGERY
831,F,10,3,GENERAL
832,M,6,4,ORTHOPEDICS
833,M,10,3,CARDIOLOGY
834,M,6,4,ORTHOPEDICS
835,F,13,3,GENERAL
836,M,10,4,GENERAL
837,M,6,4,GENERAL
838,M,1,5,GENERAL
839,F,1,6,GENERAL
840,F,1,5,GENERAL
841,M,1,5,SURGERY
842,F,1,5,SURGERY
843,M,1,5,ORTHOPEDICS
844,F,11,3,ORTHOPEDICS
845,M,1,6,GENERAL
846,M,10,4,ORTHOPEDICS
847,M,6,4,CARDIOLOGY
848,F,10,3,GENERAL
849,M,6,4,ORTHOPEDICS
850,M,10,3,ORTHOPEDICS
851,M,6,4,ORTHOPEDICS
852,F,10,4,CARDIOLOGY
853,M,6,4,GENERAL
854,F,6,4,SURGERY
855,F,6,4,CARDIOLOGY
856,F,6,4,GENERAL
857,M,6,4,SURGERY
858,F,1,5,SURGERY
859,M,7,4,GENERAL
860,M,1,5,SURGERY
861,F,6,4,GENERAL
862,M,1,5,GENERAL
863,F,11,3,SURGERY
864,F,10,4,GENERAL
865,F,6,4,CARDIOLOGY
866,M,13,2,SURGERY
867,F,10,3,GENERAL
868,M,10,3,SURGERY
869,M,1,6,SURGERY
870,F,1,6,SURGERY
871,M,6,4,GENERAL
872,M,1,5,CARDIOLOGY
873,F,11,3,GENERAL
874,F,7,4,GENERAL
875,M,10,4,GENERAL
876,F,13,2,GENERAL
877,F,10,3,SURGERY
878,M,1,5,GENERAL
879,F,7,4,GENERAL
880,F,1,6,SURGERY
881,M,1,6,GENERAL
882,M,10,3,GENERAL
883,F,10,3,CARDIOLOGY
884,F,10,4,GENERAL
885,F,1,5,SURGERY
886,M,1,5,CARDIOLOGY
887,M,1,5,GENERAL
888,F,10,3,GENERAL
889,M,11,3,GENERAL
890,F,1,5,CARDIOLOGY
891,M,6,4,SURGERY
892,M,10,4,SURGERY
893,F,6,4,ORTHOPEDICS
894,M,10,3,CARDIOLOGY
895,M,10,3,SURGERY
896,M,13,2,GENERAL
897,F,10,3,GENERAL
898,F,10,4,GENERAL
899,M,6,4,ORTHOPEDICS
900,M,1,6,SURGERY
901,M,6,4,GENERAL
902,F,6,4,GENERAL
903,F,13,2,GENERAL
904,F,6,4,ORTHOPEDICS
905,F,6,4,GENERAL
906,M,10,3,CARDIOLOGY
907,M,1,5,SURGERY
908,F,1,5,CARDIOLOGY
909,M,1,5,SURGERY
910,M,13,2,GENERAL
911,M,10,3,ORTHOPEDICS
912,M,10,4,ORTHOPEDICS
913,M,6,4,ORTHOPEDICS
914,M,1,6,ORTHOPEDICS
915,F,10,4,GENERAL
916,M,7,4,GENERAL
917,M,6,4,GENERAL
918,M,10,4,CARDIOLOGY
919,M,10,4,CARDIOLOGY
920,M,11,3,ORTHOPEDICS
921,M,6,4,GENERAL
922,F,1,6,SURGERY
923,F,10,3,GENERAL
924,M,1,5,SURGERY
925,F,7,4,SURGERY
926,M,10,4,GENERAL
927,M,13,2,CARDIOLOGY
928,M,13,3,GENERAL
929,M,10,3,GENERAL
930,F,10,4,ORTHOPEDICS
931,M,13,2,GENERAL
932,F,1,5,SURGERY
933,M,7,4,ORTHOPEDICS
934,F,1,5,CARDIOLOGY
935,M,1,5,SURGERY
936,M,10,3,CARDIOLOGY
937,F,6,4,GENERAL
938,F,10,4,CARDIOLOGY
939,M,6,4,ORTHOPEDICS
940,F,1,5,GENERAL
941,F,6,4,GENERAL
942,F,10,3,ORTHOPEDICS
943,F,10,4,GENERAL
944,F,10,4,SURGERY
945,M,6,5,CARDIOLOGY
946,F,11,3,CARDIOLOGY
947,M,10,3,CARDIOLOGY
948,M,10,3,CARDIOLOGY
949,F,7,4,GENERAL
950,M,6,4,GENERAL
951,M,1,5,GENERAL
952,F,1,5,GENERAL
953,M,6,4,ORTHOPEDICS
954,M,1,5,SURGERY
955,M,7,4,CARDIOLOGY
956,M,1,5,SURGERY
957,F,10,3,GENERAL
958,F,6,4,ORTHOPEDICS
959,F,10,3,ORTHOPEDICS
960,F,11,3,ORTHOPEDICS
961,F,10,4,GENERAL
962,M,1,5,GENERAL
963,F,1,5,SURGERY
964,F,8,4,SURGERY
965,F,11,3,ORTHOPEDICS
966,M,1,5,GENERAL
967,F,13,2,ORTHOPEDICS
968,M,11,3,GENERAL
969,F,10,4,SURGERY
970,M,6,4,SURGERY
971,F,1,5,GENERAL
972,F,13,3,GENERAL
973,F,10,3,GENERAL
974,M,6,4,ORTHOPEDICS
975,F,13,3,ORTHOPEDICS
976,F,13,2,ORTHOPEDICS
977,F,1,5,ORTHOPEDICS
978,M,1,5,GENERAL
979,F,6,4,SURGERY
980,M,10,4,ORTHOPEDICS
981,F,6,4,GENERAL
982,M,1,5,ORTHOPEDICS
983,F,1,5,SURGERY
984,M,6,4,GENERAL
985,M,13,3,ORTHOPEDICS
986,M,10,3,CARDIOLOGY
987,M,6,4,SURGERY
988,M,13,3,ORTHOPEDICS
989,M,13,2,ORTHOPEDICS
990,F,6,4,GENERAL
991,M,11,3,ORTHOPEDICS
992,M,10,3,SURGERY
993,F,11,3,CARDIOLOGY
994,M,6,4,GENERAL
995,F,1,5,CARDIOLOGY
996,M,10,3,SURGERY
997,M,10,3,GENERAL
998,M,1,5,GENERAL
999,F,1,5,CARDIOLOGY
1000,M,13,2,SURGERY
1001,M,6,4,SURGERY
1002,M,1,5,GENERAL
1003,M,1,5,GENERAL
1004,F,1,6,ORTHOPEDICS
1005,F,6,4,CARDIOLOGY
1006,M,7,4,GENERAL
1007,F,10,3,GENERAL
1008,F,1,5,GENERAL
1009,F,7,4,ORTHOPEDICS
1010,F,13,2,CARDIOLOGY
1011,F,6,4,ORTHOPEDICS
1012,M,1,5,SURGERY
1013,F,1,5,GENERAL
1014,F,1,6,CARDIOLOGY
1015,M,1,5,CARDIOLOGY
1016,F,11,3,SURGERY
1017,F,1,5,SURGERY
1018,M,1,5,ORTHOPEDICS
1019,F,7,4,SURGERY
1020,M,7,4,GENERAL
1021,F,6,4,SURGERY
1022,F,11,3,SURGERY
1023,F,6,4,GENERAL
1024,F,10,3,ORTHOPEDICS
1025,F,6,4,CARDIOLOGY
1026,F,7,4,GENERAL
1027,M,7,4,GENERAL
1028,F,1,5,ORTHOPEDICS
1029,M,1,5,CARDIOLOGY
1030,M,6,4,SURGERY
1031,M,6,4,GENERAL
1032,F,10,3,CARDIOLOGY
1033,M,6,4,GENERAL
1034,M,10,3,CARDIOLOGY
1035,F,11,3,SURGERY
1036,F,13,2,CARDIOLOGY
1037,M,1,5,ORTHOPEDICS
1038,M,7,4,GENERAL
1039,M,13,3,GENERAL
1040,F,1,5,GENERAL
1041,M,6,4,SURGERY
1042,F,11,3,GENERAL
1043,F,13,2,SURGERY
1044,M,10,3,CARDIOLOGY
1045,M,13,2,GENERAL
1046,M,1,5,ORTHOPEDICS
1047,F,1,6,ORTHOPEDICS
1048,M,1,5,SURGERY
1049,M,13,2,GENERAL
1050,F,10,3,ORTHOPEDICS
1051,F,1,5,GENERAL
1052,M,1,6,SURGERY
1053,M,1,5,SURGERY
1054,M,13,2,SURGERY
1055,M,1,5,GENERAL
1056,M,10,3,GENERAL
1057,M,10,3,GENERAL
1058,F,10,4,CARDIOLOGY
1059,F,1,5,GENERAL
1060,F,6,4,CARDIOLOGY
1061,F,1,5,GENERAL
1062,M,1,5,ORTHOPEDICS
1063,M,6,4,GENERAL
1064,M,1,5,ORTHOPEDICS
1065,F,1,5,SURGERY
1066,F,6,4,GENERAL
1067,F,6,4,SURGERY
1068,F,1,5,GENERAL
1069,M,10,4,GENERAL
1070,M,10,3,GENERAL
1071,M,11,3,SURGERY
1072,M,6,4,GENERAL
1073,M,10,3,CARDIOLOGY
1074,M,10,4,ORTHOPEDICS
1075,F,6,4,CARDIOLOGY
1076,F,1,6,CARDIOLOGY
1077,F,7,4,CARDIOLOGY
1078,M,1,5,ORTHOPEDICS
1079,M,1,6,ORTHOPEDICS
1080,F,1,5,SURGERY
1081,M,11,3,CARDIOLOGY
1082,F,6,4,ORTHOPEDICS
1083,F,7,4,CARDIOLOGY
1084,F,7,4,GENERAL
1085,M,10,4,GENERAL
1086,F,1,5,SURGERY
1087,M,1,5,SURGERY
1088,F,1,5,GENERAL
1089,F,1,5,GENERAL
1090,F,10,4,GENERAL
1091,F,6,4,GENERAL
1092,M,1,5,CARDIOLOGY
1093,F,1,5,ORTHOPEDICS
1094,F,6,5,SURGERY
1095,F,1,5,ORTHOPEDICS
1096,M,13,2,CARDIOLOGY
1097,M,13,3,ORTHOPEDICS
1098,M,6,4,SURGERY
1099,F,6,4,GENERAL
1100,F,11,3,CARDIOLOGY
1101,F,1,5,CARDIOLOGY
1102,F,13,1,CARDIOLOGY
1103,M,1,5,CARDIOLOGY
1104,F,1,5,GENERAL
1105,F,1,6,SURGERY
1106,M,6,4,ORTHOPEDICS
1107,M,6,4,GENERAL
1108,F,1,5,GENERAL
1109,F,6,4,SURGERY
1110,F,6,4,GENERAL
1111,F,7,4,GENERAL
1112,F,13,3,CARDIOLOGY
1113,F,1,5,SURGERY
1114,F,6,4,CARDIOLOGY
1115,M,6,4,ORTHOPEDICS
1116,M,1,5,ORTHOPEDICS
1117,M,13,2,ORTHOPEDICS
1118,M,6,4,GENERAL
1119,F,1,5,GENERAL
1120,M,10,3,CARDIOLOGY
1121,M,1,5,GENERAL
1122,F,10,4,SURGERY
1123,F,10,3,CARDIOLOGY
1124,M,11,3,ORTHOPEDICS
1125,M,13,2,GENERAL
1126,M,11,3,GENERAL
1127,M,1,5,GENERAL
1128,F,10,4,GENERAL
1129,M,10,3,GENERAL
1130,F,6,4,ORTHOPEDICS
1131,M,6,5,GENERAL
1132,M,1,6,GENERAL
1133,F,6,4,ORTHOPEDICS
1134,F,6,4,SURGERY
1135,F,10,4,GENERAL
1136,M,10,4,GENERAL
1137,M,1,5,ORTHOPEDICS
1138,M,6,4,GENERAL
1139,M,13,2,GENERAL
1140,M,6,4,SURGERY
1141,F,1,5,GENERAL
1142,F,1,5,ORTHOPEDICS
1143,M,6,4,ORTHOPEDICS
1144,F,13,2,GENERAL
1145,F,10,4,ORTHOPEDICS
1146,M,1,5,CARDIOLOGY
1147,F,10,3,ORTHOPEDICS
1148,M,13,2,ORTHOPEDICS
1149,M,6,4,ORTHOPEDICS
1150,F,10,3,ORTHOPEDICS
1151,F,1,5,GENERAL
1152,M,10,3,CARDIOLOGY
1153,F,10,3,GENERAL
1154,M,10,3,ORTHOPEDICS
1155,M,7,4,GENERAL
1156,M,11,3,GENERAL
1157,M,1,5,ORTHOPEDICS
1158,M,13,3,GENERAL
1159,F,7,4,GENERAL
1160,F,6,4,CARDIOLOGY
1161,F,1,6,GENERAL
1162,F,7,4,GENERAL
1163,F,6,4,GENERAL
1164,M,1,5,CARDIOLOGY
1165,M,6,4,CARDIOLOGY
1166,M,11,3,CARDIOLOGY
1167,F,1,7,SURGERY
1168,M,1,5,ORTHOPEDICS
1169,F,10,3,ORTHOPEDICS
1170,F,6,4,CARDIOLOGY
1171,M,1,5,GENERAL
1172,F,1,5,GENERAL
1173,M,7,4,GENERAL
1174,F,1,5,GENERAL
1175,M,1,6,ORTHOPEDICS
1176,F,10,3,GENERAL
1177,M,6,4,GENERAL
1178,F,1,5,GENERAL
1179,M,7,4,CARDIOLOGY
1180,F,7,4,CARDIOLOGY
1181,M,13,3,GENERAL
1182,F,10,3,SURGERY
1183,F,10,4,GENERAL
1184,M,13,2,GENERAL
1185,M,6,4,CARDIOLOGY
1186,F,7,4,CARDIOLOGY
1187,M,6,4,SURGERY
1188,F,6,4,GENERAL
1189,F,10,3,SURGERY
1190,M,6,4,CARDIOLOGY
1191,F,10,4,CARDIOLOGY
1192,F,6,4,GENERAL
1193,F,6,4,GENERAL
1194,F,1,5,SURGERY
1195,F,11,3,GENERAL
1196,M,1,5,GENERAL
1197,F,1,6,GENERAL
1198,F,6,4,SURGERY
1199,M,1,6,CARDIOLOGY
1200,M,6,4,SURGERY
1201,M,1,5,CARDIOLOGY
1202,F,1,5,GENERAL
1203,F,10,4,SURGERY
1204,M,1,5,ORTHOPEDICS
1205,M,1,5,ORTHOPEDICS
1206,F,1,6,CARDIOLOGY
1207,M,6,4,GENERAL
1208,M,13,3,ORTHOPEDICS
1209,F,1,5,SURGERY
1210,F,1,6,SURGERY
1211,M,10,3,GENERAL
1212,M,10,3,GENERAL
1213,F,6,4,ORTHOPEDICS
1214,F,11,3,SURGERY
1215,M,6,4,ORTHOPEDICS
1216,F,1,5,GENERAL
1217,M,1,6,CARDIOLOGY
1218,F,6,4,GENERAL
1219,M,1,6,CARDIOLOGY
1220,M,1,5,GENERAL
1221,M,6,4,GENERAL
1222,F,10,3,ORTHOPEDICS
1223,F,1,5,GENERAL
1224,M,11,3,SURGERY
1225,M,10,3,CARDIOLOGY
1226,F,6,4,GENERAL
1227,F,11,3,GENERAL
1228,M,1,5,ORTHOPEDICS
1229,F,1,5,SURGERY
1230,M,1,5,ORTHOPEDICS
1231,F,13,3,CARDIOLOGY
1232,F,10,4,GENERAL
1233,F,10,4,GENERAL
1234,F,1,5,ORTHOPEDICS
1235,M,7,4,CARDIOLOGY
1236,F,6,4,GENERAL
1237,M,11,3,CARDIOLOGY
1238,F,1,7,GENERAL
1239,F,6,4,SURGERY
1240,M,1,5,GENERAL
1241,F,13,3,GENERAL
1242,M,10,4,GENERAL
1243,F,10,3,SURGERY
1244,M,13,2,ORTHOPEDICS
1245,M,6,4,ORTHOPEDICS
1246,F,8,4,GENERAL
1247,M,6,4,ORTHOPEDICS
1248,M,10,3,CARDIOLOGY
1249,F,10,4,CARDIOLOGY
1250,F,13,2,GENERAL
1251,M,1,5,GENERAL
1252,F,12,3,GENERAL
1253,F,1,6,GENERAL
1254,F,1,5,SURGERY
1255,F,1,5,GENERAL
1256,M,10,4,CARDIOLOGY
1257,F,6,4,GENERAL
1258,M,1,5,ORTHOPEDICS
1259,M,10,3,ORTHOPEDICS
1260,M,6,4,GENERAL
1261,F,6,4,SURGERY
1262,F,1,5,SURGERY
1263,F,11,3,SURGERY
1264,M,11,3,ORTHOPEDICS
1265,M,10,3,SURGERY
1266,M,1,5,GENERAL
1267,M,6,4,CARDIOLOGY
1268,M,1,5,GENERAL
1269,M,7,4,CARDIOLOGY
1270,F,10,4,GENERAL
1271,M,10,3,CARDIOLOGY
1272,F,7,4,GENERAL
1273,F,7,4,SURGERY
1274,F,6,4,ORTHOPEDICS
1275,F,1,5,GENERAL
1276,M,1,5,CARDIOLOGY
1277,M,10,3,CARDIOLOGY
1278,M,7,4,ORTHOPEDICS
1279,M,1,5,ORTHOPEDICS
1280,M,7,4,GENERAL
1281,F,10,3,SURGERY
1282,M,13,2,CARDIOLOGY
1283,M,10,3,GENERAL
1284,F,1,6,CARDIOLOGY
1285,F,10,3,ORTHOPEDICS
1286,F,6,4,GENERAL
1287,M,6,4,SURGERY
1288,M,6,4,GENERAL
1289,F,1,5,SURGERY
1290,F,1,5,GENERAL
1291,M,11,3,SURGERY
1292,F,7,4,GENERAL
1293,F,6,4,ORTHOPEDICS
1294,M,10,3,CARDIOLOGY
1295,M,1,5,GENERAL
1296,M,13,2,GENERAL
1297,F,1,5,GENERAL
1298,F,7,4,ORTHOPEDICS
1299,F,10,4,GENERAL
1300,M,10,4,GENERAL
1301,M,7,4,ORTHOPEDICS
1302,F,6,4,GENERAL
1303,M,10,4,GENERAL
1304,M,1,5,ORTHOPEDICS
1305,M,6,4,SURGERY
1306,F,1,5,GENERAL
1307,M,10,3,SURGERY
1308,M,6,4,ORTHOPEDICS
1309,F,6,4,GENERAL
1310,F,1,5,GENERAL
1311,M,11,3,GENERAL
1312,M,13,3,GENERAL
1313,F,6,4,GENERAL
1314,F,10,3,GENERAL
1315,M,10,3,CARDIOLOGY
1316,F,6,4,GENERAL
1317,M,1,5,GENERAL
1318,F,6,4,CARDIOLOGY
1319,M,10,4,ORTHOPEDICS
1320,M,1,5,SURGERY
1321,F,10,4,GENERAL
1322,F,6,4,CARDIOLOGY
1323,M,10,3,GENERAL
1324,F,11,3,GENERAL
1325,M,13,3,SURGERY
1326,M,10,3,GENERAL
1327,F,10,3,GENERAL
1328,M,1,5,SURGERY
1329,M,6,4,GENERAL
1330,F,1,5,ORTHOPEDICS
1331,F,1,6,GENERAL
1332,M,6,4,GENERAL
1333,M,1,5,SURGERY
1334,F,6,4,ORTHOPEDICS
1335,F,11,3,SURGERY
1336,M,7,4,GENERAL
1337,F,1,5,GENERAL
1338,F,1,5,CARDIOLOGY
1339,F,7,4,SURGERY
1340,F,6,4,ORTHOPEDICS
1341,M,6,4,GENERAL
1342,M,13,2,ORTHOPEDICS
1343,F,1,5,CARDIOLOGY
1344,M,1,5,ORTHOPEDICS
1345,F,11,3,GENERAL
1346,F,1,5,ORTHOPEDICS
1347,M,6,4,GENERAL
1348,F,1,5,ORTHOPEDICS
1349,M,7,4,GENERAL
1350,M,7,4,GENERAL
1351,M,6,4,SURGERY
1352,F,1,6,SURGERY
1353,M,11,3,GENERAL
1354,M,11,3,GENERAL
1355,F,13,3,CARDIOLOGY
1356,M,1,5,SURGERY
1357,F,1,5,GENERAL
1358,F,6,4,CARDIOLOGY
1359,M,1,5,SURGERY
1360,M,1,5,SURGERY
1361,M,6,4,GENERAL
1362,M,12,3,SURGERY
1363,F,7,4,SURGERY
1364,F,13,3,SURGERY
1365,M,6,4,GENERAL
1366,F,7,4,ORTHOPEDICS
1367,F,10,3,GENERAL
1368,F,11,3,ORTHOPEDICS
1369,F,6,4,CARDIOLOGY
1370,F,13,2,SURGERY
1371,M,10,3,GENERAL
1372,M,6,4,CARDIOLOGY
1373,F,6,4,CARDIOLOGY
1374,M,10,3,GENERAL
1375,F,1,6,ORTHOPEDICS
1376,F,6,4,GENERAL
1377,M,13,3,ORTHOPEDICS
1378,F,6,4,ORTHOPEDICS
1379,M,13,1,SURGERY
1380,F,10,3,CARDIOLOGY
1381,F,6,4,ORTHOPEDICS
1382,F,13,2,SURGERY
1383,M,6,4,ORTHOPEDICS
1384,M,10,4,GENERAL
1385,M,1,5,ORTHOPEDICS
1386,M,6,4,ORTHOPEDICS
1387,M,10,4,GENERAL
1388,F,10,3,ORTHOPEDICS
1389,F,1,5,SURGERY
1390,F,1,6,SURGERY
1391,M,10,3,GENERAL
1392,F,1,5,SURGERY
1393,M,1,5,CARDIOLOGY
1394,M,6,4,GENERAL
1395,M,1,5,ORTHOPEDICS
1396,F,6,4,ORTHOPEDICS
1397,F,11,3,SURGERY
1398,F,6,4,CARDIOLOGY
1399,M,13,2,GENERAL
1400,M,1,5,GENERAL
1401,F,1,5,SURGERY
1402,M,11,3,ORTHOPEDICS
1403,F,10,4,SURGERY
1404,M,6,4,ORTHOPEDICS
1405,F,6,4,GENERAL
1406,F,1,5,GENERAL
1407,F,7,4,GENERAL
1408,M,10,4,CARDIOLOGY
1409,F,10,3,ORTHOPEDICS
1410,M,6,4,SURGERY
1411,M,7,4,SURGERY
1412,M,1,5,ORTHOPEDICS
1413,F,7,4,GENERAL
1414,M,1,5,ORTHOPEDICS
1415,M,6,4,GENERAL
1416,F,7,4,CARDIOLOGY
1417,M,1,6,GENERAL
1418,M,13,2,SURGERY
1419,F,10,4,GENERAL
1420,M,7,4,GENERAL
1421,F,13,2,GENERAL
1422,M,10,4,CARDIOLOGY
1423,F,10,3,ORTHOPEDICS
1424,F,6,4,SURGERY
1425,M,10,4,SURGERY
1426,F,10,3,CARDIOLOGY
1427,M,1,5,SURGERY
1428,F,6,4,SURGERY
1429,M,6,4,SURGERY
1430,F,10,3,GENERAL
1431,F,1,6,GENERAL
1432,M,1,5,SURGERY
1433,M,1,6,GENERAL
1434,F,6,4,GENERAL
1435,F,10,4,SURGERY
1436,M,1,5,SURGERY
1437,M,13,2,CARDIOLOGY
1438,M,1,5,GENERAL
1439,F,1,6,SURGERY
1440,M,1,5,GENERAL
1441,F,6,4,GENERAL
1442,F,12,3,CARDIOLOGY
1443,F,6,4,GENERAL
1444,F,1,5,CARDIOLOGY
1445,F,6,4,SURGERY
1446,M,10,3,GENERAL
1447,M,10,3,CARDIOLOGY
1448,M,10,3,GENERAL
1449,M,1,5,GENERAL
1450,M,1,5,ORTHOPEDICS
1451,M,1,5,GENERAL
1452,F,10,4,SURGERY
1453,M,6,4,GENERAL
1454,M,6,4,GENERAL
1455,F,13,1,GENERAL
1456,M,7,4,GENERAL
1457,F,1,6,SURGERY
1458,F,6,4,SURGERY
1459,M,7,4,CARDIOLOGY
1460,M,6,4,GENERAL
1461,M,10,3,GENERAL
1462,M,13,3,GENERAL
1463,F,6,4,ORTHOPEDICS
1464,M,6,4,GENERAL
1465,M,1,5,ORTHOPEDICS
1466,M,7,4,GENERAL
1467,M,10,3,GENERAL
1468,M,13,2,GENERAL
1469,M,13,2,GENERAL
1470,F,10,3,SURGERY
1471,M,10,3,GENERAL
1472,M,1,5,CARDIOLOGY
1473,M,1,5,ORTHOPEDICS
1474,M,6,4,GENERAL
1475,F,11,3,ORTHOPEDICS
1476,F,6,4,ORTHOPEDICS
1477,F,10,3,GENERAL
1478,M,10,4,SURGERY
1479,M,10,3,CARDIOLOGY
1480,F,7,4,SURGERY
1481,M,10,4,ORTHOPEDICS
1482,F,6,4,GENERAL
1483,M,1,6,ORTHOPEDICS
1484,F,11,3,GENERAL
1485,F,6,4,CARDIOLOGY
1486,F,6,4,ORTHOPEDICS
1487,M,10,3,GENERAL
1488,F,7,4,SURGERY
1489,F,7,4,SURGERY
1490,F,1,5,SURGERY
1491,F,13,3,GENERAL
1492,F,1,5,GENERAL
1493,F,6,4,SURGERY
1494,F,13,3,SURGERY
1495,F,1,5,ORTHOPEDICS
1496,M,6,4,SURGERY
1497,M,6,4,SURGERY
1498,F,1,5,GENERAL
1499,F,1,5,CARDIOLOGY
1500,M,1,5,GENERAL
1501,F,10,4,GENERAL
1502,M,10,3,SURGERY
1503,M,1,5,SURGERY
1504,M,10,3,GENERAL
1505,F,10,3,GENERAL
1506,M,8,4,ORTHOPEDICS
1507,M,6,4,SURGERY
1508,F,1,5,GENERAL
1509,F,12,3,GENERAL
1510,M,6,4,ORTHOPEDICS
1511,M,1,5,SURGERY
1512,F,6,4,GENERAL
1513,M,1,5,SURGERY
1514,F,1,5,ORTHOPEDICS
1515,M,1,5,GENERAL
1516,M,13,2,GENERAL
1517,M,1,5,CARDIOLOGY
1518,F,6,4,GENERAL
1519,F,1,5,GENERAL
1520,M,1,6,ORTHOPEDICS
1521,F,10,4,SURGERY
1522,F,10,3,GENERAL
1523,F,7,4,CARDIOLOGY
1524,M,1,5,SURGERY
1525,M,1,5,ORTHOPEDICS
1526,F,10,4,ORTHOPEDICS
1527,M,10,4,GENERAL
1528,F,6,4,GENERAL
1529,F,1,5,GENERAL
1530,F,13,3,GENERAL
1531,F,13,2,CARDIOLOGY
1532,M,11,3,SURGERY
1533,M,6,4,SURGERY
1534,F,11,3,ORTHOPEDICS
1535,F,13,2,ORTHOPEDICS
1536,M,11,3,GENERAL
1537,M,6,4,GENERAL
1538,F,1,5,GENERAL
1539,M,1,5,GENERAL
1540,F,1,5,SURGERY
1541,F,6,4,SURGERY
1542,F,6,4,SURGERY
1543,M,10,3,GENERAL
1544,M,11,3,GENERAL
1545,M,1,5,GENERAL
1546,F,1,5,ORTHOPEDICS
1547,M,6,4,GENERAL
1548,M,13,2,GENERAL
1549,M,10,3,ORTHOPEDICS
1550,M,6,4,GENERAL
1551,M,6,4,GENERAL
1552,F,6,4,ORTHOPEDICS
1553,F,6,4,CARDIOLOGY
1554,F,10,3,GENERAL
1555,F,6,4,GENERAL
1556,M,1,5,GENERAL
1557,F,10,3,ORTHOPEDICS
1558,F,1,5,SURGERY
1559,M,7,4,CARDIOLOGY
1560,F,1,5,GENERAL
1561,M,6,4,ORTHOPEDICS
1562,M,6,4,GENERAL
1563,M,10,3,CARDIOLOGY
1564,M,7,4,GENERAL
1565,M,6,4,ORTHOPEDICS
1566,M,11,3,GENERAL
1567,M,6,4,SURGERY
1568,F,13,2,GENERAL
1569,M,6,4,ORTHOPEDICS
1570,M,10,3,CARDIOLOGY
1571,M,1,5,CARDIOLOGY
1572,F,13,3,CARDIOLOGY
1573,F,1,5,GENERAL
1574,M,10,3,CARDIOLOGY
1575,F,1,5,SURGERY
1576,M,6,4,GENERAL
1577,F,1,5,GENERAL
1578,F,11,3,CARDIOLOGY
1579,M,1,5,GENERAL
1580,F,6,4,ORTHOPEDICS
1581,M,1,5,CARDIOLOGY
1582,F,10,4,SURGERY
1583,M,13,2,SURGERY
1584,F,1,6,GENERAL
1585,F,6,4,GENERAL
1586,M,10,4,SURGERY
1587,M,10,4,GENERAL
1588,M,1,5,SURGERY
1589,M,1,5,SURGERY
1590,M,1,5,GENERAL
1591,F,1,5,ORTHOPEDICS
1592,F,13,3,ORTHOPEDICS
1593,F,10,3,SURGERY
1594,M,1,5,GENERAL
1595,F,6,4,GENERAL
1596,F,10,3,SURGERY
1597,F,10,3,ORTHOPEDICS
1598,M,10,3,GENERAL
1599,F,1,5,GENERAL
1600,M,1,6,SURGERY
1601,M,1,5,ORTHOPEDICS
1602,M,13,2,CARDIOLOGY
1603,F,10,3,GENERAL
1604,M,1,6,CARDIOLOGY
1605,F,13,2,GENERAL
1606,M,10,4,ORTHOPEDICS
1607,M,13,2,GENERAL
1608,F,11,3,SURGERY
1609,M,13,3,CARDIOLOGY
1610,M,10,3,GENERAL
1611,F,1,5,ORTHOPEDICS
1612,F,10,4,CARDIOLOGY
1613,M,8,4,GENERAL
1614,M,10,3,ORTHOPEDICS
1615,M,13,3,GENERAL
1616,M,10,4,CARDIOLOGY
1617,M,10,4,ORTHOPEDICS
1618,M,6,4,CARDIOLOGY
1619,F,1,6,GENERAL
1620,M,6,4,CARDIOLOGY
1621,F,6,4,CARDIOLOGY
1622,M,11,3,GENERAL
1623,M,10,4,GENERAL
1624,F,6,4,SURGERY
1625,F,1,6,CARDIOLOGY
1626,M,10,4,GENERAL
1627,F,1,5,GENERAL
1628,F,1,5,ORTHOPEDICS
1629,M,6,4,GENERAL
1630,M,1,6,ORTHOPEDICS
1631,F,1,5,CARDIOLOGY
1632,F,1,5,GENERAL
1633,F,10,3,CARDIOLOGY
1634,M,11,3,ORTHOPEDICS
1635,M,1,6,SURGERY
1636,M,1,6,GENERAL
1637,M,10,3,GENERAL
1638,M,1,5,ORTHOPEDICS
1639,M,1,5,CARDIOLOGY
1640,M,10,3,ORTHOPEDICS
1641,F,6,4,CARDIOLOGY
1642,M,10,3,GENERAL
1643,F,6,4,GENERAL
1644,M,1,6,GENERAL
1645,M,10,4,GENERAL
1646,M,7,4,ORTHOPEDICS
1647,M,1,5,ORTHOPEDICS
1648,M,1,5,CARDIOLOGY
1649,F,1,5,GENERAL
1650,M,10,3,GENERAL
1651,M,10,3,GENERAL
1652,F,6,4,GENERAL
1653,M,11,3,ORTHOPEDICS
1654,M,6,4,CARDIOLOGY
1655,F,13,3,ORTHOPEDICS
1656,F,6,4,GENERAL
1657,M,1,7,GENERAL
1658,F,1,5,GENERAL
1659,F,6,5,GENERAL
1660,F,6,4,GENERAL
1661,M,10,4,SURGERY
1662,F,1,5,ORTHOPEDICS
1663,F,1,6,ORTHOPEDICS
1664,M,1,6,ORTHOPEDICS
1665,M,10,4,GENERAL
1666,F,1,5,GENERAL
1667,M,6,4,GENERAL
1668,M,7,4,GENERAL
1669,F,1,5,GENERAL
1670,F,1,5,GENERAL
1671,M,10,3,GENERAL
1672,F,10,3,CARDIOLOGY
1673,F,6,4,GENERAL
1674,M,6,4,SURGERY
1675,M,6,4,GENERAL
1676,F,10,4,SURGERY
1677,F,6,4,GENERAL
1678,M,1,5,GENERAL
1679,M,6,4,ORTHOPEDICS
1680,M,1,5,CARDIOLOGY
1681,M,11,3,ORTHOPEDICS
1682,M,6,4,GENERAL
1683,F,11,3,SURGERY
1684,F,6,5,SURGERY
1685,F,1,5,SURGERY
1686,M,1,5,GENERAL
1687,M,1,5,CARDIOLOGY
1688,F,6,4,GENERAL
1689,F,8,4,CARDIOLOGY
1690,F,1,5,GENERAL
1691,F,6,4,GENERAL
1692,M,11,3,ORTHOPEDICS
1693,M,10,3,GENERAL
1694,M,6,4,CARDIOLOGY
1695,F,1,5,SURGERY
1696,M,13,3,CARDIOLOGY
1697,F,10,3,CARDIOLOGY
1698,M,10,4,SURGERY
1699,M,1,5,SURGERY
1700,F,10,3,SURGERY
1701,M,10,3,GENERAL
1702,F,10,3,CARDIOLOGY
1703,F,6,4,ORTHOPEDICS
1704,F,7,4,ORTHOPEDICS
1705,M,6,4,SURGERY
1706,F,1,5,SURGERY
1707,M,11,3,GENERAL
1708,F,10,3,GENERAL
1709,F,10,4,CARDIOLOGY
1710,F,6,4,GENERAL
1711,F,10,3,GENERAL
1712,M,10,4,CARDIOLOGY
1713,M,13,2,GENERAL
1714,F,1,5,ORTHOPEDICS
1715,F,1,7,ORTHOPEDICS
1716,F,10,4,ORTHOPEDICS
1717,F,1,5,CARDIOLOGY
1718,F,1,5,CARDIOLOGY
1719,F,1,6,ORTHOPEDICS
1720,M,10,4,GENERAL
1721,F,10,4,GENERAL
1722,F,10,3,CARDIOLOGY
1723,F,7,4,ORTHOPEDICS
1724,F,6,4,SURGERY
1725,M,6,4,CARDIOLOGY
1726,F,10,3,GENERAL
1727,M,13,2,CARDIOLOGY
1728,F,1,5,ORTHOPEDICS
1729,M,10,4,ORTHOPEDICS
1730,F,10,3,ORTHOPEDICS
1731,F,6,4,CARDIOLOGY
1732,F,10,3,CARDIOLOGY
1733,M,1,5,CARDIOLOGY
1734,F,10,4,GENERAL
1735,F,11,3,GENERAL
1736,F,1,5,GENERAL
1737,F,11,3,GENERAL
1738,M,1,6,GENERAL
1739,M,6,4,GENERAL
1740,M,1,6,SURGERY
1741,M,7,4,SURGERY
1742,F,1,6,GENERAL
1743,M,6,4,GENERAL
1744,F,7,4,CARDIOLOGY
1745,F,13,3,SURGERY
1746,F,6,4,SURGERY
1747,F,1,5,CARDIOLOGY
1748,F,11,3,GENERAL
1749,M,7,4,SURGERY
1750,F,1,5,GENERAL
1751,F,1,6,GENERAL
1752,M,1,5,CARDIOLOGY
1753,F,1,5,GENERAL
1754,M,13,1,SURGERY
1755,M,6,4,GENERAL
1756,M,10,4,CARDIOLOGY
1757,F,1,5,ORTHOPEDICS
1758,F,13,2,GENERAL
1759,M,12,3,GENERAL
1760,M,1,5,GENERAL
1761,F,6,4,CARDIOLOGY
1762,F,1,5,GENERAL
1763,F,11,3,GENERAL
1764,F,6,4,GENERAL
1765,M,6,5,SURGERY
1766,F,1,6,SURGERY
1767,F,10,3,GENERAL
1768,F,6,4,ORTHOPEDICS
1769,M,13,2,GENERAL
1770,M,10,3,GENERAL
1771,M,10,3,ORTHOPEDICS
1772,M,1,5,GENERAL
1773,M,11,3,ORTHOPEDICS
1774,F,10,3,ORTHOPEDICS
1775,M,11,3,GENERAL
1776,M,1,5,CARDIOLOGY
1777,F,10,3,ORTHOPEDICS
1778,F,11,3,GENERAL
1779,M,6,4,CARDIOLOGY
1780,M,13,2,SURGERY
1781,M,13,3,CARDIOLOGY
1782,M,6,4,GENERAL
1783,M,1,6,ORTHOPEDICS
1784,M,6,4,CARDIOLOGY
1785,M,6,4,GENERAL
1786,F,6,4,GENERAL
1787,M,1,5,GENERAL
1788,M,1,6,CARDIOLOGY
1789,F,1,6,GENERAL
1790,F,11,3,ORTHOPEDICS
1791,F,1,5,ORTHOPEDICS
1792,M,10,4,CARDIOLOGY
1793,F,1,6,CARDIOLOGY
1794,M,10,3,GENERAL
1795,F,13,3,CARDIOLOGY
1796,M,1,5,GENERAL
1797,M,1,5,CARDIOLOGY
1798,F,6,4,GENERAL
1799,M,1,6,SURGERY
1800,F,10,4,GENERAL
1801,M,1,5,SURGERY
1802,M,6,4,GENERAL
1803,M,1,5,SURGERY
1804,F,1,6,ORTHOPEDICS
1805,M,13,3,GENERAL
1806,M,10,4,ORTHOPEDICS
1807,F,10,3,GENERAL
1808,M,6,4,CARDIOLOGY
1809,M,6,4,CARDIOLOGY
1810,M,13,3,GENERAL
1811,F,10,4,CARDIOLOGY
1812,F,7,4,ORTHOPEDICS
1813,F,13,2,CARDIOLOGY
1814,F,1,6,ORTHOPEDICS
1815,F,10,4,GENERAL
1816,F,1,5,GENERAL
1817,M,1,5,ORTHOPEDICS
1818,F,1,6,CARDIOLOGY
1819,F,13,2,SURGERY
1820,M,1,5,GENERAL
1821,M,11,3,GENERAL
1822,F,10,3,ORTHOPEDICS
1823,F,12,3,CARDIOLOGY
1824,F,10,3,GENERAL
1825,F,6,4,GENERAL
1826,M,6,4,GENERAL
1827,M,7,4,CARDIOLOGY
1828,M,13,3,GENERAL
1829,F,6,4,GENERAL
1830,F,6,4,ORTHOPEDICS
1831,F,6,4,GENERAL
1832,F,10,3,GENERAL
1833,M,13,3,SURGERY
1834,M,6,4,SURGERY
1835,M,6,4,SURGERY
1836,F,7,4,CARDIOLOGY
1837,M,6,4,GENERAL
1838,F,7,4,GENERAL
1839,M,6,4,CARDIOLOGY
1840,M,11,3,SURGERY
1841,M,10,3,GENERAL
1842,F,1,5,GENERAL
1843,F,10,4,ORTHOPEDICS
1844,F,1,5,GENERAL
1845,M,6,4,GENERAL
1846,F,10,4,GENERAL
1847,M,13,1,GENERAL
1848,M,10,3,ORTHOPEDICS
1849,M,1,6,ORTHOPEDICS
1850,M,13,2,SURGERY
1851,M,10,4,SURGERY
1852,F,6,4,GENERAL
1853,F,10,3,GENERAL
1854,M,11,3,CARDIOLOGY
1855,F,13,3,GENERAL
1856,M,13,2,CARDIOLOGY
1857,F,6,4,SURGERY
1858,F,1,5,GENERAL
1859,M,6,4,SURGERY
1860,F,6,4,GENERAL
1861,F,7,4,SURGERY
1862,M,1,5,SURGERY
1863,M,1,6,CARDIOLOGY
1864,F,1,5,GENERAL
1865,M,1,5,GENERAL
1866,M,1,5,GENERAL
1867,M,10,4,CARDIOLOGY
1868,M,6,4,GENERAL
1869,M,13,3,SURGERY
1870,M,6,4,SURGERY
1871,F,1,5,GENERAL
1872,M,13,3,SURGERY
1873,F,13,3,GENERAL
1874,F,1,5,GENERAL
1875,M,10,3,GENERAL
1876,F,1,7,SURGERY
1877,M,6,4,SURGERY
1878,M,1,6,CARDIOLOGY
1879,F,10,3,CARDIOLOGY
1880,M,7,4,GENERAL
1881,F,6,4,CARDIOLOGY
1882,M,10,4,ORTHOPEDICS
1883,F,10,3,GENERAL
1884,F,1,5,ORTHOPEDICS
1885,F,1,5,ORTHOPEDICS
1886,M,6,4,GENERAL
1887,M,1,5,GENERAL
1888,M,13,2,ORTHOPEDICS
1889,M,10,4,SURGERY
1890,M,1,5,ORTHOPEDICS
1891,M,1,5,SURGERY
1892,M,6,4,SURGERY
1893,F,1,5,GENERAL
1894,M,1,6,ORTHOPEDICS
1895,M,6,4,ORTHOPEDICS
1896,M,6,4,GENERAL
1897,M,1,5,ORTHOPEDICS
1898,F,1,5,CARDIOLOGY
1899,M,8,4,ORTHOPEDICS
1900,F,11,3,GENERAL
1901,F,10,4,GENERAL
1902,M,6,4,CARDIOLOGY
1903,M,7,4,ORTHOPEDICS
1904,M,6,4,CARDIOLOGY
1905,F,1,6,CARDIOLOGY
1906,F,7,4,GENERAL
1907,M,11,3,GENERAL
1908,F,10,3,SURGERY
1909,F,11,3,SURGERY
1910,F,6,4,GENERAL
1911,M,6,4,SURGERY
1912,F,1,5,CARDIOLOGY
1913,M,13,2,GENERAL
1914,F,6,4,GENERAL
1915,M,10,4,CARDIOLOGY
1916,F,6,4,ORTHOPEDICS
1917,F,13,2,GENERAL
1918,M,13,3,CARDIOLOGY
1919,M,6,4,ORTHOPEDICS
1920,F,6,4,GENERAL
1921,F,6,4,ORTHOPEDICS
1922,M,1,5,GENERAL
1923,M,10,3,GENERAL
1924,F,11,3,SURGERY
1925,F,10,4,CARDIOLOGY
1926,M,7,4,CARDIOLOGY
1927,M,10,4,SURGERY
1928,M,10,3,CARDIOLOGY
1929,F,10,3,GENERAL
1930,M,1,5,CARDIOLOGY
1931,F,11,3,ORTHOPEDICS
1932,F,13,2,SURGERY
1933,M,10,4,ORTHOPEDICS
1934,M,11,3,SURGERY
1935,M,1,5,ORTHOPEDICS
1936,F,1,5,CARDIOLOGY
1937,F,6,4,ORTHOPEDICS
1938,F,13,2,GENERAL
1939,F,6,5,ORTHOPEDICS
1940,M,6,4,GENERAL
1941,F,10,4,ORTHOPEDICS
1942,M,10,3,CARDIOLOGY
1943,F,11,3,ORTHOPEDICS
1944,F,6,4,GENERAL
1945,F,1,5,CARDIOLOGY
1946,M,6,4,CARDIOLOGY
1947,M,1,5,CARDIOLOGY
1948,F,6,4,SURGERY
1949,M,6,4,CARDIOLOGY
1950,F,7,4,ORTHOPEDICS
1951,F,10,3,GENERAL
1952,M,1,5,CARDIOLOGY
1953,F,10,3,GENERAL
1954,M,10,3,GENERAL
1955,M,10,3,GENERAL
1956,F,1,5,GENERAL
1957,F,6,4,ORTHOPEDICS
1958,M,6,4,ORTHOPEDICS
1959,M,7,4,CARDIOLOGY
1960,M,10,3,CARDIOLOGY
1961,F,10,4,CARDIOLOGY
1962,F,1,6,SURGERY
1963,F,11,3,SURGERY
1964,F,1,5,CARDIOLOGY
1965,M,10,3,ORTHOPEDICS
1966,M,6,4,ORTHOPEDICS
1967,F,10,3,GENERAL
1968,M,10,3,SURGERY
1969,F,10,3,GENERAL
1970,F,6,4,CARDIOLOGY
1971,M,6,4,ORTHOPEDICS
1972,M,6,4,ORTHOPEDICS
1973,F,10,4,GENERAL
1974,M,10,3,GENERAL
1975,F,1,5,ORTHOPEDICS
1976,M,1,6,GENERAL
1977,F,1,5,GENERAL
1978,F,13,2,GENERAL
1979,M,13,3,GENERAL
1980,F,10,4,SURGERY
1981,M,1,5,ORTHOPEDICS
1982,M,12,3,SURGERY
1983,M,1,5,CARDIOLOGY
1984,F,6,4,GENERAL
1985,M,6,4,CARDIOLOGY
1986,M,6,5,ORTHOPEDICS
1987,F,1,5,CARDIOLOGY
1988,M,6,4,GENERAL
1989,F,10,4,CARDIOLOGY
1990,F,6,4,GENERAL
1991,M,11,3,GENERAL
1992,M,10,4,ORTHOPEDICS
1993,M,10,3,SURGERY
1994,M,10,4,ORTHOPEDICS
1995,M,6,4,SURGERY
1996,F,10,3,ORTHOPEDICS
1997,M,6,4,CARDIOLOGY
1998,M,10,3,CARDIOLOGY
1999,F,6,4,ORTHOPEDICS
2000,M,1,5,SURGERY
2001,F,11,3,GENERAL
2002,M,6,4,CARDIOLOGY
2003,M,10,3,CARDIOLOGY
2004,F,10,3,ORTHOPEDICS
2005,M,6,4,GENERAL
2006,M,1,6,CARDIOLOGY
2007,M,1,6,SURGERY
2008,F,6,4,GENERAL
2009,M,6,4,ORTHOPEDICS
2010,F,13,2,SURGERY
2011,M,1,5,SURGERY
2012,F,1,5,CARDIOLOGY
2013,F,1,7,GENERAL
2014,M,1,5,ORTHOPEDICS
2015,F,10,4,ORTHOPEDICS
2016,M,13,3,GENERAL
2017,M,1,5,GENERAL
2018,M,13,3,CARDIOLOGY
2019,M,1,5,GENERAL
2020,F,1,5,ORTHOPEDICS
2021,M,10,3,GENERAL
2022,F,13,3,GENERAL
2023,F,1,6,SURGERY
2024,M,10,3,GENERAL
2025,M,10,3,SURGERY
2026,F,1,6,ORTHOPEDICS
2027,F,1,5,CARDIOLOGY
2028,F,1,5,CARDIOLOGY
2029,F,10,3,ORTHOPEDICS
2030,M,1,5,SURGERY
2031,F,13,2,GENERAL
2032,M,1,5,ORTHOPEDICS
2033,F,6,4,GENERAL
2034,M,13,2,GENERAL
2035,F,1,5,GENERAL
2036,M,13,2,ORTHOPEDICS
2037,M,6,4,CARDIOLOGY
2038,F,1,5,SURGERY
2039,F,13,2,SURGERY
2040,F,10,3,CARDIOLOGY
2041,F,1,5,SURGERY
2042,F,11,3,SURGERY
2043,M,10,4,ORTHOPEDICS
2044,M,11,3,SURGERY
2045,F,1,5,GENERAL
2046,M,13,2,CARDIOLOGY
2047,F,1,5,CARDIOLOGY
2048,M,1,5,SURGERY
2049,M,6,4,ORTHOPEDICS
2050,F,7,4,GENERAL
2051,F,10,3,GENERAL
2052,M,6,4,GENERAL
2053,F,1,5,ORTHOPEDICS
2054,F,11,3,GENERAL
2055,M,10,3,SURGERY
2056,M,13,2,GENERAL
2057,M,6,4,CARDIOLOGY
2058,F,6,4,GENERAL
2059,F,1,7,GENERAL
2060,F,1,5,GENERAL
2061,F,10,3,CARDIOLOGY
2062,M,11,3,CARDIOLOGY
2063,F,12,3,SURGERY
2064,F,11,3,ORTHOPEDICS
2065,M,1,5,CARDIOLOGY
2066,M,6,4,ORTHOPEDICS
2067,M,6,4,SURGERY
2068,F,6,4,CARDIOLOGY
2069,F,1,6,GENERAL
2070,M,10,4,ORTHOPEDICS
2071,M,10,3,ORTHOPEDICS
2072,F,11,3,SURGERY
2073,F,1,6,GENERAL
2074,F,1,5,SURGERY
2075,M,6,4,GENERAL
2076,M,10,4,SURGERY
2077,M,1,5,SURGERY
2078,F,10,3,CARDIOLOGY
2079,M,10,3,ORTHOPEDICS
2080,M,1,6,GENERAL
2081,F,6,4,ORTHOPEDICS
2082,M,11,3,SURGERY
2083,F,11,3,GENERAL
2084,M,1,5,GENERAL
2085,F,1,5,ORTHOPEDICS
2086,M,10,4,CARDIOLOGY
2087,M,6,4,SURGERY
2088,M,1,5,GENERAL
2089,F,10,4,GENERAL
2090,M,1,5,ORTHOPEDICS
2091,F,1,6,ORTHOPEDICS
2092,M,1,5,SURGERY
2093,F,1,5,SURGERY
2094,M,13,2,ORTHOPEDICS
2095,M,11,3,SURGERY
2096,F,1,5,GENERAL
2097,M,10,3,GENERAL
2098,M,10,3,CARDIOLOGY
2099,M,1,5,ORTHOPEDICS
2100,F,6,4,ORTHOPEDICS
2101,F,6,4,SURGERY
2102,M,6,4,CARDIOLOGY
2103,F,1,5,GENERAL
2104,M,1,5,SURGERY
2105,F,13,3,ORTHOPEDICS
2106,M,13,3,GENERAL
2107,F,6,4,CARDIOLOGY
2108,F,1,5,CARDIOLOGY
2109,F,6,5,GENERAL
2110,M,6,4,ORTHOPEDICS
2111,F,6,4,SURGERY
2112,M,10,3,GENERAL
2113,F,1,5,ORTHOPEDICS
2114,M,10,4,GENERAL
2115,M,11,3,GENERAL
2116,F,13,3,SURGERY
2117,F,10,4,ORTHOPEDICS
2118,M,1,6,GENERAL
2119,M,6,4,GENERAL
2120,M,1,6,ORTHOPEDICS
2121,F,6,4,GENERAL
2122,M,6,4,GENERAL
2123,F,1,5,SURGERY
2124,M,6,4,CARDIOLOGY
2125,M,6,4,SURGERY
2126,M,6,4,SURGERY
2127,F,1,5,GENERAL
2128,M,6,4,SURGERY
2129,M,11,3,GENERAL
2130,F,6,4,ORTHOPEDICS
2131,M,6,4,SURGERY
2132,M,6,4,ORTHOPEDICS
2133,F,1,5,GENERAL
2134,F,6,5,GENERAL
2135,F,13,2,GENERAL
2136,M,13,3,GENERAL
2137,F,1,5,GENERAL
2138,F,6,4,CARDIOLOGY
2139,M,1,6,ORTHOPEDICS
2140,F,6,4,ORTHOPEDICS
2141,M,1,7,CARDIOLOGY
2142,M,13,3,SURGERY
2143,M,10,3,GENERAL
2144,M,13,3,GENERAL
2145,F,10,3,ORTHOPEDICS
2146,F,1,5,SURGERY
2147,F,11,3,GENERAL
2148,M,11,3,GENERAL
2149,M,10,3,ORTHOPEDICS
2150,M,6,4,SURGERY
2151,M,6,4,SURGERY
2152,F,6,4,ORTHOPEDICS
2153,F,1,5,GENERAL
2154,F,1,5,ORTHOPEDICS
2155,F,1,5,CARDIOLOGY
2156,F,6,4,ORTHOPEDICS
2157,F,10,4,GENERAL
2158,F,6,4,GENERAL
2159,M,1,7,ORTHOPEDICS
2160,F,1,6,GENERAL
2161,M,10,4,GENERAL
2162,F,13,3,CARDIOLOGY
2163,M,6,4,GENERAL
2164,F,10,3,GENERAL
2165,F,10,3,GENERAL
2166,F,6,4,GENERAL
2167,M,6,4,CARDIOLOGY
2168,M,10,4,ORTHOPEDICS
2169,F,13,3,GENERAL
2170,F,10,3,CARDIOLOGY
2171,M,1,5,GENERAL
2172,M,10,3,SURGERY
2173,M,10,3,GENERAL
2174,M,1,5,SURGERY
2175,F,11,3,ORTHOPEDICS
2176,M,6,4,ORTHOPEDICS
2177,M,6,4,GENERAL
2178,M,10,3,CARDIOLOGY
2179,M,11,3,GENERAL
2180,F,13,3,ORTHOPEDICS
2181,M,1,5,SURGERY
2182,M,10,3,GENERAL
2183,F,1,5,GENERAL
2184,M,6,4,ORTHOPEDICS
2185,M,10,4,ORTHOPEDICS
2186,M,1,5,SURGERY
2187,M,13,3,SURGERY
2188,F,12,3,ORTHOPEDICS
2189,M,6,4,GENERAL
2190,M,6,4,GENERAL
2191,F,6,4,GENERAL
2192,M,6,4,SURGERY
2193,F,6,4,GENERAL
2194,M,7,4,GENERAL
2195,F,1,5,SURGERY
2196,F,1,5,CARDIOLOGY
2197,F,10,3,GENERAL
2198,M,10,4,GENERAL
2199,F,1,5,GENERAL
2200,F,1,5,GENERAL
2201,M,13,2,GENERAL
2202,F,1,5,ORTHOPEDICS
2203,F,10,3,ORTHOPEDICS
2204,F,6,4,GENERAL
2205,M,6,4,GENERAL
2206,M,1,5,ORTHOPEDICS
2207,F,6,4,SURGERY
2208,F,10,3,GENERAL
2209,F,10,4,ORTHOPEDICS
2210,M,1,5,GENERAL
2211,M,10,3,GENERAL
2212,F,1,5,ORTHOPEDICS
2213,F,1,5,GENERAL
2214,F,10,3,GENERAL
2215,M,1,6,SURGERY
2216,M,1,6,GENERAL
2217,F,13,2,CARDIOLOGY
2218,F,10,4,SURGERY
2219,F,7,4,CARDIOLOGY
2220,F,6,4,CARDIOLOGY
2221,F,12,3,CARDIOLOGY
2222,M,1,5,GENERAL
2223,F,13,2,CARDIOLOGY
2224,F,13,2,ORTHOPEDICS
2225,M,10,3,GENERAL
2226,M,11,3,GENERAL
2227,F,1,6,GENERAL
2228,M,1,5,CARDIOLOGY
2229,M,10,4,SURGERY
2230,F,10,3,ORTHOPEDICS
2231,M,1,6,SURGERY
2232,F,10,3,GENERAL
2233,M,11,3,CARDIOLOGY
2234,M,1,5,CARDIOLOGY
2235,M,7,4,GENERAL
2236,F,10,4,SURGERY
2237,F,13,3,SURGERY
2238,M,6,4,CARDIOLOGY
2239,F,10,3,SURGERY
2240,F,6,4,CARDIOLOGY
2241,F,6,4,GENERAL
2242,M,1,5,ORTHOPEDICS
2243,F,10,4,GENERAL
2244,M,6,4,ORTHOPEDICS
2245,M,1,6,SURGERY
2246,F,10,4,GENERAL
2247,M,10,3,GENERAL
2248,M,10,3,SURGERY
2249,M,6,4,GENERAL
2250,M,10,4,CARDIOLOGY
2251,F,6,4,GENERAL
2252,M,1,7,SURGERY
2253,M,1,7,ORTHOPEDICS
2254,F,1,5,GENERAL
2255,F,11,3,SURGERY
2256,F,6,4,GENERAL
2257,F,6,4,ORTHOPEDICS
2258,M,1,5,CARDIOLOGY
2259,M,1,5,CARDIOLOGY
2260,M,6,4,GENERAL
2261,F,6,4,GENERAL
2262,M,6,4,CARDIOLOGY
2263,F,11,3,SURGERY
2264,F,10,3,GENERAL
2265,F,11,3,GENERAL
2266,M,10,3,CARDIOLOGY
2267,F,6,4,GENERAL
2268,M,7,4,SURGERY
2269,M,6,5,ORTHOPEDICS
2270,M,6,4,SURGERY
2271,F,10,4,GENERAL
2272,F,11,3,GENERAL
2273,F,1,5,GENERAL
2274,F,13,1,SURGERY
2275,F,1,5,ORTHOPEDICS
2276,M,10,3,SURGERY
2277,F,10,3,CARDIOLOGY
2278,M,1,5,ORTHOPEDICS
2279,F,1,5,GENERAL
2280,F,1,5,GENERAL
2281,F,6,4,GENERAL
2282,F,6,4,SURGERY
2283,M,8,4,SURGERY
2284,F,1,6,GENERAL
2285,F,1,5,GENERAL
2286,F,11,3,GENERAL
2287,F,1,5,ORTHOPEDICS
2288,F,1,5,SURGERY
2289,M,6,4,GENERAL
2290,M,6,4,CARDIOLOGY
2291,F,1,5,CARDIOLOGY
2292,F,6,4,SURGERY
2293,F,6,4,SURGERY
2294,F,6,4,ORTHOPEDICS
2295,M,13,1,GENERAL
2296,F,11,3,GENERAL
2297,F,11,3,GENERAL
2298,F,6,4,SURGERY
2299,F,6,4,GENERAL
2300,M,1,5,GENERAL
2301,F,6,4,GENERAL
2302,F,1,5,GENERAL
2303,M,11,3,GENERAL
2304,F,1,5,GENERAL
2305,F,8,4,GENERAL
2306,F,11,3,GENERAL
2307,M,13,3,GENERAL
2308,M,6,4,ORTHOPEDICS
2309,M,13,2,GENERAL
2310,F,1,5,SURGERY
2311,M,6,4,GENERAL
2312,F,1,5,CARDIOLOGY
2313,M,13,3,ORTHOPEDICS
2314,F,1,5,CARDIOLOGY
2315,M,10,3,GENERAL
2316,F,10,4,CARDIOLOGY
2317,M,10,4,ORTHOPEDICS
2318,F,1,5,CARDIOLOGY
2319,M,1,6,ORTHOPEDICS
2320,F,10,3,GENERAL
2321,M,6,4,GENERAL
2322,F,10,4,ORTHOPEDICS
2323,M,6,4,GENERAL
2324,F,10,3,CARDIOLOGY
2325,F,1,5,GENERAL
2326,F,6,4,SURGERY
2327,F,6,4,ORTHOPEDICS
2328,F,10,3,GENERAL
2329,M,6,4,GENERAL
2330,F,6,4,CARDIOLOGY
2331,F,10,4,ORTHOPEDICS
2332,M,10,4,ORTHOPEDICS
2333,M,6,4,CARDIOLOGY
2334,F,6,4,CARDIOLOGY
2335,F,1,5,GENERAL
2336,M,1,5,SURGERY
2337,F,7,4,ORTHOPEDICS
2338,M,7,4,GENERAL
2339,M,10,4,SURGERY
2340,M,11,3,SURGERY
2341,F,10,3,ORTHOPEDICS
2342,F,6,4,GENERAL
2343,F,1,5,ORTHOPEDICS
2344,M,13,2,SURGERY
2345,M,1,6,CARDIOLOGY
2346,F,7,4,GENERAL
2347,M,1,5,ORTHOPEDICS
2348,M,7,4,GENERAL
2349,M,13,3,CARDIOLOGY
2350,M,1,7,SURGERY
2351,F,1,5,ORTHOPEDICS
2352,F,10,4,SURGERY
2353,M,10,3,GENERAL
2354,M,1,5,SURGERY
2355,F,1,5,SURGERY
2356,F,7,4,GENERAL
2357,F,10,4,ORTHOPEDICS
2358,F,6,5,GENERAL
2359,F,10,3,ORTHOPEDICS
2360,M,10,4,CARDIOLOGY
2361,F,10,4,GENERAL
2362,F,6,4,GENERAL
2363,M,7,4,ORTHOPEDICS
2364,F,7,4,CARDIOLOGY
2365,F,1,5,GENERAL
2366,M,10,4,ORTHOPEDICS
2367,M,11,3,GENERAL
2368,M,1,5,GENERAL
2369,M,1,5,SURGERY
2370,M,1,5,CARDIOLOGY
2371,M,10,4,GENERAL
2372,F,1,6,SURGERY
2373,M,1,5,GENERAL
2374,M,7,4,ORTHOPEDICS
2375,F,10,4,ORTHOPEDICS
2376,F,13,3,ORTHOPEDICS
2377,F,10,4,CARDIOLOGY
2378,M,1,5,GENERAL
2379,M,7,4,GENERAL
2380,F,1,5,ORTHOPEDICS
2381,M,6,4,SURGERY
2382,F,1,5,CARDIOLOGY
2383,F,11,3,GENERAL
2384,M,6,4,ORTHOPEDICS
2385,M,6,4,ORTHOPEDICS
2386,M,1,6,GENERAL
2387,F,1,5,GENERAL
2388,M,11,3,ORTHOPEDICS
2389,F,10,3,CARDIOLOGY
2390,F,10,3,CARDIOLOGY
2391,F,1,6,ORTHOPEDICS
2392,F,1,5,GENERAL
2393,F,10,3,CARDIOLOGY
2394,F,7,4,CARDIOLOGY
2395,M,10,3,CARDIOLOGY
2396,M,6,5,CARDIOLOGY
2397,M,10,4,SURGERY
2398,M,1,7,CARDIOLOGY
2399,F,1,5,SURGERY
2400,F,1,5,GENERAL
2401,M,11,3,GENERAL
2402,F,6,4,SURGERY
2403,M,6,4,SURGERY
2404,M,11,3,SURGERY
2405,M,7,4,CARDIOLOGY
2406,M,6,4,SURGERY
2407,F,11,3,GENERAL
2408,F,6,4,SURGERY
2409,M,1,6,ORTHOPEDICS
2410,M,13,1,GENERAL
2411,M,6,4,GENERAL
2412,M,11,3,SURGERY
2413,M,13,3,ORTHOPEDICS
2414,M,10,4,GENERAL
2415,F,6,4,CARDIOLOGY
2416,F,6,5,ORTHOPEDICS
2417,F,10,3,GENERAL
2418,F,10,4,GENERAL
2419,M,10,3,CARDIOLOGY
2420,M,10,4,GENERAL
2421,F,6,4,GENERAL
2422,M,1,5,ORTHOPEDICS
2423,F,13,2,SURGERY
2424,M,6,4,SURGERY
2425,F,10,4,ORTHOPEDICS
2426,F,1,7,GENERAL
2427,M,10,3,SURGERY
2428,M,6,4,GENERAL
2429,M,10,4,ORTHOPEDICS
2430,M,10,3,GENERAL
2431,M,11,3,SURGERY
2432,M,6,4,GENERAL
2433,F,6,4,CARDIOLOGY
2434,F,1,5,ORTHOPEDICS
2435,M,1,5,CARDIOLOGY
2436,M,13,3,GENERAL
2437,M,1,5,ORTHOPEDICS
2438,F,10,3,CARDIOLOGY
2439,F,6,4,SURGERY
2440,F,1,5,SURGERY
2441,F,1,5,GENERAL
2442,M,10,3,GENERAL
2443,F,1,5,GENERAL
2444,F,6,4,GENERAL
2445,M,6,4,ORTHOPEDICS
2446,F,10,3,CARDIOLOGY
2447,M,1,5,SURGERY
2448,F,1,5,CARDIOLOGY
2449,F,1,5,SURGERY
2450,F,6,4,CARDIOLOGY
2451,M,6,4,CARDIOLOGY
2452,M,10,3,GENERAL
2453,F,10,4,GENERAL
2454,F,6,4,GENERAL
2455,F,10,3,SURGERY
2456,F,6,4,SURGERY
2457,M,1,5,GENERAL
2458,F,11,3,SURGERY
2459,F,1,5,GENERAL
2460,F,6,4,CARDIOLOGY
2461,M,6,4,GENERAL
2462,M,7,4,GENERAL
2463,F,13,3,SURGERY
2464,M,13,3,CARDIOLOGY
2465,M,13,2,SURGERY
2466,M,13,2,CARDIOLOGY
2467,F,10,3,GENERAL
2468,M,10,3,GENERAL
2469,F,12,3,SURGERY
2470,F,13,2,SURGERY
2471,M,1,5,ORTHOPEDICS
2472,M,1,6,GENERAL
2473,F,10,3,SURGERY
2474,M,1,5,SURGERY
2475,M,6,4,ORTHOPEDICS
2476,M,6,4,GENERAL
2477,F,6,4,ORTHOPEDICS
2478,M,10,3,SURGERY
2479,M,6,4,ORTHOPEDICS
2480,M,10,4,ORTHOPEDICS
2481,M,11,3,GENERAL
2482,M,10,4,CARDIOLOGY
2483,F,10,3,CARDIOLOGY
2484,M,10,3,SURGERY
2485,F,1,6,ORTHOPEDICS
2486,F,10,3,CARDIOLOGY
2487,M,6,4,GENERAL
2488,M,10,3,CARDIOLOGY
2489,F,10,3,GENERAL
2490,M,1,5,ORTHOPEDICS
2491,M,10,3,GENERAL
2492,M,1,6,SURGERY
2493,M,11,3,CARDIOLOGY
2494,F,10,3,GENERAL
2495,F,10,3,SURGERY
2496,M,1,6,SURGERY
2497,F,6,4,GENERAL
2498,M,6,4,CARDIOLOGY
2499,M,1,5,GENERAL
2500,M,1,5,GENERAL
2501,M,7,4,SURGERY
2502,M,6,4,SURGERY
2503,M,10,3,SURGERY
2504,F,10,3,GENERAL
2505,F,7,4,GENERAL
2506,F,13,2,SURGERY
2507,M,11,3,CARDIOLOGY
2508,M,13,3,CARDIOLOGY
2509,M,1,5,CARDIOLOGY
2510,M,1,6,GENERAL
2511,M,1,6,GENERAL
2512,F,10,4,GENERAL
2513,F,13,2,ORTHOPEDICS
2514,M,11,3,CARDIOLOGY
2515,M,1,5,SURGERY
2516,F,1,5,ORTHOPEDICS
2517,M,13,3,CARDIOLOGY
2518,M,1,6,SURGERY
2519,F,10,3,CARDIOLOGY
2520,M,11,3,CARDIOLOGY
2521,M,13,2,SURGERY
2522,F,1,5,SURGERY
2523,F,1,5,CARDIOLOGY
2524,F,11,3,ORTHOPEDICS
2525,M,10,4,GENERAL
2526,M,10,4,SURGERY
2527,F,13,3,GENERAL
2528,F,1,5,ORTHOPEDICS
2529,M,1,6,CARDIOLOGY
2530,F,11,3,GENERAL
2531,F,6,4,SURGERY
2532,M,6,4,ORTHOPEDICS
2533,M,10,3,CARDIOLOGY
2534,M,10,4,ORTHOPEDICS
2535,F,10,4,ORTHOPEDICS
2536,M,1,5,CARDIOLOGY
2537,F,6,4,GENERAL
2538,F,1,5,CARDIOLOGY
2539,F,6,4,SURGERY
2540,M,7,4,CARDIOLOGY
2541,M,10,4,CARDIOLOGY
2542,M,6,4,ORTHOPEDICS
2543,M,1,5,ORTHOPEDICS
2544,M,10,3,SURGERY
2545,F,13,3,GENERAL
2546,F,8,4,ORTHOPEDICS
2547,M,1,5,CARDIOLOGY
2548,F,7,4,CARDIOLOGY
2549,M,1,5,CARDIOLOGY
2550,M,1,5,SURGERY
2551,M,6,4,GENERAL
2552,F,1,5,GENERAL
2553,M,6,4,CARDIOLOGY
2554,M,10,3,CARDIOLOGY
2555,M,11,3,CARDIOLOGY
2556,F,1,5,SURGERY
2557,F,1,5,ORTHOPEDICS
2558,M,13,2,GENERAL
2559,M,1,5,ORTHOPEDICS
2560,M,9,4,SURGERY
2561,F,1,5,ORTHOPEDICS
2562,F,6,4,ORTHOPEDICS
2563,F,7,4,GENERAL
2564,M,1,5,GENERAL
2565,M,13,2,GENERAL
2566,M,6,5,ORTHOPEDICS
2567,F,6,4,GENERAL
2568,M,1,5,GENERAL
2569,F,12,3,SURGERY
2570,M,1,5,GENERAL
2571,M,1,6,SURGERY
2572,M,7,4,ORTHOPEDICS
2573,M,6,4,ORTHOPEDICS
2574,F,1,5,SURGERY
2575,M,1,5,GENERAL
2576,F,10,3,GENERAL
2577,M,13,3,GENERAL
2578,F,10,4,ORTHOPEDICS
2579,F,6,4,GENERAL
2580,F,1,5,CARDIOLOGY
2581,M,10,4,GENERAL
2582,F,6,4,SURGERY
2583,F,7,4,GENERAL
2584,F,7,4,GENERAL
2585,F,10,4,GENERAL
2586,M,10,3,GENERAL
2587,F,1,6,GENERAL
2588,F,1,5,ORTHOPEDICS
2589,F,6,4,SURGERY
2590,F,6,5,SURGERY
2591,M,6,4,CARDIOLOGY
2592,M,1,5,GENERAL
2593,M,1,5,SURGERY
2594,M,1,5,GENERAL
2595,F,12,3,ORTHOPEDICS
2596,M,6,4,GENERAL
2597,F,1,6,GENERAL
2598,M,1,5,GENERAL
2599,M,13,3,CARDIOLOGY
2600,M,10,3,GENERAL
2601,F,6,4,ORTHOPEDICS
2602,F,6,4,ORTHOPEDICS
2603,M,6,4,SURGERY
2604,M,10,4,ORTHOPEDICS
2605,F,6,4,ORTHOPEDICS
2606,F,6,4,GENERAL
2607,M,10,4,SURGERY
2608,M,7,4,ORTHOPEDICS
2609,F,13,3,GENERAL
2610,F,8,4,CARDIOLOGY
2611,M,1,5,GENERAL
2612,F,1,5,ORTHOPEDICS
2613,M,1,5,ORTHOPEDICS
2614,F,13,3,SURGERY
2615,M,10,3,ORTHOPEDICS
2616,F,11,3,GENERAL
2617,M,1,5,GENERAL
2618,F,10,3,GENERAL
2619,M,10,3,GENERAL
2620,F,10,3,ORTHOPEDICS
2621,M,1,6,ORTHOPEDICS
2622,F,1,5,GENERAL
2623,M,13,1,GENERAL
2624,M,1,5,CARDIOLOGY
2625,F,10,3,GENERAL
2626,F,10,4,SURGERY
2627,F,13,2,GENERAL
2628,M,1,5,SURGERY
2629,F,10,4,GENERAL
2630,F,10,3,SURGERY
2631,F,1,5,SURGERY
2632,F,1,5,ORTHOPEDICS
2633,M,13,2,CARDIOLOGY
2634,M,6,4,GENERAL
2635,F,12,3,CARDIOLOGY
2636,M,7,4,SURGERY
2637,M,7,4,SURGERY
2638,M,10,4,GENERAL
2639,M,10,3,CARDIOLOGY
2640,F,13,1,ORTHOPEDICS
2641,M,7,4,GENERAL
2642,M,6,4,GENERAL
2643,M,6,4,SURGERY
2644,M,1,5,SURGERY
2645,F,6,4,GENERAL
2646,F,1,5,ORTHOPEDICS
2647,M,12,3,GENERAL
2648,F,6,4,SURGERY
2649,M,11,3,ORTHOPEDICS
2650,M,10,4,CARDIOLOGY
2651,M,10,3,SURGERY
2652,F,10,4,GENERAL
2653,M,10,3,GENERAL
2654,F,1,6,CARDIOLOGY
2655,F,1,7,GENERAL
2656,F,11,3,ORTHOPEDICS
2657,M,1,5,SURGERY
2658,F,13,2,ORTHOPEDICS
2659,F,13,3,CARDIOLOGY
2660,M,1,6,GENERAL
2661,F,13,2,ORTHOPEDICS
2662,F,10,3,ORTHOPEDICS
2663,M,6,4,CARDIOLOGY
2664,F,10,4,CARDIOLOGY
2665,M,6,4,ORTHOPEDICS
2666,F,11,3,SURGERY
2667,F,10,3,GENERAL
2668,F,13,2,GENERAL
2669,F,10,3,SURGERY
2670,F,10,3,GENERAL
2671,M,1,5,CARDIOLOGY
2672,M,1,5,GENERAL
2673,F,1,5,GENERAL
2674,F,6,4,GENERAL
2675,F,1,5,SURGERY
2676,F,13,3,SURGERY
2677,F,13,2,GENERAL
2678,M,10,3,SURGERY
2679,M,13,2,SURGERY
2680,F,1,5,GENERAL
2681,M,1,5,ORTHOPEDICS
2682,M,1,6,ORTHOPEDICS
2683,F,6,4,CARDIOLOGY
2684,F,1,5,GENERAL
2685,M,6,4,GENERAL
2686,M,13,2,SURGERY
2687,F,1,5,GENERAL
2688,F,1,5,GENERAL
2689,F,10,3,ORTHOPEDICS
2690,F,1,5,CARDIOLOGY
2691,F,11,3,GENERAL
2692,F,1,6,GENERAL
2693,F,1,5,SURGERY
2694,M,7,4,CARDIOLOGY
2695,F,8,4,ORTHOPEDICS
2696,F,1,5,SURGERY
2697,F,11,3,CARDIOLOGY
2698,M,1,5,ORTHOPEDICS
2699,M,13,2,GENERAL
2700,M,1,5,SURGERY
2701,M,6,4,ORTHOPEDICS
2702,F,1,6,ORTHOPEDICS
2703,F,6,4,GENERAL
2704,F,10,4,CARDIOLOGY
2705,M,13,2,ORTHOPEDICS
2706,F,11,3,CARDIOLOGY
2707,M,1,5,GENERAL
2708,M,7,4,ORTHOPEDICS
2709,F,10,3,SURGERY
2710,M,1,5,SURGERY
2711,M,6,4,CARDIOLOGY
2712,M,6,4,GENERAL
2713,M,1,5,ORTHOPEDICS
2714,M,13,3,SURGERY
2715,F,10,3,CARDIOLOGY
2716,M,13,3,GENERAL
2717,M,1,5,CARDIOLOGY
2718,F,6,4,ORTHOPEDICS
2719,M,6,4,SURGERY
2720,F,1,5,GENERAL
2721,F,11,3,GENERAL
2722,M,6,4,ORTHOPEDICS
2723,F,1,5,GENERAL
2724,M,6,4,SURGERY
2725,M,13,2,ORTHOPEDICS
2726,F,13,2,GENERAL
2727,F,11,3,CARDIOLOGY
2728,M,1,5,GENERAL
2729,F,6,4,CARDIOLOGY
2730,M,6,4,CARDIOLOGY
2731,F,10,4,GENERAL
2732,F,10,3,GENERAL
2733,F,7,4,GENERAL
2734,M,13,2,GENERAL
2735,M,6,4,GENERAL
2736,M,6,5,ORTHOPEDICS
2737,M,10,4,ORTHOPEDICS
2738,M,13,2,GENERAL
2739,F,6,4,GENERAL
2740,M,1,5,CARDIOLOGY
2741,F,13,3,CARDIOLOGY
2742,M,10,4,SURGERY
2743,M,13,2,GENERAL
2744,F,10,3,SURGERY
2745,M,10,4,GENERAL
2746,M,10,3,SURGERY
2747,M,10,4,SURGERY
2748,M,1,5,GENERAL
2749,F,6,4,CARDIOLOGY
2750,F,1,5,GENERAL
2751,F,6,4,GENERAL
2752,M,1,5,GENERAL
2753,F,6,4,GENERAL
2754,M,6,4,ORTHOPEDICS
2755,M,1,5,ORTHOPEDICS
2756,F,11,3,ORTHOPEDICS
2757,F,1,5,GENERAL
2758,M,10,3,GENERAL
2759,F,6,4,CARDIOLOGY
2760,F,1,5,GENERAL
2761,M,6,4,GENERAL
2762,F,6,4,ORTHOPEDICS
2763,M,1,5,ORTHOPEDICS
2764,M,11,3,CARDIOLOGY
2765,F,6,4,CARDIOLOGY
2766,F,1,5,ORTHOPEDICS
2767,M,1,5,CARDIOLOGY
2768,M,1,6,ORTHOPEDICS
2769,M,13,3,SURGERY
2770,F,11,3,GENERAL
2771,M,11,3,GENERAL
2772,F,6,4,GENERAL
2773,M,13,2,GENERAL
2774,M,1,5,GENERAL
2775,M,1,6,GENERAL
2776,F,13,2,GENERAL
2777,F,1,5,ORTHOPEDICS
2778,M,10,4,ORTHOPEDICS
2779,F,11,3,SURGERY
2780,F,10,4,ORTHOPEDICS
2781,M,1,5,GENERAL
2782,M,12,3,SURGERY
2783,M,6,4,SURGERY
2784,M,11,3,GENERAL
2785,M,6,4,GENERAL
2786,M,13,3,SURGERY
2787,M,1,5,ORTHOPEDICS
2788,F,13,3,GENERAL
2789,M,1,5,SURGERY
2790,F,11,3,SURGERY
2791,F,6,4,GENERAL
2792,M,1,5,ORTHOPEDICS
2793,F,6,4,GENERAL
2794,F,1,5,SURGERY
2795,M,1,6,ORTHOPEDICS
2796,F,7,4,CARDIOLOGY
2797,F,10,3,CARDIOLOGY
2798,F,10,4,SURGERY
2799,M,1,5,GENERAL
2800,M,10,3,ORTHOPEDICS
2801,M,11,3,ORTHOPEDICS
2802,M,11,3,SURGERY
2803,M,6,4,GENERAL
2804,F,10,3,GENERAL
2805,M,6,4,SURGERY
2806,M,13,3,SURGERY
2807,M,1,5,ORTHOPEDICS
2808,F,10,3,ORTHOPEDICS
2809,M,12,3,GENERAL
2810,F,13,2,GENERAL
2811,M,1,5,GENERAL
2812,M,1,6,GENERAL
2813,F,1,5,CARDIOLOGY
2814,M,13,2,CARDIOLOGY
2815,M,1,5,ORTHOPEDICS
2816,M,13,3,GENERAL
2817,M,11,3,SURGERY
2818,M,10,3,GENERAL
2819,M,10,3,GENERAL
2820,M,11,3,GENERAL
2821,F,11,3,GENERAL
2822,F,13,2,GENERAL
2823,M,6,4,CARDIOLOGY
2824,F,13,2,ORTHOPEDICS
2825,F,6,4,CARDIOLOGY
2826,M,1,5,CARDIOLOGY
2827,F,6,4,SURGERY
2828,M,10,3,GENERAL
2829,M,1,5,GENERAL
2830,M,13,3,ORTHOPEDICS
2831,M,13,2,ORTHOPEDICS
2832,M,6,4,CARDIOLOGY
2833,M,1,6,GENERAL
2834,F,10,3,SURGERY
2835,M,10,3,ORTHOPEDICS
2836,F,11,3,SURGERY
2837,M,10,3,GENERAL
2838,F,6,4,GENERAL
2839,M,1,5,ORTHOPEDICS
2840,F,11,3,ORTHOPEDICS
2841,M,10,3,ORTHOPEDICS
2842,M,1,6,CARDIOLOGY
2843,F,11,3,GENERAL
2844,M,10,3,GENERAL
2845,M,6,4,SURGERY
2846,M,6,5,ORTHOPEDICS
2847,M,10,3,GENERAL
2848,M,13,3,ORTHOPEDICS
2849,F,1,5,GENERAL
2850,M,6,4,CARDIOLOGY
2851,F,13,3,GENERAL
2852,M,1,5,GENERAL
2853,M,11,3,ORTHOPEDICS
2854,F,10,3,CARDIOLOGY
2855,F,1,5,GENERAL
2856,M,1,5,ORTHOPEDICS
2857,M,1,5,ORTHOPEDICS
2858,M,13,3,ORTHOPEDICS
2859,F,10,4,ORTHOPEDICS
2860,M,7,4,ORTHOPEDICS
2861,F,13,2,ORTHOPEDICS
2862,M,12,3,ORTHOPEDICS
2863,M,1,6,CARDIOLOGY
2864,M,1,5,GENERAL
2865,F,10,4,ORTHOPEDICS
2866,M,1,5,SURGERY
2867,F,6,4,GENERAL
2868,F,1,5,GENERAL
2869,M,6,4,GENERAL
2870,F,13,3,CARDIOLOGY
2871,F,7,4,GENERAL
2872,F,6,4,GENERAL
2873,F,7,4,GENERAL
2874,F,1,5,GENERAL
2875,M,10,3,GENERAL
2876,M,13,3,GENERAL
2877,M,13,2,SURGERY
2878,M,7,4,GENERAL
2879,M,13,2,SURGERY
2880,M,11,3,SURGERY
2881,M,13,2,SURGERY
2882,M,10,3,GENERAL
2883,M,1,6,CARDIOLOGY
2884,F,10,3,GENERAL
2885,M,10,3,ORTHOPEDICS
2886,M,11,3,ORTHOPEDICS
2887,F,1,5,GENERAL
2888,F,10,3,SURGERY
2889,F,10,4,ORTHOPEDICS
2890,F,6,4,GENERAL
2891,F,10,4,GENERAL
2892,F,1,6,ORTHOPEDICS
2893,F,6,4,ORTHOPEDICS
2894,F,7,4,SURGERY
2895,M,10,3,ORTHOPEDICS
2896,M,1,5,SURGERY
2897,F,1,5,GENERAL
2898,M,1,5,GENERAL
2899,F,10,3,SURGERY
2900,F,1,5,CARDIOLOGY
2901,F,11,3,CARDIOLOGY
2902,M,7,4,GENERAL
2903,M,10,3,ORTHOPEDICS
2904,M,10,3,CARDIOLOGY
2905,M,6,4,ORTHOPEDICS
2906,M,1,6,SURGERY
2907,F,6,4,GENERAL
2908,F,1,6,CARDIOLOGY
2909,M,6,4,SURGERY
2910,M,8,4,ORTHOPEDICS
2911,F,10,4,CARDIOLOGY
2912,M,13,3,SURGERY
2913,F,1,5,CARDIOLOGY
2914,F,10,4,CARDIOLOGY
2915,M,6,4,GENERAL
2916,F,6,4,GENERAL
2917,M,1,5,CARDIOLOGY
2918,M,1,5,SURGERY
2919,M,1,5,GENERAL
2920,F,13,1,ORTHOPEDICS
2921,M,6,5,SURGERY
2922,M,1,5,GENERAL
2923,F,13,2,GENERAL
2924,M,13,1,SURGERY
2925,F,1,5,SURGERY
2926,M,10,4,CARDIOLOGY
2927,F,6,4,CARDIOLOGY
2928,M,6,4,CARDIOLOGY
2929,F,6,4,GENERAL
2930,F,6,4,GENERAL
2931,M,1,5,GENERAL
2932,F,1,5,GENERAL
2933,M,10,3,GENERAL
2934,F,1,5,CARDIOLOGY
2935,M,13,2,GENERAL
2936,M,13,1,SURGERY
2937,M,1,6,SURGERY
2938,F,10,3,ORTHOPEDICS
2939,M,10,3,GENERAL
2940,M,1,6,SURGERY
2941,M,1,5,GENERAL
2942,F,10,3,CARDIOLOGY
2943,F,6,4,CARDIOLOGY
2944,M,1,5,GENERAL
2945,F,6,4,CARDIOLOGY
2946,M,7,4,CARDIOLOGY
2947,F,10,4,ORTHOPEDICS
2948,F,13,2,GENERAL
2949,M,6,4,ORTHOPEDICS
2950,F,10,3,GENERAL
2951,F,1,5,GENERAL
2952,F,6,4,ORTHOPEDICS
2953,F,11,3,ORTHOPEDICS
2954,F,1,6,SURGERY
2955,M,1,5,GENERAL
2956,M,13,2,GENERAL
2957,M,6,4,GENERAL
2958,M,1,7,GENERAL
2959,M,6,4,ORTHOPEDICS
2960,M,6,4,GENERAL
2961,M,10,3,GENERAL
2962,F,10,4,ORTHOPEDICS
2963,F,6,4,GENERAL
2964,M,1,5,GENERAL
2965,M,10,3,SURGERY
2966,F,6,4,ORTHOPEDICS
2967,M,10,4,ORTHOPEDICS
2968,F,13,2,ORTHOPEDICS
2969,M,10,3,GENERAL
2970,M,10,4,ORTHOPEDICS
2971,F,13,2,ORTHOPEDICS
2972,F,1,5,CARDIOLOGY
2973,F,10,3,SURGERY
2974,F,1,7,SURGERY
2975,F,7,4,CARDIOLOGY
2976,M,6,4,CARDIOLOGY
2977,M,6,4,CARDIOLOGY
2978,F,6,4,GENERAL
2979,M,10,3,GENERAL
2980,F,6,4,GENERAL
2981,F,7,4,GENERAL
2982,M,13,2,GENERAL
2983,F,6,4,ORTHOPEDICS
2984,F,10,3,ORTHOPEDICS
2985,F,10,3,CARDIOLOGY
2986,F,6,4,GENERAL
2987,M,6,4,GENERAL
2988,M,1,5,SURGERY
2989,M,13,3,GENERAL
2990,M,7,4,GENERAL
2991,M,8,4,GENERAL
2992,F,13,2,GENERAL
2993,F,6,4,GENERAL
2994,M,10,3,GENERAL
2995,M,6,4,ORTHOPEDICS
2996,M,10,3,GENERAL
2997,M,10,3,GENERAL
2998,M,6,4,GENERAL
2999,F,10,4,ORTHOPEDICS
3000,F,10,3,GENERAL
3001,M,13,2,GENERAL
3002,F,6,4,GENERAL
3003,F,13,3,CARDIOLOGY
3004,M,10,3,CARDIOLOGY
3005,M,10,3,GENERAL
3006,M,6,5,GENERAL
3007,M,7,4,CARDIOLOGY
3008,M,6,5,ORTHOPEDICS
3009,M,10,4,ORTHOPEDICS
3010,M,6,4,GENERAL
3011,F,6,4,SURGERY
3012,M,6,4,ORTHOPEDICS
3013,M,10,3,GENERAL
3014,F,6,5,GENERAL
3015,F,10,3,GENERAL
3016,F,1,5,CARDIOLOGY
3017,M,10,3,GENERAL
3018,F,1,6,GENERAL
3019,M,11,3,ORTHOPEDICS
3020,M,1,5,GENERAL
3021,F,1,7,SURGERY
3022,F,11,3,SURGERY
3023,M,6,4,ORTHOPEDICS
3024,M,13,2,SURGERY
3025,M,6,4,SURGERY
3026,M,1,5,SURGERY
3027,F,1,5,GENERAL
3028,M,1,5,GENERAL
3029,M,1,5,GENERAL
3030,F,7,4,GENERAL
3031,F,6,4,GENERAL
3032,M,10,3,SURGERY
3033,M,6,4,SURGERY
3034,M,7,4,CARDIOLOGY
3035,M,1,5,GENERAL
3036,M,1,5,GENERAL
3037,F,6,4,ORTHOPEDICS
3038,F,7,4,SURGERY
3039,F,7,4,ORTHOPEDICS
3040,F,10,4,SURGERY
3041,M,1,5,SURGERY
3042,M,10,3,CARDIOLOGY
3043,M,1,6,GENERAL
3044,M,7,4,SURGERY
3045,F,10,4,SURGERY
3046,F,10,4,GENERAL
3047,F,6,4,GENERAL
3048,M,1,5,SURGERY
3049,M,1,5,ORTHOPEDICS
3050,M,7,4,GENERAL
3051,F,7,4,GENERAL
3052,M,6,4,GENERAL
3053,F,10,4,GENERAL
3054,F,10,3,GENERAL
3055,F,6,4,CARDIOLOGY
3056,M,10,4,GENERAL
3057,M,13,2,SURGERY
3058,F,1,5,CARDIOLOGY
3059,F,10,4,ORTHOPEDICS
3060,F,1,5,SURGERY
3061,M,12,3,ORTHOPEDICS
3062,M,7,4,CARDIOLOGY
3063,M,6,4,ORTHOPEDICS
3064,M,1,5,ORTHOPEDICS
3065,M,6,4,GENERAL
3066,F,10,3,SURGERY
3067,M,13,3,ORTHOPEDICS
3068,M,7,4,ORTHOPEDICS
3069,M,7,4,GENERAL
3070,F,6,4,SURGERY
3071,M,7,4,SURGERY
3072,M,6,4,SURGERY
3073,F,1,6,GENERAL
3074,M,6,4,GENERAL
3075,F,10,4,GENERAL
3076,F,13,2,SURGERY
3077,M,6,4,GENERAL
3078,M,1,5,SURGERY
3079,F,1,5,GENERAL
3080,F,6,4,GENERAL
3081,M,13,2,ORTHOPEDICS
3082,F,10,4,CARDIOLOGY
3083,M,10,3,GENERAL
3084,M,6,4,ORTHOPEDICS
3085,M,13,3,GENERAL
3086,M,8,4,SURGERY
3087,F,1,5,GENERAL
3088,F,6,4,GENERAL
3089,F,1,5,CARDIOLOGY
3090,M,1,6,SURGERY
3091,M,10,4,GENERAL
3092,F,11,3,GENERAL
3093,M,1,5,ORTHOPEDICS
3094,F,11,3,GENERAL
3095,M,10,3,GENERAL
3096,F,10,4,CARDIOLOGY
3097,F,13,2,ORTHOPEDICS
3098,F,1,5,GENERAL
3099,F,7,4,CARDIOLOGY
3100,M,6,4,ORTHOPEDICS
3101,M,7,4,GENERAL
3102,M,6,4,SURGERY
3103,F,13,2,GENERAL
3104,F,10,3,SURGERY
3105,F,6,4,ORTHOPEDICS
3106,F,1,6,ORTHOPEDICS
3107,M,1,5,SURGERY
3108,M,1,5,SURGERY
3109,F,13,3,ORTHOPEDICS
3110,F,1,5,CARDIOLOGY
3111,M,7,4,GENERAL
3112,F,10,3,GENERAL
3113,M,13,3,GENERAL
3114,F,13,2,SURGERY
3115,F,6,4,GENERAL
3116,F,1,5,GENERAL
3117,M,1,5,GENERAL
3118,F,1,5,SURGERY
3119,F,10,3,GENERAL
3120,F,11,3,SURGERY
3121,F,7,4,GENERAL
3122,F,10,4,GENERAL
3123,F,1,6,ORTHOPEDICS
3124,F,1,5,GENERAL
3125,M,7,4,GENERAL
3126,F,1,6,CARDIOLOGY
3127,F,10,3,ORTHOPEDICS
3128,M,1,5,SURGERY
3129,F,1,5,GENERAL
3130,F,1,5,ORTHOPEDICS
3131,M,1,5,CARDIOLOGY
3132,M,6,4,GENERAL
3133,F,6,4,ORTHOPEDICS
3134,F,6,4,SURGERY
3135,F,10,3,CARDIOLOGY
3136,F,1,5,ORTHOPEDICS
3137,F,10,3,ORTHOPEDICS
3138,F,6,4,ORTHOPEDICS
3139,F,11,3,SURGERY
3140,F,6,4,CARDIOLOGY
3141,F,7,4,SURGERY
3142,F,1,5,CARDIOLOGY
3143,F,1,6,SURGERY
3144,M,7,4,GENERAL
3145,M,10,3,GENERAL
3146,M,1,5,ORTHOPEDICS
3147,M,7,4,SURGERY
3148,F,1,5,GENERAL
3149,F,1,7,SURGERY
3150,F,6,4,GENERAL
3151,M,1,5,GENERAL
3152,M,1,6,GENERAL
3153,F,10,4,SURGERY
3154,M,13,2,CARDIOLOGY
3155,M,6,4,SURGERY
3156,F,1,6,GENERAL
3157,F,13,3,GENERAL
3158,M,1,5,GENERAL
3159,M,6,4,ORTHOPEDICS
3160,M,10,3,CARDIOLOGY
3161,M,6,4,ORTHOPEDICS
3162,M,10,4,GENERAL
3163,F,6,4,GENERAL
3164,M,1,6,SURGERY
3165,M,7,4,CARDIOLOGY
3166,F,13,3,GENERAL
3167,F,6,4,CARDIOLOGY
3168,F,1,5,GENERAL
3169,M,6,4,ORTHOPEDICS
3170,M,10,4,ORTHOPEDICS
3171,M,1,5,SURGERY
3172,M,1,6,CARDIOLOGY
3173,F,6,4,SURGERY
3174,F,10,3,GENERAL
3175,M,1,5,ORTHOPEDICS
3176,F,6,4,GENERAL
3177,F,6,4,GENERAL
3178,M,11,3,CARDIOLOGY
3179,F,1,5,GENERAL
3180,M,10,3,SURGERY
3181,M,10,3,GENERAL
3182,F,1,5,GENERAL
3183,F,13,2,GENERAL
3184,F,1,6,SURGERY
3185,F,10,4,CARDIOLOGY
3186,M,10,3,CARDIOLOGY
3187,F,1,5,GENERAL
3188,M,6,4,ORTHOPEDICS
3189,F,13,2,GENERAL
3190,F,1,5,GENERAL
3191,M,10,3,ORTHOPEDICS
3192,F,1,5,GENERAL
3193,F,7,4,GENERAL
3194,F,1,5,CARDIOLOGY
3195,F,1,5,GENERAL
3196,M,13,3,SURGERY
3197,M,6,4,GENERAL
3198,M,1,6,GENERAL
3199,F,11,3,GENERAL
3200,M,13,2,SURGERY
3201,F,6,4,CARDIOLOGY
3202,F,7,4,CARDIOLOGY
3203,M,10,4,GENERAL
3204,F,6,4,SURGERY
3205,F,10,3,GENERAL
3206,F,1,5,CARDIOLOGY
3207,F,1,5,ORTHOPEDICS
3208,F,11,3,GENERAL
3209,F,6,4,GENERAL
3210,F,11,3,CARDIOLOGY
3211,M,10,3,SURGERY
3212,M,8,4,ORTHOPEDICS
3213,M,1,6,SURGERY
3214,F,10,3,ORTHOPEDICS
3215,F,10,3,GENERAL
3216,F,11,3,ORTHOPEDICS
3217,M,10,4,ORTHOPEDICS
3218,F,13,2,ORTHOPEDICS
3219,M,13,2,ORTHOPEDICS
3220,F,6,4,SURGERY
3221,M,8,4,GENERAL
3222,M,7,4,SURGERY
3223,F,1,5,CARDIOLOGY
3224,F,1,5,GENERAL
3225,F,13,2,GENERAL
3226,F,13,1,ORTHOPEDICS
3227,M,11,3,CARDIOLOGY
3228,F,1,5,SURGERY
3229,F,13,3,CARDIOLOGY
3230,M,6,4,GENERAL
3231,M,7,4,GENERAL
3232,M,1,5,SURGERY
3233,M,1,5,SURGERY
3234,M,13,3,GENERAL
3235,M,10,3,ORTHOPEDICS
3236,F,10,3,CARDIOLOGY
3237,F,10,4,SURGERY
3238,F,10,4,SURGERY
3239,F,10,4,ORTHOPEDICS
3240,F,11,3,SURGERY
3241,M,1,5,CARDIOLOGY
3242,M,1,5,GENERAL
3243,M,13,2,GENERAL
3244,F,10,4,CARDIOLOGY
3245,F,1,5,GENERAL
3246,M,10,4,GENERAL
3247,F,10,3,CARDIOLOGY
3248,M,1,6,GENERAL
3249,M,1,5,CARDIOLOGY
3250,F,1,5,GENERAL
3251,M,1,5,ORTHOPEDICS
3252,F,6,4,GENERAL
3253,M,10,4,GENERAL
3254,F,1,5,SURGERY
3255,M,6,4,SURGERY
3256,M,1,5,GENERAL
3257,M,13,3,GENERAL
3258,M,10,3,ORTHOPEDICS
3259,M,10,3,SURGERY
3260,F,10,3,GENERAL
3261,F,1,6,CARDIOLOGY
3262,M,1,6,GENERAL
3263,M,1,5,GENERAL
3264,M,1,5,CARDIOLOGY
3265,F,6,4,GENERAL
3266,M,7,4,GENERAL
3267,F,6,4,ORTHOPEDICS
3268,F,1,6,ORTHOPEDICS
3269,F,7,4,GENERAL
3270,F,6,4,ORTHOPEDICS
3271,F,1,5,GENERAL
3272,F,10,4,GENERAL
3273,F,1,5,ORTHOPEDICS
3274,F,13,2,CARDIOLOGY
3275,M,6,4,SURGERY
3276,F,13,2,GENERAL
3277,M,1,5,GENERAL
3278,F,1,5,GENERAL
3279,M,1,5,GENERAL
3280,F,6,4,SURGERY
3281,F,1,5,ORTHOPEDICS
3282,F,10,4,ORTHOPEDICS
3283,M,1,5,SURGERY
3284,M,10,3,CARDIOLOGY
3285,F,6,4,SURGERY
3286,F,1,5,ORTHOPEDICS
3287,F,1,5,CARDIOLOGY
3288,M,6,4,CARDIOLOGY
3289,M,1,5,GENERAL
3290,M,1,5,GENERAL
3291,M,1,6,ORTHOPEDICS
3292,M,7,4,GENERAL
3293,M,7,4,CARDIOLOGY
3294,M,10,4,GENERAL
3295,M,10,3,GENERAL
3296,M,1,5,GENERAL
3297,M,11,3,ORTHOPEDICS
3298,F,6,4,SURGERY
3299,F,7,4,ORTHOPEDICS
3300,M,10,3,ORTHOPEDICS
3301,F,10,4,GENERAL
3302,M,7,4,GENERAL
3303,F,1,5,CARDIOLOGY
3304,M,6,4,GENERAL
3305,F,10,3,GENERAL
3306,F,11,3,GENERAL
3307,F,1,5,CARDIOLOGY
3308,M,10,3,ORTHOPEDICS
3309,M,1,6,CARDIOLOGY
3310,F,1,5,GENERAL
3311,F,1,5,GENERAL
3312,F,7,4,CARDIOLOGY
3313,M,6,4,CARDIOLOGY
3314,M,1,5,ORTHOPEDICS
3315,M,13,3,SURGERY
3316,M,6,4,GENERAL
3317,F,1,5,GENERAL
3318,M,1,5,CARDIOLOGY
3319,F,1,5,CARDIOLOGY
3320,M,10,4,GENERAL
3321,M,6,4,GENERAL
3322,M,1,5,ORTHOPEDICS
3323,M,10,3,GENERAL
3324,M,1,5,GENERAL
3325,F,13,1,GENERAL
3326,M,10,4,CARDIOLOGY
3327,F,10,4,GENERAL
3328,F,10,4,ORTHOPEDICS
3329,M,7,4,GENERAL
3330,F,6,4,GENERAL
3331,F,7,4,SURGERY
3332,F,13,3,ORTHOPEDICS
3333,M,10,4,GENERAL
3334,M,1,5,CARDIOLOGY
3335,F,13,2,ORTHOPEDICS
3336,M,1,6,SURGERY
3337,F,10,3,CARDIOLOGY
3338,F,10,4,GENERAL
3339,M,6,4,SURGERY
3340,M,1,5,CARDIOLOGY
3341,M,10,4,CARDIOLOGY
3342,M,10,3,GENERAL
3343,F,1,6,GENERAL
3344,F,1,5,CARDIOLOGY
3345,F,6,4,SURGERY
3346,M,6,4,GENERAL
3347,M,6,4,CARDIOLOGY
3348,F,11,3,GENERAL
3349,F,7,4,CARDIOLOGY
3350,F,1,5,CARDIOLOGY
3351,M,10,4,CARDIOLOGY
3352,F,1,5,GENERAL
3353,M,12,3,GENERAL
3354,M,1,5,ORTHOPEDICS
3355,F,1,5,CARDIOLOGY
3356,M,10,4,SURGERY
3357,M,13,2,ORTHOPEDICS
3358,M,6,4,SURGERY
3359,F,6,4,CARDIOLOGY
3360,F,11,3,SURGERY
3361,M,6,4,SURGERY
3362,M,1,7,SURGERY
3363,F,1,6,ORTHOPEDICS
3364,F,1,5,SURGERY
3365,M,11,3,ORTHOPEDICS
3366,M,1,5,ORTHOPEDICS
3367,F,1,5,GENERAL
3368,M,13,2,GENERAL
3369,F,13,2,ORTHOPEDICS
3370,F,10,3,SURGERY
3371,F,13,2,GENERAL
3372,M,1,6,GENERAL
3373,F,10,3,ORTHOPEDICS
3374,M,1,5,ORTHOPEDICS
3375,M,1,6,GENERAL
3376,M,6,4,ORTHOPEDICS
3377,M,1,5,GENERAL
3378,F,10,3,CARDIOLOGY
3379,M,1,6,GENERAL
3380,F,6,4,ORTHOPEDICS
3381,F,1,5,GENERAL
3382,M,1,5,CARDIOLOGY
3383,F,10,3,GENERAL
3384,F,10,4,GENERAL
3385,F,1,5,GENERAL
3386,F,1,6,CARDIOLOGY
3387,F,1,5,SURGERY
3388,M,1,5,GENERAL
3389,F,1,5,GENERAL
3390,F,10,4,GENERAL
3391,M,13,2,SURGERY
3392,M,11,3,ORTHOPEDICS
3393,M,10,3,CARDIOLOGY
3394,M,11,3,CARDIOLOGY
3395,M,13,3,ORTHOPEDICS
3396,M,1,5,GENERAL
3397,F,6,4,GENERAL
3398,M,7,4,CARDIOLOGY
3399,M,1,5,GENERAL
3400,M,10,3,CARDIOLOGY
3401,M,10,3,GENERAL
3402,M,1,5,GENERAL
3403,M,6,4,ORTHOPEDICS
3404,F,11,3,ORTHOPEDICS
3405,F,6,4,SURGERY
3406,F,10,4,GENERAL
3407,M,7,4,CARDIOLOGY
3408,F,6,4,ORTHOPEDICS
3409,M,6,4,CARDIOLOGY
3410,M,11,3,ORTHOPEDICS
3411,M,1,5,SURGERY
3412,F,10,3,SURGERY
3413,F,1,5,SURGERY
3414,F,10,4,GENERAL
3415,F,7,4,CARDIOLOGY
3416,M,1,5,ORTHOPEDICS
3417,M,1,5,GENERAL
3418,M,6,4,SURGERY
3419,M,10,3,GENERAL
3420,M,7,4,CARDIOLOGY
3421,M,6,4,SURGERY
3422,M,6,4,GENERAL
3423,M,1,5,ORTHOPEDICS
3424,F,7,4,CARDIOLOGY
3425,M,10,3,SURGERY
3426,M,1,5,ORTHOPEDICS
3427,F,10,3,CARDIOLOGY
3428,F,13,2,GENERAL
3429,F,7,4,ORTHOPEDICS
3430,F,6,4,SURGERY
3431,M,13,3,GENERAL
3432,M,11,3,SURGERY
3433,F,13,3,ORTHOPEDICS
3434,F,10,3,GENERAL
3435,F,1,5,ORTHOPEDICS
3436,M,1,6,SURGERY
3437,M,13,1,CARDIOLOGY
3438,M,13,2,GENERAL
3439,M,10,3,CARDIOLOGY
3440,M,11,3,CARDIOLOGY
3441,F,1,5,GENERAL
3442,M,7,4,GENERAL
3443,F,10,3,SURGERY
3444,M,1,5,ORTHOPEDICS
3445,M,10,3,CARDIOLOGY
3446,F,1,6,SURGERY
3447,M,1,6,GENERAL
3448,F,6,4,GENERAL
3449,F,1,5,ORTHOPEDICS
3450,F,6,4,GENERAL
3451,M,1,6,SURGERY
3452,M,7,4,CARDIOLOGY
3453,F,1,6,SURGERY
3454,F,6,4,GENERAL
3455,M,6,4,GENERAL
3456,F,1,5,GENERAL
3457,M,1,6,CARDIOLOGY
3458,M,13,3,SURGERY
3459,M,1,5,GENERAL
3460,M,1,6,GENERAL
3461,F,1,5,CARDIOLOGY
3462,M,6,4,GENERAL
3463,F,6,4,SURGERY
3464,F,6,4,ORTHOPEDICS
3465,M,6,4,GENERAL
3466,F,10,4,CARDIOLOGY
3467,M,1,5,ORTHOPEDICS
3468,M,7,4,GENERAL
3469,M,13,2,CARDIOLOGY
3470,F,1,5,ORTHOPEDICS
3471,M,7,4,ORTHOPEDICS
3472,M,10,3,SURGERY
3473,M,1,5,GENERAL
3474,M,10,3,GENERAL
3475,F,1,5,GENERAL
3476,M,1,6,GENERAL
3477,M,6,4,CARDIOLOGY
3478,M,11,3,SURGERY
3479,M,13,2,GENERAL
3480,F,11,3,GENERAL
3481,M,10,3,SURGERY
3482,M,13,3,CARDIOLOGY
3483,F,7,4,ORTHOPEDICS
3484,F,6,5,GENERAL
3485,M,6,4,ORTHOPEDICS
3486,F,1,6,SURGERY
3487,M,10,3,CARDIOLOGY
3488,F,11,3,ORTHOPEDICS
3489,F,6,4,ORTHOPEDICS
3490,F,1,5,SURGERY
3491,M,10,3,GENERAL
3492,F,6,4,GENERAL
3493,F,1,6,SURGERY
3494,M,6,4,CARDIOLOGY
3495,M,6,4,ORTHOPEDICS
3496,M,1,5,ORTHOPEDICS
3497,F,1,5,SURGERY
3498,M,10,3,GENERAL
3499,M,10,4,GENERAL
3500,F,1,5,GENERAL
3501,F,6,4,SURGERY
3502,M,10,4,GENERAL
3503,M,10,3,CARDIOLOGY
3504,M,1,5,ORTHOPEDICS
3505,M,10,3,CARDIOLOGY
3506,F,6,4,GENERAL
3507,M,6,4,SURGERY
3508,F,10,3,SURGERY
3509,F,6,4,SURGERY
3510,M,7,4,GENERAL
3511,F,1,5,SURGERY
3512,M,1,6,GENERAL
3513,F,6,4,GENERAL
3514,F,1,6,ORTHOPEDICS
3515,M,10,3,CARDIOLOGY
3516,M,1,5,GENERAL
3517,M,1,5,GENERAL
3518,F,10,3,GENERAL
3519,M,6,4,GENERAL
3520,F,13,3,GENERAL
3521,M,1,5,ORTHOPEDICS
3522,M,1,5,CARDIOLOGY
3523,F,10,3,SURGERY
3524,F,10,3,CARDIOLOGY
3525,M,7,4,SURGERY
3526,F,6,4,GENERAL
3527,F,6,4,GENERAL
3528,F,6,4,CARDIOLOGY
3529,M,10,3,ORTHOPEDICS
3530,M,6,4,ORTHOPEDICS
3531,M,1,6,ORTHOPEDICS
3532,F,1,5,ORTHOPEDICS
3533,M,10,3,GENERAL
3534,F,1,5,GENERAL
3535,F,1,5,GENERAL
3536,F,1,5,CARDIOLOGY
3537,F,10,3,CARDIOLOGY
3538,F,6,4,CARDIOLOGY
3539,M,10,4,GENERAL
3540,F,1,6,SURGERY
3541,F,11,3,CARDIOLOGY
3542,M,6,4,CARDIOLOGY
3543,F,1,5,ORTHOPEDICS
3544,M,7,4,CARDIOLOGY
3545,M,6,4,SURGERY
3546,M,1,6,GENERAL
3547,F,13,2,GENERAL
3548,F,6,4,GENERAL
3549,F,11,3,ORTHOPEDICS
3550,M,6,4,ORTHOPEDICS
3551,F,1,5,ORTHOPEDICS
3552,M,10,3,CARDIOLOGY
3553,F,11,3,CARDIOLOGY
3554,M,6,4,ORTHOPEDICS
3555,F,1,5,ORTHOPEDICS
3556,F,1,5,GENERAL
3557,M,1,6,GENERAL
3558,F,10,3,SURGERY
3559,F,6,4,GENERAL
3560,M,6,4,GENERAL
3561,M,13,2,GENERAL
3562,F,1,5,GENERAL
3563,M,1,7,CARDIOLOGY
3564,F,1,5,ORTHOPEDICS
3565,F,11,3,SURGERY
3566,F,1,5,GENERAL
3567,F,6,4,CARDIOLOGY
3568,F,1,5,ORTHOPEDICS
3569,F,1,5,ORTHOPEDICS
3570,F,10,3,GENERAL
3571,F,1,5,CARDIOLOGY
3572,F,6,4,ORTHOPEDICS
3573,F,6,4,SURGERY
3574,M,6,4,GENERAL
3575,F,1,5,ORTHOPEDICS
3576,F,10,3,SURGERY
3577,F,1,5,GENERAL
3578,M,10,3,ORTHOPEDICS
3579,F,1,5,SURGERY
3580,M,6,4,GENERAL
3581,M,1,5,SURGERY
3582,F,6,4,GENERAL
3583,F,1,6,GENERAL
3584,M,10,3,ORTHOPEDICS
3585,F,1,5,GENERAL
3586,F,6,4,SURGERY
3587,M,1,5,SURGERY
3588,M,6,4,ORTHOPEDICS
3589,M,1,5,CARDIOLOGY
3590,F,1,6,SURGERY
3591,F,6,4,GENERAL
3592,M,6,4,GENERAL
3593,M,6,4,GENERAL
3594,M,6,4,GENERAL
3595,M,6,4,CARDIOLOGY
3596,M,11,3,CARDIOLOGY
3597,F,1,6,GENERAL
3598,F,1,6,ORTHOPEDICS
3599,F,13,3,ORTHOPEDICS
3600,M,7,4,SURGERY
3601,F,1,7,GENERAL
3602,M,6,4,SURGERY
3603,M,11,3,CARDIOLOGY
3604,F,6,4,CARDIOLOGY
3605,F,10,4,SURGERY
3606,M,1,5,SURGERY
3607,M,6,4,SURGERY
3608,M,7,4,ORTHOPEDICS
3609,F,1,5,GENERAL
3610,M,1,5,GENERAL
3611,F,11,3,CARDIOLOGY
3612,M,1,7,GENERAL
3613,M,1,5,CARDIOLOGY
3614,M,1,5,GENERAL
3615,F,11,3,SURGERY
3616,F,6,4,GENERAL
3617,F,6,4,ORTHOPEDICS
3618,M,13,2,ORTHOPEDICS
3619,F,1,5,GENERAL
3620,M,10,3,SURGERY
3621,M,1,5,GENERAL
3622,M,10,3,SURGERY
3623,F,13,2,SURGERY
3624,M,1,5,SURGERY
3625,F,7,4,CARDIOLOGY
3626,M,6,4,SURGERY
3627,F,6,4,GENERAL
3628,M,13,2,CARDIOLOGY
3629,F,6,4,GENERAL
3630,M,6,4,GENERAL
3631,M,6,4,ORTHOPEDICS
3632,F,6,4,GENERAL
3633,F,10,3,GENERAL
3634,M,10,3,ORTHOPEDICS
3635,M,1,5,GENERAL
3636,F,10,3,CARDIOLOGY
3637,M,13,3,CARDIOLOGY
3638,M,10,3,GENERAL
3639,M,10,3,GENERAL
3640,M,10,3,SURGERY
3641,M,1,6,SURGERY
3642,F,10,4,ORTHOPEDICS
3643,M,1,5,GENERAL
3644,M,6,4,GENERAL
3645,F,7,4,GENERAL
3646,F,13,2,ORTHOPEDICS
3647,F,10,3,ORTHOPEDICS
3648,M,13,2,CARDIOLOGY
3649,F,1,5,SURGERY
3650,F,10,3,ORTHOPEDICS
3651,M,1,5,GENERAL
3652,F,11,3,GENERAL
3653,F,13,3,CARDIOLOGY
3654,M,13,2,ORTHOPEDICS
3655,M,1,5,ORTHOPEDICS
3656,F,1,7,SURGERY
3657,M,6,4,GENERAL
3658,F,6,4,ORTHOPEDICS
3659,F,11,3,SURGERY
3660,M,1,5,CARDIOLOGY
3661,F,1,6,SURGERY
3662,F,6,4,CARDIOLOGY
3663,F,1,5,SURGERY
3664,F,10,3,GENERAL
3665,F,6,4,GENERAL
3666,F,1,5,CARDIOLOGY
3667,F,1,5,ORTHOPEDICS
3668,M,6,5,ORTHOPEDICS
3669,M,7,4,CARDIOLOGY
3670,M,6,4,ORTHOPEDICS
3671,F,1,5,GENERAL
3672,M,10,3,GENERAL
3673,M,10,3,GENERAL
3674,F,6,5,SURGERY
3675,M,13,2,GENERAL
3676,F,1,6,GENERAL
3677,F,10,3,CARDIOLOGY
3678,M,11,3,CARDIOLOGY
3679,F,6,4,GENERAL
3680,F,7,4,ORTHOPEDICS
3681,M,6,4,ORTHOPEDICS
3682,M,10,4,ORTHOPEDICS
3683,F,10,3,CARDIOLOGY
3684,M,10,3,GENERAL
3685,M,6,4,GENERAL
3686,M,13,2,SURGERY
3687,F,1,5,ORTHOPEDICS
3688,F,6,4,GENERAL
3689,M,6,4,ORTHOPEDICS
3690,F,1,6,ORTHOPEDICS
3691,M,1,6,GENERAL
3692,M,10,4,CARDIOLOGY
3693,F,6,4,GENERAL
3694,M,1,5,CARDIOLOGY
3695,F,1,6,GENERAL
3696,M,1,5,GENERAL
3697,F,10,3,GENERAL
3698,M,1,5,SURGERY
3699,M,1,5,ORTHOPEDICS
3700,M,11,3,ORTHOPEDICS
3701,F,13,3,CARDIOLOGY
3702,F,1,6,GENERAL
3703,F,10,3,SURGERY
3704,F,1,5,CARDIOLOGY
3705,F,13,1,SURGERY
3706,F,11,3,CARDIOLOGY
3707,F,6,4,SURGERY
3708,F,13,2,GENERAL
3709,F,13,2,GENERAL
3710,F,1,6,GENERAL
3711,M,6,4,GENERAL
3712,M,6,4,CARDIOLOGY
3713,M,6,4,GENERAL
3714,M,10,4,GENERAL
3715,M,11,3,ORTHOPEDICS
3716,M,11,3,GENERAL
3717,F,11,3,ORTHOPEDICS
3718,M,10,3,CARDIOLOGY
3719,F,1,5,GENERAL
3720,F,13,3,GENERAL
3721,M,6,4,GENERAL
3722,M,13,2,GENERAL
3723,M,6,4,GENERAL
3724,F,1,5,GENERAL
3725,F,7,4,GENERAL
3726,F,10,4,GENERAL
3727,M,6,4,ORTHOPEDICS
3728,M,10,4,GENERAL
3729,F,6,4,GENERAL
3730,M,10,4,SURGERY
3731,F,10,3,ORTHOPEDICS
3732,F,6,5,SURGERY
3733,F,1,7,GENERAL
3734,M,6,4,GENERAL
3735,M,13,2,GENERAL
3736,M,10,3,GENERAL
3737,M,1,5,CARDIOLOGY
3738,M,13,2,GENERAL
3739,F,10,3,SURGERY
3740,F,6,4,GENERAL
3741,F,1,5,CARDIOLOGY
3742,M,6,4,GENERAL
3743,F,1,5,SURGERY
3744,F,11,3,GENERAL
3745,M,6,4,GENERAL
3746,F,10,3,CARDIOLOGY
3747,M,6,4,GENERAL
3748,M,13,3,GENERAL
3749,F,1,5,CARDIOLOGY
3750,F,1,5,CARDIOLOGY
3751,F,13,2,GENERAL
3752,M,10,3,SURGERY
3753,M,6,4,SURGERY
3754,F,6,4,CARDIOLOGY
3755,F,6,4,SURGERY
3756,M,13,3,ORTHOPEDICS
3757,M,10,3,ORTHOPEDICS
3758,F,1,6,GENERAL
3759,F,10,4,SURGERY
3760,M,1,5,CARDIOLOGY
3761,M,13,2,SURGERY
3762,F,10,4,GENERAL
3763,M,13,2,SURGERY
3764,F,11,3,CARDIOLOGY
3765,F,1,5,GENERAL
3766,F,10,4,SURGERY
3767,F,6,4,ORTHOPEDICS
3768,F,7,4,SURGERY
3769,M,1,5,ORTHOPEDICS
3770,F,6,5,CARDIOLOGY
3771,F,13,2,GENERAL
3772,F,6,4,CARDIOLOGY
3773,F,7,4,GENERAL
3774,F,6,4,GENERAL
3775,M,10,3,SURGERY
3776,F,1,5,GENERAL
3777,M,6,4,GENERAL
3778,F,10,4,GENERAL
3779,F,10,4,GENERAL
3780,M,1,5,ORTHOPEDICS
3781,F,7,4,SURGERY
3782,F,10,3,ORTHOPEDICS
3783,F,10,4,CARDIOLOGY
3784,F,13,2,GENERAL
3785,F,10,3,GENERAL
3786,M,1,6,CARDIOLOGY
3787,F,7,4,ORTHOPEDICS
3788,M,1,5,SURGERY
3789,M,10,3,ORTHOPEDICS
3790,M,7,4,GENERAL
3791,F,13,2,ORTHOPEDICS
3792,M,1,5,SURGERY
3793,F,10,3,GENERAL
3794,F,10,3,CARDIOLOGY
3795,F,1,7,SURGERY
3796,M,10,3,CARDIOLOGY
3797,M,11,3,SURGERY
3798,M,6,4,SURGERY
3799,M,11,3,CARDIOLOGY
3800,F,1,6,SURGERY
3801,M,1,5,ORTHOPEDICS
3802,F,10,3,SURGERY
3803,M,1,6,SURGERY
3804,M,13,2,CARDIOLOGY
3805,F,10,3,SURGERY
3806,F,1,5,CARDIOLOGY
3807,F,13,2,GENERAL
3808,F,10,3,ORTHOPEDICS
3809,M,6,4,CARDIOLOGY
3810,M,6,4,SURGERY
3811,M,10,4,SURGERY
3812,F,6,4,GENERAL
3813,F,11,3,GENERAL
3814,F,1,5,ORTHOPEDICS
3815,F,1,5,GENERAL
3816,F,7,4,GENERAL
3817,F,10,4,ORTHOPEDICS
3818,F,1,5,ORTHOPEDICS
3819,F,13,3,CARDIOLOGY
3820,F,6,4,GENERAL
3821,F,13,2,ORTHOPEDICS
3822,M,1,5,SURGERY
3823,F,13,2,CARDIOLOGY
3824,F,1,6,ORTHOPEDICS
3825,M,6,4,ORTHOPEDICS
3826,M,10,3,SURGERY
3827,M,6,4,CARDIOLOGY
3828,F,1,6,GENERAL
3829,M,10,4,GENERAL
3830,M,6,4,GENERAL
3831,M,13,2,GENERAL
3832,F,6,4,ORTHOPEDICS
3833,F,10,4,GENERAL
3834,M,13,3,GENERAL
3835,F,10,4,CARDIOLOGY
3836,F,11,3,CARDIOLOGY
3837,F,6,4,GENERAL
3838,M,10,3,CARDIOLOGY
3839,M,13,2,ORTHOPEDICS
3840,F,10,3,GENERAL
3841,M,10,3,CARDIOLOGY
3842,M,13,2,SURGERY
3843,M,1,5,GENERAL
3844,F,10,3,ORTHOPEDICS
3845,F,1,6,GENERAL
3846,F,1,5,ORTHOPEDICS
3847,F,1,6,ORTHOPEDICS
3848,F,10,3,SURGERY
3849,F,1,5,GENERAL
3850,F,1,6,GENERAL
3851,F,1,5,ORTHOPEDICS
3852,M,13,3,GENERAL
3853,M,10,3,ORTHOPEDICS
3854,M,1,5,GENERAL
3855,F,11,3,CARDIOLOGY
3856,F,6,4,SURGERY
3857,F,1,5,GENERAL
3858,F,1,6,ORTHOPEDICS
3859,F,6,4,GENERAL
3860,F,1,5,ORTHOPEDICS
3861,F,6,4,GENERAL
3862,M,1,5,CARDIOLOGY
3863,F,6,4,ORTHOPEDICS
3864,M,1,5,ORTHOPEDICS
3865,M,10,3,GENERAL
3866,F,1,5,ORTHOPEDICS
3867,F,10,3,GENERAL
3868,M,9,4,GENERAL
3869,F,1,5,CARDIOLOGY
3870,M,13,3,CARDIOLOGY
3871,M,6,4,GENERAL
3872,F,6,4,GENERAL
3873,M,1,5,ORTHOPEDICS
3874,M,10,4,GENERAL
3875,M,10,3,SURGERY
3876,F,1,6,GENERAL
3877,F,11,3,CARDIOLOGY
3878,F,10,3,ORTHOPEDICS
3879,M,6,4,GENERAL
3880,F,11,3,CARDIOLOGY
3881,F,1,5,SURGERY
3882,F,6,4,ORTHOPEDICS
3883,M,6,4,GENERAL
3884,M,6,4,CARDIOLOGY
3885,F,1,5,SURGERY
3886,F,13,3,ORTHOPEDICS
3887,F,7,4,CARDIOLOGY
3888,F,10,4,CARDIOLOGY
3889,M,1,5,GENERAL
3890,F,6,4,CARDIOLOGY
3891,F,11,3,SURGERY
3892,M,11,3,GENERAL
3893,M,1,5,SURGERY
3894,F,1,5,SURGERY
3895,M,10,4,CARDIOLOGY
3896,F,1,6,CARDIOLOGY
3897,F,6,4,GENERAL
3898,F,1,5,CARDIOLOGY
3899,F,6,4,CARDIOLOGY
3900,F,10,4,ORTHOPEDICS
3901,F,7,4,GENERAL
3902,M,11,3,GENERAL
3903,M,6,4,ORTHOPEDICS
3904,F,13,2,ORTHOPEDICS
3905,F,13,3,SURGERY
3906,M,10,4,CARDIOLOGY
3907,M,10,3,GENERAL
3908,M,6,4,ORTHOPEDICS
3909,M,6,4,ORTHOPEDICS
3910,M,10,4,GENERAL
3911,M,1,6,GENERAL
3912,M,6,4,SURGERY
3913,F,6,4,GENERAL
3914,F,1,5,CARDIOLOGY
3915,M,6,4,CARDIOLOGY
3916,F,6,4,SURGERY
3917,M,1,5,GENERAL
3918,F,1,5,CARDIOLOGY
3919,M,10,3,CARDIOLOGY
3920,F,1,5,SURGERY
3921,F,6,4,GENERAL
3922,M,6,4,ORTHOPEDICS
3923,F,10,4,GENERAL
3924,F,6,4,SURGERY
3925,F,6,5,GENERAL
3926,M,1,6,SURGERY
3927,M,12,3,SURGERY
3928,F,1,5,SURGERY
3929,M,6,4,GENERAL
3930,F,6,4,GENERAL
3931,F,10,4,GENERAL
3932,F,1,5,SURGERY
3933,F,6,4,CARDIOLOGY
3934,F,13,2,GENERAL
3935,F,13,2,CARDIOLOGY
3936,M,13,1,SURGERY
3937,M,6,4,SURGERY
3938,M,10,4,GENERAL
3939,M,1,5,GENERAL
3940,M,13,2,GENERAL
3941,M,13,3,SURGERY
3942,M,7,4,SURGERY
3943,M,6,4,GENERAL
3944,F,1,6,GENERAL
3945,F,13,2,ORTHOPEDICS
3946,M,1,5,ORTHOPEDICS
3947,F,1,5,GENERAL
3948,M,1,6,CARDIOLOGY
3949,F,10,4,SURGERY
3950,F,13,2,GENERAL
3951,F,10,3,CARDIOLOGY
3952,F,10,3,CARDIOLOGY
3953,M,1,5,GENERAL
3954,F,11,3,ORTHOPEDICS
3955,M,1,6,GENERAL
3956,M,7,4,SURGERY
3957,F,1,5,GENERAL
3958,F,6,4,SURGERY
3959,M,11,3,GENERAL
3960,M,1,5,SURGERY
3961,F,6,4,GENERAL
3962,M,13,3,GENERAL
3963,M,13,2,GENERAL
3964,M,6,4,SURGERY
3965,M,1,6,SURGERY
3966,M,1,5,SURGERY
3967,M,10,4,GENERAL
3968,F,13,3,CARDIOLOGY
3969,M,10,4,GENERAL
3970,M,10,4,GENERAL
3971,F,11,3,GENERAL
3972,M,10,4,GENERAL
3973,M,6,4,GENERAL
3974,F,1,5,CARDIOLOGY
3975,M,13,1,CARDIOLOGY
3976,F,11,3,ORTHOPEDICS
3977,M,1,6,GENERAL
3978,F,10,4,ORTHOPEDICS
3979,M,6,4,SURGERY
3980,F,10,4,SURGERY
3981,M,11,3,CARDIOLOGY
3982,F,6,4,GENERAL
3983,F,10,4,CARDIOLOGY
3984,F,1,6,GENERAL
3985,M,6,5,GENERAL
3986,M,6,4,CARDIOLOGY
3987,M,1,5,SURGERY
3988,F,10,3,GENERAL
3989,M,1,6,GENERAL
3990,M,13,2,SURGERY
3991,F,10,3,ORTHOPEDICS
3992,F,6,4,ORTHOPEDICS
3993,M,11,3,SURGERY
3994,F,1,5,ORTHOPEDICS
3995,F,1,5,GENERAL
3996,M,1,6,SURGERY
3997,F,10,4,SURGERY
3998,F,1,5,GENERAL
3999,F,6,4,GENERAL
4000,M,6,4,CARDIOLOGY
4001,M,10,4,SURGERY
4002,F,13,1,ORTHOPEDICS
4003,F,6,4,SURGERY
4004,M,11,3,GENERAL
4005,F,10,4,SURGERY
4006,M,1,6,GENERAL
4007,M,6,4,SURGERY
4008,M,11,3,CARDIOLOGY
4009,M,13,2,CARDIOLOGY
4010,F,7,4,CARDIOLOGY
4011,F,1,5,GENERAL
4012,M,13,1,GENERAL
4013,F,10,4,ORTHOPEDICS
4014,F,6,4,ORTHOPEDICS
4015,M,1,5,GENERAL
4016,M,10,4,CARDIOLOGY
4017,M,6,4,GENERAL
4018,F,6,4,SURGERY
4019,M,1,6,GENERAL
4020,F,1,5,SURGERY
4021,F,1,5,GENERAL
4022,F,10,4,GENERAL
4023,M,11,3,GENERAL
4024,F,6,4,SURGERY
4025,F,10,3,CARDIOLOGY
4026,M,1,5,GENERAL
4027,F,6,4,SURGERY
4028,M,1,5,SURGERY
4029,M,6,4,GENERAL
4030,M,6,4,SURGERY
4031,M,10,3,ORTHOPEDICS
4032,M,6,4,GENERAL
4033,F,6,5,GENERAL
4034,F,7,4,CARDIOLOGY
4035,F,6,4,GENERAL
4036,M,10,3,CARDIOLOGY
4037,M,6,4,CARDIOLOGY
4038,F,6,4,CARDIOLOGY
4039,F,1,5,GENERAL
4040,F,10,3,GENERAL
4041,F,10,3,ORTHOPEDICS
4042,F,11,3,ORTHOPEDICS
4043,M,6,4,SURGERY
4044,M,10,4,GENERAL
4045,M,6,4,ORTHOPEDICS
4046,F,7,4,SURGERY
4047,M,10,4,GENERAL
4048,F,10,3,SURGERY
4049,F,11,3,CARDIOLOGY
4050,F,11,3,GENERAL
4051,M,1,5,SURGERY
4052,M,6,4,CARDIOLOGY
4053,F,1,5,GENERAL
4054,M,1,5,SURGERY
4055,M,6,4,GENERAL
4056,F,1,6,SURGERY
4057,M,10,4,SURGERY
4058,F,10,4,GENERAL
4059,F,1,6,SURGERY
4060,M,10,4,GENERAL
4061,F,10,3,CARDIOLOGY
4062,F,6,4,GENERAL
4063,F,13,3,GENERAL
4064,F,1,5,ORTHOPEDICS
4065,M,10,3,ORTHOPEDICS
4066,M,13,3,ORTHOPEDICS
4067,F,11,3,SURGERY
4068,F,1,5,GENERAL
4069,F,6,4,GENERAL
4070,M,1,5,CARDIOLOGY
4071,M,10,3,GENERAL
4072,F,6,4,SURGERY
4073,F,6,4,CARDIOLOGY
4074,F,1,5,ORTHOPEDICS
4075,F,10,4,GENERAL
4076,F,13,2,GENERAL
4077,F,10,4,GENERAL
4078,M,6,4,GENERAL
4079,F,6,4,SURGERY
4080,M,10,3,CARDIOLOGY
4081,M,10,4,GENERAL
4082,F,11,3,GENERAL
4083,M,6,4,CARDIOLOGY
4084,F,1,5,CARDIOLOGY
4085,F,10,4,GENERAL
4086,M,11,3,GENERAL
4087,F,6,4,GENERAL
4088,M,1,5,GENERAL
4089,F,10,3,ORTHOPEDICS
4090,F,6,4,CARDIOLOGY
4091,F,10,4,CARDIOLOGY
4092,M,13,2,GENERAL
4093,M,6,4,GENERAL
4094,F,6,4,CARDIOLOGY
4095,M,7,4,ORTHOPEDICS
4096,M,10,4,SURGERY
4097,M,10,3,ORTHOPEDICS
4098,M,1,6,GENERAL
4099,F,10,3,ORTHOPEDICS
4100,M,1,5,GENERAL
4101,F,1,5,CARDIOLOGY
4102,F,1,5,SURGERY
4103,M,7,4,CARDIOLOGY
4104,M,6,4,SURGERY
4105,M,6,4,GENERAL
4106,F,6,4,CARDIOLOGY
4107,M,13,3,SURGERY
4108,M,13,3,GENERAL
4109,F,7,4,SURGERY
4110,F,6,4,GENERAL
4111,F,1,6,ORTHOPEDICS
4112,M,6,4,ORTHOPEDICS
4113,M,11,3,GENERAL
4114,F,10,4,GENERAL
4115,F,11,3,CARDIOLOGY
4116,F,6,4,GENERAL
4117,F,10,3,CARDIOLOGY
4118,F,7,4,GENERAL
4119,M,10,4,CARDIOLOGY
4120,F,1,5,GENERAL
4121,M,10,3,GENERAL
4122,F,10,4,SURGERY
4123,F,6,4,CARDIOLOGY
4124,F,1,5,SURGERY
4125,M,1,7,GENERAL
4126,M,1,5,SURGERY
4127,F,10,3,GENERAL
4128,M,6,4,ORTHOPEDICS
4129,M,6,4,GENERAL
4130,M,11,3,GENERAL
4131,M,1,5,SURGERY
4132,M,7,4,CARDIOLOGY
4133,M,13,2,GENERAL
4134,M,6,4,GENERAL
4135,F,1,5,ORTHOPEDICS
4136,M,1,5,ORTHOPEDICS
4137,F,7,4,GENERAL
4138,M,13,3,GENERAL
4139,M,1,5,ORTHOPEDICS
4140,F,10,4,ORTHOPEDICS
4141,M,6,4,SURGERY
4142,M,11,3,GENERAL
4143,F,13,3,GENERAL
4144,M,1,5,ORTHOPEDICS
4145,F,6,4,ORTHOPEDICS
4146,M,7,4,CARDIOLOGY
4147,F,7,4,ORTHOPEDICS
4148,F,8,4,ORTHOPEDICS
4149,F,6,4,ORTHOPEDICS
4150,F,7,4,SURGERY
4151,M,1,5,GENERAL
4152,M,1,5,GENERAL
4153,F,10,4,ORTHOPEDICS
4154,F,10,3,ORTHOPEDICS
4155,F,1,5,GENERAL
4156,M,1,6,ORTHOPEDICS
4157,F,10,3,ORTHOPEDICS
4158,F,10,4,GENERAL
4159,M,7,4,GENERAL
4160,M,6,4,GENERAL
4161,F,1,5,SURGERY
4162,M,1,6,SURGERY
4163,M,13,2,CARDIOLOGY
4164,F,13,2,GENERAL
4165,M,1,6,GENERAL
4166,F,6,4,SURGERY
4167,M,1,6,GENERAL
4168,F,1,5,SURGERY
4169,M,10,3,GENERAL
4170,M,11,3,GENERAL
4171,F,13,3,GENERAL
4172,F,1,6,ORTHOPEDICS
4173,F,6,4,ORTHOPEDICS
4174,M,1,5,GENERAL
4175,M,10,3,CARDIOLOGY
4176,F,1,5,SURGERY
4177,M,7,4,CARDIOLOGY
4178,M,1,7,GENERAL
4179,F,1,5,GENERAL
4180,M,10,3,CARDIOLOGY
4181,F,7,4,GENERAL
4182,M,6,4,SURGERY
4183,F,1,5,GENERAL
4184,F,1,5,ORTHOPEDICS
4185,M,13,3,GENERAL
4186,F,10,3,GENERAL
4187,F,13,2,GENERAL
4188,M,10,3,CARDIOLOGY
4189,F,6,4,GENERAL
4190,F,10,4,GENERAL
4191,M,1,5,SURGERY
4192,F,1,5,ORTHOPEDICS
4193,F,13,2,GENERAL
4194,F,10,3,GENERAL
4195,F,10,4,ORTHOPEDICS
4196,F,6,4,GENERAL
4197,M,1,5,SURGERY
4198,M,10,3,SURGERY
4199,F,10,4,GENERAL
4200,F,10,3,SURGERY
4201,M,10,3,ORTHOPEDICS
4202,M,6,4,GENERAL
4203,M,6,4,SURGERY
4204,F,1,5,GENERAL
4205,M,7,4,SURGERY
4206,F,13,3,ORTHOPEDICS
4207,F,7,4,ORTHOPEDICS
4208,F,1,5,GENERAL
4209,M,11,3,GENERAL
4210,F,6,4,GENERAL
4211,F,6,4,CARDIOLOGY
4212,M,10,3,SURGERY
4213,M,11,3,CARDIOLOGY
4214,M,7,4,GENERAL
4215,F,6,4,SURGERY
4216,F,13,2,ORTHOPEDICS
4217,M,1,5,ORTHOPEDICS
4218,F,13,3,ORTHOPEDICS
4219,M,13,3,GENERAL
4220,M,10,3,GENERAL
4221,F,1,5,ORTHOPEDICS
4222,M,6,4,GENERAL
4223,M,13,2,CARDIOLOGY
4224,F,1,5,GENERAL
4225,F,1,6,CARDIOLOGY
4226,M,7,4,CARDIOLOGY
4227,F,10,4,GENERAL
4228,F,13,2,SURGERY
4229,F,11,3,GENERAL
4230,F,6,4,CARDIOLOGY
4231,M,10,4,GENERAL
4232,F,6,4,GENERAL
4233,M,12,3,ORTHOPEDICS
4234,F,6,4,ORTHOPEDICS
4235,F,10,4,SURGERY
4236,F,6,4,GENERAL
4237,M,6,5,GENERAL
4238,M,1,5,SURGERY
4239,F,1,5,CARDIOLOGY
4240,M,1,5,ORTHOPEDICS
4241,M,11,3,ORTHOPEDICS
4242,M,6,4,CARDIOLOGY
4243,F,11,3,GENERAL
4244,M,13,2,SURGERY
4245,M,10,3,SURGERY
4246,M,1,5,CARDIOLOGY
4247,F,10,3,CARDIOLOGY
4248,M,1,6,GENERAL
4249,M,1,6,GENERAL
4250,M,10,4,ORTHOPEDICS
4251,F,1,5,GENERAL
4252,F,6,4,SURGERY
4253,F,7,4,SURGERY
4254,F,1,5,CARDIOLOGY
4255,M,11,3,GENERAL
4256,M,1,5,CARDIOLOGY
4257,M,13,2,CARDIOLOGY
4258,F,10,3,CARDIOLOGY
4259,M,6,4,SURGERY
4260,F,1,5,GENERAL
4261,M,1,6,CARDIOLOGY
4262,M,10,4,GENERAL
4263,M,1,5,SURGERY
4264,F,6,4,ORTHOPEDICS
4265,M,1,5,CARDIOLOGY
4266,F,1,5,GENERAL
4267,M,6,4,GENERAL
4268,F,1,5,SURGERY
4269,F,6,4,SURGERY
4270,M,13,2,CARDIOLOGY
4271,M,10,3,CARDIOLOGY
4272,F,13,2,CARDIOLOGY
4273,F,1,5,GENERAL
4274,F,10,3,ORTHOPEDICS
4275,M,6,4,CARDIOLOGY
4276,F,1,6,CARDIOLOGY
4277,M,10,3,SURGERY
4278,F,10,3,GENERAL
4279,F,11,3,ORTHOPEDICS
4280,M,10,4,GENERAL
4281,F,1,5,GENERAL
4282,M,8,4,GENERAL
4283,F,7,4,GENERAL
4284,M,1,5,ORTHOPEDICS
4285,F,1,5,ORTHOPEDICS
4286,F,6,5,GENERAL
4287,F,13,2,SURGERY
4288,M,11,3,SURGERY
4289,M,6,4,GENERAL
4290,F,6,4,CARDIOLOGY
4291,F,10,4,GENERAL
4292,M,6,4,GENERAL
4293,M,6,4,GENERAL
4294,F,6,4,SURGERY
4295,F,13,2,CARDIOLOGY
4296,F,1,5,ORTHOPEDICS
4297,M,13,3,GENERAL
4298,F,10,3,ORTHOPEDICS
4299,M,13,2,GENERAL
4300,M,1,5,GENERAL
4301,M,1,5,SURGERY
4302,F,11,3,ORTHOPEDICS
4303,F,13,2,GENERAL
4304,M,10,3,SURGERY
4305,F,1,6,GENERAL
4306,F,7,4,SURGERY
4307,M,10,3,GENERAL
4308,M,11,3,CARDIOLOGY
4309,F,7,4,ORTHOPEDICS
4310,F,7,4,CARDIOLOGY
4311,M,11,3,GENERAL
4312,M,10,3,GENERAL
4313,F,13,2,SURGERY
4314,M,13,2,SURGERY
4315,F,10,3,GENERAL
4316,M,6,4,ORTHOPEDICS
4317,M,1,6,CARDIOLOGY
4318,F,1,6,CARDIOLOGY
4319,F,11,3,GENERAL
4320,M,11,3,ORTHOPEDICS
4321,M,1,5,GENERAL
4322,F,1,5,ORTHOPEDICS
4323,M,10,3,ORTHOPEDICS
4324,M,1,6,SURGERY
4325,F,10,3,GENERAL
4326,M,1,5,ORTHOPEDICS
4327,F,1,5,GENERAL
4328,M,7,4,GENERAL
4329,F,7,4,GENERAL
4330,M,1,6,ORTHOPEDICS
4331,F,10,3,ORTHOPEDICS
4332,M,6,4,CARDIOLOGY
4333,M,1,5,SURGERY
4334,M,6,4,GENERAL
4335,M,1,5,ORTHOPEDICS
4336,M,10,3,CARDIOLOGY
4337,F,10,3,GENERAL
4338,M,1,6,SURGERY
4339,M,1,5,SURGERY
4340,M,10,3,SURGERY
4341,M,1,5,CARDIOLOGY
4342,F,6,4,CARDIOLOGY
4343,F,1,5,SURGERY
4344,M,1,5,GENERAL
4345,M,13,2,SURGERY
4346,F,10,3,GENERAL
4347,F,6,4,ORTHOPEDICS
4348,M,13,2,ORTHOPEDICS
4349,F,10,4,CARDIOLOGY
4350,M,1,5,CARDIOLOGY
4351,M,6,4,GENERAL
4352,F,6,4,GENERAL
4353,M,1,5,GENERAL
4354,M,10,3,SURGERY
4355,F,13,2,ORTHOPEDICS
4356,F,1,5,ORTHOPEDICS
4357,F,13,3,GENERAL
4358,M,1,6,GENERAL
4359,M,1,5,SURGERY
4360,F,1,5,ORTHOPEDICS
4361,M,1,5,CARDIOLOGY
4362,M,1,5,CARDIOLOGY
4363,M,10,4,ORTHOPEDICS
4364,F,6,4,GENERAL
4365,F,7,4,GENERAL
4366,M,1,6,GENERAL
4367,F,10,3,SURGERY
4368,F,13,2,CARDIOLOGY
4369,M,1,5,ORTHOPEDICS
4370,F,10,3,GENERAL
4371,M,6,4,SURGERY
4372,M,1,5,GENERAL
4373,M,6,4,CARDIOLOGY
4374,F,6,4,GENERAL
4375,M,7,4,CARDIOLOGY
4376,F,6,4,SURGERY
4377,M,1,5,SURGERY
4378,F,11,3,ORTHOPEDICS
4379,M,6,4,GENERAL
4380,M,1,5,GENERAL
4381,F,10,3,CARDIOLOGY
4382,F,1,5,CARDIOLOGY
4383,M,10,3,ORTHOPEDICS
4384,M,6,4,SURGERY
4385,F,10,3,SURGERY
4386,F,10,4,ORTHOPEDICS
4387,M,11,3,GENERAL
4388,F,10,3,GENERAL
4389,M,13,3,GENERAL
4390,M,6,4,CARDIOLOGY
4391,F,7,4,GENERAL
4392,F,13,3,GENERAL
4393,M,1,6,CARDIOLOGY
4394,M,11,3,SURGERY
4395,F,1,5,GENERAL
4396,F,1,6,SURGERY
4397,F,6,4,CARDIOLOGY
4398,M,1,6,CARDIOLOGY
4399,F,1,5,CARDIOLOGY
4400,F,13,2,CARDIOLOGY
4401,F,6,4,GENERAL
4402,F,13,2,CARDIOLOGY
4403,M,1,5,ORTHOPEDICS
4404,F,10,3,SURGERY
4405,M,1,5,ORTHOPEDICS
4406,F,10,3,SURGERY
4407,F,10,4,ORTHOPEDICS
4408,F,10,3,SURGERY
4409,M,6,4,ORTHOPEDICS
4410,F,11,3,SURGERY
4411,M,1,5,ORTHOPEDICS
4412,M,10,3,CARDIOLOGY
4413,F,13,1,GENERAL
4414,M,10,4,GENERAL
4415,F,10,4,GENERAL
4416,F,1,5,CARDIOLOGY
4417,F,11,3,SURGERY
4418,F,1,5,SURGERY
4419,F,6,4,GENERAL
4420,M,6,4,ORTHOPEDICS
4421,M,10,4,CARDIOLOGY
4422,M,1,5,ORTHOPEDICS
4423,M,1,5,SURGERY
4424,M,13,3,CARDIOLOGY
4425,M,1,5,SURGERY
4426,F,1,5,GENERAL
4427,F,6,4,CARDIOLOGY
4428,F,10,3,SURGERY
4429,M,1,5,GENERAL
4430,F,13,2,SURGERY
4431,F,10,4,GENERAL
4432,M,6,4,SURGERY
4433,M,10,4,GENERAL
4434,F,7,4,GENERAL
4435,F,6,4,GENERAL
4436,M,13,2,ORTHOPEDICS
4437,F,1,6,GENERAL
4438,M,10,4,GENERAL
4439,M,1,6,SURGERY
4440,M,1,5,GENERAL
4441,M,6,4,GENERAL
4442,M,10,3,SURGERY
4443,F,6,4,GENERAL
4444,F,1,5,ORTHOPEDICS
4445,M,10,4,ORTHOPEDICS
4446,F,10,4,ORTHOPEDICS
4447,M,10,4,GENERAL
4448,F,6,4,GENERAL
4449,F,7,4,CARDIOLOGY
4450,F,8,4,GENERAL
4451,F,6,4,GENERAL
4452,M,10,4,CARDIOLOGY
4453,M,1,5,SURGERY
4454,M,1,6,GENERAL
4455,F,6,4,GENERAL
4456,M,13,2,GENERAL
4457,M,10,3,ORTHOPEDICS
4458,M,1,5,ORTHOPEDICS
4459,F,10,3,GENERAL
4460,M,7,4,SURGERY
4461,F,1,5,GENERAL
4462,M,1,5,GENERAL
4463,M,11,3,GENERAL
4464,M,1,6,GENERAL
4465,M,1,5,GENERAL
4466,M,6,4,GENERAL
4467,M,13,3,SURGERY
4468,M,7,4,GENERAL
4469,M,7,4,GENERAL
4470,F,13,3,GENERAL
4471,F,13,2,ORTHOPEDICS
4472,F,1,5,CARDIOLOGY
4473,M,1,6,GENERAL
4474,F,1,6,SURGERY
4475,F,1,5,ORTHOPEDICS
4476,M,1,5,GENERAL
4477,M,1,5,CARDIOLOGY
4478,M,10,4,GENERAL
4479,F,11,3,SURGERY
4480,M,6,4,ORTHOPEDICS
4481,M,13,3,SURGERY
4482,M,10,3,ORTHOPEDICS
4483,F,6,4,GENERAL
4484,F,6,4,SURGERY
4485,M,7,4,CARDIOLOGY
4486,M,7,4,SURGERY
4487,M,6,4,ORTHOPEDICS
4488,M,13,3,CARDIOLOGY
4489,F,1,5,SURGERY
4490,F,6,4,GENERAL
4491,F,1,5,ORTHOPEDICS
4492,M,7,4,SURGERY
4493,F,6,4,CARDIOLOGY
4494,F,11,3,SURGERY
4495,F,10,3,CARDIOLOGY
4496,F,6,4,GENERAL
4497,M,6,4,ORTHOPEDICS
4498,F,1,5,GENERAL
4499,F,6,4,GENERAL
4500,M,11,3,CARDIOLOGY
4501,F,10,4,GENERAL
4502,F,6,4,GENERAL
4503,F,1,5,CARDIOLOGY
4504,F,1,5,CARDIOLOGY
4505,F,7,4,GENERAL
4506,M,1,6,SURGERY
4507,M,6,4,CARDIOLOGY
4508,F,6,4,CARDIOLOGY
4509,M,11,3,GENERAL
4510,M,10,4,CARDIOLOGY
4511,F,7,4,GENERAL
4512,M,1,5,SURGERY
4513,M,10,3,GENERAL
4514,F,13,2,SURGERY
4515,F,13,2,SURGERY
4516,M,10,4,GENERAL
4517,M,6,4,GENERAL
4518,F,1,5,SURGERY
4519,M,1,5,GENERAL
4520,M,1,5,GENERAL
4521,M,10,3,SURGERY
4522,F,10,3,SURGERY
4523,F,1,5,GENERAL
4524,F,10,4,ORTHOPEDICS
4525,M,1,5,ORTHOPEDICS
4526,F,7,4,GENERAL
4527,M,11,3,GENERAL
4528,M,1,5,SURGERY
4529,M,10,3,CARDIOLOGY
4530,M,1,5,GENERAL
4531,M,7,4,CARDIOLOGY
4532,F,13,2,CARDIOLOGY
4533,M,1,5,SURGERY
4534,M,6,4,GENERAL
4535,F,1,5,ORTHOPEDICS
4536,M,13,3,CARDIOLOGY
4537,F,10,3,GENERAL
4538,M,10,3,CARDIOLOGY
4539,F,13,3,GENERAL
4540,F,11,3,CARDIOLOGY
4541,M,11,3,SURGERY
4542,M,13,2,GENERAL
4543,M,6,4,ORTHOPEDICS
4544,M,6,4,GENERAL
4545,F,1,5,ORTHOPEDICS
4546,M,6,4,SURGERY
4547,F,13,2,SURGERY
4548,M,6,4,SURGERY
4549,F,1,5,ORTHOPEDICS
4550,M,1,5,ORTHOPEDICS
4551,M,1,5,SURGERY
4552,M,13,2,ORTHOPEDICS
4553,F,1,5,CARDIOLOGY
4554,F,1,5,GENERAL
4555,M,13,3,ORTHOPEDICS
4556,F,1,5,GENERAL
4557,M,1,6,GENERAL
4558,M,13,3,GENERAL
4559,M,10,4,CARDIOLOGY
4560,F,10,3,SURGERY
4561,F,8,4,ORTHOPEDICS
4562,F,1,5,GENERAL
4563,F,7,4,SURGERY
4564,F,10,4,CARDIOLOGY
4565,M,11,3,CARDIOLOGY
4566,M,6,4,SURGERY
4567,M,6,4,CARDIOLOGY
4568,M,6,4,ORTHOPEDICS
4569,F,10,4,SURGERY
4570,M,1,5,CARDIOLOGY
4571,F,10,3,GENERAL
4572,M,6,4,SURGERY
4573,M,10,3,GENERAL
4574,M,6,5,CARDIOLOGY
4575,F,1,5,GENERAL
4576,M,10,3,GENERAL
4577,F,1,5,GENERAL
4578,M,10,3,GENERAL
4579,M,1,5,GENERAL
4580,F,7,4,ORTHOPEDICS
4581,M,6,4,GENERAL
4582,M,10,3,GENERAL
4583,M,6,4,SURGERY
4584,F,10,3,GENERAL
4585,F,6,4,GENERAL
4586,M,6,4,SURGERY
4587,M,1,5,GENERAL
4588,F,1,5,GENERAL
4589,F,11,3,ORTHOPEDICS
4590,M,1,5,CARDIOLOGY
4591,F,6,4,SURGERY
4592,M,10,4,CARDIOLOGY
4593,M,6,4,ORTHOPEDICS
4594,F,13,2,ORTHOPEDICS
4595,F,6,4,SURGERY
4596,M,1,5,GENERAL
4597,M,13,3,GENERAL
4598,F,1,5,ORTHOPEDICS
4599,F,11,3,GENERAL
4600,M,7,4,GENERAL
4601,M,10,3,GENERAL
4602,F,6,4,GENERAL
4603,F,1,5,GENERAL
4604,F,7,4,GENERAL
4605,F,7,4,CARDIOLOGY
4606,M,1,5,GENERAL
4607,F,6,4,CARDIOLOGY
4608,M,1,5,GENERAL
4609,F,6,4,CARDIOLOGY
4610,M,6,4,SURGERY
4611,F,11,3,GENERAL
4612,M,10,3,ORTHOPEDICS
4613,F,10,3,GENERAL
4614,M,11,3,ORTHOPEDICS
4615,M,1,5,CARDIOLOGY
4616,F,10,3,CARDIOLOGY
4617,M,1,5,ORTHOPEDICS
4618,F,1,6,ORTHOPEDICS
4619,F,1,6,ORTHOPEDICS
4620,M,10,4,CARDIOLOGY
4621,F,13,2,GENERAL
4622,M,7,4,ORTHOPEDICS
4623,M,6,4,GENERAL
4624,M,7,4,SURGERY
4625,M,6,4,GENERAL
4626,F,6,4,GENERAL
4627,F,6,4,GENERAL
4628,M,10,4,CARDIOLOGY
4629,F,1,5,GENERAL
4630,F,10,3,ORTHOPEDICS
4631,F,1,5,SURGERY
4632,F,1,5,SURGERY
4633,F,6,4,GENERAL
4634,M,1,6,ORTHOPEDICS
4635,F,13,2,ORTHOPEDICS
4636,M,10,4,ORTHOPEDICS
4637,F,1,5,GENERAL
4638,M,6,4,CARDIOLOGY
4639,M,1,5,CARDIOLOGY
4640,M,6,4,GENERAL
4641,F,1,5,SURGERY
4642,M,10,3,SURGERY
4643,M,1,5,CARDIOLOGY
4644,M,1,5,CARDIOLOGY
4645,F,1,5,GENERAL
4646,F,1,5,ORTHOPEDICS
4647,M,6,4,CARDIOLOGY
4648,F,1,5,CARDIOLOGY
4649,F,13,2,CARDIOLOGY
4650,M,13,2,SURGERY
4651,F,10,3,GENERAL
4652,M,6,4,GENERAL
4653,M,11,3,GENERAL
4654,F,1,6,SURGERY
4655,M,11,3,GENERAL
4656,F,10,3,CARDIOLOGY
4657,F,6,4,CARDIOLOGY
4658,M,10,3,CARDIOLOGY
4659,M,1,5,GENERAL
4660,F,13,3,GENERAL
4661,F,11,3,GENERAL
4662,F,1,5,GENERAL
4663,F,1,5,GENERAL
4664,M,6,4,SURGERY
4665,F,10,3,GENERAL
4666,M,10,4,ORTHOPEDICS
4667,F,11,3,CARDIOLOGY
4668,F,10,3,SURGERY
4669,F,10,3,GENERAL
4670,M,10,4,SURGERY
4671,F,1,5,GENERAL
4672,M,7,4,CARDIOLOGY
4673,F,10,4,CARDIOLOGY
4674,M,10,3,ORTHOPEDICS
4675,F,1,6,GENERAL
4676,F,1,5,SURGERY
4677,M,6,4,GENERAL
4678,F,13,3,SURGERY
4679,F,1,5,ORTHOPEDICS
4680,F,10,3,GENERAL
4681,F,6,4,GENERAL
4682,M,1,5,ORTHOPEDICS
4683,F,6,4,ORTHOPEDICS
4684,F,6,4,ORTHOPEDICS
4685,F,1,6,ORTHOPEDICS
4686,M,6,4,GENERAL
4687,M,1,5,SURGERY
4688,M,11,3,CARDIOLOGY
4689,M,7,4,GENERAL
4690,M,1,6,ORTHOPEDICS
4691,F,1,5,GENERAL
4692,F,6,4,ORTHOPEDICS
4693,F,11,3,GENERAL
4694,M,1,5,ORTHOPEDICS
4695,F,1,5,GENERAL
4696,F,1,5,GENERAL
4697,F,1,5,GENERAL
4698,M,11,3,CARDIOLOGY
4699,M,13,3,GENERAL
4700,M,1,5,GENERAL
4701,F,1,5,ORTHOPEDICS
4702,F,10,3,ORTHOPEDICS
4703,M,10,3,SURGERY
4704,F,6,4,CARDIOLOGY
4705,F,11,3,GENERAL
4706,F,11,3,CARDIOLOGY
4707,F,1,5,SURGERY
4708,F,13,2,ORTHOPEDICS
4709,F,6,4,SURGERY
4710,M,10,3,ORTHOPEDICS
4711,F,11,3,CARDIOLOGY
4712,F,10,3,ORTHOPEDICS
4713,M,10,4,GENERAL
4714,M,1,5,GENERAL
4715,M,13,2,SURGERY
4716,F,6,4,SURGERY
4717,M,10,3,ORTHOPEDICS
4718,F,1,5,CARDIOLOGY
4719,M,10,3,ORTHOPEDICS
4720,M,13,3,GENERAL
4721,M,11,3,CARDIOLOGY
4722,F,1,6,GENERAL
4723,F,1,5,CARDIOLOGY
4724,M,10,3,ORTHOPEDICS
4725,F,1,5,GENERAL
4726,F,10,3,CARDIOLOGY
4727,F,10,4,SURGERY
4728,M,6,4,GENERAL
4729,M,10,4,ORTHOPEDICS
4730,F,6,4,SURGERY
4731,M,1,5,GENERAL
4732,M,1,5,GENERAL
4733,F,1,5,GENERAL
4734,F,1,5,ORTHOPEDICS
4735,M,1,5,GENERAL
4736,M,1,5,GENERAL
4737,F,6,4,GENERAL
4738,M,1,5,ORTHOPEDICS
4739,M,6,4,GENERAL
4740,F,10,3,GENERAL
4741,M,1,5,CARDIOLOGY
4742,F,11,3,ORTHOPEDICS
4743,M,13,3,GENERAL
4744,M,13,2,CARDIOLOGY
4745,M,6,4,GENERAL
4746,F,10,4,GENERAL
4747,F,13,2,SURGERY
4748,M,1,5,CARDIOLOGY
4749,F,1,5,ORTHOPEDICS
4750,M,10,3,ORTHOPEDICS
4751,F,13,2,GENERAL
4752,M,1,5,SURGERY
4753,M,10,4,GENERAL
4754,F,1,5,CARDIOLOGY
4755,M,1,5,SURGERY
4756,F,10,3,GENERAL
4757,M,13,3,GENERAL
4758,M,1,5,GENERAL
4759,M,1,6,GENERAL
4760,M,1,5,GENERAL
4761,F,10,3,GENERAL
4762,M,1,5,ORTHOPEDICS
4763,F,10,3,GENERAL
4764,F,1,6,ORTHOPEDICS
4765,F,1,6,GENERAL
4766,M,1,5,ORTHOPEDICS
4767,F,6,4,CARDIOLOGY
4768,M,11,3,CARDIOLOGY
4769,F,1,5,GENERAL
4770,F,13,2,CARDIOLOGY
4771,M,10,3,ORTHOPEDICS
4772,F,6,4,ORTHOPEDICS
4773,F,10,4,CARDIOLOGY
4774,M,6,4,GENERAL
4775,M,6,4,SURGERY
4776,F,1,5,SURGERY
4777,F,7,4,GENERAL
4778,F,10,4,ORTHOPEDICS
4779,M,1,5,GENERAL
4780,M,10,3,SURGERY
4781,F,1,5,GENERAL
4782,F,1,5,SURGERY
4783,M,10,3,SURGERY
4784,F,6,4,CARDIOLOGY
4785,M,1,5,CARDIOLOGY
4786,M,6,4,GENERAL
4787,F,10,3,SURGERY
4788,F,1,5,SURGERY
4789,M,13,3,CARDIOLOGY
4790,M,1,5,GENERAL
4791,F,6,4,GENERAL
4792,M,1,6,CARDIOLOGY
4793,F,7,4,GENERAL
4794,M,13,2,ORTHOPEDICS
4795,F,6,4,SURGERY
4796,M,6,5,GENERAL
4797,M,1,5,GENERAL
4798,M,11,3,CARDIOLOGY
4799,M,6,4,GENERAL
4800,F,11,3,ORTHOPEDICS
4801,F,6,4,GENERAL
4802,F,10,3,SURGERY
4803,F,6,4,GENERAL
4804,M,6,4,GENERAL
4805,F,10,3,CARDIOLOGY
4806,M,11,3,CARDIOLOGY
4807,M,6,4,GENERAL
4808,M,13,2,ORTHOPEDICS
4809,F,6,4,GENERAL
4810,M,6,4,GENERAL
4811,M,6,4,GENERAL
4812,M,12,3,CARDIOLOGY
4813,F,13,2,GENERAL
4814,F,11,3,GENERAL
4815,M,6,4,CARDIOLOGY
4816,M,10,4,SURGERY
4817,F,11,3,CARDIOLOGY
4818,M,1,5,ORTHOPEDICS
4819,M,1,5,SURGERY
4820,F,6,4,GENERAL
4821,F,10,4,GENERAL
4822,M,13,2,ORTHOPEDICS
4823,M,11,3,GENERAL
4824,M,1,5,GENERAL
4825,M,1,5,ORTHOPEDICS
4826,M,1,5,GENERAL
4827,M,6,4,ORTHOPEDICS
4828,F,10,3,GENERAL
4829,F,10,3,SURGERY
4830,M,6,4,GENERAL
4831,M,1,6,CARDIOLOGY
4832,F,1,5,GENERAL
4833,M,10,3,GENERAL
4834,M,6,4,GENERAL
4835,M,1,5,ORTHOPEDICS
4836,F,1,5,SURGERY
4837,M,1,6,ORTHOPEDICS
4838,M,12,3,GENERAL
4839,M,11,3,ORTHOPEDICS
4840,F,1,5,ORTHOPEDICS
4841,F,7,4,CARDIOLOGY
4842,F,7,4,CARDIOLOGY
4843,M,7,4,CARDIOLOGY
4844,F,6,4,CARDIOLOGY
4845,M,10,3,GENERAL
4846,F,10,3,GENERAL
4847,F,10,4,ORTHOPEDICS
4848,M,7,4,GENERAL
4849,M,1,6,CARDIOLOGY
4850,F,6,4,SURGERY
4851,M,10,3,ORTHOPEDICS
4852,M,13,3,ORTHOPEDICS
4853,F,6,4,SURGERY
4854,F,6,4,ORTHOPEDICS
4855,F,10,4,CARDIOLOGY
4856,F,6,4,SURGERY
4857,M,7,4,GENERAL
4858,F,1,5,CARDIOLOGY
4859,F,6,4,SURGERY
4860,M,1,5,GENERAL
4861,M,6,4,CARDIOLOGY
4862,F,10,4,CARDIOLOGY
4863,F,1,5,CARDIOLOGY
4864,M,6,4,ORTHOPEDICS
4865,M,10,3,CARDIOLOGY
4866,F,11,3,GENERAL
4867,F,11,3,CARDIOLOGY
4868,M,1,5,GENERAL
4869,F,10,3,CARDIOLOGY
4870,F,1,5,ORTHOPEDICS
4871,M,11,3,GENERAL
4872,F,1,5,GENERAL
4873,M,7,4,CARDIOLOGY
4874,M,6,4,GENERAL
4875,F,6,4,CARDIOLOGY
4876,M,1,6,CARDIOLOGY
4877,F,1,5,SURGERY
4878,M,7,4,GENERAL
4879,F,1,5,CARDIOLOGY
4880,F,1,5,SURGERY
4881,M,13,1,SURGERY
4882,F,6,4,GENERAL
4883,F,6,4,CARDIOLOGY
4884,F,11,3,ORTHOPEDICS
4885,M,1,5,SURGERY
4886,M,1,5,CARDIOLOGY
4887,F,10,4,GENERAL
4888,M,10,4,CARDIOLOGY
4889,M,6,4,GENERAL
4890,M,13,2,SURGERY
4891,M,10,3,SURGERY
4892,F,10,3,GENERAL
4893,F,11,3,SURGERY
4894,M,10,3,SURGERY
4895,M,10,3,CARDIOLOGY
4896,F,1,5,CARDIOLOGY
4897,F,1,6,GENERAL
4898,M,13,3,CARDIOLOGY
4899,F,1,6,SURGERY
4900,F,6,4,ORTHOPEDICS
4901,M,10,3,GENERAL
4902,F,1,5,SURGERY
4903,M,6,4,GENERAL
4904,F,6,5,ORTHOPEDICS
4905,F,1,5,ORTHOPEDICS
4906,M,10,4,CARDIOLOGY
4907,M,1,6,CARDIOLOGY
4908,M,11,3,SURGERY
4909,M,6,4,CARDIOLOGY
4910,M,13,1,ORTHOPEDICS
4911,M,10,3,CARDIOLOGY
4912,F,1,6,SURGERY
4913,F,11,3,GENERAL
4914,M,13,3,GENERAL
4915,F,7,4,CARDIOLOGY
4916,F,6,4,ORTHOPEDICS
4917,F,11,3,ORTHOPEDICS
4918,F,7,4,CARDIOLOGY
4919,M,1,5,GENERAL
4920,F,13,3,SURGERY
4921,F,1,5,ORTHOPEDICS
4922,F,6,4,ORTHOPEDICS
4923,M,6,4,SURGERY
4924,M,1,5,GENERAL
4925,M,10,4,GENERAL
4926,M,1,5,GENERAL
4927,M,10,3,CARDIOLOGY
4928,M,7,4,GENERAL
4929,F,6,4,GENERAL
4930,F,7,4,SURGERY
4931,M,1,6,GENERAL
4932,M,6,4,CARDIOLOGY
4933,F,1,5,ORTHOPEDICS
4934,M,1,5,CARDIOLOGY
4935,F,10,3,GENERAL
4936,F,6,4,GENERAL
4937,F,6,4,GENERAL
4938,F,6,4,GENERAL
4939,M,1,5,SURGERY
4940,F,13,3,SURGERY
4941,F,1,6,SURGERY
4942,F,6,4,GENERAL
4943,F,1,6,GENERAL
4944,M,6,4,GENERAL
4945,F,1,5,GENERAL
4946,M,10,3,GENERAL
4947,F,6,4,CARDIOLOGY
4948,M,10,4,CARDIOLOGY
4949,M,1,5,CARDIOLOGY
4950,M,1,5,ORTHOPEDICS
4951,F,13,2,SURGERY
4952,M,11,3,GENERAL
4953,F,10,3,ORTHOPEDICS
4954,M,1,5,ORTHOPEDICS
4955,M,6,4,GENERAL
4956,F,1,5,GENERAL
4957,F,1,5,SURGERY
4958,F,10,4,GENERAL
4959,M,1,6,GENERAL
4960,M,1,5,GENERAL
4961,M,13,2,ORTHOPEDICS
4962,F,1,5,GENERAL
4963,F,1,5,GENERAL
4964,M,6,4,CARDIOLOGY
4965,F,13,3,SURGERY
4966,F,1,5,GENERAL
4967,F,13,2,ORTHOPEDICS
4968,M,13,3,SURGERY
4969,M,11,3,GENERAL
4970,M,10,3,CARDIOLOGY
4971,F,11,3,GENERAL
4972,F,13,2,GENERAL
4973,M,13,3,ORTHOPEDICS
4974,F,6,4,CARDIOLOGY
4975,M,6,4,ORTHOPEDICS
4976,F,6,4,GENERAL
4977,F,10,4,GENERAL
4978,F,10,4,GENERAL
4979,M,10,4,ORTHOPEDICS
4980,M,13,2,GENERAL
4981,F,10,3,ORTHOPEDICS
4982,F,13,2,ORTHOPEDICS
4983,F,1,5,ORTHOPEDICS
4984,M,1,5,ORTHOPEDICS
4985,F,6,4,CARDIOLOGY
4986,M,1,5,CARDIOLOGY
4987,F,1,5,GENERAL
4988,M,10,4,ORTHOPEDICS
4989,F,6,4,CARDIOLOGY
4990,M,7,4,SURGERY
4991,M,10,3,GENERAL
4992,F,1,5,GENERAL
4993,M,13,2,CARDIOLOGY
4994,M,13,3,GENERAL
4995,F,1,5,ORTHOPEDICS
4996,M,11,3,ORTHOPEDICS
4997,M,13,2,GENERAL
4998,M,6,4,GENERAL
4999,M,1,5,ORTHOPEDICS
5000,F,1,6,GENERAL
5001,M,1,5,ORTHOPEDICS
5002,M,1,5,GENERAL
5003,M,1,5,CARDIOLOGY
5004,F,10,3,ORTHOPEDICS
5005,M,10,3,SURGERY
5006,F,1,6,ORTHOPEDICS
5007,M,1,5,ORTHOPEDICS
5008,F,6,4,GENERAL
5009,M,6,4,GENERAL
5010,F,1,5,SURGERY
5011,F,1,6,ORTHOPEDICS
5012,F,6,4,SURGERY
5013,F,6,4,SURGERY
5014,M,10,4,CARDIOLOGY
5015,F,1,5,SURGERY
5016,F,13,2,GENERAL
5017,F,7,4,CARDIOLOGY
5018,M,13,2,CARDIOLOGY
5019,F,10,3,CARDIOLOGY
5020,F,1,5,SURGERY
5021,M,10,4,ORTHOPEDICS
5022,M,6,4,GENERAL
5023,F,10,3,GENERAL
5024,F,1,5,ORTHOPEDICS
5025,M,1,5,CARDIOLOGY
5026,F,6,4,SURGERY
5027,M,6,4,SURGERY
5028,F,10,3,SURGERY
5029,F,1,5,ORTHOPEDICS
5030,F,6,4,CARDIOLOGY
5031,M,1,6,GENERAL
5032,M,1,5,SURGERY
5033,M,13,3,GENERAL
5034,F,1,5,SURGERY
5035,M,13,2,CARDIOLOGY
5036,M,7,4,ORTHOPEDICS
5037,F,8,4,ORTHOPEDICS
5038,F,1,5,GENERAL
5039,M,11,3,ORTHOPEDICS
5040,F,1,6,GENERAL
5041,F,7,4,CARDIOLOGY
5042,F,13,2,CARDIOLOGY
5043,F,10,4,SURGERY
5044,F,10,4,ORTHOPEDICS
5045,M,1,5,SURGERY
5046,M,6,4,CARDIOLOGY
5047,F,1,5,CARDIOLOGY
5048,F,13,2,SURGERY
5049,M,6,5,CARDIOLOGY
5050,M,6,4,CARDIOLOGY
5051,F,7,4,GENERAL
5052,F,1,5,GENERAL
5053,F,10,4,SURGERY
5054,M,6,4,ORTHOPEDICS
5055,M,10,4,SURGERY
5056,F,11,3,GENERAL
5057,M,1,5,CARDIOLOGY
5058,M,6,4,SURGERY
5059,M,7,4,ORTHOPEDICS
5060,M,6,4,GENERAL
5061,F,13,2,GENERAL
5062,M,6,4,CARDIOLOGY
5063,M,7,4,CARDIOLOGY
5064,M,6,4,CARDIOLOGY
5065,F,10,3,SURGERY
5066,F,6,4,SURGERY
5067,F,7,4,GENERAL
5068,F,11,3,GENERAL
5069,M,1,6,GENERAL
5070,M,6,4,GENERAL
5071,F,13,3,SURGERY
5072,M,13,2,CARDIOLOGY
5073,M,1,5,GENERAL
5074,M,10,3,GENERAL
5075,M,10,3,CARDIOLOGY
5076,F,1,8,GENERAL
5077,F,7,4,GENERAL
5078,M,1,5,ORTHOPEDICS
5079,F,1,5,ORTHOPEDICS
5080,M,10,3,GENERAL
5081,M,6,4,GENERAL
5082,M,10,4,GENERAL
5083,F,6,4,GENERAL
5084,F,10,4,CARDIOLOGY
5085,M,6,4,ORTHOPEDICS
5086,F,1,5,SURGERY
5087,M,6,4,GENERAL
5088,F,11,3,GENERAL
5089,M,1,5,CARDIOLOGY
5090,F,10,3,GENERAL
5091,F,1,5,GENERAL
5092,M,6,4,ORTHOPEDICS
5093,F,10,4,GENERAL
5094,M,6,4,SURGERY
5095,M,6,4,ORTHOPEDICS
5096,M,13,3,SURGERY
5097,F,6,4,GENERAL
5098,F,11,3,GENERAL
5099,F,10,3,GENERAL
5100,M,6,4,GENERAL
5101,F,11,3,CARDIOLOGY
5102,F,1,5,CARDIOLOGY
5103,M,6,4,GENERAL
5104,F,1,6,SURGERY
5105,M,13,2,GENERAL
5106,M,1,5,CARDIOLOGY
5107,M,7,4,ORTHOPEDICS
5108,M,1,5,GENERAL
5109,M,1,5,GENERAL
5110,F,6,4,CARDIOLOGY
5111,M,10,4,CARDIOLOGY
5112,F,6,4,ORTHOPEDICS
5113,F,11,3,GENERAL
5114,M,11,3,SURGERY
5115,F,1,6,CARDIOLOGY
5116,M,6,5,ORTHOPEDICS
5117,F,6,4,SURGERY
5118,F,10,4,CARDIOLOGY
5119,F,10,3,GENERAL
5120,F,1,5,SURGERY
5121,F,11,3,SURGERY
5122,F,6,4,CARDIOLOGY
5123,M,6,4,ORTHOPEDICS
5124,M,13,2,SURGERY
5125,M,1,5,ORTHOPEDICS
5126,F,1,6,SURGERY
5127,M,12,3,ORTHOPEDICS
5128,M,7,4,GENERAL
5129,F,6,4,CARDIOLOGY
5130,M,6,4,CARDIOLOGY
5131,F,1,6,SURGERY
5132,M,13,2,GENERAL
5133,F,1,5,ORTHOPEDICS
5134,F,6,4,CARDIOLOGY
5135,F,1,6,SURGERY
5136,M,6,4,CARDIOLOGY
5137,M,13,2,CARDIOLOGY
5138,M,1,6,GENERAL
5139,F,10,4,CARDIOLOGY
5140,F,1,5,CARDIOLOGY
5141,M,7,4,CARDIOLOGY
5142,F,11,3,GENERAL
5143,M,6,4,SURGERY
5144,F,10,3,ORTHOPEDICS
5145,F,7,4,GENERAL
5146,F,6,4,ORTHOPEDICS
5147,M,10,3,ORTHOPEDICS
5148,M,1,5,GENERAL
5149,F,1,5,ORTHOPEDICS
5150,F,10,3,GENERAL
5151,M,13,1,CARDIOLOGY
5152,M,13,2,ORTHOPEDICS
5153,M,1,5,ORTHOPEDICS
5154,F,10,3,ORTHOPEDICS
5155,M,6,4,CARDIOLOGY
5156,M,1,5,ORTHOPEDICS
5157,F,11,3,CARDIOLOGY
5158,F,6,4,GENERAL
5159,M,6,4,SURGERY
5160,F,11,3,GENERAL
5161,M,1,5,GENERAL
5162,M,10,3,CARDIOLOGY
5163,F,1,5,GENERAL
5164,M,11,3,SURGERY
5165,M,13,2,CARDIOLOGY
5166,F,1,6,CARDIOLOGY
5167,M,13,3,GENERAL
5168,F,6,4,ORTHOPEDICS
5169,F,11,3,GENERAL
5170,F,13,2,CARDIOLOGY
5171,F,6,4,GENERAL
5172,M,6,4,GENERAL
5173,M,6,4,GENERAL
5174,F,1,6,GENERAL
5175,F,1,6,ORTHOPEDICS
5176,M,10,3,SURGERY
5177,M,6,4,SURGERY
5178,M,1,5,GENERAL
5179,F,13,2,ORTHOPEDICS
5180,M,6,4,SURGERY
5181,F,1,5,GENERAL
5182,M,7,4,GENERAL
5183,F,6,4,GENERAL
5184,M,7,4,CARDIOLOGY
5185,M,7,4,SURGERY
5186,F,1,6,ORTHOPEDICS
5187,F,10,3,GENERAL
5188,M,6,4,SURGERY
5189,M,1,5,GENERAL
5190,M,13,2,GENERAL
5191,F,10,3,SURGERY
5192,M,6,4,ORTHOPEDICS
5193,F,7,4,SURGERY
5194,F,13,3,ORTHOPEDICS
5195,F,10,4,CARDIOLOGY
5196,F,1,5,SURGERY
5197,M,11,3,GENERAL
5198,M,1,5,GENERAL
5199,F,1,5,CARDIOLOGY
5200,M,10,3,GENERAL
5201,F,13,2,GENERAL
5202,M,1,5,ORTHOPEDICS
5203,F,10,3,ORTHOPEDICS
5204,M,10,3,GENERAL
5205,M,6,4,ORTHOPEDICS
5206,F,10,3,ORTHOPEDICS
5207,F,6,4,GENERAL
5208,F,11,3,SURGERY
5209,F,1,6,CARDIOLOGY
5210,F,7,4,GENERAL
5211,M,6,4,SURGERY
5212,F,10,4,GENERAL
5213,F,10,4,GENERAL
5214,F,10,3,GENERAL
5215,M,1,5,CARDIOLOGY
5216,M,1,5,GENERAL
5217,F,10,4,SURGERY
5218,M,6,4,ORTHOPEDICS
5219,M,6,4,SURGERY
5220,F,10,4,CARDIOLOGY
5221,M,11,3,SURGERY
5222,M,1,5,GENERAL
5223,F,10,3,CARDIOLOGY
5224,M,6,4,GENERAL
5225,F,1,5,GENERAL
5226,F,6,4,GENERAL
5227,F,10,4,GENERAL
5228,M,7,4,GENERAL
5229,F,1,5,CARDIOLOGY
5230,F,6,4,SURGERY
5231,M,6,4,ORTHOPEDICS
5232,F,7,4,CARDIOLOGY
5233,F,10,4,GENERAL
5234,F,10,4,GENERAL
5235,F,11,3,GENERAL
5236,M,11,3,SURGERY
5237,M,10,4,GENERAL
5238,F,7,4,SURGERY
5239,F,6,4,GENERAL
5240,F,1,5,GENERAL
5241,M,11,3,GENERAL
5242,F,13,2,GENERAL
5243,F,13,3,CARDIOLOGY
5244,M,8,4,GENERAL
5245,F,10,3,GENERAL
5246,F,13,2,CARDIOLOGY
5247,M,1,5,GENERAL
5248,F,1,6,ORTHOPEDICS
5249,F,6,4,GENERAL
5250,M,10,3,ORTHOPEDICS
5251,M,6,4,GENERAL
5252,F,10,3,GENERAL
5253,M,11,3,GENERAL
5254,M,6,5,GENERAL
5255,F,1,5,SURGERY
5256,F,1,5,SURGERY
5257,M,1,6,GENERAL
5258,F,1,5,ORTHOPEDICS
5259,F,13,1,SURGERY
5260,F,8,4,ORTHOPEDICS
5261,F,1,5,GENERAL
5262,M,10,3,GENERAL
5263,F,1,6,GENERAL
5264,M,10,3,SURGERY
5265,F,13,2,ORTHOPEDICS
5266,M,10,4,GENERAL
5267,M,6,4,SURGERY
5268,M,10,4,GENERAL
5269,M,7,4,SURGERY
5270,M,6,4,GENERAL
5271,F,6,4,GENERAL
5272,M,10,4,GENERAL
5273,M,1,5,GENERAL
5274,F,10,4,ORTHOPEDICS
5275,M,6,4,GENERAL
5276,M,1,6,CARDIOLOGY
5277,F,6,4,SURGERY
5278,M,6,4,SURGERY
5279,F,1,5,ORTHOPEDICS
5280,M,13,2,GENERAL
5281,F,7,4,ORTHOPEDICS
5282,F,1,5,GENERAL
5283,M,10,4,CARDIOLOGY
5284,M,10,4,CARDIOLOGY
5285,F,10,4,CARDIOLOGY
5286,M,7,4,GENERAL
5287,F,1,5,CARDIOLOGY
5288,F,1,5,SURGERY
5289,F,10,4,SURGERY
5290,F,1,6,SURGERY
5291,M,13,2,CARDIOLOGY
5292,M,1,6,CARDIOLOGY
5293,F,7,4,SURGERY
5294,F,6,4,CARDIOLOGY
5295,F,13,2,GENERAL
5296,F,6,4,GENERAL
5297,M,6,4,SURGERY
5298,F,6,4,ORTHOPEDICS
5299,M,7,4,GENERAL
5300,M,11,3,SURGERY
5301,M,1,6,GENERAL
5302,M,10,4,SURGERY
5303,F,6,4,GENERAL
5304,M,13,3,CARDIOLOGY
5305,M,6,4,ORTHOPEDICS
5306,M,6,4,CARDIOLOGY
5307,M,6,4,CARDIOLOGY
5308,F,6,4,ORTHOPEDICS
5309,M,6,4,GENERAL
5310,M,1,5,ORTHOPEDICS
5311,M,1,5,GENERAL
5312,M,10,4,SURGERY
5313,F,7,4,GENERAL
5314,M,10,3,GENERAL
5315,M,1,6,CARDIOLOGY
5316,M,10,4,ORTHOPEDICS
5317,M,7,4,GENERAL
5318,M,1,5,SURGERY
5319,F,10,4,CARDIOLOGY
5320,F,7,4,CARDIOLOGY
5321,F,13,3,GENERAL
5322,F,1,5,ORTHOPEDICS
5323,M,6,4,GENERAL
5324,M,11,3,ORTHOPEDICS
5325,M,1,5,SURGERY
5326,M,13,2,SURGERY
5327,F,11,3,GENERAL
5328,M,13,2,ORTHOPEDICS
5329,F,1,5,CARDIOLOGY
5330,M,1,6,ORTHOPEDICS
5331,F,13,2,SURGERY
5332,M,1,5,SURGERY
5333,F,10,3,GENERAL
5334,F,7,4,CARDIOLOGY
5335,M,1,5,CARDIOLOGY
5336,M,1,7,ORTHOPEDICS
5337,F,11,3,ORTHOPEDICS
5338,M,1,5,CARDIOLOGY
5339,F,10,3,SURGERY
5340,F,10,3,SURGERY
5341,M,13,1,CARDIOLOGY
5342,F,6,4,GENERAL
5343,M,7,4,GENERAL
5344,M,10,4,ORTHOPEDICS
5345,F,6,4,GENERAL
5346,M,10,4,GENERAL
5347,M,10,4,CARDIOLOGY
5348,F,6,4,SURGERY
5349,F,6,4,GENERAL
5350,F,10,4,ORTHOPEDICS
5351,F,11,3,ORTHOPEDICS
5352,M,10,4,CARDIOLOGY
5353,F,1,5,GENERAL
5354,F,6,4,SURGERY
5355,M,1,6,GENERAL
5356,F,1,5,GENERAL
5357,F,11,3,SURGERY
5358,F,10,3,SURGERY
5359,M,10,3,CARDIOLOGY
5360,M,6,4,GENERAL
5361,F,1,5,GENERAL
5362,M,1,5,ORTHOPEDICS
5363,F,10,3,CARDIOLOGY
5364,F,1,5,SURGERY
5365,F,10,3,SURGERY
5366,M,6,4,CARDIOLOGY
5367,M,13,2,ORTHOPEDICS
5368,M,13,3,GENERAL
5369,F,1,5,GENERAL
5370,M,11,3,ORTHOPEDICS
5371,M,1,5,CARDIOLOGY
5372,M,10,3,SURGERY
5373,F,6,4,GENERAL
5374,F,1,5,CARDIOLOGY
5375,F,12,3,CARDIOLOGY
5376,F,1,7,GENERAL
5377,M,6,4,GENERAL
5378,F,13,3,GENERAL
5379,M,10,3,ORTHOPEDICS
5380,M,13,2,GENERAL
5381,M,10,3,ORTHOPEDICS
5382,M,1,6,SURGERY
5383,M,1,5,CARDIOLOGY
5384,M,8,4,GENERAL
5385,M,6,4,GENERAL
5386,M,1,5,CARDIOLOGY
5387,F,6,4,SURGERY
5388,M,6,4,CARDIOLOGY
5389,F,13,2,CARDIOLOGY
5390,M,6,4,CARDIOLOGY
5391,M,10,4,CARDIOLOGY
5392,M,7,4,GENERAL
5393,F,6,4,GENERAL
5394,M,6,4,CARDIOLOGY
5395,M,1,8,SURGERY
5396,M,1,5,CARDIOLOGY
5397,F,6,4,SURGERY
5398,F,6,4,GENERAL
5399,M,13,3,SURGERY
5400,F,6,4,SURGERY
5401,M,1,5,ORTHOPEDICS
5402,F,10,3,GENERAL
5403,M,1,6,GENERAL
5404,F,6,4,GENERAL
5405,M,10,3,GENERAL
5406,F,1,7,CARDIOLOGY
5407,M,10,3,ORTHOPEDICS
5408,M,10,4,GENERAL
5409,M,10,3,GENERAL
5410,F,13,3,ORTHOPEDICS
5411,F,1,5,CARDIOLOGY
5412,F,1,5,CARDIOLOGY
5413,M,1,5,GENERAL
5414,M,6,4,ORTHOPEDICS
5415,M,6,5,CARDIOLOGY
5416,M,1,5,SURGERY
5417,M,10,3,CARDIOLOGY
5418,F,6,4,GENERAL
5419,M,6,4,SURGERY
5420,M,11,3,GENERAL
5421,F,1,5,GENERAL
5422,F,6,4,GENERAL
5423,F,7,4,CARDIOLOGY
5424,F,10,3,CARDIOLOGY
5425,M,10,3,ORTHOPEDICS
5426,M,13,2,CARDIOLOGY
5427,F,13,3,SURGERY
5428,F,10,3,SURGERY
5429,M,6,4,CARDIOLOGY
5430,M,10,3,SURGERY
5431,M,10,3,CARDIOLOGY
5432,M,6,4,GENERAL
5433,F,10,3,CARDIOLOGY
5434,F,1,5,CARDIOLOGY
5435,F,1,5,GENERAL
5436,F,10,3,CARDIOLOGY
5437,M,1,5,GENERAL
5438,F,6,4,GENERAL
5439,M,6,4,GENERAL
5440,M,10,4,GENERAL
5441,M,10,3,GENERAL
5442,F,7,4,CARDIOLOGY
5443,M,1,6,SURGERY
5444,F,11,3,GENERAL
5445,M,6,4,CARDIOLOGY
5446,M,10,3,ORTHOPEDICS
5447,M,6,4,SURGERY
5448,F,10,3,SURGERY
5449,M,10,3,GENERAL
5450,F,6,4,SURGERY
5451,F,13,2,SURGERY
5452,M,1,6,GENERAL
5453,M,1,6,SURGERY
5454,F,10,3,GENERAL
5455,M,7,4,GENERAL
5456,M,7,4,SURGERY
5457,M,1,5,SURGERY
5458,F,1,5,CARDIOLOGY
5459,F,13,1,GENERAL
5460,M,11,3,ORTHOPEDICS
5461,F,6,4,CARDIOLOGY
5462,F,10,4,ORTHOPEDICS
5463,F,1,5,SURGERY
5464,M,13,2,SURGERY
5465,M,1,6,ORTHOPEDICS
5466,F,12,3,GENERAL
5467,F,1,5,ORTHOPEDICS
5468,F,11,3,GENERAL
5469,M,1,5,ORTHOPEDICS
5470,F,1,5,ORTHOPEDICS
5471,M,1,6,GENERAL
5472,M,11,3,ORTHOPEDICS
5473,M,6,4,SURGERY
5474,M,7,4,GENERAL
5475,F,1,6,GENERAL
5476,F,6,4,SURGERY
5477,M,10,3,SURGERY
5478,F,1,6,ORTHOPEDICS
5479,M,1,5,SURGERY
5480,M,6,4,GENERAL
5481,F,6,4,CARDIOLOGY
5482,M,1,5,GENERAL
5483,M,6,4,ORTHOPEDICS
5484,M,11,3,SURGERY
5485,M,1,5,CARDIOLOGY
5486,F,1,5,GENERAL
5487,F,6,4,SURGERY
5488,M,1,5,SURGERY
5489,M,6,4,GENERAL
5490,F,6,4,SURGERY
5491,M,1,5,CARDIOLOGY
5492,F,11,3,GENERAL
5493,F,10,4,CARDIOLOGY
5494,F,1,5,GENERAL
5495,M,6,4,CARDIOLOGY
5496,F,10,4,GENERAL
5497,F,6,4,GENERAL
5498,M,6,4,GENERAL
5499,F,7,4,SURGERY
5500,F,10,4,GENERAL
5501,F,1,5,ORTHOPEDICS
5502,F,13,2,ORTHOPEDICS
5503,M,1,5,GENERAL
5504,M,13,2,GENERAL
5505,M,10,3,GENERAL
5506,M,1,5,GENERAL
5507,F,6,4,SURGERY
5508,M,8,4,GENERAL
5509,M,6,4,GENERAL
5510,F,11,3,SURGERY
5511,F,1,5,SURGERY
5512,M,6,4,GENERAL
5513,M,10,3,SURGERY
5514,M,10,3,CARDIOLOGY
5515,F,10,4,GENERAL
5516,F,1,5,CARDIOLOGY
5517,F,11,3,GENERAL
5518,F,10,3,CARDIOLOGY
5519,M,1,5,GENERAL
5520,M,6,4,CARDIOLOGY
5521,F,6,4,SURGERY
5522,F,1,6,GENERAL
5523,F,10,3,SURGERY
5524,F,6,4,CARDIOLOGY
5525,F,10,3,GENERAL
5526,F,10,3,GENERAL
5527,F,1,5,ORTHOPEDICS
5528,F,7,4,GENERAL
5529,F,13,3,GENERAL
5530,M,6,4,CARDIOLOGY
5531,M,6,5,GENERAL
5532,M,10,3,GENERAL
5533,M,10,3,GENERAL
5534,M,10,4,GENERAL
5535,M,10,4,GENERAL
5536,M,11,3,GENERAL
5537,M,11,3,GENERAL
5538,M,12,3,GENERAL
5539,F,10,3,GENERAL
5540,F,6,4,GENERAL
5541,M,6,4,SURGERY
5542,M,1,5,GENERAL
5543,M,1,5,SURGERY
5544,F,10,3,GENERAL
5545,F,6,4,ORTHOPEDICS
5546,F,10,3,GENERAL
5547,M,6,4,GENERAL
5548,M,10,4,GENERAL
5549,M,10,3,ORTHOPEDICS
5550,F,1,5,SURGERY
5551,M,1,5,GENERAL
5552,F,7,4,CARDIOLOGY
5553,F,13,2,SURGERY
5554,F,1,5,ORTHOPEDICS
5555,F,7,4,GENERAL
5556,F,1,5,CARDIOLOGY
5557,M,1,5,SURGERY
5558,F,11,3,GENERAL
5559,F,7,4,SURGERY
5560,M,6,4,SURGERY
5561,M,10,4,GENERAL
5562,F,11,3,GENERAL
5563,M,10,3,GENERAL
5564,F,10,4,ORTHOPEDICS
5565,M,1,5,ORTHOPEDICS
5566,F,1,6,GENERAL
5567,M,1,5,ORTHOPEDICS
5568,M,10,3,CARDIOLOGY
5569,F,6,4,CARDIOLOGY
5570,F,10,3,SURGERY
5571,M,6,4,CARDIOLOGY
5572,F,10,3,GENERAL
5573,M,10,3,SURGERY
5574,F,1,5,CARDIOLOGY
5575,F,6,4,SURGERY
5576,M,10,3,SURGERY
5577,M,1,5,ORTHOPEDICS
5578,M,6,4,ORTHOPEDICS
5579,M,10,4,GENERAL
5580,M,1,5,GENERAL
5581,F,10,4,GENERAL
5582,F,1,6,CARDIOLOGY
5583,F,6,4,CARDIOLOGY
5584,F,7,4,SURGERY
5585,F,1,6,CARDIOLOGY
5586,M,10,3,GENERAL
5587,F,6,4,SURGERY
5588,F,1,5,SURGERY
5589,F,10,3,GENERAL
5590,F,13,2,SURGERY
5591,M,10,4,GENERAL
5592,F,6,4,GENERAL
5593,M,6,4,GENERAL
5594,M,6,4,GENERAL
5595,M,13,2,GENERAL
5596,F,10,4,GENERAL
5597,M,1,6,ORTHOPEDICS
5598,M,6,4,GENERAL
5599,F,6,4,ORTHOPEDICS
5600,F,10,4,ORTHOPEDICS
5601,F,13,3,GENERAL
5602,F,10,4,GENERAL
5603,F,13,2,ORTHOPEDICS
5604,M,1,6,SURGERY
5605,F,1,5,GENERAL
5606,M,6,4,CARDIOLOGY
5607,M,1,5,SURGERY
5608,M,10,3,SURGERY
5609,M,1,6,GENERAL
5610,F,10,4,GENERAL
5611,F,10,3,GENERAL
5612,F,6,4,SURGERY
5613,M,7,4,GENERAL
5614,M,1,7,ORTHOPEDICS
5615,M,1,5,ORTHOPEDICS
5616,F,1,5,GENERAL
5617,F,7,4,GENERAL
5618,M,10,4,GENERAL
5619,M,1,5,ORTHOPEDICS
5620,M,10,3,SURGERY
5621,M,11,3,GENERAL
5622,F,6,4,GENERAL
5623,F,6,4,CARDIOLOGY
5624,F,6,5,CARDIOLOGY
5625,F,1,5,GENERAL
5626,F,10,4,CARDIOLOGY
5627,F,13,1,GENERAL
5628,M,1,6,SURGERY
5629,F,12,3,SURGERY
5630,F,13,1,CARDIOLOGY
5631,F,10,3,GENERAL
5632,F,6,4,SURGERY
5633,M,10,3,SURGERY
5634,F,1,5,GENERAL
5635,F,6,4,CARDIOLOGY
5636,M,1,5,SURGERY
5637,M,11,3,ORTHOPEDICS
5638,F,11,3,ORTHOPEDICS
5639,M,10,3,ORTHOPEDICS
5640,F,1,5,CARDIOLOGY
5641,M,1,5,CARDIOLOGY
5642,M,6,4,CARDIOLOGY
5643,M,1,5,CARDIOLOGY
5644,M,6,4,GENERAL
5645,F,7,4,ORTHOPEDICS
5646,F,6,4,ORTHOPEDICS
5647,M,10,3,SURGERY
5648,F,6,4,SURGERY
5649,F,1,5,GENERAL
5650,F,10,3,GENERAL
5651,F,1,5,ORTHOPEDICS
5652,F,6,5,ORTHOPEDICS
5653,F,10,3,GENERAL
5654,F,10,4,SURGERY
5655,F,10,3,ORTHOPEDICS
5656,F,1,5,GENERAL
5657,M,10,3,SURGERY
5658,F,6,4,GENERAL
5659,M,7,4,CARDIOLOGY
5660,M,6,4,GENERAL
5661,M,13,2,SURGERY
5662,M,10,4,GENERAL
5663,M,13,2,GENERAL
5664,F,1,5,CARDIOLOGY
5665,F,11,3,CARDIOLOGY
5666,F,10,3,CARDIOLOGY
5667,M,1,7,CARDIOLOGY
5668,F,1,5,SURGERY
5669,F,6,4,GENERAL
5670,M,1,7,ORTHOPEDICS
5671,F,10,3,ORTHOPEDICS
5672,F,10,4,GENERAL
5673,F,1,5,ORTHOPEDICS
5674,F,10,3,GENERAL
5675,M,1,5,ORTHOPEDICS
5676,M,13,3,SURGERY
5677,F,1,6,SURGERY
5678,M,11,3,ORTHOPEDICS
5679,M,1,5,GENERAL
5680,F,10,3,ORTHOPEDICS
5681,M,10,3,SURGERY
5682,M,6,4,GENERAL
5683,F,10,3,CARDIOLOGY
5684,M,1,5,GENERAL
5685,F,10,3,GENERAL
5686,M,1,5,SURGERY
5687,M,6,4,SURGERY
5688,F,6,4,GENERAL
5689,M,7,4,ORTHOPEDICS
5690,M,1,5,ORTHOPEDICS
5691,M,10,3,CARDIOLOGY
5692,M,1,5,SURGERY
5693,M,6,4,ORTHOPEDICS
5694,F,13,2,GENERAL
5695,M,7,4,ORTHOPEDICS
5696,F,6,5,GENERAL
5697,M,10,3,GENERAL
5698,F,6,4,ORTHOPEDICS
5699,M,6,5,GENERAL
5700,F,6,4,CARDIOLOGY
5701,F,1,5,ORTHOPEDICS
5702,F,13,2,SURGERY
5703,M,1,6,ORTHOPEDICS
5704,F,6,4,GENERAL
5705,F,1,7,ORTHOPEDICS
5706,F,7,4,GENERAL
5707,M,1,5,CARDIOLOGY
5708,F,10,4,GENERAL
5709,F,7,4,CARDIOLOGY
5710,M,6,4,GENERAL
5711,F,1,6,ORTHOPEDICS
5712,M,10,4,GENERAL
5713,F,10,4,GENERAL
5714,M,13,2,CARDIOLOGY
5715,F,6,4,ORTHOPEDICS
5716,M,13,3,SURGERY
5717,F,1,5,CARDIOLOGY
5718,F,1,5,GENERAL
5719,F,6,4,GENERAL
5720,M,6,4,SURGERY
5721,M,6,5,GENERAL
5722,F,11,3,ORTHOPEDICS
5723,M,10,3,GENERAL
5724,M,1,6,ORTHOPEDICS
5725,M,10,3,ORTHOPEDICS
5726,M,1,5,GENERAL
5727,F,6,4,ORTHOPEDICS
5728,F,6,4,ORTHOPEDICS
5729,M,1,5,CARDIOLOGY
5730,M,10,3,GENERAL
5731,F,7,4,CARDIOLOGY
5732,M,1,5,GENERAL
5733,M,13,2,GENERAL
5734,F,11,3,CARDIOLOGY
5735,F,13,3,ORTHOPEDICS
5736,F,1,6,CARDIOLOGY
5737,F,10,3,ORTHOPEDICS
5738,M,1,5,ORTHOPEDICS
5739,F,6,4,GENERAL
5740,F,1,5,CARDIOLOGY
5741,F,10,3,GENERAL
5742,F,11,3,GENERAL
5743,F,10,3,CARDIOLOGY
5744,M,1,5,ORTHOPEDICS
5745,F,13,3,SURGERY
5746,F,1,5,SURGERY
5747,M,6,4,GENERAL
5748,M,6,4,CARDIOLOGY
5749,M,1,5,GENERAL
5750,F,10,3,ORTHOPEDICS
5751,F,7,4,GENERAL
5752,M,1,6,ORTHOPEDICS
5753,M,13,2,GENERAL
5754,M,1,5,SURGERY
5755,F,1,5,GENERAL
5756,M,11,3,GENERAL
5757,F,7,4,GENERAL
5758,F,13,2,GENERAL
5759,M,13,2,CARDIOLOGY
5760,M,7,4,ORTHOPEDICS
5761,F,10,4,CARDIOLOGY
5762,F,6,4,ORTHOPEDICS
5763,F,13,1,SURGERY
5764,M,10,3,SURGERY
5765,M,1,5,SURGERY
5766,M,1,5,ORTHOPEDICS
5767,F,1,5,GENERAL
5768,F,10,4,GENERAL
5769,M,7,4,CARDIOLOGY
5770,M,1,5,GENERAL
5771,F,1,5,SURGERY
5772,M,6,4,SURGERY
5773,F,10,4,CARDIOLOGY
5774,M,10,4,GENERAL
5775,M,10,4,ORTHOPEDICS
5776,M,1,5,CARDIOLOGY
5777,F,1,5,GENERAL
5778,F,6,4,GENERAL
5779,M,6,5,GENERAL
5780,F,10,3,GENERAL
5781,M,10,4,GENERAL
5782,M,6,4,GENERAL
5783,M,13,2,CARDIOLOGY
5784,F,6,4,GENERAL
5785,M,1,5,GENERAL
5786,F,13,2,GENERAL
5787,F,6,4,ORTHOPEDICS
5788,F,10,4,SURGERY
5789,M,6,4,GENERAL
5790,M,1,5,SURGERY
5791,F,6,4,CARDIOLOGY
5792,M,10,3,GENERAL
5793,M,6,4,GENERAL
5794,F,10,3,ORTHOPEDICS
5795,F,10,3,ORTHOPEDICS
5796,F,6,4,CARDIOLOGY
5797,M,11,3,SURGERY
5798,F,10,4,GENERAL
5799,M,13,2,GENERAL
5800,F,10,4,GENERAL
5801,F,10,4,ORTHOPEDICS
5802,M,1,5,GENERAL
5803,F,10,4,GENERAL
5804,M,6,4,SURGERY
5805,F,7,4,GENERAL
5806,M,1,5,CARDIOLOGY
5807,M,10,4,ORTHOPEDICS
5808,M,1,5,GENERAL
5809,M,6,4,GENERAL
5810,F,10,3,ORTHOPEDICS
5811,F,10,3,GENERAL
5812,F,6,4,GENERAL
5813,F,10,4,ORTHOPEDICS
5814,F,6,4,GENERAL
5815,F,6,4,SURGERY
5816,M,10,3,ORTHOPEDICS
5817,M,13,3,SURGERY
5818,F,10,4,SURGERY
5819,M,10,3,GENERAL
5820,F,1,6,GENERAL
5821,F,8,4,GENERAL
5822,F,10,4,GENERAL
5823,F,6,4,ORTHOPEDICS
5824,F,1,5,SURGERY
5825,M,13,3,CARDIOLOGY
5826,F,1,5,GENERAL
5827,M,1,5,ORTHOPEDICS
5828,M,10,3,ORTHOPEDICS
5829,F,7,4,SURGERY
5830,F,6,4,SURGERY
5831,M,6,4,ORTHOPEDICS
5832,M,6,4,CARDIOLOGY
5833,F,6,4,CARDIOLOGY
5834,M,1,6,CARDIOLOGY
5835,M,8,4,GENERAL
5836,F,11,3,CARDIOLOGY
5837,M,11,3,GENERAL
5838,M,7,4,CARDIOLOGY
5839,F,1,6,SURGERY
5840,M,10,3,ORTHOPEDICS
5841,M,10,4,ORTHOPEDICS
5842,F,11,3,GENERAL
5843,M,1,5,ORTHOPEDICS
5844,M,6,4,GENERAL
5845,F,10,4,SURGERY
5846,M,13,2,CARDIOLOGY
5847,F,7,4,SURGERY
5848,M,1,6,CARDIOLOGY
5849,F,11,3,GENERAL
5850,M,10,3,GENERAL
5851,F,1,5,ORTHOPEDICS
5852,F,11,3,SURGERY
5853,M,6,4,SURGERY
5854,M,1,5,SURGERY
5855,M,11,3,GENERAL
5856,M,6,4,GENERAL
5857,F,10,3,ORTHOPEDICS
5858,M,6,4,ORTHOPEDICS
5859,F,11,3,SURGERY
5860,F,6,5,GENERAL
5861,F,10,3,ORTHOPEDICS
5862,M,6,4,GENERAL
5863,M,10,3,GENERAL
5864,F,10,3,ORTHOPEDICS
5865,F,1,5,ORTHOPEDICS
5866,M,10,4,SURGERY
5867,M,1,5,SURGERY
5868,M,10,4,SURGERY
5869,M,1,5,SURGERY
5870,M,11,3,GENERAL
5871,F,6,4,CARDIOLOGY
5872,M,11,3,GENERAL
5873,F,10,3,GENERAL
5874,F,1,5,SURGERY
5875,F,10,3,GENERAL
5876,M,6,4,SURGERY
5877,M,10,3,CARDIOLOGY
5878,F,7,4,ORTHOPEDICS
5879,F,10,3,ORTHOPEDICS
5880,F,1,5,GENERAL
5881,M,13,3,CARDIOLOGY
5882,M,7,4,GENERAL
5883,F,1,5,SURGERY
5884,F,1,5,GENERAL
5885,M,13,2,GENERAL
5886,F,13,2,GENERAL
5887,F,1,5,GENERAL
5888,M,10,4,ORTHOPEDICS
5889,M,6,4,GENERAL
5890,M,1,5,ORTHOPEDICS
5891,F,6,4,ORTHOPEDICS
5892,F,1,6,ORTHOPEDICS
5893,M,6,4,GENERAL
5894,F,10,3,CARDIOLOGY
5895,M,6,4,SURGERY
5896,M,10,4,SURGERY
5897,M,7,4,SURGERY
5898,M,10,3,SURGERY
5899,M,1,5,GENERAL
5900,M,10,3,GENERAL
5901,F,1,5,SURGERY
5902,F,10,3,SURGERY
5903,F,13,2,ORTHOPEDICS
5904,F,10,4,GENERAL
5905,M,1,6,ORTHOPEDICS
5906,M,6,4,ORTHOPEDICS
5907,F,10,4,SURGERY
5908,M,1,5,GENERAL
5909,F,10,4,SURGERY
5910,F,10,3,SURGERY
5911,M,1,6,ORTHOPEDICS
5912,F,13,2,ORTHOPEDICS
5913,M,10,3,CARDIOLOGY
5914,F,6,4,ORTHOPEDICS
5915,F,13,3,GENERAL
5916,F,10,4,GENERAL
5917,M,7,4,SURGERY
5918,F,10,3,GENERAL
5919,M,1,5,GENERAL
5920,M,13,2,ORTHOPEDICS
5921,M,1,5,GENERAL
5922,F,6,4,SURGERY
5923,F,1,5,GENERAL
5924,F,1,6,GENERAL
5925,M,8,4,ORTHOPEDICS
5926,M,6,4,GENERAL
5927,F,11,3,GENERAL
5928,M,6,4,GENERAL
5929,F,10,3,GENERAL
5930,F,6,5,SURGERY
5931,M,1,5,ORTHOPEDICS
5932,M,6,4,GENERAL
5933,F,6,4,CARDIOLOGY
5934,M,13,2,ORTHOPEDICS
5935,M,1,5,GENERAL
5936,M,10,4,ORTHOPEDICS
5937,F,6,4,GENERAL
5938,F,6,4,SURGERY
5939,F,1,5,GENERAL
5940,M,1,5,GENERAL
5941,F,10,3,CARDIOLOGY
5942,F,6,4,CARDIOLOGY
5943,F,13,2,GENERAL
5944,M,6,4,SURGERY
5945,F,1,5,ORTHOPEDICS
5946,M,1,5,ORTHOPEDICS
5947,M,1,5,ORTHOPEDICS
5948,M,6,4,SURGERY
5949,F,10,3,ORTHOPEDICS
5950,M,6,4,GENERAL
5951,M,10,3,GENERAL
5952,F,6,4,GENERAL
5953,F,7,4,ORTHOPEDICS
5954,M,10,4,SURGERY
5955,M,6,4,GENERAL
5956,M,12,3,CARDIOLOGY
5957,F,6,4,GENERAL
5958,F,10,3,ORTHOPEDICS
5959,M,10,3,SURGERY
5960,F,6,4,SURGERY
5961,F,10,4,GENERAL
5962,F,11,3,SURGERY
5963,F,13,2,GENERAL
5964,M,10,3,SURGERY
5965,M,1,5,ORTHOPEDICS
5966,F,1,5,ORTHOPEDICS
5967,M,11,3,ORTHOPEDICS
5968,M,7,4,ORTHOPEDICS
5969,M,11,3,GENERAL
5970,F,10,3,GENERAL
5971,F,1,5,GENERAL
5972,F,6,4,GENERAL
5973,M,6,4,CARDIOLOGY
5974,F,1,5,GENERAL
5975,F,11,3,SURGERY
5976,M,7,4,GENERAL
5977,F,13,2,ORTHOPEDICS
5978,M,11,3,GENERAL
5979,F,1,5,GENERAL
5980,F,6,4,GENERAL
5981,M,7,4,SURGERY
5982,F,6,4,GENERAL
5983,M,6,4,GENERAL
5984,F,11,3,GENERAL
5985,F,10,3,GENERAL
5986,M,6,4,GENERAL
5987,F,10,3,GENERAL
5988,F,1,5,SURGERY
5989,F,7,4,ORTHOPEDICS
5990,M,10,4,CARDIOLOGY
5991,M,13,2,CARDIOLOGY
5992,M,1,5,GENERAL
5993,M,1,6,CARDIOLOGY
5994,F,10,4,ORTHOPEDICS
5995,F,10,4,CARDIOLOGY
5996,F,1,5,GENERAL
5997,M,7,4,ORTHOPEDICS
5998,M,10,3,CARDIOLOGY
5999,F,1,5,GENERAL
6000,M,11,3,CARDIOLOGY
6001,F,1,5,ORTHOPEDICS
6002,F,7,4,GENERAL
6003,F,10,3,GENERAL
6004,M,1,5,SURGERY
6005,F,1,5,GENERAL
6006,M,6,4,ORTHOPEDICS
6007,F,1,6,CARDIOLOGY
6008,F,10,4,CARDIOLOGY
6009,F,6,4,GENERAL
6010,F,1,5,SURGERY
6011,F,1,5,ORTHOPEDICS
6012,F,1,5,GENERAL
6013,F,6,4,GENERAL
6014,F,1,5,SURGERY
6015,M,7,4,SURGERY
6016,F,10,4,CARDIOLOGY
6017,M,1,6,ORTHOPEDICS
6018,F,10,3,GENERAL
6019,M,10,3,CARDIOLOGY
6020,F,1,5,ORTHOPEDICS
6021,F,6,4,SURGERY
6022,F,6,4,GENERAL
6023,M,1,6,CARDIOLOGY
6024,F,10,4,GENERAL
6025,F,1,6,GENERAL
6026,M,6,4,SURGERY
6027,F,6,4,SURGERY
6028,M,6,4,ORTHOPEDICS
6029,M,11,3,GENERAL
6030,F,10,3,ORTHOPEDICS
6031,F,6,4,CARDIOLOGY
6032,F,1,6,GENERAL
6033,F,6,4,ORTHOPEDICS
6034,F,10,3,SURGERY
6035,F,1,5,ORTHOPEDICS
6036,M,1,5,ORTHOPEDICS
6037,F,7,4,CARDIOLOGY
6038,F,13,2,ORTHOPEDICS
6039,M,1,5,GENERAL
6040,M,1,6,SURGERY
6041,F,1,5,CARDIOLOGY
6042,M,6,4,SURGERY
6043,M,13,2,GENERAL
6044,F,11,3,SURGERY
6045,F,11,3,CARDIOLOGY
6046,M,6,4,GENERAL
6047,F,1,5,GENERAL
6048,F,10,4,SURGERY
6049,F,1,5,GENERAL
6050,F,6,4,GENERAL
6051,M,10,4,ORTHOPEDICS
6052,F,6,4,GENERAL
6053,F,13,2,ORTHOPEDICS
6054,M,1,6,GENERAL
6055,M,1,5,GENERAL
6056,M,1,6,CARDIOLOGY
6057,M,10,4,SURGERY
6058,M,6,4,CARDIOLOGY
6059,M,11,3,GENERAL
6060,M,10,3,CARDIOLOGY
6061,F,6,4,GENERAL
6062,M,6,4,GENERAL
6063,M,1,6,GENERAL
6064,F,8,4,ORTHOPEDICS
6065,M,7,4,GENERAL
6066,F,1,5,CARDIOLOGY
6067,M,7,4,SURGERY
6068,F,10,4,GENERAL
6069,F,1,5,GENERAL
6070,M,6,4,ORTHOPEDICS
6071,F,1,5,GENERAL
6072,F,13,2,GENERAL
6073,F,6,4,ORTHOPEDICS
6074,F,7,4,CARDIOLOGY
6075,F,6,4,GENERAL
6076,F,1,5,GENERAL
6077,F,13,2,GENERAL
6078,F,6,4,CARDIOLOGY
6079,M,10,4,SURGERY
6080,F,10,4,CARDIOLOGY
6081,F,1,5,CARDIOLOGY
6082,M,6,4,SURGERY
6083,M,10,3,ORTHOPEDICS
6084,F,6,4,GENERAL
6085,M,13,2,SURGERY
6086,F,6,4,GENERAL
6087,F,1,5,GENERAL
6088,F,1,5,GENERAL
6089,M,1,5,GENERAL
6090,F,10,3,GENERAL
6091,F,1,5,GENERAL
6092,F,1,5,GENERAL
6093,M,10,3,GENERAL
6094,F,13,1,ORTHOPEDICS
6095,F,6,4,ORTHOPEDICS
6096,M,10,4,ORTHOPEDICS
6097,M,13,2,CARDIOLOGY
6098,F,13,2,CARDIOLOGY
6099,F,1,5,GENERAL
6100,M,7,4,SURGERY
6101,F,6,4,GENERAL
6102,M,1,5,SURGERY
6103,F,1,5,GENERAL
6104,F,10,4,ORTHOPEDICS
6105,M,13,2,SURGERY
6106,F,11,3,SURGERY
6107,F,7,4,GENERAL
6108,F,1,5,SURGERY
6109,F,6,4,GENERAL
6110,F,1,6,GENERAL
6111,M,6,4,SURGERY
6112,F,10,4,CARDIOLOGY
6113,F,13,3,GENERAL
6114,M,11,3,CARDIOLOGY
6115,M,10,4,ORTHOPEDICS
6116,F,10,3,GENERAL
6117,M,6,4,CARDIOLOGY
6118,F,6,4,GENERAL
6119,F,10,4,SURGERY
6120,M,1,5,SURGERY
6121,M,6,4,SURGERY
6122,M,1,5,SURGERY
6123,F,6,4,ORTHOPEDICS
6124,M,6,4,GENERAL
6125,F,1,5,GENERAL
6126,F,10,3,ORTHOPEDICS
6127,M,10,3,GENERAL
6128,M,11,3,ORTHOPEDICS
6129,M,1,6,GENERAL
6130,F,13,2,ORTHOPEDICS
6131,F,1,5,CARDIOLOGY
6132,F,1,5,GENERAL
6133,M,11,3,GENERAL
6134,M,7,4,CARDIOLOGY
6135,M,1,5,CARDIOLOGY
6136,F,10,3,CARDIOLOGY
6137,M,13,2,CARDIOLOGY
6138,F,1,5,SURGERY
6139,M,1,5,GENERAL
6140,F,6,4,GENERAL
6141,M,10,4,GENERAL
6142,M,10,3,ORTHOPEDICS
6143,F,13,2,SURGERY
6144,M,6,4,ORTHOPEDICS
6145,M,7,4,GENERAL
6146,M,1,5,ORTHOPEDICS
6147,M,10,4,CARDIOLOGY
6148,F,13,3,GENERAL
6149,M,10,3,GENERAL
6150,M,10,3,CARDIOLOGY
6151,M,1,5,GENERAL
6152,M,7,4,CARDIOLOGY
6153,F,6,4,CARDIOLOGY
6154,M,6,4,CARDIOLOGY
6155,F,13,2,GENERAL
6156,M,11,3,SURGERY
6157,F,10,4,SURGERY
6158,F,1,5,SURGERY
6159,M,10,4,GENERAL
6160,F,11,3,GENERAL
6161,F,1,5,SURGERY
6162,F,1,5,SURGERY
6163,F,6,4,SURGERY
6164,F,1,5,CARDIOLOGY
6165,F,10,3,GENERAL
6166,M,6,4,CARDIOLOGY
6167,M,11,3,ORTHOPEDICS
6168,M,13,2,CARDIOLOGY
6169,F,1,5,ORTHOPEDICS
6170,M,13,2,GENERAL
6171,F,1,5,CARDIOLOGY
6172,F,7,4,ORTHOPEDICS
6173,M,11,3,GENERAL
6174,M,13,2,CARDIOLOGY
6175,F,11,3,ORTHOPEDICS
6176,M,1,5,CARDIOLOGY
6177,F,6,4,CARDIOLOGY
6178,M,10,3,CARDIOLOGY
6179,F,1,5,ORTHOPEDICS
6180,M,6,4,GENERAL
6181,F,10,4,SURGERY
6182,F,6,4,CARDIOLOGY
6183,M,13,2,GENERAL
6184,M,7,4,SURGERY
6185,M,13,2,SURGERY
6186,M,10,3,CARDIOLOGY
6187,M,1,5,GENERAL
6188,F,6,4,GENERAL
6189,M,13,1,CARDIOLOGY
6190,M,1,6,SURGERY
6191,M,6,4,CARDIOLOGY
6192,F,11,3,GENERAL
6193,F,6,4,GENERAL
6194,F,1,5,GENERAL
6195,M,10,3,CARDIOLOGY
6196,F,6,4,ORTHOPEDICS
6197,M,1,5,CARDIOLOGY
6198,F,1,5,GENERAL
6199,M,13,2,ORTHOPEDICS
6200,M,11,3,SURGERY
6201,F,6,4,ORTHOPEDICS
6202,M,11,3,GENERAL
6203,M,6,4,ORTHOPEDICS
6204,F,10,4,ORTHOPEDICS
6205,M,6,4,GENERAL
6206,F,7,4,CARDIOLOGY
6207,M,6,4,GENERAL
6208,F,6,5,SURGERY
6209,M,11,3,GENERAL
6210,F,1,5,ORTHOPEDICS
6211,F,10,4,GENERAL
6212,F,6,4,ORTHOPEDICS
6213,F,11,3,SURGERY
6214,M,11,3,GENERAL
6215,F,1,5,ORTHOPEDICS
6216,F,6,4,GENERAL
6217,F,10,3,SURGERY
6218,F,10,3,GENERAL
6219,M,10,3,CARDIOLOGY
6220,F,10,4,SURGERY
6221,F,1,5,GENERAL
6222,F,6,4,ORTHOPEDICS
6223,F,1,5,SURGERY
6224,M,11,3,GENERAL
6225,F,6,4,ORTHOPEDICS
6226,M,6,4,ORTHOPEDICS
6227,M,1,6,SURGERY
6228,F,13,2,GENERAL
6229,M,6,4,ORTHOPEDICS
6230,F,1,5,GENERAL
6231,M,6,4,SURGERY
6232,M,11,3,SURGERY
6233,F,1,5,GENERAL
6234,M,1,5,ORTHOPEDICS
6235,F,11,3,GENERAL
6236,F,6,4,GENERAL
6237,F,10,3,GENERAL
6238,F,10,3,ORTHOPEDICS
6239,F,1,5,SURGERY
6240,F,10,4,GENERAL
6241,F,13,2,SURGERY
6242,M,1,5,SURGERY
6243,F,6,4,GENERAL
6244,F,6,4,GENERAL
6245,M,6,4,CARDIOLOGY
6246,F,1,5,CARDIOLOGY
6247,M,10,3,GENERAL
6248,M,1,5,ORTHOPEDICS
6249,F,6,4,GENERAL
6250,M,1,5,CARDIOLOGY
6251,F,10,3,ORTHOPEDICS
6252,M,1,5,SURGERY
6253,M,6,4,GENERAL
6254,F,10,4,SURGERY
6255,F,1,6,GENERAL
6256,M,13,3,ORTHOPEDICS
6257,M,6,4,GENERAL
6258,F,13,3,GENERAL
6259,M,1,5,ORTHOPEDICS
6260,M,6,4,ORTHOPEDICS
6261,F,1,5,SURGERY
6262,M,1,6,SURGERY
6263,M,1,6,GENERAL
6264,M,8,4,CARDIOLOGY
6265,F,1,5,GENERAL
6266,M,13,3,CARDIOLOGY
6267,F,1,5,CARDIOLOGY
6268,F,1,5,GENERAL
6269,F,1,5,GENERAL
6270,F,13,2,CARDIOLOGY
6271,M,1,5,SURGERY
6272,M,10,3,GENERAL
6273,M,6,4,SURGERY
6274,F,11,3,GENERAL
6275,F,13,3,CARDIOLOGY
6276,F,6,4,ORTHOPEDICS
6277,M,6,4,GENERAL
6278,F,6,4,CARDIOLOGY
6279,F,1,5,ORTHOPEDICS
6280,F,13,3,ORTHOPEDICS
6281,F,1,5,CARDIOLOGY
6282,M,11,3,GENERAL
6283,F,13,3,CARDIOLOGY
6284,M,1,6,GENERAL
6285,M,7,4,ORTHOPEDICS
6286,F,10,3,ORTHOPEDICS
6287,M,7,4,ORTHOPEDICS
6288,F,1,6,ORTHOPEDICS
6289,M,10,3,SURGERY
6290,M,6,4,GENERAL
6291,F,1,5,GENERAL
6292,M,6,4,ORTHOPEDICS
6293,F,11,3,ORTHOPEDICS
6294,F,1,5,GENERAL
6295,M,10,3,ORTHOPEDICS
6296,F,13,2,CARDIOLOGY
6297,F,7,4,CARDIOLOGY
6298,M,1,5,ORTHOPEDICS
6299,F,10,3,SURGERY
6300,M,1,5,SURGERY
6301,M,1,5,SURGERY
6302,F,6,4,CARDIOLOGY
6303,M,7,4,CARDIOLOGY
6304,M,10,3,SURGERY
6305,F,6,4,SURGERY
6306,F,6,4,SURGERY
6307,F,10,3,GENERAL
6308,M,6,4,GENERAL
6309,F,1,6,SURGERY
6310,F,11,3,CARDIOLOGY
6311,F,1,5,CARDIOLOGY
6312,F,10,4,ORTHOPEDICS
6313,M,13,2,GENERAL
6314,M,10,4,SURGERY
6315,F,10,4,SURGERY
6316,M,13,2,SURGERY
6317,F,11,3,GENERAL
6318,M,6,4,CARDIOLOGY
6319,F,1,5,SURGERY
6320,M,10,3,GENERAL
6321,M,6,4,SURGERY
6322,F,6,4,CARDIOLOGY
6323,F,11,3,SURGERY
6324,M,1,5,ORTHOPEDICS
6325,F,8,4,SURGERY
6326,F,10,3,GENERAL
6327,M,10,4,GENERAL
6328,F,10,3,SURGERY
6329,F,7,4,GENERAL
6330,M,11,3,ORTHOPEDICS
6331,F,1,5,CARDIOLOGY
6332,M,11,3,GENERAL
6333,F,13,2,ORTHOPEDICS
6334,M,11,3,GENERAL
6335,F,10,3,ORTHOPEDICS
6336,M,10,3,CARDIOLOGY
6337,M,6,4,SURGERY
6338,M,7,4,ORTHOPEDICS
6339,F,6,4,GENERAL
6340,M,10,4,GENERAL
6341,F,7,4,CARDIOLOGY
6342,M,6,4,SURGERY
6343,F,10,4,ORTHOPEDICS
6344,F,6,4,SURGERY
6345,F,6,4,GENERAL
6346,F,1,5,GENERAL
6347,M,11,3,CARDIOLOGY
6348,M,10,3,CARDIOLOGY
6349,M,1,6,ORTHOPEDICS
6350,F,1,5,GENERAL
6351,F,6,4,ORTHOPEDICS
6352,F,7,4,CARDIOLOGY
6353,M,6,4,CARDIOLOGY
6354,M,6,4,ORTHOPEDICS
6355,M,10,3,GENERAL
6356,M,1,6,CARDIOLOGY
6357,F,10,4,GENERAL
6358,F,11,3,SURGERY
6359,F,1,5,CARDIOLOGY
6360,F,1,5,GENERAL
6361,M,6,4,GENERAL
6362,M,13,2,GENERAL
6363,M,6,4,GENERAL
6364,M,10,4,CARDIOLOGY
6365,F,6,4,GENERAL
6366,F,1,5,GENERAL
6367,F,1,6,GENERAL
6368,F,8,4,GENERAL
6369,F,10,3,GENERAL
6370,F,1,7,ORTHOPEDICS
6371,M,10,4,GENERAL
6372,M,7,4,GENERAL
6373,M,10,4,GENERAL
6374,F,10,4,SURGERY
6375,F,10,4,CARDIOLOGY
6376,F,11,3,GENERAL
6377,M,11,3,GENERAL
6378,F,10,4,ORTHOPEDICS
6379,F,1,5,CARDIOLOGY
6380,F,10,3,CARDIOLOGY
6381,M,1,5,GENERAL
6382,F,6,4,CARDIOLOGY
6383,F,6,4,SURGERY
6384,F,1,7,CARDIOLOGY
6385,F,11,3,ORTHOPEDICS
6386,M,10,3,GENERAL
6387,M,6,4,GENERAL
6388,M,1,5,GENERAL
6389,M,6,4,ORTHOPEDICS
6390,F,1,5,ORTHOPEDICS
6391,F,11,3,GENERAL
6392,M,1,5,ORTHOPEDICS
6393,M,10,3,GENERAL
6394,F,10,3,GENERAL
6395,F,1,6,GENERAL
6396,M,1,6,GENERAL
6397,F,7,4,GENERAL
6398,F,10,4,ORTHOPEDICS
6399,M,1,5,ORTHOPEDICS
6400,M,6,4,SURGERY
