patient_id,gender,admission_day,los,required_specialty
1,M,1,5,CARDIOLOGY
2,F,10,3,GENERAL
3,F,6,4,GENERAL
4,M,1,5,CARDIOLOGY
5,M,13,2,GENERAL
6,F,10,3,SURGERY
7,F,7,4,GENERAL
8,M,13,2,CARDIOLOGY
9,M,1,5,SURGERY
10,F,6,4,SURGERY
11,F,13,2,GENERAL
12,M,1,5,CARDIOLOGY
13,M,13,2,ORTHOPEDICS
14,F,6,4,GENERAL
15,F,10,4,ORTHOPEDICS
16,M,6,4,GENERAL
17,F,7,4,SURGERY
18,M,6,4,GENERAL
19,F,1,5,ORTHOPEDICS
20,F,10,4,SURGERY
21,F,13,1,GENERAL
22,F,10,4,SURGERY
23,F,11,3,CARDIOLOGY
24,M,6,4,GENERAL
25,M,1,5,ORTHOPEDICS
26,F,7,4,SURGERY
27,M,10,4,SURGERY
28,F,1,5,GENERAL
29,M,6,4,SURGERY
30,F,10,4,GENERAL
31,F,11,3,ORTHOPEDICS
32,M,10,3,ORTHOPEDICS
33,M,11,3,SURGERY
34,M,10,3,SURGERY
35,M,1,5,GENERAL
36,M,10,3,SURGERY
37,F,1,5,GENERAL
38,F,1,5,CARDIOLOGY
39,F,6,4,SURGERY
40,F,11,3,GENERAL
41,F,6,4,GENERAL
42,M,1,5,GENERAL
43,F,7,4,CARDIOLOGY
44,M,6,4,GENERAL
45,M,6,4,GENERAL
46,F,6,4,CARDIOLOGY
47,M,6,4,ORTHOPEDICS
48,F,1,5,ORTHOPEDICS
49,F,10,3,GENERAL
50,M,6,4,ORTHOPEDICS
51,F,10,3,GENERAL
52,F,6,4,GENERAL
53,F,1,5,GENERAL
54,M,6,5,SURGERY
55,F,13,3,GENERAL
56,F,6,4,GENERAL
57,F,7,4,GENERAL
58,M,10,3,CARDIOLOGY
59,M,1,5,CARDIOLOGY
60,M,7,4,SURGERY
61,M,6,4,GENERAL
62,M,10,3,CARDIOLOGY
63,M,6,4,SURGERY
64,F,7,4,ORTHOPEDICS
65,F,10,3,SURGERY
66,F,1,6,GENERAL
67,M,1,5,GENERAL
68,M,10,3,GENERAL
69,F,10,4,CARDIOLOGY
70,F,1,6,ORTHOPEDICS
71,F,6,4,SURGERY
72,F,10,4,CARDIOLOGY
73,M,1,5,SURGERY
74,F,6,4,SURGERY
75,M,1,5,SURGERY
76,F,1,5,CARDIOLOGY
77,M,13,3,GENERAL
78,F,13,2,ORTHOPEDICS
79,F,6,4,SURGERY
80,M,1,5,GENERAL
81,M,1,6,ORTHOPEDICS
82,M,10,3,CARDIOLOGY
83,F,13,2,SURGERY
84,F,1,5,GENERAL
85,M,1,6,SURGERY
86,F,10,4,ORTHOPEDICS
87,M,6,4,ORTHOPEDICS
88,M,6,4,GENERAL
89,F,6,4,GENERAL
90,F,7,4,SURGERY
91,F,1,5,SURGERY
92,F,1,6,GENERAL
93,F,1,6,GENERAL
94,F,7,4,GENERAL
95,M,6,4,ORTHOPEDICS
96,M,1,6,SURGERY
97,M,10,4,SURGERY
98,F,11,3,GENERAL
99,M,11,3,ORTHOPEDICS
100,F,13,2,GENERAL
101,M,1,6,GENERAL
102,F,10,3,CARDIOLOGY
103,M,6,4,GENERAL
104,M,7,4,GENERAL
105,M,1,6,GENERAL
106,F,1,6,GENERAL
107,F,13,2,GENERAL
108,F,1,5,ORTHOPEDICS
109,M,1,6,ORTHOPEDICS
110,M,1,5,GENERAL
111,F,1,5,GENERAL
112,M,13,2,GENERAL
113,M,6,4,GENERAL
114,F,6,4,GENERAL
115,M,1,6,SURGERY
116,F,10,4,ORTHOPEDICS
117,F,6,4,GENERAL
118,F,6,4,GENERAL
119,M,6,4,ORTHOPEDICS
120,M,10,4,GENERAL
121,M,1,5,ORTHOPEDICS
122,F,1,5,GENERAL
123,F,1,6,GENERAL
124,M,13,2,GENERAL
125,M,1,5,ORTHOPEDICS
126,M,1,5,GENERAL
127,M,6,4,ORTHOPEDICS
128,M,6,4,CARDIOLOGY
129,F,1,5,GENERAL
130,F,6,4,GENERAL
131,F,1,5,GENERAL
132,F,10,3,ORTHOPEDICS
133,F,1,5,GENERAL
134,M,10,3,SURGERY
135,M,6,4,ORTHOPEDICS
136,F,1,5,ORTHOPEDICS
137,M,10,3,ORTHOPEDICS
138,M,1,5,GENERAL
139,F,10,3,GENERAL
140,M,13,2,CARDIOLOGY
141,M,11,3,GENERAL
142,M,7,4,SURGERY
143,F,6,5,ORTHOPEDICS
144,F,6,4,SURGERY
145,F,13,2,SURGERY
146,F,6,5,ORTHOPEDICS
147,F,13,3,GENERAL
148,F,10,3,GENERAL
149,M,6,4,CARDIOLOGY
150,F,6,4,GENERAL
151,F,6,4,GENERAL
152,F,6,4,SURGERY
153,F,10,3,CARDIOLOGY
154,F,6,4,SURGERY
155,F,1,5,GENERAL
156,M,1,6,CARDIOLOGY
157,M,10,4,GENERAL
158,M,6,4,CARDIOLOGY
159,M,1,5,GENERAL
160,M,1,6,ORTHOPEDICS
161,F,1,6,SURGERY
162,M,1,5,ORTHOPEDICS
163,M,6,4,GENERAL
164,M,1,7,CARDIOLOGY
165,F,12,3,SURGERY
166,F,10,4,SURGERY
167,M,11,3,ORTHOPEDICS
168,M,1,6,GENERAL
169,F,1,5,CARDIOLOGY
170,F,11,3,GENERAL
171,M,6,5,GENERAL
172,M,11,3,ORTHOPEDICS
173,F,13,2,CARDIOLOGY
174,M,10,4,GENERAL
175,F,11,3,CARDIOLOGY
176,F,1,5,ORTHOPEDICS
177,F,6,4,ORTHOPEDICS
178,F,10,3,CARDIOLOGY
179,F,1,5,GENERAL
180,M,10,3,SURGERY
181,F,6,4,ORTHOPEDICS
182,F,13,3,SURGERY
183,M,10,3,GENERAL
184,M,1,5,SURGERY
185,M,13,2,GENERAL
186,M,6,4,CARDIOLOGY
187,F,6,4,GENERAL
188,F,1,5,CARDIOLOGY
189,M,1,5,GENERAL
190,M,1,5,ORTHOPEDICS
191,F,6,4,SURGERY
192,F,11,3,CARDIOLOGY
193,F,11,3,SURGERY
194,F,10,3,CARDIOLOGY
195,M,1,6,CARDIOLOGY
196,M,6,4,SURGERY
197,M,6,4,SURGERY
198,F,6,4,CARDIOLOGY
199,M,6,4,ORTHOPEDICS
200,M,10,3,GENERAL
201,M,6,4,CARDIOLOGY
202,F,6,4,GENERAL
203,F,12,3,CARDIOLOGY
204,F,1,5,SURGERY
205,F,6,4,ORTHOPEDICS
206,M,13,1,GENERAL
207,F,13,3,GENERAL
208,M,13,2,SURGERY
209,F,13,2,SURGERY
210,F,1,5,SURGERY
211,M,11,3,SURGERY
212,F,1,5,SURGERY
213,M,10,3,CARDIOLOGY
214,M,13,3,SURGERY
215,F,7,4,GENERAL
216,M,13,2,GENERAL
217,F,13,1,GENERAL
218,M,1,5,GENERAL
219,M,1,5,ORTHOPEDICS
220,M,11,3,GENERAL
221,F,1,5,SURGERY
222,M,11,3,GENERAL
223,F,8,4,ORTHOPEDICS
224,F,10,4,GENERAL
225,M,7,4,CARDIOLOGY
226,F,1,5,ORTHOPEDICS
227,M,13,3,CARDIOLOGY
228,M,10,4,CARDIOLOGY
229,F,6,4,CARDIOLOGY
230,F,1,5,GENERAL
231,F,6,4,SURGERY
232,M,10,3,GENERAL
233,F,1,5,ORTHOPEDICS
234,M,1,5,SURGERY
235,F,1,5,CARDIOLOGY
236,F,10,3,ORTHOPEDICS
237,F,13,2,CARDIOLOGY
238,F,1,5,ORTHOPEDICS
239,F,11,3,CARDIOLOGY
240,F,6,4,ORTHOPEDICS
241,F,10,3,CARDIOLOGY
242,M,6,4,CARDIOLOGY
243,M,10,3,SURGERY
244,F,13,2,SURGERY
245,F,12,3,GENERAL
246,M,11,3,GENERAL
247,F,1,5,GENERAL
248,F,1,5,GENERAL
249,M,10,3,GENERAL
250,M,6,4,CARDIOLOGY
251,M,6,4,GENERAL
252,M,1,6,CARDIOLOGY
253,M,8,4,SURGERY
254,M,6,4,GENERAL
255,F,6,4,ORTHOPEDICS
256,M,1,6,ORTHOPEDICS
257,M,11,3,ORTHOPEDICS
258,F,11,3,GENERAL
259,F,11,3,GENERAL
260,F,13,1,GENERAL
261,M,6,4,ORTHOPEDICS
262,F,1,6,SURGERY
263,M,1,5,SURGERY
264,F,6,4,GENERAL
265,M,11,3,GENERAL
266,F,1,6,GENERAL
267,M,6,4,SURGERY
268,F,1,5,CARDIOLOGY
269,M,10,3,GENERAL
270,F,10,3,SURGERY
271,F,13,2,ORTHOPEDICS
272,F,6,4,CARDIOLOGY
273,F,1,5,GENERAL
274,M,13,2,CARDIOLOGY
275,M,10,4,SURGERY
276,F,10,3,ORTHOPEDICS
277,M,10,3,SURGERY
278,M,1,6,CARDIOLOGY
279,F,13,2,GENERAL
280,M,1,5,GENERAL
281,M,1,6,GENERAL
282,M,1,5,GENERAL
283,M,1,5,SURGERY
284,M,6,4,GENERAL
285,M,1,5,CARDIOLOGY
286,M,1,5,ORTHOPEDICS
287,F,10,3,SURGERY
288,M,6,4,SURGERY
289,F,6,4,CARDIOLOGY
290,F,6,4,ORTHOPEDICS
291,M,1,7,GENERAL
292,M,6,4,CARDIOLOGY
293,F,1,5,CARDIOLOGY
294,F,6,4,ORTHOPEDICS
295,M,10,4,ORTHOPEDICS
296,F,10,4,GENERAL
297,M,1,5,CARDIOLOGY
298,F,1,5,CARDIOLOGY
299,M,6,4,SURGERY
300,M,6,4,GENERAL
301,F,7,4,GENERAL
302,F,13,1,SURGERY
303,F,7,4,CARDIOLOGY
304,M,6,4,GENERAL
305,F,1,5,GENERAL
306,F,13,2,GENERAL
307,M,13,3,ORTHOPEDICS
308,M,10,3,GENERAL
309,F,6,4,GENERAL
310,M,10,4,CARDIOLOGY
311,F,10,4,GENERAL
312,M,6,4,GENERAL
313,M,13,2,SURGERY
314,F,7,4,SURGERY
315,M,10,3,GENERAL
316,M,6,4,CARDIOLOGY
317,M,1,5,GENERAL
318,F,6,4,GENERAL
319,M,1,5,GENERAL
320,M,1,5,CARDIOLOGY
321,F,11,3,ORTHOPEDICS
322,F,10,3,ORTHOPEDICS
323,M,1,5,GENERAL
324,M,1,5,CARDIOLOGY
325,F,10,3,SURGERY
326,F,6,4,SURGERY
327,M,1,5,GENERAL
328,F,1,6,CARDIOLOGY
329,F,6,4,CARDIOLOGY
330,F,1,5,GENERAL
331,M,1,5,GENERAL
332,M,11,3,GENERAL
333,F,10,4,GENERAL
334,M,7,4,GENERAL
335,M,1,5,SURGERY
336,F,10,4,ORTHOPEDICS
337,M,10,4,GENERAL
338,M,7,4,CARDIOLOGY
339,M,13,2,ORTHOPEDICS
340,F,1,5,ORTHOPEDICS
341,M,10,3,ORTHOPEDICS
342,M,10,3,GENERAL
343,M,11,3,SURGERY
344,F,1,5,SURGERY
345,F,10,3,CARDIOLOGY
346,F,1,6,SURGERY
347,M,10,4,ORTHOPEDICS
348,M,7,4,CARDIOLOGY
349,F,11,3,CARDIOLOGY
350,M,13,2,CARDIOLOGY
351,M,1,5,CARDIOLOGY
352,F,6,5,SURGERY
353,M,10,3,SURGERY
354,M,10,3,GENERAL
355,F,13,2,GENERAL
356,F,1,6,GENERAL
357,M,10,4,CARDIOLOGY
358,M,10,4,SURGERY
359,M,11,3,ORTHOPEDICS
360,F,10,4,GENERAL
361,F,1,5,SURGERY
362,F,10,3,ORTHOPEDICS
363,F,10,4,ORTHOPEDICS
364,F,1,6,ORTHOPEDICS
365,F,1,5,GENERAL
366,F,6,4,GENERAL
367,M,10,3,CARDIOLOGY
368,M,1,5,GENERAL
369,M,6,4,ORTHOPEDICS
370,M,6,4,SURGERY
371,F,13,3,CARDIOLOGY
372,M,10,3,GENERAL
373,F,1,5,CARDIOLOGY
374,F,6,4,GENERAL
375,M,1,5,GENERAL
376,F,6,5,GENERAL
377,M,10,4,ORTHOPEDICS
378,F,10,4,CARDIOLOGY
379,F,13,3,CARDIOLOGY
380,M,11,3,CARDIOLOGY
381,F,10,3,SURGERY
382,F,6,5,SURGERY
383,M,7,4,CARDIOLOGY
384,F,11,3,GENERAL
385,F,13,1,SURGERY
386,F,13,2,GENERAL
387,M,6,5,GENERAL
388,F,1,6,GENERAL
389,M,8,4,GENERAL
390,F,1,5,GENERAL
391,M,1,5,CARDIOLOGY
392,M,10,3,GENERAL
393,F,6,4,GENERAL
394,M,1,6,GENERAL
395,M,13,3,GENERAL
396,F,13,2,CARDIOLOGY
397,M,1,6,ORTHOPEDICS
398,F,12,3,GENERAL
399,F,10,3,ORTHOPEDICS
400,M,10,4,GENERAL
401,M,10,4,CARDIOLOGY
402,F,13,2,GENERAL
403,M,1,5,GENERAL
404,M,7,4,GENERAL
405,F,10,4,GENERAL
406,M,1,5,ORTHOPEDICS
407,F,1,5,GENERAL
408,F,6,4,GENERAL
409,F,10,3,GENERAL
410,F,10,3,CARDIOLOGY
411,F,1,6,SURGERY
412,M,6,4,GENERAL
413,F,6,4,GENERAL
414,M,6,4,ORTHOPEDICS
415,M,6,4,ORTHOPEDICS
416,M,13,2,SURGERY
417,F,6,4,GENERAL
418,M,11,3,ORTHOPEDICS
419,F,10,4,SURGERY
420,F,13,1,GENERAL
421,F,1,5,CARDIOLOGY
422,M,11,3,GENERAL
423,M,10,4,GENERAL
424,F,7,4,SURGERY
425,F,1,5,SURGERY
426,M,6,4,CARDIOLOGY
427,F,1,5,SURGERY
428,M,1,5,SURGERY
429,M,6,4,SURGERY
430,F,13,2,SURGERY
431,F,6,4,ORTHOPEDICS
432,M,10,4,ORTHOPEDICS
433,M,6,4,ORTHOPEDICS
434,M,1,5,GENERAL
435,F,10,4,GENERAL
436,M,6,4,SURGERY
437,F,6,4,GENERAL
438,F,1,5,ORTHOPEDICS
439,F,6,4,ORTHOPEDICS
440,M,1,5,ORTHOPEDICS
441,F,13,3,ORTHOPEDICS
442,F,10,3,GENERAL
443,M,1,6,ORTHOPEDICS
444,F,1,5,SURGERY
445,M,13,2,ORTHOPEDICS
446,F,6,4,ORTHOPEDICS
447,F,6,4,GENERAL
448,M,10,3,GENERAL
449,F,10,4,GENERAL
450,M,11,3,GENERAL
451,M,10,4,GENERAL
452,M,13,1,GENERAL
453,M,10,3,GENERAL
454,M,1,5,GENERAL
455,F,6,4,GENERAL
456,M,6,4,GENERAL
457,M,1,5,GENERAL
458,F,11,3,GENERAL
459,M,10,3,SURGERY
460,F,6,4,GENERAL
461,M,6,4,CARDIOLOGY
462,M,1,5,GENERAL
463,M,6,4,SURGERY
464,F,11,3,ORTHOPEDICS
465,M,1,5,GENERAL
466,M,10,4,CARDIOLOGY
467,F,1,5,CARDIOLOGY
468,M,10,3,CARDIOLOGY
469,M,6,4,CARDIOLOGY
470,F,1,5,CARDIOLOGY
471,F,10,3,GENERAL
472,F,10,3,SURGERY
473,F,1,5,GENERAL
474,F,13,2,GENERAL
475,F,13,2,GENERAL
476,M,13,3,SURGERY
477,F,6,4,GENERAL
478,M,1,6,ORTHOPEDICS
479,M,10,3,GENERAL
480,M,1,5,ORTHOPEDICS
481,F,10,3,CARDIOLOGY
482,F,11,3,CARDIOLOGY
483,M,6,4,GENERAL
484,M,10,4,GENERAL
485,M,1,6,ORTHOPEDICS
486,M,10,4,GENERAL
487,F,1,5,SURGERY
488,F,13,3,CARDIOLOGY
489,F,10,3,SURGERY
490,F,6,4,SURGERY
491,F,1,6,ORTHOPEDICS
492,M,10,3,SURGERY
493,F,10,3,GENERAL
494,M,1,6,GENERAL
495,F,11,3,GENERAL
496,M,11,3,CARDIOLOGY
497,M,7,4,GENERAL
498,F,11,3,GENERAL
499,M,6,5,GENERAL
500,M,6,4,CARDIOLOGY
501,F,1,5,GENERAL
502,F,11,3,SURGERY
503,F,10,3,SURGERY
504,F,6,4,GENERAL
505,F,1,5,ORTHOPEDICS
506,F,1,5,SURGERY
507,F,10,4,CARDIOLOGY
508,M,6,4,GENERAL
509,M,1,5,GENERAL
510,F,8,4,GENERAL
511,F,13,3,GENERAL
512,F,11,3,SURGERY
513,M,8,4,GENERAL
514,M,6,4,SURGERY
515,M,10,4,GENERAL
516,F,1,5,SURGERY
517,F,11,3,SURGERY
518,F,10,3,GENERAL
519,F,7,4,ORTHOPEDICS
520,M,1,5,SURGERY
521,M,13,2,ORTHOPEDICS
522,M,6,4,ORTHOPEDICS
523,F,6,4,CARDIOLOGY
524,M,1,5,GENERAL
525,M,6,4,ORTHOPEDICS
526,F,10,4,ORTHOPEDICS
527,M,1,5,SURGERY
528,F,6,4,GENERAL
529,F,6,4,CARDIOLOGY
530,F,1,6,CARDIOLOGY
531,F,6,4,CARDIOLOGY
532,F,6,4,SURGERY
533,M,13,3,ORTHOPEDICS
534,F,13,2,CARDIOLOGY
535,M,1,5,GENERAL
536,M,1,5,ORTHOPEDICS
537,F,1,5,SURGERY
538,F,13,2,GENERAL
539,F,10,3,CARDIOLOGY
540,F,10,4,GENERAL
541,M,1,5,GENERAL
542,M,10,3,GENERAL
543,F,13,3,GENERAL
544,F,1,5,SURGERY
545,F,10,3,GENERAL
546,F,11,3,GENERAL
547,F,1,6,CARDIOLOGY
548,F,13,2,GENERAL
549,F,6,4,CARDIOLOGY
550,F,1,5,SURGERY
551,M,10,4,GENERAL
552,F,6,4,GENERAL
553,F,6,4,GENERAL
554,M,6,4,CARDIOLOGY
555,M,6,4,GENERAL
556,M,7,4,GENERAL
557,F,13,3,GENERAL
558,F,6,5,SURGERY
559,M,10,4,GENERAL
560,M,1,6,SURGERY
561,M,6,4,ORTHOPEDICS
562,M,1,5,GENERAL
563,F,11,3,GENERAL
564,M,6,4,GENERAL
565,F,10,3,ORTHOPEDICS
566,F,10,4,ORTHOPEDICS
567,M,6,4,SURGERY
568,F,6,4,CARDIOLOGY
569,M,10,3,GENERAL
570,M,8,4,GENERAL
571,F,10,3,ORTHOPEDICS
572,F,1,5,GENERAL
573,M,1,5,ORTHOPEDICS
574,M,10,3,GENERAL
575,M,1,6,SURGERY
576,M,6,4,ORTHOPEDICS
577,M,6,4,GENERAL
578,F,10,4,GENERAL
579,F,1,5,CARDIOLOGY
580,M,1,7,GENERAL
581,M,13,2,SURGERY
582,M,1,5,CARDIOLOGY
583,F,1,5,CARDIOLOGY
584,M,13,2,GENERAL
585,F,1,5,CARDIOLOGY
586,M,10,3,GENERAL
587,F,1,5,CARDIOLOGY
588,F,1,5,GENERAL
589,M,6,4,SURGERY
590,M,1,5,GENERAL
591,M,7,4,CARDIOLOGY
592,M,13,2,ORTHOPEDICS
593,M,1,5,GENERAL
594,M,10,4,CARDIOLOGY
595,F,12,3,GENERAL
596,M,1,5,SURGERY
597,M,1,5,CARDIOLOGY
598,M,1,5,GENERAL
599,F,1,6,CARDIOLOGY
600,F,10,4,GENERAL
601,M,7,4,SURGERY
602,M,13,2,GENERAL
603,F,11,3,GENERAL
604,M,1,5,GENERAL
605,M,13,2,GENERAL
606,F,1,5,GENERAL
607,F,13,2,GENERAL
608,F,1,5,ORTHOPEDICS
609,M,10,4,SURGERY
610,F,10,3,ORTHOPEDICS
611,F,13,3,CARDIOLOGY
612,F,13,3,SURGERY
613,M,6,4,GENERAL
614,F,13,3,CARDIOLOGY
615,F,11,3,GENERAL
616,M,13,2,GENERAL
617,M,11,3,SURGERY
618,M,6,5,SURGERY
619,F,7,4,CARDIOLOGY
620,F,1,5,GENERAL
621,M,13,2,GENERAL
622,F,11,3,GENERAL
623,M,13,2,GENERAL
624,M,11,3,SURGERY
625,F,11,3,ORTHOPEDICS
626,F,6,4,GENERAL
627,F,1,5,GENERAL
628,M,6,4,CARDIOLOGY
629,M,6,4,GENERAL
630,F,6,4,SURGERY
631,M,1,5,CARDIOLOGY
632,F,10,4,SURGERY
633,F,6,4,CARDIOLOGY
634,F,13,2,GENERAL
635,F,1,5,CARDIOLOGY
636,F,6,4,CARDIOLOGY
637,F,11,3,ORTHOPEDICS
638,F,6,4,CARDIOLOGY
639,F,1,5,GENERAL
640,F,6,4,CARDIOLOGY
641,F,6,4,GENERAL
642,M,10,4,GENERAL
643,F,6,4,SURGERY
644,M,1,5,GENERAL
645,F,10,3,SURGERY
646,M,6,4,GENERAL
647,M,6,4,SURGERY
648,F,10,4,ORTHOPEDICS
649,M,6,4,GENERAL
650,M,1,5,CARDIOLOGY
651,F,7,4,ORTHOPEDICS
652,F,6,4,SURGERY
653,F,11,3,GENERAL
654,F,6,4,CARDIOLOGY
655,M,6,4,GENERAL
656,M,6,4,GENERAL
657,F,11,3,ORTHOPEDICS
658,F,6,5,GENERAL
659,M,10,4,SURGERY
660,F,1,6,SURGERY
661,M,13,3,SURGERY
662,M,13,2,GENERAL
663,M,10,4,GENERAL
664,M,6,4,CARDIOLOGY
665,F,13,2,GENERAL
666,F,1,6,ORTHOPEDICS
667,M,13,2,GENERAL
668,M,6,4,GENERAL
669,M,13,2,CARDIOLOGY
670,F,6,4,CARDIOLOGY
671,M,10,3,ORTHOPEDICS
672,M,10,3,CARDIOLOGY
673,M,10,3,CARDIOLOGY
674,M,10,3,ORTHOPEDICS
675,F,6,4,ORTHOPEDICS
676,M,11,3,ORTHOPEDICS
677,F,6,4,GENERAL
678,M,6,4,ORTHOPEDICS
679,F,10,4,GENERAL
680,F,1,5,ORTHOPEDICS
681,F,13,2,CARDIOLOGY
682,M,1,7,ORTHOPEDICS
683,F,1,5,SURGERY
684,F,6,4,ORTHOPEDICS
685,M,1,5,GENERAL
686,M,13,2,CARDIOLOGY
687,M,1,5,GENERAL
688,M,10,4,ORTHOPEDICS
689,M,10,3,GENERAL
690,M,10,4,SURGERY
691,M,7,4,CARDIOLOGY
692,F,10,3,ORTHOPEDICS
693,M,1,6,CARDIOLOGY
694,M,1,5,ORTHOPEDICS
695,M,10,3,GENERAL
696,M,1,6,CARDIOLOGY
697,M,11,3,ORTHOPEDICS
698,F,11,3,CARDIOLOGY
699,F,1,5,SURGERY
700,M,6,4,ORTHOPEDICS
701,M,13,3,GENERAL
702,M,1,5,CARDIOLOGY
703,M,7,4,SURGERY
704,M,1,5,SURGERY
705,F,10,4,CARDIOLOGY
706,F,6,4,CARDIOLOGY
707,M,6,4,ORTHOPEDICS
708,M,6,4,GENERAL
709,M,10,3,CARDIOLOGY
710,M,10,3,GENERAL
711,M,6,4,SURGERY
712,F,1,5,CARDIOLOGY
713,F,10,4,GENERAL
714,F,1,5,ORTHOPEDICS
715,M,1,5,GENERAL
716,F,10,3,ORTHOPEDICS
717,F,13,2,GENERAL
718,F,6,4,GENERAL
719,F,6,4,GENERAL
720,F,10,3,CARDIOLOGY
721,F,10,4,SURGERY
722,M,10,3,GENERAL
723,M,6,4,CARDIOLOGY
724,F,13,2,GENERAL
725,F,10,4,GENERAL
726,F,7,4,SURGERY
727,M,11,3,SURGERY
728,F,10,4,ORTHOPEDICS
729,M,6,4,GENERAL
730,F,1,6,SURGERY
731,F,1,5,CARDIOLOGY
732,M,10,3,SURGERY
733,M,10,3,ORTHOPEDICS
734,M,1,6,ORTHOPEDICS
735,F,10,3,CARDIOLOGY
736,M,10,3,ORTHOPEDICS
737,F,10,3,SURGERY
738,M,1,6,ORTHOPEDICS
739,F,6,4,GENERAL
740,F,6,4,GENERAL
741,M,1,5,SURGERY
742,F,13,2,GENERAL
743,M,1,6,SURGERY
744,M,11,3,SURGERY
745,F,10,3,ORTHOPEDICS
746,F,6,4,CARDIOLOGY
747,M,6,4,CARDIOLOGY
748,M,1,5,GENERAL
749,F,6,4,GENERAL
750,M,1,5,ORTHOPEDICS
751,M,1,5,SURGERY
752,F,10,3,CARDIOLOGY
753,F,1,5,SURGERY
754,M,6,4,GENERAL
755,M,7,4,CARDIOLOGY
756,M,6,4,GENERAL
757,M,1,5,GENERAL
758,M,6,4,CARDIOLOGY
759,F,1,5,CARDIOLOGY
760,F,6,4,ORTHOPEDICS
761,F,1,5,GENERAL
762,M,6,4,ORTHOPEDICS
763,F,1,5,SURGERY
764,M,10,3,ORTHOPEDICS
765,M,7,4,GENERAL
766,M,13,3,ORTHOPEDICS
767,F,1,6,GENERAL
768,F,11,3,CARDIOLOGY
769,F,11,3,GENERAL
770,F,11,3,ORTHOPEDICS
771,F,1,7,CARDIOLOGY
772,F,1,5,SURGERY
773,M,10,3,SURGERY
774,F,10,4,GENERAL
775,F,6,4,ORTHOPEDICS
776,F,1,5,ORTHOPEDICS
777,F,10,3,SURGERY
778,F,10,4,GENERAL
779,F,13,3,CARDIOLOGY
780,M,1,5,SURGERY
781,F,10,3,GENERAL
782,M,10,3,SURGERY
783,F,10,4,GENERAL
784,M,10,3,SURGERY
785,F,6,4,GENERAL
786,M,1,5,ORTHOPEDICS
787,F,11,3,CARDIOLOGY
788,M,10,3,SURGERY
789,M,6,4,ORTHOPEDICS
790,M,1,5,ORTHOPEDICS
791,F,7,4,CARDIOLOGY
792,M,13,1,GENERAL
793,F,1,6,GENERAL
794,M,11,3,CARDIOLOGY
795,M,1,5,ORTHOPEDICS
796,F,10,3,ORTHOPEDICS
797,M,10,4,CARDIOLOGY
798,M,6,4,GENERAL
799,F,6,4,SURGERY
800,M,13,3,SURGERY
801,F,6,4,CARDIOLOGY
802,M,7,4,CARDIOLOGY
803,M,1,5,SURGERY
804,F,6,4,GENERAL
805,M,6,5,SURGERY
806,M,6,4,CARDIOLOGY
807,M,10,3,GENERAL
808,F,1,5,GENERAL
809,F,6,4,GENERAL
810,M,1,5,CARDIOLOGY
811,M,10,3,SURGERY
812,F,6,4,CARDIOLOGY
813,F,7,4,GENERAL
814,F,10,4,CARDIOLOGY
815,M,1,5,GENERAL
816,M,6,4,SURGERY
817,M,10,4,GENERAL
818,M,11,3,SURGERY
819,F,10,3,CARDIOLOGY
820,F,6,4,GENERAL
821,M,7,4,ORTHOPEDICS
822,M,11,3,SURGERY
823,M,13,2,GENERAL
824,M,10,4,ORTHOPEDICS
825,M,6,4,CARDIOLOGY
826,F,11,3,GENERAL
827,M,1,5,GENERAL
828,M,1,5,ORTHOPEDICS
829,M,7,4,GENERAL
830,M,10,3,CARDIOLOGY
831,F,6,5,GENERAL
832,M,10,3,GENERAL
833,F,6,4,ORTHOPEDICS
834,M,10,3,GENERAL
835,F,6,5,SURGERY
836,F,6,4,GENERAL
837,M,6,4,CARDIOLOGY
838,M,1,5,GENERAL
839,M,11,3,GENERAL
840,F,6,4,GENERAL
841,M,1,5,ORTHOPEDICS
842,F,10,4,CARDIOLOGY
843,M,6,4,GENERAL
844,M,1,5,ORTHOPEDICS
845,M,10,4,GENERAL
846,F,6,4,ORTHOPEDICS
847,M,13,2,ORTHOPEDICS
848,M,6,4,GENERAL
849,M,1,5,GENERAL
850,F,13,2,CARDIOLOGY
851,F,11,3,SURGERY
852,M,1,5,GENERAL
853,M,10,4,SURGERY
854,M,1,5,GENERAL
855,F,10,4,CARDIOLOGY
856,M,6,4,SURGERY
857,M,10,3,CARDIOLOGY
858,F,11,3,GENERAL
859,M,6,5,ORTHOPEDICS
860,M,1,5,GENERAL
861,F,6,4,SURGERY
862,F,1,5,GENERAL
863,F,1,5,GENERAL
864,M,1,5,GENERAL
865,F,10,3,SURGERY
866,M,6,4,GENERAL
867,M,7,4,ORTHOPEDICS
868,F,1,6,ORTHOPEDICS
869,M,10,3,SURGERY
870,F,13,3,GENERAL
871,M,1,6,SURGERY
872,F,6,4,GENERAL
873,M,13,2,SURGERY
874,F,1,6,ORTHOPEDICS
875,F,7,4,GENERAL
876,F,12,3,GENERAL
877,F,6,4,GENERAL
878,F,10,3,GENERAL
879,M,6,4,ORTHOPEDICS
880,F,6,4,ORTHOPEDICS
881,F,10,3,ORTHOPEDICS
882,F,10,3,GENERAL
883,M,6,4,CARDIOLOGY
884,M,13,2,SURGERY
885,F,1,5,ORTHOPEDICS
886,F,10,3,CARDIOLOGY
887,F,1,5,GENERAL
888,M,11,3,GENERAL
889,F,6,4,CARDIOLOGY
890,F,6,4,GENERAL
891,F,11,3,ORTHOPEDICS
892,F,1,6,CARDIOLOGY
893,M,10,3,GENERAL
894,M,1,5,ORTHOPEDICS
895,F,6,5,SURGERY
896,F,1,5,ORTHOPEDICS
897,F,1,5,GENERAL
898,F,10,3,SURGERY
899,M,6,5,GENERAL
900,M,10,3,GENERAL
901,F,1,6,CARDIOLOGY
902,M,1,5,CARDIOLOGY
903,M,10,4,GENERAL
904,F,11,3,SURGERY
905,M,6,4,GENERAL
906,M,8,4,GENERAL
907,M,10,3,GENERAL
908,M,10,4,CARDIOLOGY
909,F,11,3,CARDIOLOGY
910,F,1,5,GENERAL
911,M,10,3,GENERAL
912,F,10,4,CARDIOLOGY
913,F,6,4,CARDIOLOGY
914,F,1,6,GENERAL
915,M,6,5,GENERAL
916,M,6,4,GENERAL
917,F,1,5,CARDIOLOGY
918,F,11,3,SURGERY
919,M,7,4,SURGERY
920,M,10,3,CARDIOLOGY
921,M,1,5,GENERAL
922,F,1,6,GENERAL
923,M,1,6,ORTHOPEDICS
924,F,11,3,GENERAL
925,F,10,4,GENERAL
926,F,10,3,GENERAL
927,F,11,3,SURGERY
928,F,6,4,SURGERY
929,F,7,4,GENERAL
930,F,6,5,GENERAL
931,F,11,3,GENERAL
932,M,6,4,GENERAL
933,F,6,4,GENERAL
934,M,1,5,GENERAL
935,M,6,4,ORTHOPEDICS
936,M,1,5,ORTHOPEDICS
937,F,10,3,CARDIOLOGY
938,F,13,3,GENERAL
939,F,10,4,CARDIOLOGY
940,M,12,3,SURGERY
941,F,13,3,SURGERY
942,M,1,6,GENERAL
943,M,1,5,GENERAL
944,F,13,2,SURGERY
945,F,13,3,ORTHOPEDICS
946,M,10,4,CARDIOLOGY
947,F,10,3,ORTHOPEDICS
948,M,11,3,GENERAL
949,M,1,6,SURGERY
950,F,7,4,ORTHOPEDICS
951,F,6,4,SURGERY
952,F,10,3,ORTHOPEDICS
953,F,6,4,GENERAL
954,M,1,5,GENERAL
955,M,6,4,CARDIOLOGY
956,F,10,3,SURGERY
957,M,1,5,ORTHOPEDICS
958,F,1,6,GENERAL
959,M,7,4,GENERAL
960,M,1,5,GENERAL
961,M,10,4,GENERAL
962,F,1,5,GENERAL
963,M,1,6,ORTHOPEDICS
964,M,6,4,ORTHOPEDICS
965,M,7,4,ORTHOPEDICS
966,F,6,4,GENERAL
967,F,6,4,GENERAL
968,F,1,5,CARDIOLOGY
969,M,1,6,SURGERY
970,M,10,4,GENERAL
971,F,10,3,CARDIOLOGY
972,M,11,3,CARDIOLOGY
973,F,10,4,GENERAL
974,F,1,5,SURGERY
975,M,13,2,ORTHOPEDICS
976,M,10,4,CARDIOLOGY
977,F,10,3,CARDIOLOGY
978,M,11,3,CARDIOLOGY
979,F,6,4,GENERAL
980,M,1,5,ORTHOPEDICS
981,F,1,6,SURGERY
982,F,6,4,CARDIOLOGY
983,M,1,5,CARDIOLOGY
984,M,10,4,GENERAL
985,M,1,6,CARDIOLOGY
986,M,6,4,GENERAL
987,F,6,4,GENERAL
988,F,1,5,CARDIOLOGY
989,M,1,5,CARDIOLOGY
990,M,1,5,CARDIOLOGY
991,F,1,5,SURGERY
992,F,10,3,ORTHOPEDICS
993,F,13,3,SURGERY
994,M,10,3,ORTHOPEDICS
995,M,13,2,ORTHOPEDICS
996,M,11,3,CARDIOLOGY
997,F,6,4,SURGERY
998,M,6,4,GENERAL
999,F,10,4,GENERAL
1000,F,1,5,ORTHOPEDICS
1001,M,7,4,GENERAL
1002,F,6,4,ORTHOPEDICS
1003,F,10,3,SURGERY
1004,F,13,3,GENERAL
1005,F,1,5,GENERAL
1006,M,1,5,ORTHOPEDICS
1007,F,1,5,GENERAL
1008,F,7,4,CARDIOLOGY
1009,M,13,2,SURGERY
1010,M,13,2,GENERAL
1011,M,10,3,GENERAL
1012,M,1,5,ORTHOPEDICS
1013,F,1,5,SURGERY
1014,F,1,6,CARDIOLOGY
1015,F,13,2,CARDIOLOGY
1016,M,6,4,ORTHOPEDICS
1017,M,7,4,CARDIOLOGY
1018,F,10,3,SURGERY
1019,F,6,4,CARDIOLOGY
1020,F,10,4,GENERAL
1021,F,11,3,CARDIOLOGY
1022,F,1,5,ORTHOPEDICS
1023,F,1,5,CARDIOLOGY
1024,M,1,5,GENERAL
1025,F,7,4,SURGERY
1026,F,10,4,CARDIOLOGY
1027,F,1,5,GENERAL
1028,F,13,3,CARDIOLOGY
1029,M,1,6,CARDIOLOGY
1030,M,6,4,SURGERY
1031,M,10,3,ORTHOPEDICS
1032,M,1,5,SURGERY
1033,M,13,2,ORTHOPEDICS
1034,F,10,4,ORTHOPEDICS
1035,M,6,4,GENERAL
1036,F,6,4,SURGERY
1037,F,10,4,ORTHOPEDICS
1038,F,1,5,ORTHOPEDICS
1039,M,6,4,GENERAL
1040,F,6,4,ORTHOPEDICS
1041,M,13,3,GENERAL
1042,F,1,5,GENERAL
1043,M,10,3,CARDIOLOGY
1044,F,1,5,GENERAL
1045,M,11,3,CARDIOLOGY
1046,F,10,3,ORTHOPEDICS
1047,F,6,4,SURGERY
1048,F,11,3,GENERAL
1049,M,1,5,SURGERY
1050,F,1,5,GENERAL
1051,M,1,5,ORTHOPEDICS
1052,M,13,1,CARDIOLOGY
1053,M,6,4,SURGERY
1054,M,11,3,ORTHOPEDICS
1055,F,10,3,CARDIOLOGY
1056,F,10,3,GENERAL
1057,F,1,5,SURGERY
1058,M,10,3,GENERAL
1059,F,10,3,GENERAL
1060,M,10,3,CARDIOLOGY
1061,F,1,5,SURGERY
1062,F,7,4,GENERAL
1063,F,1,5,GENERAL
1064,M,1,5,GENERAL
1065,F,10,4,CARDIOLOGY
1066,F,7,4,CARDIOLOGY
1067,M,13,2,GENERAL
1068,F,7,4,GENERAL
1069,M,6,4,ORTHOPEDICS
1070,F,1,6,CARDIOLOGY
1071,F,10,3,GENERAL
1072,M,10,3,SURGERY
1073,M,1,5,GENERAL
1074,F,6,4,ORTHOPEDICS
1075,F,6,4,GENERAL
1076,M,13,2,CARDIOLOGY
1077,F,10,4,CARDIOLOGY
1078,F,10,4,CARDIOLOGY
1079,M,13,2,SURGERY
1080,M,1,5,GENERAL
1081,M,6,4,SURGERY
1082,M,10,3,ORTHOPEDICS
1083,M,6,5,SURGERY
1084,M,7,4,CARDIOLOGY
1085,F,13,3,GENERAL
1086,M,11,3,CARDIOLOGY
1087,M,1,5,ORTHOPEDICS
1088,M,10,3,GENERAL
1089,M,1,6,GENERAL
1090,F,13,2,GENERAL
1091,F,6,4,CARDIOLOGY
1092,M,6,4,SURGERY
1093,M,10,4,GENERAL
1094,M,7,4,SURGERY
1095,F,10,3,GENERAL
1096,M,1,5,CARDIOLOGY
1097,M,6,5,ORTHOPEDICS
1098,M,10,3,SURGERY
1099,F,13,3,ORTHOPEDICS
1100,F,8,4,CARDIOLOGY
1101,M,1,6,GENERAL
1102,F,1,5,GENERAL
1103,M,7,4,ORTHOPEDICS
1104,F,10,3,GENERAL
1105,F,1,5,SURGERY
1106,M,6,4,SURGERY
1107,M,10,3,SURGERY
1108,M,10,3,GENERAL
1109,M,10,3,SURGERY
1110,F,1,5,ORTHOPEDICS
1111,F,6,4,CARDIOLOGY
1112,F,6,4,SURGERY
1113,M,6,4,ORTHOPEDICS
1114,M,1,5,SURGERY
1115,F,13,2,SURGERY
1116,F,1,5,ORTHOPEDICS
1117,F,6,4,ORTHOPEDICS
1118,F,13,2,CARDIOLOGY
1119,M,1,5,GENERAL
1120,F,8,4,GENERAL
1121,M,6,5,GENERAL
1122,F,10,3,GENERAL
1123,F,10,3,ORTHOPEDICS
1124,M,6,4,CARDIOLOGY
1125,F,1,5,ORTHOPEDICS
1126,F,6,4,ORTHOPEDICS
1127,F,7,4,SURGERY
1128,M,6,4,SURGERY
1129,M,6,4,GENERAL
1130,M,1,6,SURGERY
1131,M,1,5,GENERAL
1132,F,6,4,GENERAL
1133,M,1,6,GENERAL
1134,F,8,4,CARDIOLOGY
1135,F,1,5,CARDIOLOGY
1136,M,1,5,CARDIOLOGY
1137,F,7,4,ORTHOPEDICS
1138,M,6,4,CARDIOLOGY
1139,M,1,6,ORTHOPEDICS
1140,F,1,5,CARDIOLOGY
1141,F,6,5,GENERAL
1142,M,6,4,CARDIOLOGY
1143,F,10,3,CARDIOLOGY
1144,F,7,4,ORTHOPEDICS
1145,F,13,2,SURGERY
1146,M,6,5,SURGERY
1147,M,6,4,ORTHOPEDICS
1148,M,11,3,GENERAL
1149,F,1,5,GENERAL
1150,F,1,5,ORTHOPEDICS
1151,F,1,5,SURGERY
1152,M,6,4,CARDIOLOGY
1153,M,1,5,ORTHOPEDICS
1154,F,6,4,SURGERY
1155,F,12,3,ORTHOPEDICS
1156,M,10,3,GENERAL
1157,F,1,5,GENERAL
1158,M,13,2,CARDIOLOGY
1159,F,6,4,CARDIOLOGY
1160,M,11,3,GENERAL
1161,F,1,5,SURGERY
1162,M,7,4,SURGERY
1163,M,1,5,ORTHOPEDICS
1164,M,7,4,ORTHOPEDICS
1165,M,10,3,GENERAL
1166,M,6,4,CARDIOLOGY
1167,F,10,3,CARDIOLOGY
1168,M,1,5,ORTHOPEDICS
1169,F,10,4,SURGERY
1170,F,10,3,GENERAL
1171,M,7,4,SURGERY
1172,F,13,3,GENERAL
1173,M,10,3,SURGERY
1174,M,1,6,CARDIOLOGY
1175,F,7,4,GENERAL
1176,F,7,4,GENERAL
1177,F,6,4,GENERAL
1178,F,10,4,GENERAL
1179,M,6,4,SURGERY
1180,F,10,4,ORTHOPEDICS
1181,M,13,2,CARDIOLOGY
1182,M,6,4,ORTHOPEDICS
1183,M,10,3,CARDIOLOGY
1184,F,13,3,ORTHOPEDICS
1185,M,10,3,ORTHOPEDICS
1186,M,10,4,GENERAL
1187,F,10,3,GENERAL
1188,M,13,2,SURGERY
1189,M,7,4,GENERAL
1190,F,1,5,SURGERY
1191,F,1,5,GENERAL
1192,F,11,3,GENERAL
1193,M,1,5,CARDIOLOGY
1194,M,6,4,GENERAL
1195,M,6,4,CARDIOLOGY
1196,F,10,4,GENERAL
1197,F,6,4,GENERAL
1198,M,7,4,GENERAL
1199,M,13,2,GENERAL
1200,M,1,6,SURGERY
1201,F,1,5,GENERAL
1202,M,1,5,ORTHOPEDICS
1203,F,1,5,GENERAL
1204,M,6,4,GENERAL
1205,F,1,5,GENERAL
1206,F,1,5,GENERAL
1207,F,10,4,GENERAL
1208,M,6,4,GENERAL
1209,F,10,4,ORTHOPEDICS
1210,M,10,3,SURGERY
1211,F,13,3,GENERAL
1212,F,11,3,CARDIOLOGY
1213,M,7,4,CARDIOLOGY
1214,F,6,4,CARDIOLOGY
1215,F,13,3,GENERAL
1216,F,1,5,GENERAL
1217,M,1,5,GENERAL
1218,F,1,5,GENERAL
1219,F,10,3,CARDIOLOGY
1220,M,10,4,CARDIOLOGY
1221,M,1,5,CARDIOLOGY
1222,F,1,5,SURGERY
1223,F,6,4,GENERAL
1224,M,1,5,CARDIOLOGY
1225,M,11,3,GENERAL
1226,F,10,3,SURGERY
1227,M,1,7,GENERAL
1228,F,10,4,SURGERY
1229,M,6,4,CARDIOLOGY
1230,M,1,5,GENERAL
1231,M,13,3,SURGERY
1232,M,10,3,SURGERY
1233,M,10,4,GENERAL
1234,F,7,4,ORTHOPEDICS
1235,F,1,5,ORTHOPEDICS
1236,M,1,5,GENERAL
1237,M,10,3,ORTHOPEDICS
1238,M,11,3,CARDIOLOGY
1239,F,1,6,GENERAL
1240,F,6,5,GENERAL
1241,F,6,4,SURGERY
1242,F,1,5,SURGERY
1243,M,11,3,CARDIOLOGY
1244,M,13,3,GENERAL
1245,M,6,4,CARDIOLOGY
1246,F,1,5,ORTHOPEDICS
1247,F,6,4,GENERAL
1248,F,7,4,GENERAL
1249,M,10,3,ORTHOPEDICS
1250,M,13,2,GENERAL
1251,M,10,4,ORTHOPEDICS
1252,F,10,3,GENERAL
1253,M,1,5,SURGERY
1254,F,6,4,CARDIOLOGY
1255,M,10,3,ORTHOPEDICS
1256,F,6,4,GENERAL
1257,M,11,3,GENERAL
1258,M,1,5,GENERAL
1259,F,6,4,ORTHOPEDICS
1260,M,6,4,CARDIOLOGY
1261,F,6,4,CARDIOLOGY
1262,F,1,5,CARDIOLOGY
1263,F,1,5,SURGERY
1264,M,1,5,SURGERY
1265,M,10,3,SURGERY
1266,M,10,4,CARDIOLOGY
1267,F,1,5,GENERAL
1268,M,10,4,ORTHOPEDICS
1269,M,1,5,GENERAL
1270,M,11,3,ORTHOPEDICS
1271,F,10,3,GENERAL
1272,M,1,5,CARDIOLOGY
1273,F,10,3,CARDIOLOGY
1274,F,1,6,CARDIOLOGY
1275,F,1,5,GENERAL
1276,F,7,4,ORTHOPEDICS
1277,M,13,2,ORTHOPEDICS
1278,M,1,5,GENERAL
1279,F,11,3,GENERAL
1280,F,10,4,GENERAL
1281,M,6,4,GENERAL
1282,M,1,5,ORTHOPEDICS
1283,M,1,5,GENERAL
1284,F,1,5,ORTHOPEDICS
1285,F,13,3,SURGERY
1286,M,10,4,SURGERY
1287,M,10,3,SURGERY
1288,F,13,2,GENERAL
1289,F,10,3,GENERAL
1290,F,13,2,ORTHOPEDICS
1291,M,6,4,SURGERY
1292,F,1,6,GENERAL
1293,F,1,5,GENERAL
1294,M,10,3,GENERAL
1295,M,1,5,ORTHOPEDICS
1296,F,10,3,SURGERY
1297,M,6,4,GENERAL
1298,F,7,4,ORTHOPEDICS
1299,M,10,3,GENERAL
1300,M,1,5,GENERAL
1301,F,7,4,CARDIOLOGY
1302,F,6,4,GENERAL
1303,F,6,5,GENERAL
1304,F,6,4,GENERAL
1305,F,6,4,SURGERY
1306,M,10,4,SURGERY
1307,F,6,4,GENERAL
1308,F,1,5,CARDIOLOGY
1309,F,6,4,CARDIOLOGY
1310,M,7,4,CARDIOLOGY
1311,F,13,2,ORTHOPEDICS
1312,F,7,4,ORTHOPEDICS
1313,M,6,4,GENERAL
1314,M,1,5,SURGERY
1315,M,6,4,CARDIOLOGY
1316,F,6,4,GENERAL
1317,F,6,4,CARDIOLOGY
1318,M,1,5,ORTHOPEDICS
1319,M,1,6,SURGERY
1320,M,10,3,SURGERY
1321,F,10,3,GENERAL
1322,F,1,5,ORTHOPEDICS
1323,M,10,4,CARDIOLOGY
1324,M,10,4,SURGERY
1325,F,1,5,CARDIOLOGY
1326,M,1,7,CARDIOLOGY
1327,M,7,4,ORTHOPEDICS
1328,F,6,4,CARDIOLOGY
1329,F,1,5,CARDIOLOGY
1330,M,1,5,GENERAL
1331,M,6,4,ORTHOPEDICS
1332,F,10,3,CARDIOLOGY
1333,F,10,3,GENERAL
1334,F,1,5,SURGERY
1335,M,7,4,SURGERY
1336,F,1,6,GENERAL
1337,M,13,2,GENERAL
1338,F,1,5,ORTHOPEDICS
1339,F,1,5,GENERAL
1340,M,10,4,CARDIOLOGY
1341,M,7,4,GENERAL
1342,F,10,4,SURGERY
1343,F,10,3,SURGERY
1344,F,1,5,GENERAL
1345,F,10,4,GENERAL
1346,F,6,4,GENERAL
1347,M,13,2,GENERAL
1348,M,6,4,GENERAL
1349,M,10,3,GENERAL
1350,F,1,5,GENERAL
1351,F,10,4,SURGERY
1352,M,11,3,GENERAL
1353,M,1,5,SURGERY
1354,F,10,3,GENERAL
1355,M,10,3,GENERAL
1356,F,1,5,SURGERY
1357,M,6,4,ORTHOPEDICS
1358,F,1,7,GENERAL
1359,M,1,6,CARDIOLOGY
1360,F,1,5,SURGERY
1361,F,13,2,ORTHOPEDICS
1362,M,6,4,GENERAL
1363,F,10,4,ORTHOPEDICS
1364,F,13,3,CARDIOLOGY
1365,F,13,3,GENERAL
1366,M,6,4,ORTHOPEDICS
1367,F,1,5,CARDIOLOGY
1368,M,1,5,GENERAL
1369,M,1,6,GENERAL
1370,M,11,3,GENERAL
1371,F,11,3,GENERAL
1372,M,6,4,CARDIOLOGY
1373,F,11,3,CARDIOLOGY
1374,F,10,4,GENERAL
1375,M,6,4,GENERAL
1376,M,11,3,CARDIOLOGY
1377,F,13,2,GENERAL
1378,M,6,4,GENERAL
1379,M,10,3,GENERAL
1380,F,6,4,GENERAL
1381,F,1,5,GENERAL
1382,M,1,5,ORTHOPEDICS
1383,M,1,5,GENERAL
1384,F,6,4,SURGERY
1385,F,10,4,GENERAL
1386,M,10,3,ORTHOPEDICS
1387,F,11,3,GENERAL
1388,F,10,3,GENERAL
1389,F,1,5,CARDIOLOGY
1390,F,13,3,GENERAL
1391,F,11,3,GENERAL
1392,M,1,5,GENERAL
1393,F,1,5,GENERAL
1394,F,1,5,GENERAL
1395,F,1,5,GENERAL
1396,F,1,5,ORTHOPEDICS
1397,F,13,2,CARDIOLOGY
1398,F,6,4,GENERAL
1399,M,1,5,CARDIOLOGY
1400,M,1,5,SURGERY
1401,M,11,3,GENERAL
1402,F,6,4,SURGERY
1403,M,11,3,CARDIOLOGY
1404,M,6,4,CARDIOLOGY
1405,M,6,5,GENERAL
1406,M,1,6,CARDIOLOGY
1407,F,11,3,GENERAL
1408,M,1,6,ORTHOPEDICS
1409,F,6,4,ORTHOPEDICS
1410,F,6,5,GENERAL
1411,M,6,4,ORTHOPEDICS
1412,M,6,4,GENERAL
1413,F,10,3,CARDIOLOGY
1414,F,13,3,ORTHOPEDICS
1415,M,1,5,GENERAL
1416,F,11,3,SURGERY
1417,F,13,3,ORTHOPEDICS
1418,F,10,4,GENERAL
1419,M,1,5,GENERAL
1420,F,1,5,CARDIOLOGY
1421,F,10,3,GENERAL
1422,M,6,4,ORTHOPEDICS
1423,F,6,4,GENERAL
1424,F,10,3,ORTHOPEDICS
1425,F,8,4,GENERAL
1426,F,6,4,SURGERY
1427,F,13,2,CARDIOLOGY
1428,M,1,5,GENERAL
1429,F,6,4,CARDIOLOGY
1430,M,1,5,GENERAL
1431,F,6,4,CARDIOLOGY
1432,M,10,3,GENERAL
1433,F,1,5,SURGERY
1434,M,6,4,GENERAL
1435,F,1,5,GENERAL
1436,M,10,3,GENERAL
1437,F,6,4,GENERAL
1438,F,10,3,GENERAL
1439,F,11,3,GENERAL
1440,F,13,2,ORTHOPEDICS
1441,M,6,4,GENERAL
1442,F,10,4,SURGERY
1443,M,1,5,GENERAL
1444,F,1,5,SURGERY
1445,M,1,5,SURGERY
1446,F,6,4,CARDIOLOGY
1447,F,13,3,SURGERY
1448,F,1,5,GENERAL
1449,F,10,3,GENERAL
1450,M,10,3,CARDIOLOGY
1451,M,11,3,SURGERY
1452,M,13,3,SURGERY
1453,F,1,7,CARDIOLOGY
1454,F,6,4,SURGERY
1455,F,1,6,SURGERY
1456,M,1,5,ORTHOPEDICS
1457,M,6,5,ORTHOPEDICS
1458,F,8,4,CARDIOLOGY
1459,F,1,7,CARDIOLOGY
1460,F,6,4,CARDIOLOGY
1461,F,11,3,GENERAL
1462,M,6,4,CARDIOLOGY
1463,M,1,6,GENERAL
1464,M,10,3,GENERAL
1465,M,6,4,GENERAL
1466,M,7,4,SURGERY
1467,F,1,5,SURGERY
1468,M,11,3,ORTHOPEDICS
1469,M,1,5,ORTHOPEDICS
1470,M,10,3,ORTHOPEDICS
1471,F,6,4,SURGERY
1472,M,1,5,GENERAL
1473,M,6,4,ORTHOPEDICS
1474,F,13,2,SURGERY
1475,M,6,4,GENERAL
1476,M,10,3,CARDIOLOGY
1477,M,1,5,ORTHOPEDICS
1478,M,6,5,ORTHOPEDICS
1479,M,1,5,SURGERY
1480,M,7,4,SURGERY
1481,F,1,5,CARDIOLOGY
1482,M,6,4,CARDIOLOGY
1483,F,13,3,SURGERY
1484,F,10,4,ORTHOPEDICS
1485,M,1,5,GENERAL
1486,F,6,4,CARDIOLOGY
1487,F,13,2,CARDIOLOGY
1488,F,6,4,ORTHOPEDICS
1489,M,10,4,SURGERY
1490,M,6,4,SURGERY
1491,F,10,3,GENERAL
1492,M,6,4,SURGERY
1493,M,10,4,ORTHOPEDICS
1494,M,1,5,SURGERY
1495,M,1,5,SURGERY
1496,F,1,5,GENERAL
1497,M,10,4,GENERAL
1498,F,1,5,CARDIOLOGY
1499,F,11,3,CARDIOLOGY
1500,F,6,4,GENERAL
1501,M,7,4,CARDIOLOGY
1502,M,6,4,CARDIOLOGY
1503,M,1,5,SURGERY
1504,M,13,2,ORTHOPEDICS
1505,M,1,5,GENERAL
1506,F,1,6,GENERAL
1507,M,6,5,SURGERY
1508,F,13,3,GENERAL
1509,F,7,4,SURGERY
1510,M,1,6,ORTHOPEDICS
1511,M,1,5,SURGERY
1512,F,8,4,SURGERY
1513,F,13,3,CARDIOLOGY
1514,F,6,4,GENERAL
1515,F,7,4,CARDIOLOGY
1516,F,13,2,ORTHOPEDICS
1517,F,1,5,SURGERY
1518,M,10,3,ORTHOPEDICS
1519,M,11,3,GENERAL
1520,M,10,3,SURGERY
1521,M,10,3,SURGERY
1522,M,1,5,GENERAL
1523,F,1,5,ORTHOPEDICS
1524,F,6,4,GENERAL
1525,M,6,4,SURGERY
1526,F,1,5,CARDIOLOGY
1527,M,10,3,GENERAL
1528,F,1,6,SURGERY
1529,M,1,6,ORTHOPEDICS
1530,F,10,3,SURGERY
1531,M,1,5,GENERAL
1532,M,11,3,SURGERY
1533,F,11,3,ORTHOPEDICS
1534,M,6,5,SURGERY
1535,F,1,5,GENERAL
1536,F,7,4,GENERAL
1537,M,7,4,SURGERY
1538,F,13,3,ORTHOPEDICS
1539,M,13,3,ORTHOPEDICS
1540,M,1,5,GENERAL
1541,M,1,6,SURGERY
1542,F,11,3,GENERAL
1543,F,6,5,ORTHOPEDICS
1544,M,6,4,SURGERY
1545,F,13,2,GENERAL
1546,M,1,5,GENERAL
1547,F,1,5,ORTHOPEDICS
1548,F,6,4,ORTHOPEDICS
1549,F,10,3,GENERAL
1550,M,10,3,GENERAL
1551,M,10,3,GENERAL
1552,M,11,3,ORTHOPEDICS
1553,M,1,5,ORTHOPEDICS
1554,M,11,3,GENERAL
1555,M,6,4,ORTHOPEDICS
1556,F,7,4,SURGERY
1557,M,1,5,GENERAL
1558,M,6,4,GENERAL
1559,F,12,3,GENERAL
1560,F,13,2,CARDIOLOGY
1561,F,10,4,GENERAL
1562,F,10,4,GENERAL
1563,F,1,6,CARDIOLOGY
1564,M,1,6,CARDIOLOGY
1565,M,6,4,CARDIOLOGY
1566,M,10,3,SURGERY
1567,M,10,4,GENERAL
1568,F,6,4,GENERAL
1569,M,10,3,GENERAL
1570,M,1,5,CARDIOLOGY
1571,F,12,3,ORTHOPEDICS
1572,M,1,5,ORTHOPEDICS
1573,F,10,3,ORTHOPEDICS
1574,M,1,5,GENERAL
1575,M,7,4,SURGERY
1576,M,7,4,ORTHOPEDICS
1577,M,1,5,ORTHOPEDICS
1578,F,6,4,CARDIOLOGY
1579,M,7,4,CARDIOLOGY
1580,M,10,3,CARDIOLOGY
1581,F,6,4,GENERAL
1582,F,1,5,GENERAL
1583,M,10,3,ORTHOPEDICS
1584,F,10,4,CARDIOLOGY
1585,F,7,4,ORTHOPEDICS
1586,M,6,4,SURGERY
1587,M,1,5,SURGERY
1588,F,6,4,GENERAL
1589,F,1,5,SURGERY
1590,M,6,4,SURGERY
1591,F,6,4,SURGERY
1592,F,6,4,GENERAL
1593,M,6,4,GENERAL
1594,F,1,6,ORTHOPEDICS
1595,M,13,2,SURGERY
1596,M,10,4,ORTHOPEDICS
1597,F,1,5,CARDIOLOGY
1598,F,1,5,GENERAL
1599,M,1,5,SURGERY
1600,F,6,4,ORTHOPEDICS
1601,M,1,5,SURGERY
1602,F,6,4,GENERAL
1603,F,1,6,SURGERY
1604,F,1,5,GENERAL
1605,M,10,4,ORTHOPEDICS
1606,F,10,4,ORTHOPEDICS
1607,M,1,5,GENERAL
1608,M,13,2,CARDIOLOGY
1609,F,6,4,GENERAL
1610,M,7,4,GENERAL
1611,F,1,7,SURGERY
1612,M,8,4,ORTHOPEDICS
1613,F,1,5,GENERAL
1614,F,13,2,GENERAL
1615,F,6,4,CARDIOLOGY
1616,M,1,5,SURGERY
1617,M,13,2,SURGERY
1618,F,10,3,GENERAL
1619,M,10,3,CARDIOLOGY
1620,F,10,3,SURGERY
1621,F,10,3,GENERAL
1622,M,13,2,ORTHOPEDICS
1623,M,1,5,CARDIOLOGY
1624,M,6,4,ORTHOPEDICS
1625,F,10,3,ORTHOPEDICS
1626,F,1,5,SURGERY
1627,F,7,4,GENERAL
1628,F,13,2,ORTHOPEDICS
1629,F,10,3,GENERAL
1630,F,13,2,GENERAL
1631,M,7,4,SURGERY
1632,M,6,4,GENERAL
1633,F,7,4,ORTHOPEDICS
1634,F,6,4,GENERAL
1635,M,11,3,GENERAL
1636,F,6,4,SURGERY
1637,F,1,5,ORTHOPEDICS
1638,M,10,4,GENERAL
1639,F,1,6,CARDIOLOGY
1640,F,6,4,GENERAL
1641,M,13,3,GENERAL
1642,F,11,3,GENERAL
1643,M,10,4,ORTHOPEDICS
1644,M,1,5,GENERAL
1645,M,7,4,SURGERY
1646,M,10,4,GENERAL
1647,F,10,4,ORTHOPEDICS
1648,M,7,4,ORTHOPEDICS
1649,F,10,3,ORTHOPEDICS
1650,F,11,3,ORTHOPEDICS
1651,F,10,3,GENERAL
1652,F,10,4,GENERAL
1653,F,10,4,GENERAL
1654,F,7,4,CARDIOLOGY
1655,M,1,5,SURGERY
1656,F,1,5,CARDIOLOGY
1657,F,6,5,CARDIOLOGY
1658,M,10,4,CARDIOLOGY
1659,M,1,5,GENERAL
1660,F,10,4,GENERAL
1661,M,10,4,GENERAL
1662,F,12,3,SURGERY
1663,F,1,5,ORTHOPEDICS
1664,F,7,4,SURGERY
1665,M,6,4,ORTHOPEDICS
1666,F,1,5,GENERAL
1667,M,13,3,SURGERY
1668,F,11,3,CARDIOLOGY
1669,M,1,5,GENERAL
1670,F,1,5,GENERAL
1671,F,1,7,GENERAL
1672,F,1,5,SURGERY
1673,M,13,2,GENERAL
1674,F,10,3,CARDIOLOGY
1675,F,13,1,CARDIOLOGY
1676,F,1,5,SURGERY
1677,M,6,4,GENERAL
1678,F,6,4,GENERAL
1679,M,1,5,ORTHOPEDICS
1680,M,1,5,CARDIOLOGY
1681,M,10,3,ORTHOPEDICS
1682,M,6,4,GENERAL
1683,F,1,6,GENERAL
1684,F,6,4,ORTHOPEDICS
1685,M,6,4,GENERAL
1686,M,6,4,GENERAL
1687,F,6,4,CARDIOLOGY
1688,F,10,4,SURGERY
1689,M,7,4,CARDIOLOGY
1690,M,10,4,ORTHOPEDICS
1691,F,6,4,CARDIOLOGY
1692,M,11,3,ORTHOPEDICS
1693,M,7,4,CARDIOLOGY
1694,F,10,3,GENERAL
1695,F,1,5,SURGERY
1696,M,1,6,ORTHOPEDICS
1697,M,6,4,SURGERY
1698,M,6,4,GENERAL
1699,F,6,4,SURGERY
1700,F,1,6,SURGERY
1701,F,1,6,GENERAL
1702,M,6,4,CARDIOLOGY
1703,M,7,4,GENERAL
1704,M,6,4,GENERAL
1705,M,10,4,GENERAL
1706,F,12,3,ORTHOPEDICS
1707,M,11,3,GENERAL
1708,M,6,4,SURGERY
1709,M,1,6,GENERAL
1710,F,1,5,GENERAL
1711,F,10,3,CARDIOLOGY
1712,F,7,4,GENERAL
1713,F,1,5,ORTHOPEDICS
1714,M,1,5,ORTHOPEDICS
1715,M,7,4,SURGERY
1716,M,6,4,CARDIOLOGY
1717,M,1,5,SURGERY
1718,M,1,5,CARDIOLOGY
1719,F,1,5,CARDIOLOGY
1720,F,6,4,GENERAL
1721,F,13,2,SURGERY
1722,M,1,5,GENERAL
1723,F,1,5,CARDIOLOGY
1724,M,7,4,ORTHOPEDICS
1725,M,10,4,CARDIOLOGY
1726,M,1,5,GENERAL
1727,F,1,5,GENERAL
1728,M,1,5,GENERAL
1729,F,1,6,SURGERY
1730,M,1,6,ORTHOPEDICS
1731,M,1,5,CARDIOLOGY
1732,F,6,4,CARDIOLOGY
1733,F,1,5,GENERAL
1734,F,6,4,GENERAL
1735,M,13,1,GENERAL
1736,F,10,4,CARDIOLOGY
1737,F,10,3,CARDIOLOGY
1738,M,6,4,ORTHOPEDICS
1739,F,13,2,GENERAL
1740,M,10,3,GENERAL
1741,F,1,5,CARDIOLOGY
1742,F,10,3,CARDIOLOGY
1743,M,1,5,SURGERY
1744,M,6,4,ORTHOPEDICS
1745,M,6,4,GENERAL
1746,F,1,6,CARDIOLOGY
1747,F,11,3,GENERAL
1748,M,7,4,GENERAL
1749,M,1,5,SURGERY
1750,F,13,2,SURGERY
1751,F,1,6,GENERAL
1752,F,1,5,SURGERY
1753,F,10,3,CARDIOLOGY
1754,F,1,5,ORTHOPEDICS
1755,F,6,4,CARDIOLOGY
1756,F,6,4,SURGERY
1757,M,10,3,CARDIOLOGY
1758,M,13,3,ORTHOPEDICS
1759,F,1,5,CARDIOLOGY
1760,M,8,4,SURGERY
1761,F,6,4,GENERAL
1762,F,6,4,SURGERY
1763,M,10,3,ORTHOPEDICS
1764,M,1,5,GENERAL
1765,F,10,4,CARDIOLOGY
1766,M,1,5,GENERAL
1767,F,1,5,GENERAL
1768,F,12,3,GENERAL
1769,F,6,4,CARDIOLOGY
1770,F,13,2,GENERAL
1771,F,1,6,GENERAL
1772,M,10,3,GENERAL
1773,M,10,3,ORTHOPEDICS
1774,F,1,6,ORTHOPEDICS
1775,M,1,5,CARDIOLOGY
1776,F,10,4,CARDIOLOGY
1777,M,6,4,SURGERY
1778,M,10,4,GENERAL
1779,F,1,5,SURGERY
1780,F,1,5,ORTHOPEDICS
1781,F,6,4,GENERAL
1782,M,10,4,CARDIOLOGY
1783,M,13,3,CARDIOLOGY
1784,M,6,4,GENERAL
1785,F,10,3,CARDIOLOGY
1786,M,1,7,GENERAL
1787,M,10,3,GENERAL
1788,F,10,3,GENERAL
1789,M,1,6,GENERAL
1790,M,7,4,GENERAL
1791,M,6,4,SURGERY
1792,F,1,5,GENERAL
1793,F,11,3,GENERAL
1794,F,6,4,CARDIOLOGY
1795,F,10,3,GENERAL
1796,M,1,5,ORTHOPEDICS
1797,F,13,2,GENERAL
1798,F,10,3,GENERAL
1799,F,6,4,ORTHOPEDICS
1800,F,1,5,GENERAL
1801,F,1,6,CARDIOLOGY
1802,F,10,3,GENERAL
1803,M,10,3,CARDIOLOGY
1804,F,10,4,GENERAL
1805,F,10,4,GENERAL
1806,F,10,3,GENERAL
1807,M,11,3,SURGERY
1808,M,6,4,GENERAL
1809,F,1,7,SURGERY
1810,F,1,5,GENERAL
1811,F,10,4,ORTHOPEDICS
1812,F,1,5,SURGERY
1813,M,1,5,GENERAL
1814,M,10,3,SURGERY
1815,M,6,4,CARDIOLOGY
1816,M,7,4,ORTHOPEDICS
1817,F,7,4,SURGERY
1818,F,6,4,GENERAL
1819,F,10,4,CARDIOLOGY
1820,F,1,5,SURGERY
1821,M,7,4,SURGERY
1822,M,7,4,GENERAL
1823,M,1,5,CARDIOLOGY
1824,M,7,4,CARDIOLOGY
1825,F,11,3,CARDIOLOGY
1826,M,7,4,ORTHOPEDICS
1827,M,1,5,GENERAL
1828,M,1,5,CARDIOLOGY
1829,F,1,5,SURGERY
1830,M,6,4,CARDIOLOGY
1831,F,6,4,GENERAL
1832,M,1,5,GENERAL
1833,F,7,4,CARDIOLOGY
1834,F,11,3,ORTHOPEDICS
1835,M,10,4,CARDIOLOGY
1836,M,6,4,ORTHOPEDICS
1837,F,6,5,GENERAL
1838,M,1,5,ORTHOPEDICS
1839,M,12,3,GENERAL
1840,F,11,3,GENERAL
1841,M,10,3,CARDIOLOGY
1842,F,6,4,CARDIOLOGY
1843,F,6,4,GENERAL
1844,F,13,3,GENERAL
1845,F,1,6,CARDIOLOGY
1846,F,6,4,GENERAL
1847,F,6,4,SURGERY
1848,F,6,4,GENERAL
1849,M,6,4,CARDIOLOGY
1850,M,11,3,ORTHOPEDICS
1851,F,1,7,CARDIOLOGY
1852,F,1,5,GENERAL
1853,M,10,4,CARDIOLOGY
1854,F,6,5,SURGERY
1855,F,1,5,ORTHOPEDICS
1856,F,6,4,GENERAL
1857,M,6,4,SURGERY
1858,F,10,3,CARDIOLOGY
1859,M,1,6,ORTHOPEDICS
1860,F,11,3,GENERAL
1861,M,10,3,CARDIOLOGY
1862,M,1,5,GENERAL
1863,M,10,3,CARDIOLOGY
1864,M,1,5,GENERAL
1865,M,6,4,ORTHOPEDICS
1866,M,13,3,GENERAL
1867,F,1,6,GENERAL
1868,M,10,4,ORTHOPEDICS
1869,M,10,3,GENERAL
1870,F,10,4,SURGERY
1871,F,1,5,GENERAL
1872,M,6,4,ORTHOPEDICS
1873,F,13,2,SURGERY
1874,M,1,5,GENERAL
1875,M,10,4,CARDIOLOGY
1876,M,6,4,SURGERY
1877,F,11,3,GENERAL
1878,F,13,2,SURGERY
1879,F,10,4,CARDIOLOGY
1880,F,10,3,GENERAL
1881,F,7,4,GENERAL
1882,F,11,3,ORTHOPEDICS
1883,M,6,4,GENERAL
1884,M,1,5,GENERAL
1885,M,1,5,CARDIOLOGY
1886,F,1,5,ORTHOPEDICS
1887,F,10,4,SURGERY
1888,F,1,5,SURGERY
1889,F,7,4,GENERAL
1890,F,1,5,GENERAL
1891,F,6,4,SURGERY
1892,F,6,4,ORTHOPEDICS
1893,F,11,3,SURGERY
1894,F,7,4,GENERAL
1895,M,10,3,ORTHOPEDICS
1896,M,1,5,GENERAL
1897,M,13,2,SURGERY
1898,M,10,4,CARDIOLOGY
1899,M,13,2,GENERAL
1900,M,10,3,SURGERY
1901,F,6,4,GENERAL
1902,M,6,4,GENERAL
1903,F,6,4,SURGERY
1904,M,10,3,GENERAL
1905,M,1,5,ORTHOPEDICS
1906,M,7,4,CARDIOLOGY
1907,F,7,4,GENERAL
1908,F,6,4,GENERAL
1909,M,1,5,SURGERY
1910,F,13,3,ORTHOPEDICS
1911,F,1,5,GENERAL
1912,M,1,5,ORTHOPEDICS
1913,M,10,4,SURGERY
1914,M,6,4,ORTHOPEDICS
1915,M,13,2,CARDIOLOGY
1916,M,1,5,GENERAL
1917,M,1,5,GENERAL
1918,F,13,2,SURGERY
1919,F,10,4,GENERAL
1920,M,1,5,SURGERY
1921,F,1,5,GENERAL
1922,F,1,6,SURGERY
1923,M,13,2,GENERAL
1924,M,1,5,ORTHOPEDICS
1925,M,13,2,GENERAL
1926,M,10,3,ORTHOPEDICS
1927,F,6,4,GENERAL
1928,F,6,4,CARDIOLOGY
1929,F,1,6,SURGERY
1930,M,6,4,GENERAL
1931,F,7,4,ORTHOPEDICS
1932,F,6,4,ORTHOPEDICS
1933,M,1,5,GENERAL
1934,M,6,4,SURGERY
1935,F,1,6,GENERAL
1936,F,6,4,GENERAL
1937,F,1,6,CARDIOLOGY
1938,F,13,3,SURGERY
1939,F,6,4,ORTHOPEDICS
1940,F,13,2,CARDIOLOGY
1941,F,1,5,GENERAL
1942,M,11,3,CARDIOLOGY
1943,M,11,3,CARDIOLOGY
1944,M,10,4,ORTHOPEDICS
1945,M,11,3,SURGERY
1946,M,13,2,GENERAL
1947,F,1,5,ORTHOPEDICS
1948,F,11,3,SURGERY
1949,F,10,3,GENERAL
1950,M,1,5,SURGERY
1951,M,6,4,GENERAL
1952,M,6,4,SURGERY
1953,F,11,3,GENERAL
1954,F,10,4,CARDIOLOGY
1955,F,1,5,GENERAL
1956,M,6,4,ORTHOPEDICS
1957,M,13,2,CARDIOLOGY
1958,F,11,3,CARDIOLOGY
1959,F,1,5,CARDIOLOGY
1960,F,1,5,SURGERY
1961,M,1,5,CARDIOLOGY
1962,F,1,5,CARDIOLOGY
1963,M,10,4,ORTHOPEDICS
1964,M,10,3,SURGERY
1965,F,13,2,GENERAL
1966,M,7,4,SURGERY
1967,F,1,5,SURGERY
1968,M,1,5,GENERAL
1969,F,1,5,CARDIOLOGY
1970,M,1,6,GENERAL
1971,F,1,5,ORTHOPEDICS
1972,M,6,4,GENERAL
1973,M,10,4,GENERAL
1974,F,6,4,SURGERY
1975,M,10,3,ORTHOPEDICS
1976,M,1,7,SURGERY
1977,M,11,3,ORTHOPEDICS
1978,M,1,5,GENERAL
1979,M,6,4,ORTHOPEDICS
1980,M,7,4,GENERAL
1981,M,1,6,GENERAL
1982,F,7,4,ORTHOPEDICS
1983,M,1,5,GENERAL
1984,F,13,2,ORTHOPEDICS
1985,M,1,6,ORTHOPEDICS
1986,M,1,6,SURGERY
1987,F,10,4,CARDIOLOGY
1988,F,12,3,CARDIOLOGY
1989,F,10,3,ORTHOPEDICS
1990,M,10,3,CARDIOLOGY
1991,M,6,4,CARDIOLOGY
1992,F,6,4,SURGERY
1993,M,1,5,GENERAL
1994,F,13,2,SURGERY
1995,M,7,4,SURGERY
1996,F,8,4,ORTHOPEDICS
1997,F,1,6,GENERAL
1998,F,10,4,GENERAL
1999,M,6,4,CARDIOLOGY
2000,F,1,5,SURGERY
2001,M,10,4,GENERAL
2002,F,6,4,GENERAL
2003,F,1,6,GENERAL
2004,M,7,4,CARDIOLOGY
2005,F,10,3,GENERAL
2006,F,13,1,SURGERY
2007,F,1,5,GENERAL
2008,F,1,5,SURGERY
2009,M,10,3,SURGERY
2010,F,6,4,GENERAL
2011,F,6,4,SURGERY
2012,M,13,2,SURGERY
2013,F,6,4,GENERAL
2014,F,8,4,ORTHOPEDICS
2015,M,7,4,GENERAL
2016,M,13,3,GENERAL
2017,F,10,3,SURGERY
2018,F,6,4,CARDIOLOGY
2019,M,10,4,GENERAL
2020,F,1,5,GENERAL
2021,M,13,3,CARDIOLOGY
2022,M,10,4,GENERAL
2023,M,7,4,ORTHOPEDICS
2024,M,6,4,GENERAL
2025,M,6,4,ORTHOPEDICS
2026,F,7,4,ORTHOPEDICS
2027,M,6,4,GENERAL
2028,M,1,5,GENERAL
2029,M,1,5,GENERAL
2030,F,11,3,SURGERY
2031,M,10,3,CARDIOLOGY
2032,F,10,3,SURGERY
2033,F,10,3,CARDIOLOGY
2034,F,1,5,GENERAL
2035,F,10,4,GENERAL
2036,F,13,2,ORTHOPEDICS
2037,F,10,4,GENERAL
2038,F,1,6,ORTHOPEDICS
2039,F,11,3,GENERAL
2040,M,1,5,SURGERY
2041,F,1,5,ORTHOPEDICS
2042,F,6,4,ORTHOPEDICS
2043,F,6,4,GENERAL
2044,M,1,6,ORTHOPEDICS
2045,F,1,6,GENERAL
2046,M,13,2,SURGERY
2047,F,1,5,CARDIOLOGY
2048,M,1,5,SURGERY
2049,F,1,5,SURGERY
2050,F,1,5,CARDIOLOGY
2051,F,6,4,SURGERY
2052,M,6,4,SURGERY
2053,F,11,3,ORTHOPEDICS
2054,M,13,2,GENERAL
2055,F,6,4,GENERAL
2056,F,1,5,ORTHOPEDICS
2057,F,1,6,GENERAL
2058,M,6,4,GENERAL
2059,M,11,3,CARDIOLOGY
2060,M,10,3,SURGERY
2061,F,6,4,ORTHOPEDICS
2062,F,7,4,GENERAL
2063,F,1,7,SURGERY
2064,F,8,4,CARDIOLOGY
2065,F,1,6,SURGERY
2066,M,1,5,SURGERY
2067,F,1,5,GENERAL
2068,M,13,2,CARDIOLOGY
2069,F,10,3,GENERAL
2070,M,11,3,GENERAL
2071,F,7,4,CARDIOLOGY
2072,F,13,3,SURGERY
2073,F,6,4,GENERAL
2074,M,13,2,CARDIOLOGY
2075,M,11,3,ORTHOPEDICS
2076,F,6,4,GENERAL
2077,F,6,5,GENERAL
2078,M,11,3,CARDIOLOGY
2079,F,6,4,GENERAL
2080,M,12,3,GENERAL
2081,F,6,4,GENERAL
2082,M,13,2,CARDIOLOGY
2083,M,8,4,SURGERY
2084,M,11,3,CARDIOLOGY
2085,M,6,4,GENERAL
2086,F,10,4,GENERAL
2087,F,11,3,GENERAL
2088,M,1,5,ORTHOPEDICS
2089,F,6,4,CARDIOLOGY
2090,F,1,5,GENERAL
2091,M,1,6,ORTHOPEDICS
2092,F,10,4,GENERAL
2093,M,7,4,GENERAL
2094,F,13,2,CARDIOLOGY
2095,M,13,2,GENERAL
2096,F,10,4,SURGERY
2097,F,10,4,ORTHOPEDICS
2098,F,1,6,CARDIOLOGY
2099,M,1,5,CARDIOLOGY
2100,M,10,3,SURGERY
2101,F,6,4,CARDIOLOGY
2102,F,13,1,GENERAL
2103,F,10,4,GENERAL
2104,F,1,5,SURGERY
2105,F,10,4,CARDIOLOGY
2106,F,1,5,SURGERY
2107,F,10,3,CARDIOLOGY
2108,M,10,3,CARDIOLOGY
2109,F,13,2,SURGERY
2110,M,1,5,GENERAL
2111,M,6,4,SURGERY
2112,F,6,4,GENERAL
2113,F,7,4,CARDIOLOGY
2114,M,13,2,GENERAL
2115,M,7,4,ORTHOPEDICS
2116,F,10,3,ORTHOPEDICS
2117,M,10,3,GENERAL
2118,M,6,4,GENERAL
2119,M,1,5,SURGERY
2120,F,7,4,ORTHOPEDICS
2121,F,1,5,ORTHOPEDICS
2122,F,6,4,GENERAL
2123,F,1,5,ORTHOPEDICS
2124,M,13,2,CARDIOLOGY
2125,F,1,5,ORTHOPEDICS
2126,M,10,3,SURGERY
2127,M,1,5,CARDIOLOGY
2128,M,10,3,GENERAL
2129,M,10,3,CARDIOLOGY
2130,M,1,5,GENERAL
2131,M,1,6,GENERAL
2132,F,1,5,SURGERY
2133,F,11,3,GENERAL
2134,F,6,4,GENERAL
2135,F,10,3,GENERAL
2136,M,7,4,GENERAL
2137,M,10,3,CARDIOLOGY
2138,F,6,4,SURGERY
2139,F,6,4,CARDIOLOGY
2140,M,6,4,ORTHOPEDICS
2141,F,10,4,GENERAL
2142,M,6,4,SURGERY
2143,F,10,3,GENERAL
2144,F,7,4,SURGERY
2145,M,13,2,ORTHOPEDICS
2146,M,10,3,GENERAL
2147,M,7,4,SURGERY
2148,F,11,3,CARDIOLOGY
2149,F,10,4,CARDIOLOGY
2150,M,11,3,SURGERY
2151,F,10,3,GENERAL
2152,M,6,4,GENERAL
2153,M,11,3,GENERAL
2154,F,1,5,ORTHOPEDICS
2155,F,6,4,GENERAL
2156,M,10,4,SURGERY
2157,M,6,4,CARDIOLOGY
2158,M,10,4,SURGERY
2159,M,1,6,CARDIOLOGY
2160,F,10,3,CARDIOLOGY
2161,F,13,2,ORTHOPEDICS
2162,F,11,3,ORTHOPEDICS
2163,F,1,5,GENERAL
2164,F,6,4,CARDIOLOGY
2165,M,13,3,GENERAL
2166,M,1,5,SURGERY
2167,M,1,5,ORTHOPEDICS
2168,M,1,5,SURGERY
2169,F,1,5,GENERAL
2170,F,6,4,SURGERY
2171,M,10,3,GENERAL
2172,M,1,6,GENERAL
2173,M,1,5,GENERAL
2174,F,1,5,SURGERY
2175,F,13,2,ORTHOPEDICS
2176,M,10,3,GENERAL
2177,M,1,5,GENERAL
2178,M,6,4,GENERAL
2179,F,6,4,GENERAL
2180,M,7,4,CARDIOLOGY
2181,F,6,5,GENERAL
2182,M,1,6,GENERAL
2183,M,11,3,CARDIOLOGY
2184,F,6,5,GENERAL
2185,M,10,3,CARDIOLOGY
2186,M,1,5,GENERAL
2187,F,10,4,GENERAL
2188,M,7,4,GENERAL
2189,M,1,5,GENERAL
2190,M,10,4,ORTHOPEDICS
2191,M,6,4,GENERAL
2192,M,1,5,ORTHOPEDICS
2193,F,13,2,GENERAL
2194,M,7,4,ORTHOPEDICS
2195,M,7,4,ORTHOPEDICS
2196,M,6,4,GENERAL
2197,M,7,4,SURGERY
2198,F,1,5,CARDIOLOGY
2199,F,1,5,GENERAL
2200,F,11,3,ORTHOPEDICS
2201,F,6,4,SURGERY
2202,F,10,3,GENERAL
2203,M,1,5,GENERAL
2204,F,11,3,GENERAL
2205,F,13,3,GENERAL
2206,F,11,3,CARDIOLOGY
2207,F,13,2,SURGERY
2208,M,1,8,GENERAL
2209,M,12,3,GENERAL
2210,F,10,4,GENERAL
2211,M,1,5,CARDIOLOGY
2212,M,11,3,GENERAL
2213,F,6,4,GENERAL
2214,F,1,5,GENERAL
2215,M,6,4,GENERAL
2216,F,10,3,SURGERY
2217,F,11,3,GENERAL
2218,F,6,4,GENERAL
2219,F,6,4,CARDIOLOGY
2220,M,10,4,SURGERY
2221,M,6,4,GENERAL
2222,M,10,4,CARDIOLOGY
2223,M,11,3,CARDIOLOGY
2224,M,10,3,SURGERY
2225,F,1,6,GENERAL
2226,F,1,6,CARDIOLOGY
2227,F,6,4,CARDIOLOGY
2228,M,13,2,ORTHOPEDICS
2229,M,6,4,SURGERY
2230,M,1,6,CARDIOLOGY
2231,M,1,5,CARDIOLOGY
2232,F,10,3,GENERAL
2233,M,10,3,GENERAL
2234,F,11,3,GENERAL
2235,M,10,3,GENERAL
2236,F,6,4,ORTHOPEDICS
2237,M,7,4,ORTHOPEDICS
2238,F,1,5,CARDIOLOGY
2239,F,1,5,ORTHOPEDICS
2240,M,10,4,SURGERY
2241,F,13,3,GENERAL
2242,M,1,5,GENERAL
2243,M,6,4,GENERAL
2244,M,1,5,SURGERY
2245,F,6,4,GENERAL
2246,F,1,6,GENERAL
2247,M,1,5,GENERAL
2248,F,10,3,ORTHOPEDICS
2249,M,7,4,ORTHOPEDICS
2250,M,6,4,CARDIOLOGY
2251,M,6,4,GENERAL
2252,F,10,3,GENERAL
2253,F,11,3,CARDIOLOGY
2254,M,1,6,CARDIOLOGY
2255,M,10,3,CARDIOLOGY
2256,M,11,3,CARDIOLOGY
2257,M,6,4,SURGERY
2258,M,13,3,GENERAL
2259,F,7,4,GENERAL
2260,F,10,3,CARDIOLOGY
2261,F,1,5,SURGERY
2262,F,6,4,ORTHOPEDICS
2263,M,10,3,ORTHOPEDICS
2264,M,6,4,GENERAL
2265,F,1,5,SURGERY
2266,M,7,4,GENERAL
2267,M,10,3,CARDIOLOGY
2268,M,1,5,GENERAL
2269,F,1,5,GENERAL
2270,M,10,3,SURGERY
2271,F,6,4,GENERAL
2272,F,10,4,SURGERY
2273,M,10,4,GENERAL
2274,F,10,3,GENERAL
2275,M,6,4,ORTHOPEDICS
2276,M,7,4,CARDIOLOGY
2277,F,13,2,ORTHOPEDICS
2278,M,7,4,ORTHOPEDICS
2279,F,1,5,CARDIOLOGY
2280,M,13,3,GENERAL
2281,F,1,5,SURGERY
2282,F,1,5,SURGERY
2283,F,6,4,SURGERY
2284,M,1,5,SURGERY
2285,F,1,6,CARDIOLOGY
2286,M,11,3,GENERAL
2287,F,6,4,ORTHOPEDICS
2288,F,6,4,SURGERY
2289,M,13,2,CARDIOLOGY
2290,M,6,4,CARDIOLOGY
2291,F,10,3,GENERAL
2292,M,1,5,SURGERY
2293,M,1,5,GENERAL
2294,F,6,4,CARDIOLOGY
2295,F,11,3,CARDIOLOGY
2296,M,11,3,ORTHOPEDICS
2297,F,1,5,GENERAL
2298,M,6,4,GENERAL
2299,M,1,5,ORTHOPEDICS
2300,M,1,6,SURGERY
2301,F,6,4,CARDIOLOGY
2302,M,13,2,GENERAL
2303,F,1,5,GENERAL
2304,F,6,4,GENERAL
2305,M,1,5,ORTHOPEDICS
2306,F,7,4,GENERAL
2307,F,6,4,SURGERY
2308,F,11,3,SURGERY
2309,M,10,4,SURGERY
2310,F,1,5,GENERAL
2311,M,6,5,ORTHOPEDICS
2312,M,11,3,ORTHOPEDICS
2313,F,13,3,ORTHOPEDICS
2314,M,1,5,GENERAL
2315,M,6,4,GENERAL
2316,M,1,5,GENERAL
2317,M,10,3,GENERAL
2318,F,1,5,CARDIOLOGY
2319,M,13,2,ORTHOPEDICS
2320,F,1,5,CARDIOLOGY
2321,F,11,3,GENERAL
2322,F,11,3,GENERAL
2323,F,1,6,GENERAL
2324,M,8,4,GENERAL
2325,M,1,5,CARDIOLOGY
2326,F,1,5,GENERAL
2327,M,11,3,SURGERY
2328,F,11,3,SURGERY
2329,F,10,4,GENERAL
2330,M,10,4,GENERAL
2331,M,7,4,ORTHOPEDICS
2332,M,13,3,ORTHOPEDICS
2333,F,13,3,SURGERY
2334,F,1,5,GENERAL
2335,M,1,6,CARDIOLOGY
2336,F,6,4,GENERAL
2337,M,11,3,SURGERY
2338,M,6,4,CARDIOLOGY
2339,F,6,4,ORTHOPEDICS
2340,F,1,5,ORTHOPEDICS
2341,F,1,6,GENERAL
2342,M,1,5,ORTHOPEDICS
2343,F,10,4,CARDIOLOGY
2344,M,1,5,GENERAL
2345,F,7,4,GENERAL
2346,M,10,3,SURGERY
2347,F,6,4,GENERAL
2348,M,6,4,ORTHOPEDICS
2349,M,6,4,CARDIOLOGY
2350,F,10,4,ORTHOPEDICS
2351,M,10,3,ORTHOPEDICS
2352,F,7,4,GENERAL
2353,M,13,2,CARDIOLOGY
2354,M,13,3,CARDIOLOGY
2355,F,13,3,CARDIOLOGY
2356,M,11,3,GENERAL
2357,M,1,5,CARDIOLOGY
2358,F,1,5,ORTHOPEDICS
2359,F,1,5,SURGERY
2360,F,10,3,ORTHOPEDICS
2361,M,10,3,GENERAL
2362,M,10,4,GENERAL
2363,M,1,6,GENERAL
2364,F,6,4,GENERAL
2365,M,6,4,GENERAL
2366,M,1,6,SURGERY
2367,M,6,5,GENERAL
2368,M,13,3,CARDIOLOGY
2369,F,11,3,CARDIOLOGY
2370,M,1,5,CARDIOLOGY
2371,F,6,4,GENERAL
2372,M,11,3,GENERAL
2373,F,11,3,GENERAL
2374,M,1,6,GENERAL
2375,M,1,5,CARDIOLOGY
2376,F,13,2,SURGERY
2377,M,10,3,GENERAL
2378,M,1,5,CARDIOLOGY
2379,F,11,3,GENERAL
2380,M,1,5,GENERAL
2381,M,6,4,GENERAL
2382,M,1,5,ORTHOPEDICS
2383,M,6,4,SURGERY
2384,M,1,5,ORTHOPEDICS
2385,F,10,3,ORTHOPEDICS
2386,F,11,3,SURGERY
2387,M,10,4,CARDIOLOGY
2388,M,10,3,CARDIOLOGY
2389,M,6,4,CARDIOLOGY
2390,M,10,4,SURGERY
2391,F,1,6,SURGERY
2392,M,1,5,SURGERY
2393,M,1,5,GENERAL
2394,F,10,4,CARDIOLOGY
2395,F,1,5,GENERAL
2396,M,1,5,CARDIOLOGY
2397,F,1,5,ORTHOPEDICS
2398,M,10,3,GENERAL
2399,F,1,6,CARDIOLOGY
2400,F,13,2,SURGERY
2401,F,11,3,SURGERY
2402,F,7,4,SURGERY
2403,F,1,5,ORTHOPEDICS
2404,F,13,1,GENERAL
2405,F,1,5,CARDIOLOGY
2406,F,1,5,CARDIOLOGY
2407,M,6,4,SURGERY
2408,M,1,5,GENERAL
2409,M,7,4,GENERAL
2410,F,11,3,GENERAL
2411,F,7,4,CARDIOLOGY
2412,F,1,6,GENERAL
2413,M,10,3,CARDIOLOGY
2414,M,6,4,SURGERY
2415,M,10,3,SURGERY
2416,F,6,4,ORTHOPEDICS
2417,F,6,4,GENERAL
2418,F,10,3,SURGERY
2419,M,1,5,ORTHOPEDICS
2420,M,1,5,GENERAL
2421,M,12,3,ORTHOPEDICS
2422,M,6,4,SURGERY
2423,M,1,5,CARDIOLOGY
2424,F,1,5,CARDIOLOGY
2425,M,6,4,GENERAL
2426,F,13,2,CARDIOLOGY
2427,M,1,5,ORTHOPEDICS
2428,M,1,5,GENERAL
2429,F,1,5,GENERAL
2430,M,10,3,GENERAL
2431,F,1,5,GENERAL
2432,M,13,2,CARDIOLOGY
2433,F,10,4,GENERAL
2434,F,1,5,CARDIOLOGY
2435,F,6,4,SURGERY
2436,F,1,6,GENERAL
2437,M,1,5,GENERAL
2438,F,1,6,GENERAL
2439,M,1,5,ORTHOPEDICS
2440,M,10,4,SURGERY
2441,M,6,4,ORTHOPEDICS
2442,F,11,3,CARDIOLOGY
2443,F,13,3,GENERAL
2444,M,6,4,CARDIOLOGY
2445,F,11,3,GENERAL
2446,F,1,5,GENERAL
2447,F,6,5,GENERAL
2448,M,11,3,SURGERY
2449,F,10,3,SURGERY
2450,M,13,3,ORTHOPEDICS
2451,F,11,3,GENERAL
2452,M,7,4,CARDIOLOGY
2453,F,11,3,GENERAL
2454,F,1,6,SURGERY
2455,M,7,4,ORTHOPEDICS
2456,M,11,3,SURGERY
2457,M,6,4,ORTHOPEDICS
2458,M,6,4,GENERAL
2459,F,7,4,GENERAL
2460,F,1,6,GENERAL
2461,F,10,4,ORTHOPEDICS
2462,M,6,4,SURGERY
2463,M,10,4,ORTHOPEDICS
2464,M,11,3,CARDIOLOGY
2465,M,6,4,SURGERY
2466,M,1,5,SURGERY
2467,F,10,3,GENERAL
2468,M,1,6,ORTHOPEDICS
2469,F,11,3,SURGERY
2470,M,1,5,CARDIOLOGY
2471,F,1,5,ORTHOPEDICS
2472,F,10,3,GENERAL
2473,F,6,4,ORTHOPEDICS
2474,F,6,4,GENERAL
2475,M,1,5,SURGERY
2476,M,11,3,SURGERY
2477,F,13,3,ORTHOPEDICS
2478,M,1,7,CARDIOLOGY
2479,M,10,4,GENERAL
2480,M,7,4,GENERAL
2481,M,6,4,GENERAL
2482,F,10,3,GENERAL
2483,M,10,3,ORTHOPEDICS
2484,F,11,3,GENERAL
2485,M,6,4,GENERAL
2486,M,8,4,GENERAL
2487,M,13,2,GENERAL
2488,M,6,5,GENERAL
2489,M,1,5,CARDIOLOGY
2490,M,6,5,CARDIOLOGY
2491,F,13,3,GENERAL
2492,M,10,3,GENERAL
2493,M,1,5,ORTHOPEDICS
2494,M,1,5,ORTHOPEDICS
2495,M,11,3,SURGERY
2496,F,7,4,ORTHOPEDICS
2497,M,1,5,GENERAL
2498,M,1,5,SURGERY
2499,F,13,2,GENERAL
2500,F,6,4,CARDIOLOGY
2501,M,6,4,SURGERY
2502,F,10,3,ORTHOPEDICS
2503,M,6,4,ORTHOPEDICS
2504,M,6,4,ORTHOPEDICS
2505,F,6,4,GENERAL
2506,M,1,5,GENERAL
2507,F,6,4,CARDIOLOGY
2508,F,13,2,GENERAL
2509,M,8,4,SURGERY
2510,M,13,3,SURGERY
2511,M,1,5,ORTHOPEDICS
2512,M,13,3,ORTHOPEDICS
2513,F,1,5,GENERAL
2514,F,6,4,ORTHOPEDICS
2515,F,1,5,GENERAL
2516,M,7,4,CARDIOLOGY
2517,F,10,3,GENERAL
2518,F,1,6,GENERAL
2519,M,1,5,GENERAL
2520,F,7,4,GENERAL
2521,F,1,5,GENERAL
2522,F,10,4,GENERAL
2523,M,11,3,GENERAL
2524,M,1,5,SURGERY
2525,F,13,2,ORTHOPEDICS
2526,F,1,6,SURGERY
2527,M,1,5,GENERAL
2528,M,1,5,ORTHOPEDICS
2529,M,13,2,ORTHOPEDICS
2530,F,13,2,CARDIOLOGY
2531,M,10,3,SURGERY
2532,M,13,3,CARDIOLOGY
2533,M,6,4,ORTHOPEDICS
2534,M,11,3,GENERAL
2535,M,13,3,GENERAL
2536,F,7,4,CARDIOLOGY
2537,M,10,3,GENERAL
2538,M,6,4,GENERAL
2539,F,10,4,ORTHOPEDICS
2540,F,7,4,GENERAL
2541,M,10,3,GENERAL
2542,M,1,5,ORTHOPEDICS
2543,F,10,4,CARDIOLOGY
2544,F,1,5,CARDIOLOGY
2545,M,6,5,GENERAL
2546,F,1,5,ORTHOPEDICS
2547,M,6,4,GENERAL
2548,F,11,3,GENERAL
2549,F,10,3,GENERAL
2550,M,6,4,SURGERY
2551,F,13,1,ORTHOPEDICS
2552,M,1,5,GENERAL
2553,F,6,4,GENERAL
2554,F,11,3,GENERAL
2555,F,6,4,ORTHOPEDICS
2556,M,10,4,ORTHOPEDICS
2557,F,12,3,GENERAL
2558,F,1,5,CARDIOLOGY
2559,M,10,3,SURGERY
2560,F,10,4,CARDIOLOGY
2561,F,1,5,GENERAL
2562,M,6,4,GENERAL
2563,F,1,5,GENERAL
2564,F,7,4,GENERAL
2565,F,10,3,CARDIOLOGY
2566,M,10,4,GENERAL
2567,F,13,3,CARDIOLOGY
2568,F,6,4,GENERAL
2569,F,10,4,SURGERY
2570,M,6,4,ORTHOPEDICS
2571,M,1,6,GENERAL
2572,F,1,5,GENERAL
2573,F,6,4,GENERAL
2574,M,13,2,SURGERY
2575,F,1,6,ORTHOPEDICS
2576,F,6,4,GENERAL
2577,F,7,4,SURGERY
2578,F,13,3,GENERAL
2579,F,6,4,GENERAL
2580,F,10,4,ORTHOPEDICS
2581,M,6,4,GENERAL
2582,M,7,4,CARDIOLOGY
2583,F,10,4,CARDIOLOGY
2584,M,11,3,CARDIOLOGY
2585,M,7,4,ORTHOPEDICS
2586,M,6,4,ORTHOPEDICS
2587,M,1,5,SURGERY
2588,F,1,5,ORTHOPEDICS
2589,F,10,3,ORTHOPEDICS
2590,F,11,3,GENERAL
2591,F,6,4,GENERAL
2592,F,1,5,CARDIOLOGY
2593,M,10,4,ORTHOPEDICS
2594,M,1,5,SURGERY
2595,M,6,4,SURGERY
2596,F,6,4,GENERAL
2597,F,1,5,ORTHOPEDICS
2598,M,6,4,GENERAL
2599,F,6,4,CARDIOLOGY
2600,F,11,3,GENERAL
2601,M,6,4,GENERAL
2602,F,8,4,GENERAL
2603,F,1,5,CARDIOLOGY
2604,F,11,3,ORTHOPEDICS
2605,M,6,4,GENERAL
2606,F,10,3,SURGERY
2607,M,11,3,CARDIOLOGY
2608,M,6,4,GENERAL
2609,F,13,2,GENERAL
2610,M,13,2,CARDIOLOGY
2611,M,10,4,GENERAL
2612,M,11,3,CARDIOLOGY
2613,M,10,4,GENERAL
2614,M,7,4,GENERAL
2615,M,1,5,GENERAL
2616,M,6,4,SURGERY
2617,F,10,4,GENERAL
2618,M,11,3,GENERAL
2619,M,13,2,ORTHOPEDICS
2620,M,1,5,ORTHOPEDICS
2621,M,7,4,GENERAL
2622,M,10,3,SURGERY
2623,M,1,5,SURGERY
2624,F,1,5,GENERAL
2625,F,10,3,CARDIOLOGY
2626,M,6,4,CARDIOLOGY
2627,M,1,5,GENERAL
2628,F,1,6,GENERAL
2629,M,6,4,GENERAL
2630,M,6,4,SURGERY
2631,M,1,6,GENERAL
2632,F,10,3,ORTHOPEDICS
2633,F,10,3,SURGERY
2634,M,13,3,GENERAL
2635,F,1,5,CARDIOLOGY
2636,F,7,4,GENERAL
2637,M,1,6,SURGERY
2638,M,1,5,CARDIOLOGY
2639,F,7,4,CARDIOLOGY
2640,F,11,3,GENERAL
2641,F,10,3,GENERAL
2642,M,10,3,SURGERY
2643,M,6,4,SURGERY
2644,M,1,5,GENERAL
2645,F,1,5,SURGERY
2646,M,6,4,SURGERY
2647,F,7,4,ORTHOPEDICS
2648,F,6,4,GENERAL
2649,M,13,2,SURGERY
2650,F,11,3,ORTHOPEDICS
2651,M,10,3,GENERAL
2652,F,1,5,SURGERY
2653,F,10,3,GENERAL
2654,F,1,5,SURGERY
2655,F,13,2,CARDIOLOGY
2656,F,6,5,GENERAL
2657,M,1,5,GENERAL
2658,F,1,5,SURGERY
2659,M,10,4,GENERAL
2660,M,6,4,GENERAL
2661,F,11,3,CARDIOLOGY
2662,F,1,5,GENERAL
2663,M,1,6,ORTHOPEDICS
2664,M,6,4,ORTHOPEDICS
2665,F,13,1,GENERAL
2666,M,6,4,SURGERY
2667,M,13,3,GENERAL
2668,M,1,5,ORTHOPEDICS
2669,M,10,4,ORTHOPEDICS
2670,F,6,4,GENERAL
2671,M,7,4,GENERAL
2672,M,6,4,GENERAL
2673,F,6,4,SURGERY
2674,M,1,5,GENERAL
2675,M,1,6,ORTHOPEDICS
2676,M,10,4,CARDIOLOGY
2677,F,1,5,GENERAL
2678,F,13,2,ORTHOPEDICS
2679,M,1,5,GENERAL
2680,F,1,5,CARDIOLOGY
2681,F,1,5,ORTHOPEDICS
2682,M,10,3,CARDIOLOGY
2683,F,1,6,SURGERY
2684,M,1,5,GENERAL
2685,F,1,6,GENERAL
2686,M,1,5,SURGERY
2687,F,6,4,GENERAL
2688,F,10,4,GENERAL
2689,M,6,5,ORTHOPEDICS
2690,F,1,5,SURGERY
2691,M,6,4,ORTHOPEDICS
2692,F,13,3,SURGERY
2693,M,11,3,CARDIOLOGY
2694,M,1,5,ORTHOPEDICS
2695,M,1,5,GENERAL
2696,M,10,3,SURGERY
2697,M,10,3,GENERAL
2698,F,7,4,GENERAL
2699,F,1,5,GENERAL
2700,M,6,4,GENERAL
2701,F,10,3,ORTHOPEDICS
2702,M,1,7,ORTHOPEDICS
2703,M,6,4,ORTHOPEDICS
2704,F,1,5,ORTHOPEDICS
2705,F,1,5,SURGERY
2706,M,10,3,SURGERY
2707,F,1,5,GENERAL
2708,M,6,4,GENERAL
2709,M,8,4,CARDIOLOGY
2710,F,10,4,GENERAL
2711,M,6,4,GENERAL
2712,M,1,5,GENERAL
2713,F,6,4,ORTHOPEDICS
2714,F,6,5,GENERAL
2715,M,6,4,GENERAL
2716,F,6,4,CARDIOLOGY
2717,F,10,3,GENERAL
2718,F,1,5,GENERAL
2719,F,10,4,ORTHOPEDICS
2720,F,13,2,GENERAL
2721,F,11,3,ORTHOPEDICS
2722,F,10,4,CARDIOLOGY
2723,F,13,3,GENERAL
2724,M,11,3,GENERAL
2725,M,6,4,CARDIOLOGY
2726,M,6,4,SURGERY
2727,F,10,4,ORTHOPEDICS
2728,F,1,5,GENERAL
2729,M,1,5,GENERAL
2730,F,6,4,CARDIOLOGY
2731,F,6,4,SURGERY
2732,F,6,4,CARDIOLOGY
2733,M,1,5,SURGERY
2734,M,1,5,GENERAL
2735,M,11,3,ORTHOPEDICS
2736,M,10,3,CARDIOLOGY
2737,M,1,5,GENERAL
2738,F,6,4,GENERAL
2739,M,13,3,ORTHOPEDICS
2740,F,13,2,CARDIOLOGY
2741,F,1,5,SURGERY
2742,F,10,3,GENERAL
2743,F,1,5,SURGERY
2744,F,10,3,CARDIOLOGY
2745,M,7,4,GENERAL
2746,M,1,5,ORTHOPEDICS
2747,M,1,5,GENERAL
2748,F,1,5,GENERAL
2749,M,11,3,GENERAL
2750,M,1,5,CARDIOLOGY
2751,F,1,6,ORTHOPEDICS
2752,F,7,4,GENERAL
2753,F,6,4,CARDIOLOGY
2754,M,1,5,ORTHOPEDICS
2755,M,1,5,GENERAL
2756,F,6,4,ORTHOPEDICS
2757,M,6,4,ORTHOPEDICS
2758,F,1,5,ORTHOPEDICS
2759,F,1,5,CARDIOLOGY
2760,F,1,5,SURGERY
2761,M,6,4,SURGERY
2762,F,10,3,GENERAL
2763,M,1,5,SURGERY
2764,F,10,4,ORTHOPEDICS
2765,M,1,5,ORTHOPEDICS
2766,F,10,4,GENERAL
2767,F,6,4,SURGERY
2768,F,11,3,ORTHOPEDICS
2769,M,10,4,ORTHOPEDICS
2770,M,6,4,GENERAL
2771,F,6,5,CARDIOLOGY
2772,M,6,4,GENERAL
2773,M,6,4,GENERAL
2774,M,7,4,GENERAL
2775,F,1,5,ORTHOPEDICS
2776,F,6,4,GENERAL
2777,F,13,3,GENERAL
2778,F,11,3,SURGERY
2779,F,13,2,GENERAL
2780,M,6,4,ORTHOPEDICS
2781,F,13,1,ORTHOPEDICS
2782,F,6,4,GENERAL
2783,M,10,3,ORTHOPEDICS
2784,F,10,3,CARDIOLOGY
2785,F,13,2,CARDIOLOGY
2786,F,10,3,GENERAL
2787,M,6,4,GENERAL
2788,M,10,3,CARDIOLOGY
2789,M,10,3,GENERAL
2790,M,10,3,ORTHOPEDICS
2791,F,6,4,SURGERY
2792,F,6,4,GENERAL
2793,F,10,4,GENERAL
2794,F,6,5,ORTHOPEDICS
2795,M,6,4,GENERAL
2796,F,1,5,CARDIOLOGY
2797,M,6,4,GENERAL
2798,F,1,5,GENERAL
2799,M,1,6,CARDIOLOGY
2800,M,11,3,ORTHOPEDICS
2801,F,1,5,SURGERY
2802,M,13,1,SURGERY
2803,M,7,4,CARDIOLOGY
2804,F,11,3,ORTHOPEDICS
2805,M,13,3,GENERAL
2806,M,12,3,SURGERY
2807,F,11,3,ORTHOPEDICS
2808,F,10,3,GENERAL
2809,M,6,4,SURGERY
2810,F,6,4,SURGERY
2811,M,6,4,GENERAL
2812,M,6,4,GENERAL
2813,F,1,7,SURGERY
2814,M,10,4,GENERAL
2815,F,1,6,ORTHOPEDICS
2816,F,1,5,SURGERY
2817,F,6,4,ORTHOPEDICS
2818,F,6,4,GENERAL
2819,M,11,3,SURGERY
2820,F,1,5,CARDIOLOGY
2821,M,11,3,GENERAL
2822,F,13,1,GENERAL
2823,F,1,5,GENERAL
2824,F,7,4,SURGERY
2825,M,6,4,ORTHOPEDICS
2826,M,1,5,SURGERY
2827,F,7,4,GENERAL
2828,M,1,6,SURGERY
2829,F,6,4,GENERAL
2830,F,10,3,GENERAL
2831,F,13,2,CARDIOLOGY
2832,M,1,5,SURGERY
2833,F,1,6,GENERAL
2834,F,13,3,ORTHOPEDICS
2835,M,6,4,CARDIOLOGY
2836,F,11,3,SURGERY
2837,F,1,6,ORTHOPEDICS
2838,M,10,4,ORTHOPEDICS
2839,M,13,1,ORTHOPEDICS
2840,M,6,4,GENERAL
2841,F,1,5,GENERAL
2842,M,6,4,GENERAL
2843,M,13,2,SURGERY
2844,M,7,4,SURGERY
2845,F,11,3,SURGERY
2846,F,6,4,CARDIOLOGY
2847,F,10,3,SURGERY
2848,M,1,6,GENERAL
2849,M,11,3,GENERAL
2850,M,10,4,GENERAL
2851,M,7,4,SURGERY
2852,M,13,2,GENERAL
2853,M,10,4,ORTHOPEDICS
2854,F,1,5,ORTHOPEDICS
2855,F,6,4,GENERAL
2856,F,6,4,GENERAL
2857,F,10,3,CARDIOLOGY
2858,F,13,2,CARDIOLOGY
2859,F,11,3,GENERAL
2860,F,1,5,SURGERY
2861,M,6,4,CARDIOLOGY
2862,F,10,3,SURGERY
2863,F,6,4,ORTHOPEDICS
2864,M,1,5,ORTHOPEDICS
2865,M,11,3,GENERAL
2866,M,7,4,GENERAL
2867,M,11,3,ORTHOPEDICS
2868,F,6,4,GENERAL
2869,M,1,5,ORTHOPEDICS
2870,F,1,5,CARDIOLOGY
2871,F,11,3,SURGERY
2872,F,10,3,SURGERY
2873,M,1,5,SURGERY
2874,F,6,4,CARDIOLOGY
2875,F,6,4,CARDIOLOGY
2876,M,13,3,GENERAL
2877,F,6,4,ORTHOPEDICS
2878,F,13,1,GENERAL
2879,M,10,4,GENERAL
2880,F,1,5,GENERAL
2881,F,6,4,GENERAL
2882,M,10,3,ORTHOPEDICS
2883,M,10,3,ORTHOPEDICS
2884,M,1,5,GENERAL
2885,F,10,3,GENERAL
2886,F,1,5,GENERAL
2887,M,6,4,GENERAL
2888,F,6,4,GENERAL
2889,F,6,4,GENERAL
2890,F,1,5,ORTHOPEDICS
2891,M,7,4,GENERAL
2892,F,10,3,CARDIOLOGY
2893,F,1,5,GENERAL
2894,M,13,1,GENERAL
2895,F,7,4,CARDIOLOGY
2896,M,1,5,GENERAL
2897,F,7,4,GENERAL
2898,M,6,4,CARDIOLOGY
2899,F,10,4,SURGERY
2900,M,1,5,ORTHOPEDICS
2901,M,10,3,GENERAL
2902,F,6,4,ORTHOPEDICS
2903,M,6,4,GENERAL
2904,M,1,5,ORTHOPEDICS
2905,F,1,6,SURGERY
2906,F,6,4,GENERAL
2907,F,8,4,GENERAL
2908,F,10,3,GENERAL
2909,M,11,3,GENERAL
2910,M,6,4,ORTHOPEDICS
2911,F,13,2,GENERAL
2912,F,6,4,ORTHOPEDICS
2913,M,6,4,ORTHOPEDICS
2914,F,7,4,SURGERY
2915,M,11,3,ORTHOPEDICS
2916,M,7,4,GENERAL
2917,M,1,5,GENERAL
2918,M,1,5,GENERAL
2919,F,10,4,CARDIOLOGY
2920,F,1,5,SURGERY
2921,M,1,6,GENERAL
2922,F,10,3,GENERAL
2923,M,6,4,GENERAL
2924,M,10,4,ORTHOPEDICS
2925,M,7,4,GENERAL
2926,M,6,4,SURGERY
2927,M,1,5,GENERAL
2928,M,6,4,SURGERY
2929,F,1,5,GENERAL
2930,M,1,6,CARDIOLOGY
2931,F,1,5,SURGERY
2932,M,11,3,ORTHOPEDICS
2933,F,1,5,GENERAL
2934,M,1,5,ORTHOPEDICS
2935,M,10,4,SURGERY
2936,M,10,4,ORTHOPEDICS
2937,F,1,5,GENERAL
2938,M,1,5,GENERAL
2939,F,11,3,CARDIOLOGY
2940,F,13,2,GENERAL
2941,F,13,2,GENERAL
2942,F,1,5,ORTHOPEDICS
2943,M,10,3,SURGERY
2944,F,10,3,GENERAL
2945,F,6,4,SURGERY
2946,F,10,3,ORTHOPEDICS
2947,M,10,3,SURGERY
2948,M,1,5,GENERAL
2949,M,1,5,GENERAL
2950,F,1,6,SURGERY
2951,M,1,5,ORTHOPEDICS
2952,M,6,4,CARDIOLOGY
2953,M,1,5,GENERAL
2954,M,1,5,ORTHOPEDICS
2955,F,6,4,GENERAL
2956,M,1,5,CARDIOLOGY
2957,F,1,5,ORTHOPEDICS
2958,F,7,4,GENERAL
2959,F,6,4,ORTHOPEDICS
2960,F,1,5,CARDIOLOGY
2961,M,6,4,GENERAL
2962,F,6,4,GENERAL
2963,M,7,4,SURGERY
2964,M,1,5,GENERAL
2965,M,11,3,GENERAL
2966,F,10,4,GENERAL
2967,F,1,5,GENERAL
2968,M,6,4,GENERAL
2969,M,6,4,CARDIOLOGY
2970,F,10,4,GENERAL
2971,M,10,4,CARDIOLOGY
2972,M,1,5,CARDIOLOGY
2973,M,6,4,ORTHOPEDICS
2974,F,10,4,GENERAL
2975,F,10,3,ORTHOPEDICS
2976,M,7,4,CARDIOLOGY
2977,F,1,5,SURGERY
2978,F,11,3,GENERAL
2979,F,10,3,SURGERY
2980,F,13,2,SURGERY
2981,F,6,4,SURGERY
2982,M,10,4,GENERAL
2983,F,6,4,GENERAL
2984,F,10,3,ORTHOPEDICS
2985,F,10,4,ORTHOPEDICS
2986,F,1,6,ORTHOPEDICS
2987,F,10,4,GENERAL
2988,M,1,6,GENERAL
2989,F,13,2,SURGERY
2990,F,6,4,CARDIOLOGY
2991,M,1,5,CARDIOLOGY
2992,F,1,5,SURGERY
2993,F,11,3,CARDIOLOGY
2994,M,13,1,SURGERY
2995,F,1,5,ORTHOPEDICS
2996,M,1,6,SURGERY
2997,F,11,3,SURGERY
2998,M,6,4,CARDIOLOGY
2999,M,1,6,SURGERY
3000,F,10,4,SURGERY
3001,F,1,5,GENERAL
3002,F,1,5,GENERAL
3003,M,10,3,ORTHOPEDICS
3004,M,6,4,ORTHOPEDICS
3005,M,6,4,SURGERY
3006,M,1,5,SURGERY
3007,F,6,4,GENERAL
3008,M,1,5,GENERAL
3009,M,10,3,GENERAL
3010,M,1,5,CARDIOLOGY
3011,F,10,3,ORTHOPEDICS
3012,F,1,5,CARDIOLOGY
3013,F,1,5,SURGERY
3014,F,10,3,ORTHOPEDICS
3015,M,10,4,GENERAL
3016,F,10,4,ORTHOPEDICS
3017,M,10,3,ORTHOPEDICS
3018,F,6,4,GENERAL
3019,M,10,3,GENERAL
3020,M,13,2,GENERAL
3021,M,1,6,GENERAL
3022,M,1,5,GENERAL
3023,F,1,5,GENERAL
3024,F,13,1,GENERAL
3025,F,10,3,ORTHOPEDICS
3026,M,1,5,GENERAL
3027,M,11,3,ORTHOPEDICS
3028,M,13,2,SURGERY
3029,F,6,4,ORTHOPEDICS
3030,M,13,2,SURGERY
3031,M,1,6,SURGERY
3032,M,7,4,SURGERY
3033,M,10,3,GENERAL
3034,M,6,4,GENERAL
3035,F,10,4,SURGERY
3036,M,6,4,CARDIOLOGY
3037,M,6,4,CARDIOLOGY
3038,F,1,6,GENERAL
3039,F,6,4,ORTHOPEDICS
3040,F,12,3,SURGERY
3041,M,6,4,SURGERY
3042,F,13,2,ORTHOPEDICS
3043,F,1,5,GENERAL
3044,F,1,5,CARDIOLOGY
3045,F,1,5,SURGERY
3046,M,6,4,CARDIOLOGY
3047,M,1,6,GENERAL
3048,M,1,5,ORTHOPEDICS
3049,M,6,4,ORTHOPEDICS
3050,F,10,3,GENERAL
3051,F,1,5,GENERAL
3052,M,6,4,GENERAL
3053,M,6,4,GENERAL
3054,F,6,4,ORTHOPEDICS
3055,M,6,4,ORTHOPEDICS
3056,F,13,3,SURGERY
3057,F,1,6,ORTHOPEDICS
3058,M,11,3,GENERAL
3059,M,12,3,CARDIOLOGY
3060,M,13,2,CARDIOLOGY
3061,F,13,2,CARDIOLOGY
3062,F,13,2,GENERAL
3063,M,6,4,CARDIOLOGY
3064,M,10,3,GENERAL
3065,F,6,4,CARDIOLOGY
3066,M,1,5,ORTHOPEDICS
3067,F,1,5,GENERAL
3068,F,1,5,ORTHOPEDICS
3069,F,13,2,CARDIOLOGY
3070,F,10,3,ORTHOPEDICS
3071,F,1,5,ORTHOPEDICS
3072,M,1,5,GENERAL
3073,F,1,6,GENERAL
3074,F,1,5,GENERAL
3075,M,10,4,GENERAL
3076,F,10,3,CARDIOLOGY
3077,M,6,4,SURGERY
3078,F,10,4,ORTHOPEDICS
3079,M,10,3,GENERAL
3080,F,10,4,GENERAL
3081,M,1,5,CARDIOLOGY
3082,F,1,6,CARDIOLOGY
3083,F,11,3,GENERAL
3084,M,1,5,CARDIOLOGY
3085,F,6,5,ORTHOPEDICS
3086,F,10,3,GENERAL
3087,M,10,4,CARDIOLOGY
3088,F,1,5,GENERAL
3089,F,13,2,GENERAL
3090,M,11,3,CARDIOLOGY
3091,M,10,3,ORTHOPEDICS
3092,F,1,5,GENERAL
3093,F,6,4,ORTHOPEDICS
3094,F,6,5,SURGERY
3095,M,1,5,CARDIOLOGY
3096,M,6,4,SURGERY
3097,M,10,3,GENERAL
3098,M,10,3,GENERAL
3099,F,7,4,GENERAL
3100,F,1,5,CARDIOLOGY
3101,F,1,5,GENERAL
3102,M,1,5,CARDIOLOGY
3103,M,10,3,CARDIOLOGY
3104,F,11,3,GENERAL
3105,F,1,5,CARDIOLOGY
3106,M,13,2,SURGERY
3107,M,11,3,ORTHOPEDICS
3108,M,1,5,ORTHOPEDICS
3109,M,6,4,GENERAL
3110,M,13,2,ORTHOPEDICS
3111,M,6,4,ORTHOPEDICS
3112,M,7,4,GENERAL
3113,M,6,4,GENERAL
3114,F,6,4,SURGERY
3115,M,1,6,SURGERY
3116,F,6,4,CARDIOLOGY
3117,F,6,4,ORTHOPEDICS
3118,F,1,5,GENERAL
3119,M,6,4,ORTHOPEDICS
3120,F,1,5,GENERAL
3121,M,1,6,ORTHOPEDICS
3122,F,7,4,GENERAL
3123,F,10,4,SURGERY
3124,M,10,4,GENERAL
3125,F,13,3,ORTHOPEDICS
3126,M,13,3,ORTHOPEDICS
3127,M,10,4,SURGERY
3128,F,10,4,GENERAL
3129,M,10,3,ORTHOPEDICS
3130,F,7,4,SURGERY
3131,F,10,4,SURGERY
3132,M,1,5,CARDIOLOGY
3133,F,10,3,GENERAL
3134,F,6,4,SURGERY
3135,F,1,5,SURGERY
3136,F,6,4,GENERAL
3137,F,1,6,CARDIOLOGY
3138,M,6,4,GENERAL
3139,F,11,3,GENERAL
3140,M,11,3,GENERAL
3141,M,6,4,CARDIOLOGY
3142,M,1,5,SURGERY
3143,F,1,5,ORTHOPEDICS
3144,M,1,6,CARDIOLOGY
3145,F,1,6,GENERAL
3146,M,13,2,SURGERY
3147,F,11,3,GENERAL
3148,F,10,3,ORTHOPEDICS
3149,M,6,4,CARDIOLOGY
3150,M,6,5,CARDIOLOGY
3151,F,10,3,CARDIOLOGY
3152,M,13,3,ORTHOPEDICS
3153,M,1,5,GENERAL
3154,M,7,4,CARDIOLOGY
3155,M,11,3,SURGERY
3156,M,1,5,GENERAL
3157,F,13,2,ORTHOPEDICS
3158,M,13,2,SURGERY
3159,M,6,4,GENERAL
3160,F,10,3,GENERAL
3161,M,1,5,CARDIOLOGY
3162,M,1,5,GENERAL
3163,F,6,4,GENERAL
3164,M,10,3,GENERAL
3165,M,10,4,GENERAL
3166,M,1,5,SURGERY
3167,F,8,4,ORTHOPEDICS
3168,M,10,4,ORTHOPEDICS
3169,F,1,6,ORTHOPEDICS
3170,F,1,5,GENERAL
3171,F,1,6,ORTHOPEDICS
3172,F,1,5,GENERAL
3173,M,10,3,GENERAL
3174,M,11,3,ORTHOPEDICS
3175,F,1,5,ORTHOPEDICS
3176,F,10,3,CARDIOLOGY
3177,M,11,3,GENERAL
3178,F,6,4,GENERAL
3179,M,10,4,ORTHOPEDICS
3180,F,6,4,GENERAL
3181,M,1,5,CARDIOLOGY
3182,F,13,2,GENERAL
3183,M,1,5,SURGERY
3184,F,1,5,SURGERY
3185,F,6,4,GENERAL
3186,F,10,4,SURGERY
3187,M,6,4,GENERAL
3188,M,1,5,CARDIOLOGY
3189,M,1,5,ORTHOPEDICS
3190,F,1,5,GENERAL
3191,F,10,4,ORTHOPEDICS
3192,F,7,4,SURGERY
3193,M,1,5,SURGERY
3194,M,7,4,SURGERY
3195,F,13,3,GENERAL
3196,M,6,4,GENERAL
3197,F,13,3,CARDIOLOGY
3198,M,10,4,GENERAL
3199,F,10,3,CARDIOLOGY
3200,F,7,4,GENERAL
3201,F,1,5,GENERAL
3202,F,1,5,CARDIOLOGY
3203,F,10,4,SURGERY
3204,M,10,3,GENERAL
3205,F,6,4,GENERAL
3206,F,6,4,CARDIOLOGY
3207,F,13,2,SURGERY
3208,M,6,4,GENERAL
3209,F,10,3,ORTHOPEDICS
3210,M,10,4,GENERAL
3211,M,6,4,ORTHOPEDICS
3212,M,1,5,SURGERY
3213,F,11,3,GENERAL
3214,F,11,3,SURGERY
3215,F,6,4,GENERAL
3216,F,1,5,GENERAL
3217,M,12,3,ORTHOPEDICS
3218,F,1,5,ORTHOPEDICS
3219,M,13,2,GENERAL
3220,F,7,4,GENERAL
3221,M,11,3,SURGERY
3222,M,1,6,GENERAL
3223,F,1,5,SURGERY
3224,F,6,4,CARDIOLOGY
3225,M,13,2,GENERAL
3226,F,13,2,GENERAL
3227,F,6,4,SURGERY
3228,F,6,4,GENERAL
3229,F,7,4,SURGERY
3230,M,10,3,GENERAL
3231,F,13,2,GENERAL
3232,M,7,4,CARDIOLOGY
3233,F,6,4,SURGERY
3234,M,6,4,CARDIOLOGY
3235,M,6,4,GENERAL
3236,M,10,4,SURGERY
3237,F,1,6,SURGERY
3238,F,6,4,GENERAL
3239,F,1,5,CARDIOLOGY
3240,F,10,3,GENERAL
3241,F,6,4,ORTHOPEDICS
3242,F,7,4,ORTHOPEDICS
3243,M,7,4,SURGERY
3244,M,11,3,CARDIOLOGY
3245,F,13,3,CARDIOLOGY
3246,M,1,6,ORTHOPEDICS
3247,M,10,4,SURGERY
3248,M,1,5,GENERAL
3249,M,6,4,CARDIOLOGY
3250,M,11,3,GENERAL
3251,F,10,4,SURGERY
3252,M,1,5,GENERAL
3253,F,13,3,GENERAL
3254,F,6,4,SURGERY
3255,M,1,5,CARDIOLOGY
3256,M,11,3,GENERAL
3257,F,11,3,GENERAL
3258,F,1,5,SURGERY
3259,M,1,6,ORTHOPEDICS
3260,F,1,5,GENERAL
3261,M,1,5,GENERAL
3262,F,10,4,CARDIOLOGY
3263,M,13,2,SURGERY
3264,M,10,3,GENERAL
3265,M,12,3,CARDIOLOGY
3266,M,1,5,SURGERY
3267,M,1,5,SURGERY
3268,F,7,4,GENERAL
3269,M,6,4,SURGERY
3270,F,10,4,GENERAL
3271,M,6,4,GENERAL
3272,F,6,4,GENERAL
3273,F,1,6,GENERAL
3274,F,10,4,GENERAL
3275,M,11,3,ORTHOPEDICS
3276,M,7,4,SURGERY
3277,M,6,4,GENERAL
3278,M,10,3,GENERAL
3279,M,6,4,GENERAL
3280,F,6,4,SURGERY
3281,M,6,4,GENERAL
3282,F,6,4,CARDIOLOGY
3283,F,10,4,GENERAL
3284,F,6,4,GENERAL
3285,F,10,3,ORTHOPEDICS
3286,M,6,4,CARDIOLOGY
3287,M,10,3,GENERAL
3288,F,6,4,CARDIOLOGY
3289,F,1,5,SURGERY
3290,M,10,4,GENERAL
3291,M,6,4,GENERAL
3292,M,6,5,ORTHOPEDICS
3293,F,1,5,SURGERY
3294,M,6,4,ORTHOPEDICS
3295,M,10,3,GENERAL
3296,F,6,4,GENERAL
3297,M,6,4,ORTHOPEDICS
3298,M,10,3,GENERAL
3299,F,11,3,GENERAL
3300,F,6,4,GENERAL
3301,M,10,4,ORTHOPEDICS
3302,M,1,5,SURGERY
3303,M,1,5,GENERAL
3304,M,1,7,GENERAL
3305,M,13,2,SURGERY
3306,F,6,4,ORTHOPEDICS
3307,F,13,2,ORTHOPEDICS
3308,M,1,5,CARDIOLOGY
3309,M,6,4,GENERAL
3310,F,1,6,SURGERY
3311,M,11,3,SURGERY
3312,F,7,4,GENERAL
3313,M,1,5,ORTHOPEDICS
3314,F,6,4,GENERAL
3315,F,10,3,ORTHOPEDICS
3316,F,1,6,ORTHOPEDICS
3317,F,10,3,GENERAL
3318,M,13,3,SURGERY
3319,M,1,5,ORTHOPEDICS
3320,M,11,3,SURGERY
3321,F,10,4,GENERAL
3322,M,7,4,CARDIOLOGY
3323,M,6,4,SURGERY
3324,F,10,4,SURGERY
3325,M,6,4,SURGERY
3326,M,10,4,SURGERY
3327,F,1,5,SURGERY
3328,F,1,5,GENERAL
3329,F,1,6,GENERAL
3330,M,1,5,GENERAL
3331,F,1,5,GENERAL
3332,M,10,4,GENERAL
3333,F,6,4,CARDIOLOGY
3334,M,1,5,CARDIOLOGY
3335,F,1,5,GENERAL
3336,M,7,4,ORTHOPEDICS
3337,M,1,6,GENERAL
3338,M,6,4,SURGERY
3339,F,6,4,ORTHOPEDICS
3340,F,13,2,GENERAL
3341,M,10,4,GENERAL
3342,F,13,2,SURGERY
3343,F,6,4,GENERAL
3344,M,1,6,GENERAL
3345,M,10,3,SURGERY
3346,F,13,2,GENERAL
3347,M,10,3,GENERAL
3348,F,1,6,CARDIOLOGY
3349,M,6,4,GENERAL
3350,F,1,5,CARDIOLOGY
3351,F,11,3,CARDIOLOGY
3352,M,1,5,GENERAL
3353,M,6,4,GENERAL
3354,M,1,5,SURGERY
3355,M,6,4,CARDIOLOGY
3356,F,10,4,SURGERY
3357,F,10,4,SURGERY
3358,M,1,6,GENERAL
3359,M,1,5,GENERAL
3360,M,13,3,CARDIOLOGY
3361,F,10,3,CARDIOLOGY
3362,M,6,4,SURGERY
3363,M,1,5,CARDIOLOGY
3364,M,1,5,GENERAL
3365,M,10,4,GENERAL
3366,F,1,6,GENERAL
3367,F,6,4,CARDIOLOGY
3368,F,1,5,ORTHOPEDICS
3369,F,1,5,CARDIOLOGY
3370,M,1,5,ORTHOPEDICS
3371,M,12,3,SURGERY
3372,M,7,4,GENERAL
3373,F,6,4,CARDIOLOGY
3374,M,7,4,GENERAL
3375,F,1,5,GENERAL
3376,M,10,3,ORTHOPEDICS
3377,M,11,3,GENERAL
3378,F,6,4,GENERAL
3379,M,6,4,ORTHOPEDICS
3380,F,1,5,CARDIOLOGY
3381,F,1,5,SURGERY
3382,M,1,5,SURGERY
3383,M,1,5,CARDIOLOGY
3384,F,10,3,GENERAL
3385,F,6,4,GENERAL
3386,F,11,3,GENERAL
3387,M,1,5,GENERAL
3388,F,11,3,GENERAL
3389,M,1,7,GENERAL
3390,M,1,5,SURGERY
3391,M,10,4,GENERAL
3392,F,1,5,GENERAL
3393,M,13,3,GENERAL
3394,F,6,4,ORTHOPEDICS
3395,M,13,2,GENERAL
3396,F,1,5,GENERAL
3397,M,1,5,ORTHOPEDICS
3398,F,1,5,GENERAL
3399,F,1,5,GENERAL
3400,M,10,3,ORTHOPEDICS
3401,F,10,4,GENERAL
3402,M,10,4,GENERAL
3403,F,1,5,CARDIOLOGY
3404,M,10,3,SURGERY
3405,F,13,3,GENERAL
3406,M,1,5,SURGERY
3407,F,1,5,GENERAL
3408,M,8,4,ORTHOPEDICS
3409,F,6,4,SURGERY
3410,M,1,6,SURGERY
3411,M,10,3,ORTHOPEDICS
3412,M,1,6,ORTHOPEDICS
3413,F,6,4,CARDIOLOGY
3414,M,13,3,GENERAL
3415,F,6,4,SURGERY
3416,M,10,3,GENERAL
3417,F,7,4,GENERAL
3418,M,10,3,SURGERY
3419,M,7,4,GENERAL
3420,F,11,3,SURGERY
3421,M,10,4,GENERAL
3422,F,13,2,SURGERY
3423,F,7,4,GENERAL
3424,F,7,4,SURGERY
3425,M,7,4,CARDIOLOGY
3426,M,10,4,ORTHOPEDICS
3427,F,1,5,GENERAL
3428,M,11,3,GENERAL
3429,M,7,4,ORTHOPEDICS
3430,M,1,5,GENERAL
3431,F,10,3,GENERAL
3432,M,1,5,GENERAL
3433,F,10,4,SURGERY
3434,M,7,4,GENERAL
3435,F,10,4,CARDIOLOGY
3436,M,10,3,CARDIOLOGY
3437,M,1,5,SURGERY
3438,M,13,2,GENERAL
3439,M,10,4,SURGERY
3440,F,6,4,GENERAL
3441,F,1,5,GENERAL
3442,M,1,5,CARDIOLOGY
3443,M,1,6,GENERAL
3444,M,13,3,CARDIOLOGY
3445,M,10,3,GENERAL
3446,M,1,5,GENERAL
3447,F,6,4,GENERAL
3448,F,13,2,CARDIOLOGY
3449,M,13,2,SURGERY
3450,M,10,4,ORTHOPEDICS
3451,M,1,5,CARDIOLOGY
3452,M,6,4,SURGERY
3453,M,1,6,SURGERY
3454,F,10,3,GENERAL
3455,F,10,4,CARDIOLOGY
3456,M,6,4,GENERAL
3457,M,1,5,CARDIOLOGY
3458,F,1,5,ORTHOPEDICS
3459,F,10,4,SURGERY
3460,F,10,3,GENERAL
3461,F,6,4,ORTHOPEDICS
3462,M,13,2,GENERAL
3463,F,1,5,CARDIOLOGY
3464,M,10,3,ORTHOPEDICS
3465,M,7,4,SURGERY
3466,F,10,3,CARDIOLOGY
3467,M,1,5,GENERAL
3468,F,10,4,SURGERY
3469,F,1,5,GENERAL
3470,F,11,3,CARDIOLOGY
3471,F,11,3,CARDIOLOGY
3472,M,7,4,CARDIOLOGY
3473,F,10,4,CARDIOLOGY
3474,M,11,3,CARDIOLOGY
3475,M,6,4,ORTHOPEDICS
3476,F,7,4,CARDIOLOGY
3477,M,1,6,ORTHOPEDICS
3478,M,6,4,ORTHOPEDICS
3479,M,1,5,CARDIOLOGY
3480,M,1,6,ORTHOPEDICS
3481,M,1,5,GENERAL
3482,F,1,5,GENERAL
3483,M,13,2,GENERAL
3484,F,13,3,ORTHOPEDICS
3485,F,7,4,SURGERY
3486,M,1,5,GENERAL
3487,M,10,3,SURGERY
3488,M,10,3,CARDIOLOGY
3489,F,6,5,CARDIOLOGY
3490,F,1,5,GENERAL
3491,F,1,5,GENERAL
3492,M,1,5,GENERAL
3493,M,10,3,GENERAL
3494,M,10,3,GENERAL
3495,F,1,6,ORTHOPEDICS
3496,F,11,3,GENERAL
3497,F,11,3,GENERAL
3498,M,12,3,GENERAL
3499,M,1,5,SURGERY
3500,M,1,5,SURGERY
3501,F,11,3,GENERAL
3502,F,1,5,ORTHOPEDICS
3503,F,6,4,SURGERY
3504,M,1,5,SURGERY
3505,M,6,4,CARDIOLOGY
3506,M,11,3,ORTHOPEDICS
3507,M,11,3,GENERAL
3508,M,10,3,SURGERY
3509,F,6,4,ORTHOPEDICS
3510,F,10,4,ORTHOPEDICS
3511,F,7,4,ORTHOPEDICS
3512,F,6,5,GENERAL
3513,M,1,5,GENERAL
3514,M,10,4,CARDIOLOGY
3515,M,6,4,GENERAL
3516,F,1,5,GENERAL
3517,F,6,5,ORTHOPEDICS
3518,F,6,4,ORTHOPEDICS
3519,M,6,4,ORTHOPEDICS
3520,M,7,4,SURGERY
3521,F,10,3,GENERAL
3522,M,11,3,SURGERY
3523,M,6,4,ORTHOPEDICS
3524,F,6,4,GENERAL
3525,F,1,6,GENERAL
3526,F,1,6,SURGERY
3527,F,6,4,CARDIOLOGY
3528,M,13,3,GENERAL
3529,F,11,3,ORTHOPEDICS
3530,M,12,3,CARDIOLOGY
3531,F,13,3,CARDIOLOGY
3532,F,1,5,ORTHOPEDICS
3533,M,10,4,ORTHOPEDICS
3534,F,13,3,GENERAL
3535,F,1,5,GENERAL
3536,M,1,5,CARDIOLOGY
3537,M,1,5,SURGERY
3538,M,7,4,GENERAL
3539,F,1,5,ORTHOPEDICS
3540,F,1,5,SURGERY
3541,M,1,5,CARDIOLOGY
3542,M,6,4,CARDIOLOGY
3543,M,10,3,GENERAL
3544,F,13,2,GENERAL
3545,F,6,4,GENERAL
3546,M,1,5,GENERAL
3547,M,1,5,SURGERY
3548,F,7,4,GENERAL
3549,M,1,5,GENERAL
3550,F,10,3,GENERAL
3551,F,1,6,ORTHOPEDICS
3552,M,1,5,GENERAL
3553,M,1,5,GENERAL
3554,F,7,4,GENERAL
3555,M,10,3,ORTHOPEDICS
3556,M,1,6,CARDIOLOGY
3557,M,7,4,ORTHOPEDICS
3558,F,10,3,GENERAL
3559,M,6,4,GENERAL
3560,F,1,5,ORTHOPEDICS
3561,M,6,4,CARDIOLOGY
3562,M,11,3,GENERAL
3563,F,1,6,ORTHOPEDICS
3564,F,10,3,GENERAL
3565,F,13,2,GENERAL
3566,M,10,4,SURGERY
3567,F,6,4,GENERAL
3568,F,11,3,GENERAL
3569,F,6,4,CARDIOLOGY
3570,M,1,5,SURGERY
3571,M,10,3,GENERAL
3572,M,13,2,GENERAL
3573,F,1,5,GENERAL
3574,F,6,4,CARDIOLOGY
3575,F,10,4,ORTHOPEDICS
3576,M,1,5,ORTHOPEDICS
3577,F,11,3,GENERAL
3578,F,10,4,GENERAL
3579,M,6,4,GENERAL
3580,F,7,4,ORTHOPEDICS
3581,F,10,3,GENERAL
3582,F,1,6,SURGERY
3583,M,6,4,GENERAL
3584,M,1,5,CARDIOLOGY
3585,M,6,4,CARDIOLOGY
3586,M,6,4,CARDIOLOGY
3587,F,1,6,GENERAL
3588,M,10,3,GENERAL
3589,M,13,3,ORTHOPEDICS
3590,F,13,2,SURGERY
3591,F,7,4,GENERAL
3592,M,6,4,ORTHOPEDICS
3593,M,1,5,ORTHOPEDICS
3594,F,10,3,CARDIOLOGY
3595,M,10,4,GENERAL
3596,F,6,4,SURGERY
3597,M,10,4,GENERAL
3598,M,10,4,ORTHOPEDICS
3599,F,10,4,CARDIOLOGY
3600,F,1,5,SURGERY
3601,F,6,4,GENERAL
3602,F,6,4,GENERAL
3603,F,11,3,SURGERY
3604,M,13,1,SURGERY
3605,M,6,4,SURGERY
3606,F,6,4,GENERAL
3607,F,10,4,ORTHOPEDICS
3608,F,10,3,GENERAL
3609,M,11,3,GENERAL
3610,M,6,4,GENERAL
3611,M,10,3,GENERAL
3612,M,13,2,CARDIOLOGY
3613,F,6,5,ORTHOPEDICS
3614,F,10,3,GENERAL
3615,M,10,3,ORTHOPEDICS
3616,F,6,4,CARDIOLOGY
3617,F,10,4,GENERAL
3618,F,1,6,SURGERY
3619,M,11,3,ORTHOPEDICS
3620,F,6,4,GENERAL
3621,M,10,3,GENERAL
3622,M,1,6,GENERAL
3623,F,1,5,ORTHOPEDICS
3624,F,1,5,CARDIOLOGY
3625,M,10,3,ORTHOPEDICS
3626,M,13,3,GENERAL
3627,M,1,5,SURGERY
3628,F,10,3,GENERAL
3629,M,7,4,ORTHOPEDICS
3630,F,6,4,GENERAL
3631,F,1,5,GENERAL
3632,M,10,3,GENERAL
3633,M,11,3,CARDIOLOGY
3634,M,6,4,CARDIOLOGY
3635,M,1,6,CARDIOLOGY
3636,M,1,5,SURGERY
3637,M,1,5,SURGERY
3638,M,10,4,GENERAL
3639,F,11,3,SURGERY
3640,F,10,3,GENERAL
3641,F,1,5,CARDIOLOGY
3642,F,1,5,GENERAL
3643,M,11,3,CARDIOLOGY
3644,F,6,4,GENERAL
3645,F,1,6,SURGERY
3646,M,12,3,CARDIOLOGY
3647,M,7,4,GENERAL
3648,F,1,6,GENERAL
3649,F,6,4,CARDIOLOGY
3650,F,10,4,ORTHOPEDICS
3651,M,1,5,ORTHOPEDICS
3652,M,6,4,ORTHOPEDICS
3653,M,13,3,ORTHOPEDICS
3654,F,10,3,ORTHOPEDICS
3655,M,10,4,CARDIOLOGY
3656,M,10,4,GENERAL
3657,M,7,4,CARDIOLOGY
3658,F,10,4,CARDIOLOGY
3659,F,6,4,ORTHOPEDICS
3660,F,10,3,ORTHOPEDICS
3661,M,10,3,SURGERY
3662,M,10,4,SURGERY
3663,F,1,5,GENERAL
3664,F,6,4,CARDIOLOGY
3665,M,13,2,GENERAL
3666,M,6,4,SURGERY
3667,F,6,5,ORTHOPEDICS
3668,F,1,5,ORTHOPEDICS
3669,M,13,2,CARDIOLOGY
3670,M,13,3,ORTHOPEDICS
3671,M,10,3,ORTHOPEDICS
3672,F,13,1,SURGERY
3673,M,1,5,SURGERY
3674,F,1,5,CARDIOLOGY
3675,M,6,4,GENERAL
3676,F,1,5,SURGERY
3677,M,6,4,GENERAL
3678,M,6,4,CARDIOLOGY
3679,M,10,3,SURGERY
3680,F,6,4,GENERAL
3681,F,11,3,GENERAL
3682,M,1,5,GENERAL
3683,M,1,6,GENERAL
3684,F,1,5,GENERAL
3685,F,1,5,CARDIOLOGY
3686,F,13,2,SURGERY
3687,F,11,3,GENERAL
3688,M,10,3,GENERAL
3689,M,1,5,SURGERY
3690,F,10,4,GENERAL
3691,F,6,4,GENERAL
3692,F,6,4,GENERAL
3693,F,11,3,ORTHOPEDICS
3694,M,13,2,GENERAL
3695,M,6,4,SURGERY
3696,M,6,4,SURGERY
3697,F,1,5,GENERAL
3698,M,6,4,SURGERY
3699,M,11,3,SURGERY
3700,M,6,4,GENERAL
3701,F,10,4,GENERAL
3702,M,1,6,ORTHOPEDICS
3703,F,13,2,ORTHOPEDICS
3704,F,6,4,CARDIOLOGY
3705,M,11,3,SURGERY
3706,M,6,4,GENERAL
3707,F,7,4,SURGERY
3708,M,11,3,GENERAL
3709,F,6,4,ORTHOPEDICS
3710,M,6,4,CARDIOLOGY
3711,M,6,4,CARDIOLOGY
3712,F,1,5,GENERAL
3713,F,1,5,CARDIOLOGY
3714,M,10,4,SURGERY
3715,F,6,4,SURGERY
3716,M,7,4,SURGERY
3717,M,6,4,GENERAL
3718,M,1,5,CARDIOLOGY
3719,F,6,4,ORTHOPEDICS
3720,M,10,4,ORTHOPEDICS
3721,M,10,4,CARDIOLOGY
3722,M,6,4,GENERAL
3723,F,11,3,GENERAL
3724,F,6,4,GENERAL
3725,F,9,4,CARDIOLOGY
3726,M,1,5,ORTHOPEDICS
3727,F,10,4,CARDIOLOGY
3728,M,1,5,ORTHOPEDICS
3729,F,10,4,ORTHOPEDICS
3730,F,6,4,CARDIOLOGY
3731,F,13,2,SURGERY
3732,M,1,5,CARDIOLOGY
3733,F,13,2,ORTHOPEDICS
3734,F,13,3,ORTHOPEDICS
3735,M,1,5,GENERAL
3736,M,6,4,GENERAL
3737,M,10,4,ORTHOPEDICS
3738,F,6,5,CARDIOLOGY
3739,M,11,3,GENERAL
3740,M,10,4,SURGERY
3741,F,10,4,GENERAL
3742,M,10,3,GENERAL
3743,F,1,5,GENERAL
3744,M,13,2,GENERAL
3745,F,11,3,SURGERY
3746,F,13,2,ORTHOPEDICS
3747,F,1,5,ORTHOPEDICS
3748,F,1,6,SURGERY
3749,M,1,5,ORTHOPEDICS
3750,M,13,2,GENERAL
3751,F,1,5,GENERAL
3752,F,13,2,CARDIOLOGY
3753,M,1,5,ORTHOPEDICS
3754,M,1,5,GENERAL
3755,M,6,4,CARDIOLOGY
3756,M,6,4,ORTHOPEDICS
3757,M,1,5,SURGERY
3758,F,10,4,SURGERY
3759,F,6,4,ORTHOPEDICS
3760,F,10,3,SURGERY
3761,F,1,6,SURGERY
3762,F,6,4,GENERAL
3763,F,13,1,SURGERY
3764,F,1,5,GENERAL
3765,M,10,3,ORTHOPEDICS
3766,M,7,4,GENERAL
3767,M,1,5,SURGERY
3768,F,10,3,GENERAL
3769,F,10,4,GENERAL
3770,F,1,6,GENERAL
3771,M,6,4,ORTHOPEDICS
3772,M,7,4,GENERAL
3773,F,10,3,ORTHOPEDICS
3774,F,6,4,GENERAL
3775,F,13,1,ORTHOPEDICS
3776,F,11,3,SURGERY
3777,F,1,6,SURGERY
3778,M,10,4,GENERAL
3779,M,1,5,ORTHOPEDICS
3780,M,13,2,GENERAL
3781,M,1,5,GENERAL
3782,M,1,5,ORTHOPEDICS
3783,M,1,6,CARDIOLOGY
3784,M,1,6,GENERAL
3785,M,1,5,GENERAL
3786,F,10,3,CARDIOLOGY
3787,F,1,5,CARDIOLOGY
3788,M,13,2,ORTHOPEDICS
3789,M,1,5,CARDIOLOGY
3790,M,10,4,ORTHOPEDICS
3791,F,13,3,GENERAL
3792,M,13,3,SURGERY
3793,F,1,5,ORTHOPEDICS
3794,M,1,5,GENERAL
3795,M,6,4,CARDIOLOGY
3796,M,10,3,GENERAL
3797,F,10,3,GENERAL
3798,F,1,5,CARDIOLOGY
3799,M,7,4,SURGERY
3800,F,10,3,GENERAL
3801,M,1,7,CARDIOLOGY
3802,M,11,3,GENERAL
3803,M,6,4,CARDIOLOGY
3804,M,10,3,SURGERY
3805,M,1,6,GENERAL
3806,F,1,5,GENERAL
3807,F,6,4,GENERAL
3808,M,7,4,GENERAL
3809,M,11,3,GENERAL
3810,F,1,5,CARDIOLOGY
3811,M,11,3,ORTHOPEDICS
3812,F,1,5,GENERAL
3813,F,6,5,CARDIOLOGY
3814,M,10,4,GENERAL
3815,F,1,6,GENERAL
3816,F,13,3,GENERAL
3817,F,10,3,GENERAL
3818,F,1,5,SURGERY
3819,M,13,2,GENERAL
3820,M,6,4,SURGERY
3821,M,10,3,GENERAL
3822,F,1,5,GENERAL
3823,M,1,5,CARDIOLOGY
3824,F,13,2,SURGERY
3825,M,13,1,ORTHOPEDICS
3826,M,1,5,GENERAL
3827,M,1,5,GENERAL
3828,F,7,4,GENERAL
3829,M,1,5,GENERAL
3830,M,1,5,GENERAL
3831,F,6,4,SURGERY
3832,M,1,5,CARDIOLOGY
3833,F,7,4,GENERAL
3834,M,10,3,ORTHOPEDICS
3835,F,1,5,CARDIOLOGY
3836,M,10,3,GENERAL
3837,M,1,6,GENERAL
3838,F,10,3,ORTHOPEDICS
3839,F,1,5,CARDIOLOGY
3840,F,6,4,GENERAL
3841,M,6,4,GENERAL
3842,F,10,3,CARDIOLOGY
3843,F,1,6,GENERAL
3844,F,1,5,ORTHOPEDICS
3845,F,7,4,ORTHOPEDICS
3846,M,13,3,GENERAL
3847,F,10,3,CARDIOLOGY
3848,M,6,4,CARDIOLOGY
3849,M,10,3,ORTHOPEDICS
3850,M,11,3,GENERAL
3851,M,11,3,SURGERY
3852,M,6,4,CARDIOLOGY
3853,F,7,4,CARDIOLOGY
3854,M,11,3,GENERAL
3855,M,1,6,GENERAL
3856,M,1,5,CARDIOLOGY
3857,F,10,3,CARDIOLOGY
3858,M,1,6,CARDIOLOGY
3859,M,1,5,CARDIOLOGY
3860,F,13,3,SURGERY
3861,F,10,4,ORTHOPEDICS
3862,M,6,4,CARDIOLOGY
3863,F,7,4,CARDIOLOGY
3864,M,11,3,CARDIOLOGY
3865,M,10,4,SURGERY
3866,F,1,5,GENERAL
3867,M,1,5,GENERAL
3868,F,10,3,GENERAL
3869,M,6,4,GENERAL
3870,F,10,4,GENERAL
3871,F,6,4,ORTHOPEDICS
3872,F,10,4,GENERAL
3873,M,6,4,CARDIOLOGY
3874,M,7,4,GENERAL
3875,F,1,5,ORTHOPEDICS
3876,F,10,4,SURGERY
3877,F,1,6,SURGERY
3878,F,11,3,ORTHOPEDICS
3879,M,6,4,GENERAL
3880,M,1,6,GENERAL
3881,F,11,3,SURGERY
3882,F,6,4,SURGERY
3883,F,13,1,GENERAL
3884,F,10,3,CARDIOLOGY
3885,F,11,3,GENERAL
3886,F,6,5,GENERAL
3887,F,10,3,GENERAL
3888,F,11,3,SURGERY
3889,F,1,7,GENERAL
3890,M,11,3,GENERAL
3891,F,11,3,GENERAL
3892,F,1,5,CARDIOLOGY
3893,F,1,5,GENERAL
3894,M,6,4,SURGERY
3895,F,1,5,ORTHOPEDICS
3896,F,6,4,SURGERY
3897,F,1,5,SURGERY
3898,F,6,4,CARDIOLOGY
3899,M,7,4,SURGERY
3900,M,13,3,SURGERY
3901,M,6,4,ORTHOPEDICS
3902,F,6,4,CARDIOLOGY
3903,F,6,4,ORTHOPEDICS
3904,F,1,6,ORTHOPEDICS
3905,F,11,3,GENERAL
3906,M,11,3,SURGERY
3907,M,10,3,GENERAL
3908,M,13,2,GENERAL
3909,F,1,6,GENERAL
3910,F,10,3,GENERAL
3911,M,1,5,SURGERY
3912,M,7,4,GENERAL
3913,M,10,4,ORTHOPEDICS
3914,M,13,2,GENERAL
3915,F,11,3,GENERAL
3916,M,1,6,SURGERY
3917,M,11,3,CARDIOLOGY
3918,M,10,3,GENERAL
3919,F,10,4,ORTHOPEDICS
3920,F,7,4,SURGERY
3921,M,13,3,CARDIOLOGY
3922,M,13,2,GENERAL
3923,M,1,5,GENERAL
3924,F,6,4,ORTHOPEDICS
3925,M,6,4,GENERAL
3926,F,1,5,CARDIOLOGY
3927,M,1,6,SURGERY
3928,F,6,4,CARDIOLOGY
3929,M,10,3,GENERAL
3930,M,10,3,GENERAL
3931,F,10,3,GENERAL
3932,M,11,3,GENERAL
3933,M,1,5,SURGERY
3934,M,7,4,GENERAL
3935,M,1,5,CARDIOLOGY
3936,M,7,4,ORTHOPEDICS
3937,F,6,4,GENERAL
3938,F,6,4,GENERAL
3939,M,7,4,SURGERY
3940,M,1,5,GENERAL
3941,M,6,4,SURGERY
3942,M,1,6,GENERAL
3943,F,1,5,CARDIOLOGY
3944,M,1,6,GENERAL
3945,M,1,5,ORTHOPEDICS
3946,F,6,4,SURGERY
3947,M,1,5,CARDIOLOGY
3948,F,10,4,SURGERY
3949,F,10,3,GENERAL
3950,F,10,4,GENERAL
3951,F,7,4,GENERAL
3952,F,11,3,SURGERY
3953,M,6,4,GENERAL
3954,F,10,3,GENERAL
3955,M,11,3,GENERAL
3956,M,6,4,ORTHOPEDICS
3957,F,11,3,GENERAL
3958,F,6,4,SURGERY
3959,M,10,4,SURGERY
3960,M,13,2,GENERAL
3961,F,6,4,SURGERY
3962,M,11,3,GENERAL
3963,M,6,4,GENERAL
3964,M,7,4,ORTHOPEDICS
3965,F,1,5,SURGERY
3966,F,1,5,GENERAL
3967,M,6,4,SURGERY
3968,M,6,4,GENERAL
3969,F,7,4,SURGERY
3970,M,13,2,SURGERY
3971,M,13,2,SURGERY
3972,F,13,2,ORTHOPEDICS
3973,F,1,5,CARDIOLOGY
3974,F,11,3,GENERAL
3975,M,10,3,GENERAL
3976,M,10,4,SURGERY
3977,F,7,4,SURGERY
3978,M,10,4,CARDIOLOGY
3979,M,1,5,CARDIOLOGY
3980,M,1,5,GENERAL
3981,F,10,3,GENERAL
3982,M,6,4,GENERAL
3983,F,6,4,GENERAL
3984,M,10,4,ORTHOPEDICS
3985,F,1,5,SURGERY
3986,M,6,4,CARDIOLOGY
3987,M,10,4,GENERAL
3988,F,10,3,GENERAL
3989,F,6,4,ORTHOPEDICS
3990,M,1,5,ORTHOPEDICS
3991,F,10,4,GENERAL
3992,F,11,3,CARDIOLOGY
3993,M,6,4,GENERAL
3994,M,6,4,SURGERY
3995,F,6,4,ORTHOPEDICS
3996,F,6,4,GENERAL
3997,F,10,4,CARDIOLOGY
3998,M,10,4,ORTHOPEDICS
3999,M,10,4,CARDIOLOGY
4000,F,7,4,ORTHOPEDICS
4001,M,10,4,GENERAL
4002,F,11,3,SURGERY
4003,M,10,3,GENERAL
4004,M,13,2,SURGERY
4005,M,13,3,CARDIOLOGY
4006,F,6,4,GENERAL
4007,F,10,4,CARDIOLOGY
4008,F,13,2,GENERAL
4009,M,13,1,ORTHOPEDICS
4010,M,10,4,GENERAL
4011,M,11,3,ORTHOPEDICS
4012,M,10,3,GENERAL
4013,F,6,4,SURGERY
4014,F,10,4,GENERAL
4015,M,1,6,SURGERY
4016,F,6,4,GENERAL
4017,F,11,3,GENERAL
4018,M,1,6,GENERAL
4019,M,1,5,GENERAL
4020,M,1,7,GENERAL
4021,M,10,3,SURGERY
4022,M,6,4,GENERAL
4023,M,13,2,CARDIOLOGY
4024,F,10,4,SURGERY
4025,M,1,5,ORTHOPEDICS
4026,M,7,4,GENERAL
4027,M,10,3,GENERAL
4028,F,1,5,ORTHOPEDICS
4029,F,13,1,ORTHOPEDICS
4030,F,1,5,CARDIOLOGY
4031,M,1,6,ORTHOPEDICS
4032,M,6,4,ORTHOPEDICS
4033,F,1,5,SURGERY
4034,M,7,4,ORTHOPEDICS
4035,F,13,3,ORTHOPEDICS
4036,M,1,5,GENERAL
4037,M,1,5,CARDIOLOGY
4038,F,6,4,GENERAL
4039,F,10,4,ORTHOPEDICS
4040,F,1,5,CARDIOLOGY
4041,M,10,3,GENERAL
4042,M,6,4,ORTHOPEDICS
4043,F,6,4,GENERAL
4044,F,10,4,SURGERY
4045,M,13,2,GENERAL
4046,F,6,4,SURGERY
4047,F,1,5,GENERAL
4048,M,13,2,ORTHOPEDICS
4049,M,1,5,ORTHOPEDICS
4050,M,10,4,GENERAL
4051,F,13,2,ORTHOPEDICS
4052,M,6,5,GENERAL
4053,F,10,3,GENERAL
4054,M,13,2,SURGERY
4055,M,6,4,GENERAL
4056,F,7,4,SURGERY
4057,M,10,3,SURGERY
4058,M,13,2,GENERAL
4059,M,1,5,GENERAL
4060,F,1,5,CARDIOLOGY
4061,M,6,5,SURGERY
4062,M,13,2,CARDIOLOGY
4063,M,1,5,ORTHOPEDICS
4064,F,1,5,GENERAL
4065,F,10,3,ORTHOPEDICS
4066,M,6,5,ORTHOPEDICS
4067,M,13,2,ORTHOPEDICS
4068,F,10,4,GENERAL
4069,F,7,4,SURGERY
4070,F,6,4,SURGERY
4071,F,10,4,GENERAL
4072,F,6,4,CARDIOLOGY
4073,M,1,5,ORTHOPEDICS
4074,F,6,4,SURGERY
4075,M,13,3,CARDIOLOGY
4076,F,1,5,GENERAL
4077,F,6,4,GENERAL
4078,M,1,5,ORTHOPEDICS
4079,F,6,4,GENERAL
4080,M,13,3,GENERAL
4081,M,10,4,ORTHOPEDICS
4082,F,7,4,CARDIOLOGY
4083,F,1,5,GENERAL
4084,M,10,4,GENERAL
4085,M,6,4,CARDIOLOGY
4086,F,13,2,GENERAL
4087,M,1,6,CARDIOLOGY
4088,M,10,3,CARDIOLOGY
4089,M,8,4,GENERAL
4090,M,12,3,GENERAL
4091,F,10,3,ORTHOPEDICS
4092,F,1,5,SURGERY
4093,F,1,5,GENERAL
4094,M,6,4,GENERAL
4095,F,7,4,ORTHOPEDICS
4096,M,7,4,CARDIOLOGY
4097,M,1,6,GENERAL
4098,F,1,5,ORTHOPEDICS
4099,F,13,2,SURGERY
4100,M,1,5,GENERAL
4101,F,1,5,GENERAL
4102,F,11,3,ORTHOPEDICS
4103,F,1,6,CARDIOLOGY
4104,F,1,6,GENERAL
4105,F,6,4,CARDIOLOGY
4106,M,10,3,SURGERY
4107,F,10,3,GENERAL
4108,F,6,4,GENERAL
4109,M,6,5,CARDIOLOGY
4110,F,11,3,GENERAL
4111,F,10,3,GENERAL
4112,F,10,3,GENERAL
4113,M,13,2,GENERAL
4114,M,1,7,GENERAL
4115,M,10,3,ORTHOPEDICS
4116,M,10,3,CARDIOLOGY
4117,M,10,4,SURGERY
4118,M,6,5,SURGERY
4119,M,6,4,GENERAL
4120,F,11,3,GENERAL
4121,M,10,4,GENERAL
4122,M,1,5,GENERAL
4123,M,13,3,GENERAL
4124,M,6,4,CARDIOLOGY
4125,F,6,4,ORTHOPEDICS
4126,M,6,4,SURGERY
4127,M,10,4,GENERAL
4128,M,1,6,GENERAL
4129,F,6,5,GENERAL
4130,M,13,2,SURGERY
4131,F,10,4,ORTHOPEDICS
4132,F,1,5,SURGERY
4133,M,6,4,GENERAL
4134,F,13,2,ORTHOPEDICS
4135,M,13,2,SURGERY
4136,M,7,4,SURGERY
4137,F,1,5,ORTHOPEDICS
4138,M,1,5,GENERAL
4139,F,6,4,GENERAL
4140,F,10,3,GENERAL
4141,M,1,5,GENERAL
4142,M,7,4,SURGERY
4143,F,1,5,CARDIOLOGY
4144,M,1,5,SURGERY
4145,M,1,5,GENERAL
4146,M,10,3,CARDIOLOGY
4147,F,13,2,CARDIOLOGY
4148,M,7,4,ORTHOPEDICS
4149,M,13,3,CARDIOLOGY
4150,M,10,3,GENERAL
4151,M,1,5,ORTHOPEDICS
4152,M,1,5,GENERAL
4153,F,6,4,GENERAL
4154,F,1,5,CARDIOLOGY
4155,M,1,5,SURGERY
4156,M,1,6,SURGERY
4157,F,1,5,CARDIOLOGY
4158,M,13,3,GENERAL
4159,M,1,6,GENERAL
4160,M,10,3,CARDIOLOGY
4161,F,10,3,ORTHOPEDICS
4162,M,10,4,CARDIOLOGY
4163,F,1,5,ORTHOPEDICS
4164,F,1,5,ORTHOPEDICS
4165,M,1,5,SURGERY
4166,M,11,3,ORTHOPEDICS
4167,F,10,3,ORTHOPEDICS
4168,M,1,5,GENERAL
4169,M,6,4,GENERAL
4170,M,10,4,GENERAL
4171,M,11,3,CARDIOLOGY
4172,M,1,5,GENERAL
4173,M,10,4,CARDIOLOGY
4174,F,1,5,SURGERY
4175,F,10,3,GENERAL
4176,M,1,5,GENERAL
4177,M,11,3,GENERAL
4178,M,13,2,CARDIOLOGY
4179,M,10,3,ORTHOPEDICS
4180,F,7,4,GENERAL
4181,F,1,5,GENERAL
4182,F,6,4,GENERAL
4183,M,6,4,SURGERY
4184,F,11,3,CARDIOLOGY
4185,M,10,3,GENERAL
4186,F,1,5,SURGERY
4187,F,10,4,GENERAL
4188,F,1,5,SURGERY
4189,F,1,5,GENERAL
4190,M,6,4,ORTHOPEDICS
4191,F,1,5,CARDIOLOGY
4192,F,6,4,GENERAL
4193,M,1,5,SURGERY
4194,M,11,3,SURGERY
4195,F,1,5,SURGERY
4196,F,1,6,ORTHOPEDICS
4197,M,1,5,SURGERY
4198,F,1,6,CARDIOLOGY
4199,F,10,4,GENERAL
4200,M,10,4,GENERAL
4201,M,10,3,ORTHOPEDICS
4202,F,7,4,CARDIOLOGY
4203,F,1,6,GENERAL
4204,F,11,3,SURGERY
4205,M,10,3,SURGERY
4206,F,6,4,ORTHOPEDICS
4207,F,11,3,ORTHOPEDICS
4208,M,1,5,SURGERY
4209,F,1,5,GENERAL
4210,M,10,4,CARDIOLOGY
4211,F,6,4,GENERAL
4212,M,1,5,ORTHOPEDICS
4213,F,13,2,GENERAL
4214,F,1,5,ORTHOPEDICS
4215,M,6,4,SURGERY
4216,M,1,5,CARDIOLOGY
4217,M,6,4,SURGERY
4218,F,10,3,GENERAL
4219,M,10,4,SURGERY
4220,F,13,2,SURGERY
4221,M,10,4,GENERAL
4222,M,13,2,SURGERY
4223,F,6,4,SURGERY
4224,M,13,2,GENERAL
4225,M,6,4,GENERAL
4226,M,1,6,ORTHOPEDICS
4227,F,1,5,SURGERY
4228,M,10,4,ORTHOPEDICS
4229,F,13,3,GENERAL
4230,F,10,4,GENERAL
4231,F,6,4,GENERAL
4232,F,10,4,CARDIOLOGY
4233,M,10,3,ORTHOPEDICS
4234,M,1,5,GENERAL
4235,M,7,4,SURGERY
4236,F,6,4,GENERAL
4237,M,1,5,GENERAL
4238,M,13,3,SURGERY
4239,M,1,5,ORTHOPEDICS
4240,M,1,5,SURGERY
4241,M,11,3,GENERAL
4242,F,6,4,GENERAL
4243,F,11,3,SURGERY
4244,F,11,3,ORTHOPEDICS
4245,M,10,4,SURGERY
4246,M,1,5,ORTHOPEDICS
4247,M,1,5,SURGERY
4248,F,6,4,ORTHOPEDICS
4249,F,6,4,CARDIOLOGY
4250,F,1,5,ORTHOPEDICS
4251,F,10,4,GENERAL
4252,M,10,3,GENERAL
4253,F,6,5,CARDIOLOGY
4254,M,10,3,GENERAL
4255,M,1,5,ORTHOPEDICS
4256,M,10,3,ORTHOPEDICS
4257,F,6,4,CARDIOLOGY
4258,M,1,6,GENERAL
4259,F,7,4,GENERAL
4260,M,6,4,GENERAL
4261,M,1,5,SURGERY
4262,F,6,4,CARDIOLOGY
4263,M,13,2,ORTHOPEDICS
4264,M,1,5,ORTHOPEDICS
4265,M,10,3,GENERAL
4266,M,10,3,ORTHOPEDICS
4267,M,1,7,ORTHOPEDICS
4268,F,6,4,CARDIOLOGY
4269,F,6,4,GENERAL
4270,F,6,4,ORTHOPEDICS
4271,M,13,2,SURGERY
4272,F,6,4,CARDIOLOGY
4273,F,6,4,ORTHOPEDICS
4274,F,10,3,GENERAL
4275,M,6,4,ORTHOPEDICS
4276,M,7,4,GENERAL
4277,F,11,3,GENERAL
4278,M,7,4,CARDIOLOGY
4279,F,11,3,SURGERY
4280,M,1,5,ORTHOPEDICS
4281,F,6,4,SURGERY
4282,F,7,4,SURGERY
4283,M,1,5,ORTHOPEDICS
4284,M,6,4,CARDIOLOGY
4285,F,1,6,ORTHOPEDICS
4286,M,10,3,GENERAL
4287,M,10,3,SURGERY
4288,F,13,3,GENERAL
4289,M,10,4,GENERAL
4290,F,13,2,GENERAL
4291,M,10,4,ORTHOPEDICS
4292,M,6,4,CARDIOLOGY
4293,M,6,4,GENERAL
4294,F,10,4,ORTHOPEDICS
4295,M,13,2,GENERAL
4296,M,7,4,CARDIOLOGY
4297,M,10,4,GENERAL
4298,F,11,3,SURGERY
4299,F,1,5,GENERAL
4300,F,10,4,GENERAL
4301,F,6,5,GENERAL
4302,M,10,4,GENERAL
4303,F,1,5,ORTHOPEDICS
4304,M,11,3,GENERAL
4305,M,6,4,SURGERY
4306,F,7,4,SURGERY
4307,M,6,4,CARDIOLOGY
4308,M,7,4,ORTHOPEDICS
4309,M,1,5,ORTHOPEDICS
4310,F,11,3,SURGERY
4311,F,1,5,CARDIOLOGY
4312,F,1,6,SURGERY
4313,F,7,4,GENERAL
4314,F,10,3,SURGERY
4315,F,11,3,GENERAL
4316,M,11,3,GENERAL
4317,M,6,4,CARDIOLOGY
4318,F,6,4,ORTHOPEDICS
4319,M,13,2,SURGERY
4320,F,1,5,CARDIOLOGY
4321,F,1,6,GENERAL
4322,F,10,4,GENERAL
4323,M,1,5,ORTHOPEDICS
4324,M,1,5,GENERAL
4325,M,10,3,CARDIOLOGY
4326,M,10,4,CARDIOLOGY
4327,F,10,4,GENERAL
4328,F,1,5,CARDIOLOGY
4329,M,10,4,SURGERY
4330,F,10,4,SURGERY
4331,F,1,5,GENERAL
4332,M,1,5,ORTHOPEDICS
4333,M,6,4,ORTHOPEDICS
4334,M,6,4,CARDIOLOGY
4335,M,7,4,CARDIOLOGY
4336,F,13,3,ORTHOPEDICS
4337,M,6,4,CARDIOLOGY
4338,F,10,4,ORTHOPEDICS
4339,F,1,6,SURGERY
4340,F,1,5,CARDIOLOGY
4341,M,11,3,ORTHOPEDICS
4342,M,1,5,CARDIOLOGY
4343,F,1,5,CARDIOLOGY
4344,M,10,3,GENERAL
4345,F,1,5,CARDIOLOGY
4346,F,1,6,SURGERY
4347,M,6,5,GENERAL
4348,F,13,3,ORTHOPEDICS
4349,F,1,5,GENERAL
4350,M,11,3,CARDIOLOGY
4351,M,6,5,GENERAL
4352,M,10,3,GENERAL
4353,M,1,5,ORTHOPEDICS
4354,F,10,4,GENERAL
4355,F,1,5,CARDIOLOGY
4356,F,10,3,GENERAL
4357,M,1,5,GENERAL
4358,F,13,2,GENERAL
4359,F,1,5,GENERAL
4360,F,10,3,GENERAL
4361,M,6,5,ORTHOPEDICS
4362,F,11,3,SURGERY
4363,F,6,4,ORTHOPEDICS
4364,F,6,4,GENERAL
4365,F,1,5,CARDIOLOGY
4366,F,1,5,SURGERY
4367,F,6,4,GENERAL
4368,F,10,3,GENERAL
4369,M,13,3,ORTHOPEDICS
4370,F,6,4,GENERAL
4371,F,7,4,SURGERY
4372,F,11,3,SURGERY
4373,F,6,4,ORTHOPEDICS
4374,M,6,4,ORTHOPEDICS
4375,F,13,3,GENERAL
4376,M,1,5,CARDIOLOGY
4377,F,10,3,SURGERY
4378,F,6,4,SURGERY
4379,M,10,4,CARDIOLOGY
4380,M,10,3,ORTHOPEDICS
4381,M,13,1,GENERAL
4382,M,10,3,CARDIOLOGY
4383,M,6,4,ORTHOPEDICS
4384,M,10,3,ORTHOPEDICS
4385,F,6,4,SURGERY
4386,M,10,3,GENERAL
4387,F,11,3,SURGERY
4388,M,10,3,ORTHOPEDICS
4389,F,6,4,GENERAL
4390,F,7,4,ORTHOPEDICS
4391,F,1,6,ORTHOPEDICS
4392,M,11,3,ORTHOPEDICS
4393,F,10,4,ORTHOPEDICS
4394,F,11,3,ORTHOPEDICS
4395,M,1,5,GENERAL
4396,F,13,2,SURGERY
4397,M,11,3,GENERAL
4398,F,10,4,ORTHOPEDICS
4399,M,10,3,ORTHOPEDICS
4400,F,1,5,SURGERY
4401,M,7,4,CARDIOLOGY
4402,M,13,2,CARDIOLOGY
4403,F,13,2,GENERAL
4404,F,7,4,SURGERY
4405,M,7,4,GENERAL
4406,F,7,4,GENERAL
4407,M,1,5,CARDIOLOGY
4408,M,1,5,ORTHOPEDICS
4409,F,6,4,SURGERY
4410,M,10,3,ORTHOPEDICS
4411,M,6,4,GENERAL
4412,F,1,5,ORTHOPEDICS
4413,F,7,4,GENERAL
4414,F,13,2,GENERAL
4415,F,11,3,GENERAL
4416,F,11,3,GENERAL
4417,F,6,5,GENERAL
4418,M,1,5,CARDIOLOGY
4419,F,6,4,SURGERY
4420,F,11,3,GENERAL
4421,M,10,3,GENERAL
4422,F,6,4,CARDIOLOGY
4423,F,1,5,GENERAL
4424,F,6,4,GENERAL
4425,F,1,5,CARDIOLOGY
4426,M,1,6,CARDIOLOGY
4427,F,1,6,CARDIOLOGY
4428,M,1,5,GENERAL
4429,F,13,2,SURGERY
4430,F,1,5,SURGERY
4431,M,6,4,GENERAL
4432,F,10,4,ORTHOPEDICS
4433,M,13,2,GENERAL
4434,F,7,4,GENERAL
4435,F,10,3,SURGERY
4436,M,1,6,GENERAL
4437,F,10,4,ORTHOPEDICS
4438,F,1,5,GENERAL
4439,M,1,5,GENERAL
4440,F,10,3,GENERAL
4441,M,11,3,ORTHOPEDICS
4442,M,10,4,GENERAL
4443,M,6,4,CARDIOLOGY
4444,F,10,4,SURGERY
4445,M,6,4,GENERAL
4446,F,6,4,GENERAL
4447,M,13,2,SURGERY
4448,F,1,5,CARDIOLOGY
4449,M,1,5,ORTHOPEDICS
4450,M,6,4,ORTHOPEDICS
4451,F,11,3,ORTHOPEDICS
4452,M,13,3,CARDIOLOGY
4453,M,1,5,ORTHOPEDICS
4454,M,10,3,GENERAL
4455,F,10,4,GENERAL
4456,F,1,6,CARDIOLOGY
4457,F,10,4,ORTHOPEDICS
4458,M,1,5,SURGERY
4459,M,1,6,CARDIOLOGY
4460,M,1,5,GENERAL
4461,M,13,2,GENERAL
4462,M,10,3,ORTHOPEDICS
4463,M,7,4,CARDIOLOGY
4464,M,7,4,GENERAL
4465,M,6,4,ORTHOPEDICS
4466,M,6,4,GENERAL
4467,M,6,4,GENERAL
4468,F,10,3,SURGERY
4469,M,1,5,SURGERY
4470,M,6,4,ORTHOPEDICS
4471,F,10,3,SURGERY
4472,M,13,3,SURGERY
4473,F,6,4,ORTHOPEDICS
4474,M,11,3,GENERAL
4475,F,7,4,GENERAL
4476,M,10,4,GENERAL
4477,F,1,5,GENERAL
4478,M,11,3,GENERAL
4479,F,1,5,GENERAL
4480,F,7,4,SURGERY
4481,M,1,6,GENERAL
4482,F,6,5,GENERAL
4483,M,1,6,GENERAL
4484,M,1,6,GENERAL
4485,F,10,4,SURGERY
4486,F,6,4,CARDIOLOGY
4487,M,10,3,GENERAL
4488,M,6,4,GENERAL
4489,F,13,2,ORTHOPEDICS
4490,M,1,5,CARDIOLOGY
4491,M,1,5,GENERAL
4492,M,1,6,ORTHOPEDICS
4493,M,10,3,SURGERY
4494,F,10,3,ORTHOPEDICS
4495,M,10,3,ORTHOPEDICS
4496,M,1,5,GENERAL
4497,F,11,3,SURGERY
4498,M,11,3,CARDIOLOGY
4499,F,1,6,GENERAL
4500,F,13,2,ORTHOPEDICS
4501,M,1,5,CARDIOLOGY
4502,F,11,3,ORTHOPEDICS
4503,F,1,5,SURGERY
4504,M,6,4,GENERAL
4505,M,1,7,SURGERY
4506,F,1,7,GENERAL
4507,M,10,4,SURGERY
4508,F,6,4,CARDIOLOGY
4509,M,7,4,GENERAL
4510,M,1,5,ORTHOPEDICS
4511,F,10,3,GENERAL
4512,M,1,5,SURGERY
4513,M,6,4,GENERAL
4514,M,11,3,SURGERY
4515,M,10,3,SURGERY
4516,M,10,3,GENERAL
4517,F,1,5,GENERAL
4518,M,7,4,SURGERY
4519,F,7,4,SURGERY
4520,F,6,4,ORTHOPEDICS
4521,M,1,5,ORTHOPEDICS
4522,F,6,4,ORTHOPEDICS
4523,M,6,4,GENERAL
4524,M,10,4,GENERAL
4525,F,10,4,GENERAL
4526,F,10,4,GENERAL
4527,M,1,5,GENERAL
4528,F,10,3,GENERAL
4529,M,1,5,CARDIOLOGY
4530,F,6,4,GENERAL
4531,M,1,5,CARDIOLOGY
4532,F,6,4,ORTHOPEDICS
4533,M,1,5,SURGERY
4534,F,1,5,CARDIOLOGY
4535,M,10,3,GENERAL
4536,F,1,5,CARDIOLOGY
4537,F,13,2,GENERAL
4538,F,13,2,ORTHOPEDICS
4539,F,8,4,SURGERY
4540,M,7,4,GENERAL
4541,F,10,3,GENERAL
4542,F,13,2,CARDIOLOGY
4543,M,1,6,SURGERY
4544,F,13,2,CARDIOLOGY
4545,M,6,4,CARDIOLOGY
4546,F,1,6,SURGERY
4547,M,1,5,SURGERY
4548,M,10,4,ORTHOPEDICS
4549,F,1,6,ORTHOPEDICS
4550,F,1,5,GENERAL
4551,F,6,4,ORTHOPEDICS
4552,M,13,3,ORTHOPEDICS
4553,M,1,5,ORTHOPEDICS
4554,F,13,2,SURGERY
4555,M,13,3,GENERAL
4556,M,11,3,GENERAL
4557,F,1,5,SURGERY
4558,M,6,4,SURGERY
4559,M,10,3,GENERAL
4560,M,1,6,SURGERY
4561,M,1,5,GENERAL
4562,F,10,3,SURGERY
4563,F,6,4,ORTHOPEDICS
4564,F,6,4,SURGERY
4565,F,13,2,SURGERY
4566,F,1,5,GENERAL
4567,F,13,2,GENERAL
4568,M,13,3,ORTHOPEDICS
4569,F,13,3,GENERAL
4570,F,1,6,GENERAL
4571,M,6,5,CARDIOLOGY
4572,M,1,5,GENERAL
4573,M,7,4,GENERAL
4574,F,1,6,GENERAL
4575,F,1,6,GENERAL
4576,F,13,1,GENERAL
4577,F,10,4,ORTHOPEDICS
4578,M,6,4,CARDIOLOGY
4579,M,10,3,CARDIOLOGY
4580,F,11,3,GENERAL
4581,F,11,3,ORTHOPEDICS
4582,M,6,4,CARDIOLOGY
4583,F,6,5,GENERAL
4584,F,13,3,GENERAL
4585,F,1,6,ORTHOPEDICS
4586,F,6,4,GENERAL
4587,F,7,4,GENERAL
4588,F,1,6,GENERAL
4589,M,6,4,GENERAL
4590,F,7,4,SURGERY
4591,M,11,3,CARDIOLOGY
4592,M,1,5,GENERAL
4593,F,13,2,ORTHOPEDICS
4594,M,13,2,GENERAL
4595,M,6,4,GENERAL
4596,F,6,4,ORTHOPEDICS
4597,M,13,2,GENERAL
4598,M,1,6,SURGERY
4599,M,6,4,SURGERY
4600,M,6,4,GENERAL
4601,F,10,4,SURGERY
4602,M,6,4,SURGERY
4603,M,6,5,GENERAL
4604,M,6,4,GENERAL
4605,M,12,3,ORTHOPEDICS
4606,F,10,4,GENERAL
4607,M,1,5,ORTHOPEDICS
4608,M,6,4,GENERAL
4609,F,1,5,CARDIOLOGY
4610,F,11,3,CARDIOLOGY
4611,M,1,5,ORTHOPEDICS
4612,M,11,3,SURGERY
4613,M,6,4,SURGERY
4614,M,13,3,CARDIOLOGY
4615,M,6,4,GENERAL
4616,M,1,6,GENERAL
4617,F,7,4,GENERAL
4618,M,6,4,GENERAL
4619,M,1,5,SURGERY
4620,F,6,4,GENERAL
4621,M,1,5,SURGERY
4622,F,6,4,GENERAL
4623,M,13,3,GENERAL
4624,F,10,4,SURGERY
4625,F,1,5,CARDIOLOGY
4626,F,13,2,GENERAL
4627,M,6,4,GENERAL
4628,F,1,6,SURGERY
4629,M,10,4,ORTHOPEDICS
4630,F,6,4,GENERAL
4631,M,1,5,CARDIOLOGY
4632,M,1,6,GENERAL
4633,F,7,4,ORTHOPEDICS
4634,F,6,4,SURGERY
4635,F,10,4,CARDIOLOGY
4636,F,1,5,CARDIOLOGY
4637,M,1,5,ORTHOPEDICS
4638,M,1,6,GENERAL
4639,F,6,4,GENERAL
4640,F,1,6,GENERAL
4641,F,10,3,ORTHOPEDICS
4642,F,6,4,ORTHOPEDICS
4643,F,13,2,ORTHOPEDICS
4644,M,6,4,SURGERY
4645,F,1,5,ORTHOPEDICS
4646,M,1,5,GENERAL
4647,M,11,3,SURGERY
4648,M,1,6,GENERAL
4649,M,10,4,GENERAL
4650,F,1,6,GENERAL
4651,F,1,5,GENERAL
4652,F,6,4,CARDIOLOGY
4653,M,1,6,ORTHOPEDICS
4654,F,10,3,SURGERY
4655,F,6,4,CARDIOLOGY
4656,F,10,3,SURGERY
4657,F,1,5,GENERAL
4658,M,6,4,SURGERY
4659,M,6,4,SURGERY
4660,M,11,3,ORTHOPEDICS
4661,F,1,5,GENERAL
4662,M,6,4,SURGERY
4663,F,10,4,GENERAL
4664,M,11,3,GENERAL
4665,M,10,4,SURGERY
4666,F,11,3,SURGERY
4667,F,13,2,ORTHOPEDICS
4668,M,13,2,CARDIOLOGY
4669,F,10,3,GENERAL
4670,M,6,4,GENERAL
4671,F,6,4,CARDIOLOGY
4672,F,12,3,GENERAL
4673,M,10,3,CARDIOLOGY
4674,M,10,3,GENERAL
4675,M,1,5,GENERAL
4676,F,7,4,CARDIOLOGY
4677,F,1,5,ORTHOPEDICS
4678,M,10,3,GENERAL
4679,F,6,4,GENERAL
4680,M,1,5,SURGERY
4681,M,11,3,CARDIOLOGY
4682,M,6,4,SURGERY
4683,F,10,4,CARDIOLOGY
4684,F,1,5,GENERAL
4685,F,11,3,GENERAL
4686,F,1,6,CARDIOLOGY
4687,F,6,4,CARDIOLOGY
4688,F,1,5,CARDIOLOGY
4689,M,1,5,CARDIOLOGY
4690,F,6,4,ORTHOPEDICS
4691,M,6,4,GENERAL
4692,F,1,6,GENERAL
4693,F,10,4,GENERAL
4694,M,10,3,ORTHOPEDICS
4695,M,6,4,GENERAL
4696,F,6,4,GENERAL
4697,F,10,4,GENERAL
4698,F,6,4,ORTHOPEDICS
4699,M,6,4,ORTHOPEDICS
4700,F,1,5,SURGERY
4701,M,13,2,CARDIOLOGY
4702,M,1,6,CARDIOLOGY
4703,M,10,3,GENERAL
4704,F,6,4,ORTHOPEDICS
4705,F,6,4,ORTHOPEDICS
4706,M,13,3,ORTHOPEDICS
4707,M,11,3,SURGERY
4708,F,6,4,SURGERY
4709,M,1,5,SURGERY
4710,F,1,5,GENERAL
4711,F,1,6,GENERAL
4712,F,11,3,CARDIOLOGY
4713,M,13,2,SURGERY
4714,F,11,3,GENERAL
4715,F,1,5,SURGERY
4716,F,10,3,GENERAL
4717,F,11,3,GENERAL
4718,F,10,4,GENERAL
4719,F,6,4,SURGERY
4720,F,11,3,SURGERY
4721,M,1,6,CARDIOLOGY
4722,F,1,5,GENERAL
4723,F,11,3,GENERAL
4724,M,7,4,ORTHOPEDICS
4725,F,7,4,ORTHOPEDICS
4726,M,1,6,GENERAL
4727,F,6,4,CARDIOLOGY
4728,F,1,5,CARDIOLOGY
4729,F,13,2,ORTHOPEDICS
4730,F,10,4,SURGERY
4731,F,1,5,GENERAL
4732,F,10,4,CARDIOLOGY
4733,F,13,2,ORTHOPEDICS
4734,M,10,3,ORTHOPEDICS
4735,F,1,6,GENERAL
4736,M,8,4,GENERAL
4737,M,1,5,ORTHOPEDICS
4738,M,6,4,SURGERY
4739,F,11,3,GENERAL
4740,M,1,5,ORTHOPEDICS
4741,F,11,3,SURGERY
4742,M,10,3,ORTHOPEDICS
4743,M,11,3,CARDIOLOGY
4744,F,13,3,CARDIOLOGY
4745,F,7,4,CARDIOLOGY
4746,M,1,5,ORTHOPEDICS
4747,F,13,2,SURGERY
4748,F,11,3,GENERAL
4749,M,13,2,ORTHOPEDICS
4750,F,11,3,ORTHOPEDICS
4751,F,1,5,CARDIOLOGY
4752,F,6,4,GENERAL
4753,M,10,4,GENERAL
4754,M,10,4,SURGERY
4755,M,10,3,ORTHOPEDICS
4756,F,1,6,ORTHOPEDICS
4757,M,12,3,GENERAL
4758,M,1,5,SURGERY
4759,M,13,2,CARDIOLOGY
4760,F,6,4,ORTHOPEDICS
4761,F,11,3,GENERAL
4762,M,1,5,ORTHOPEDICS
4763,F,13,2,CARDIOLOGY
4764,F,1,5,SURGERY
4765,F,11,3,ORTHOPEDICS
4766,M,1,5,CARDIOLOGY
4767,M,10,4,GENERAL
4768,M,6,4,GENERAL
4769,F,10,4,ORTHOPEDICS
4770,M,11,3,GENERAL
4771,F,11,3,GENERAL
4772,F,10,3,GENERAL
4773,F,1,6,SURGERY
4774,F,13,2,GENERAL
4775,M,6,4,GENERAL
4776,M,10,3,SURGERY
4777,M,10,3,ORTHOPEDICS
4778,F,7,4,GENERAL
4779,M,13,2,GENERAL
4780,M,10,3,CARDIOLOGY
4781,F,1,6,CARDIOLOGY
4782,M,1,5,ORTHOPEDICS
4783,F,10,3,SURGERY
4784,F,13,2,GENERAL
4785,M,6,4,ORTHOPEDICS
4786,F,1,6,SURGERY
4787,M,10,4,CARDIOLOGY
4788,M,10,3,CARDIOLOGY
4789,F,1,5,ORTHOPEDICS
4790,M,1,5,SURGERY
4791,M,1,6,ORTHOPEDICS
4792,M,1,6,SURGERY
4793,F,10,4,ORTHOPEDICS
4794,M,10,3,GENERAL
4795,F,6,4,GENERAL
4796,M,6,4,SURGERY
4797,F,1,5,CARDIOLOGY
4798,F,6,4,CARDIOLOGY
4799,M,1,5,CARDIOLOGY
4800,F,10,3,GENERAL
4801,M,13,3,GENERAL
4802,M,1,6,SURGERY
4803,F,1,5,GENERAL
4804,M,10,3,CARDIOLOGY
4805,F,13,2,GENERAL
4806,M,13,3,GENERAL
4807,M,7,4,SURGERY
4808,M,10,3,CARDIOLOGY
4809,M,7,4,CARDIOLOGY
4810,M,6,4,SURGERY
4811,F,10,4,SURGERY
4812,M,13,2,CARDIOLOGY
4813,F,11,3,CARDIOLOGY
4814,M,11,3,GENERAL
4815,M,6,4,SURGERY
4816,M,1,6,GENERAL
4817,F,10,3,GENERAL
4818,M,6,5,CARDIOLOGY
4819,F,1,5,SURGERY
4820,M,6,4,ORTHOPEDICS
4821,M,10,3,SURGERY
4822,F,6,5,CARDIOLOGY
4823,F,1,5,CARDIOLOGY
4824,M,1,5,GENERAL
4825,F,7,4,SURGERY
4826,M,11,3,GENERAL
4827,M,10,3,GENERAL
4828,M,10,3,ORTHOPEDICS
4829,M,7,4,GENERAL
4830,F,1,5,GENERAL
4831,M,1,5,CARDIOLOGY
4832,F,1,5,GENERAL
4833,M,1,5,ORTHOPEDICS
4834,F,10,3,ORTHOPEDICS
4835,M,6,4,GENERAL
4836,M,6,4,CARDIOLOGY
4837,M,6,4,GENERAL
4838,F,1,5,SURGERY
4839,F,10,3,CARDIOLOGY
4840,F,11,3,GENERAL
4841,M,1,5,ORTHOPEDICS
4842,F,10,3,CARDIOLOGY
4843,M,10,4,GENERAL
4844,M,10,4,GENERAL
4845,F,10,4,GENERAL
4846,M,13,3,ORTHOPEDICS
4847,F,6,4,CARDIOLOGY
4848,F,10,4,GENERAL
4849,M,1,5,SURGERY
4850,F,7,4,GENERAL
4851,F,13,2,ORTHOPEDICS
4852,F,6,4,GENERAL
4853,F,7,4,SURGERY
4854,F,10,3,GENERAL
4855,F,13,2,GENERAL
4856,M,7,4,ORTHOPEDICS
4857,M,6,4,SURGERY
4858,F,6,4,GENERAL
4859,M,13,3,GENERAL
4860,F,10,4,GENERAL
4861,M,13,3,CARDIOLOGY
4862,M,10,3,GENERAL
4863,F,1,5,CARDIOLOGY
4864,M,6,4,SURGERY
4865,M,13,2,CARDIOLOGY
4866,F,11,3,SURGERY
4867,M,10,4,CARDIOLOGY
4868,F,6,4,GENERAL
4869,M,10,4,SURGERY
4870,M,10,3,ORTHOPEDICS
4871,M,1,5,GENERAL
4872,F,1,5,GENERAL
4873,M,6,4,GENERAL
4874,F,10,4,CARDIOLOGY
4875,F,6,4,GENERAL
4876,F,10,3,SURGERY
4877,F,10,4,GENERAL
4878,F,6,4,ORTHOPEDICS
4879,M,1,6,CARDIOLOGY
4880,M,6,5,GENERAL
4881,M,6,4,CARDIOLOGY
4882,F,1,5,SURGERY
4883,F,1,5,GENERAL
4884,M,1,5,ORTHOPEDICS
4885,M,6,4,ORTHOPEDICS
4886,M,12,3,GENERAL
4887,F,10,4,ORTHOPEDICS
4888,M,1,5,GENERAL
4889,F,6,4,ORTHOPEDICS
4890,F,6,4,ORTHOPEDICS
4891,F,1,6,SURGERY
4892,M,13,2,SURGERY
4893,M,6,4,GENERAL
4894,F,10,3,GENERAL
4895,F,10,3,ORTHOPEDICS
4896,F,1,5,GENERAL
4897,F,6,4,ORTHOPEDICS
4898,M,11,3,CARDIOLOGY
4899,F,10,3,SURGERY
4900,M,1,5,GENERAL
4901,F,1,5,CARDIOLOGY
4902,F,10,3,CARDIOLOGY
4903,F,1,5,ORTHOPEDICS
4904,F,7,4,CARDIOLOGY
4905,F,10,3,GENERAL
4906,M,6,4,ORTHOPEDICS
4907,M,1,5,GENERAL
4908,F,10,4,CARDIOLOGY
4909,F,6,4,CARDIOLOGY
4910,F,11,3,SURGERY
4911,F,6,4,ORTHOPEDICS
4912,F,6,4,SURGERY
4913,M,6,5,GENERAL
4914,F,11,3,GENERAL
4915,M,6,4,ORTHOPEDICS
4916,F,11,3,GENERAL
4917,F,10,4,GENERAL
4918,F,6,4,GENERAL
4919,M,6,4,CARDIOLOGY
4920,M,7,4,CARDIOLOGY
4921,F,13,2,GENERAL
4922,F,6,4,GENERAL
4923,F,11,3,CARDIOLOGY
4924,M,1,6,SURGERY
4925,M,6,4,SURGERY
4926,M,6,4,GENERAL
4927,M,10,3,CARDIOLOGY
4928,M,6,4,SURGERY
4929,M,1,5,CARDIOLOGY
4930,F,13,2,ORTHOPEDICS
4931,M,10,3,GENERAL
4932,M,7,4,ORTHOPEDICS
4933,M,1,6,ORTHOPEDICS
4934,F,1,5,GENERAL
4935,M,10,3,GENERAL
4936,M,1,5,CARDIOLOGY
4937,F,10,3,GENERAL
4938,M,12,3,ORTHOPEDICS
4939,M,7,4,ORTHOPEDICS
4940,M,6,4,ORTHOPEDICS
4941,F,6,4,ORTHOPEDICS
4942,F,6,4,GENERAL
4943,F,6,4,ORTHOPEDICS
4944,F,1,5,ORTHOPEDICS
4945,M,11,3,GENERAL
4946,F,7,4,ORTHOPEDICS
4947,M,13,2,ORTHOPEDICS
4948,F,6,4,CARDIOLOGY
4949,M,7,4,ORTHOPEDICS
4950,F,1,5,GENERAL
4951,F,10,3,GENERAL
4952,F,11,3,ORTHOPEDICS
4953,F,1,5,ORTHOPEDICS
4954,M,1,5,SURGERY
4955,M,1,6,SURGERY
4956,F,6,4,ORTHOPEDICS
4957,F,11,3,SURGERY
4958,M,10,4,ORTHOPEDICS
4959,F,6,4,GENERAL
4960,F,6,4,SURGERY
4961,F,6,4,GENERAL
4962,M,6,4,SURGERY
4963,M,7,4,ORTHOPEDICS
4964,M,1,5,ORTHOPEDICS
4965,M,11,3,ORTHOPEDICS
4966,F,1,5,GENERAL
4967,F,1,7,CARDIOLOGY
4968,M,7,4,SURGERY
4969,M,13,3,CARDIOLOGY
4970,M,1,6,ORTHOPEDICS
4971,M,11,3,CARDIOLOGY
4972,F,13,2,GENERAL
4973,F,10,3,GENERAL
4974,F,1,5,GENERAL
4975,F,10,4,ORTHOPEDICS
4976,M,10,3,SURGERY
4977,F,6,4,GENERAL
4978,F,13,2,SURGERY
4979,M,13,2,SURGERY
4980,M,1,5,GENERAL
4981,M,11,3,GENERAL
4982,M,1,5,CARDIOLOGY
4983,M,10,4,CARDIOLOGY
4984,M,10,3,ORTHOPEDICS
4985,F,10,4,GENERAL
4986,F,6,5,CARDIOLOGY
4987,M,11,3,GENERAL
4988,M,6,4,CARDIOLOGY
4989,F,6,4,ORTHOPEDICS
4990,M,1,5,GENERAL
4991,M,10,4,GENERAL
4992,M,6,4,CARDIOLOGY
4993,F,11,3,CARDIOLOGY
4994,F,10,4,SURGERY
4995,F,10,3,GENERAL
4996,F,10,4,ORTHOPEDICS
4997,F,10,3,ORTHOPEDICS
4998,F,10,4,GENERAL
4999,F,1,6,SURGERY
5000,M,6,4,SURGERY
5001,F,6,4,ORTHOPEDICS
5002,F,6,4,ORTHOPEDICS
5003,F,13,3,GENERAL
5004,M,7,4,GENERAL
5005,F,6,4,CARDIOLOGY
5006,F,6,4,ORTHOPEDICS
5007,F,6,4,GENERAL
5008,F,11,3,ORTHOPEDICS
5009,F,1,6,GENERAL
5010,F,1,6,GENERAL
5011,F,7,4,ORTHOPEDICS
5012,F,10,4,GENERAL
5013,M,7,4,GENERAL
5014,F,13,3,SURGERY
5015,F,1,5,SURGERY
5016,F,6,4,CARDIOLOGY
5017,F,1,5,GENERAL
5018,F,10,3,ORTHOPEDICS
5019,F,1,5,SURGERY
5020,M,1,6,SURGERY
5021,F,11,3,ORTHOPEDICS
5022,M,6,4,GENERAL
5023,F,1,5,GENERAL
5024,F,10,4,CARDIOLOGY
5025,M,7,4,ORTHOPEDICS
5026,F,6,5,GENERAL
5027,M,1,5,GENERAL
5028,F,13,3,GENERAL
5029,M,10,4,CARDIOLOGY
5030,M,6,5,SURGERY
5031,F,6,4,GENERAL
5032,F,1,5,SURGERY
5033,F,1,6,GENERAL
5034,F,7,4,SURGERY
5035,M,10,4,CARDIOLOGY
5036,M,6,4,SURGERY
5037,M,1,6,GENERAL
5038,F,10,3,ORTHOPEDICS
5039,M,6,4,SURGERY
5040,M,6,4,GENERAL
5041,M,1,5,GENERAL
5042,M,6,5,CARDIOLOGY
5043,M,6,4,CARDIOLOGY
5044,F,6,5,GENERAL
5045,M,1,6,SURGERY
5046,F,11,3,SURGERY
5047,F,13,3,ORTHOPEDICS
5048,M,10,4,ORTHOPEDICS
5049,F,6,4,GENERAL
5050,F,13,2,SURGERY
5051,F,1,6,ORTHOPEDICS
5052,F,13,2,GENERAL
5053,M,1,6,ORTHOPEDICS
5054,F,1,5,ORTHOPEDICS
5055,M,6,4,CARDIOLOGY
5056,F,1,5,SURGERY
5057,F,1,5,GENERAL
5058,F,1,5,ORTHOPEDICS
5059,M,10,4,CARDIOLOGY
5060,F,1,5,GENERAL
5061,F,6,4,CARDIOLOGY
5062,M,6,4,ORTHOPEDICS
5063,M,11,3,SURGERY
5064,F,13,2,ORTHOPEDICS
5065,M,6,4,GENERAL
5066,F,13,2,SURGERY
5067,M,6,4,ORTHOPEDICS
5068,F,11,3,GENERAL
5069,F,1,5,GENERAL
5070,M,1,5,GENERAL
5071,M,10,4,ORTHOPEDICS
5072,M,6,5,CARDIOLOGY
5073,M,10,4,SURGERY
5074,F,1,5,CARDIOLOGY
5075,M,1,5,GENERAL
5076,F,13,2,ORTHOPEDICS
5077,M,1,5,GENERAL
5078,M,11,3,SURGERY
5079,M,10,3,SURGERY
5080,F,6,4,ORTHOPEDICS
5081,M,10,4,GENERAL
5082,F,6,4,GENERAL
5083,F,1,5,GENERAL
5084,M,1,5,GENERAL
5085,F,10,4,GENERAL
5086,F,10,3,CARDIOLOGY
5087,M,13,2,CARDIOLOGY
5088,M,10,3,GENERAL
5089,M,10,4,ORTHOPEDICS
5090,M,1,5,CARDIOLOGY
5091,F,1,5,ORTHOPEDICS
5092,F,10,4,ORTHOPEDICS
5093,F,1,5,GENERAL
5094,M,10,4,CARDIOLOGY
5095,M,1,5,SURGERY
5096,M,6,5,SURGERY
5097,M,6,4,CARDIOLOGY
5098,F,1,5,ORTHOPEDICS
5099,M,1,6,CARDIOLOGY
5100,F,1,5,CARDIOLOGY
5101,M,13,2,CARDIOLOGY
5102,M,13,2,GENERAL
5103,M,10,3,GENERAL
5104,M,10,3,ORTHOPEDICS
5105,M,1,5,ORTHOPEDICS
5106,F,6,4,GENERAL
5107,M,10,3,SURGERY
5108,F,10,3,ORTHOPEDICS
5109,F,10,3,GENERAL
5110,F,6,4,ORTHOPEDICS
5111,M,10,3,SURGERY
5112,M,7,4,GENERAL
5113,F,1,6,GENERAL
5114,F,7,4,ORTHOPEDICS
5115,F,1,6,ORTHOPEDICS
5116,M,10,4,GENERAL
5117,F,10,3,GENERAL
5118,F,10,3,CARDIOLOGY
5119,F,10,4,SURGERY
5120,F,13,2,GENERAL
5121,M,6,4,ORTHOPEDICS
5122,F,6,4,SURGERY
5123,F,13,2,CARDIOLOGY
5124,F,1,5,GENERAL
5125,M,1,5,GENERAL
5126,F,6,4,SURGERY
5127,M,1,5,CARDIOLOGY
5128,F,1,5,SURGERY
5129,F,10,4,GENERAL
5130,F,13,2,SURGERY
5131,M,10,4,GENERAL
5132,M,7,4,ORTHOPEDICS
5133,F,1,5,SURGERY
5134,F,6,4,GENERAL
5135,M,1,5,GENERAL
5136,M,13,2,GENERAL
5137,F,1,5,GENERAL
5138,M,6,4,CARDIOLOGY
5139,F,6,4,SURGERY
5140,M,13,2,GENERAL
5141,M,10,4,SURGERY
5142,F,6,4,ORTHOPEDICS
5143,M,10,4,SURGERY
5144,M,10,4,ORTHOPEDICS
5145,M,1,5,ORTHOPEDICS
5146,F,6,4,SURGERY
5147,F,1,7,GENERAL
5148,F,10,4,CARDIOLOGY
5149,F,1,5,CARDIOLOGY
5150,M,10,3,GENERAL
5151,F,13,3,ORTHOPEDICS
5152,M,6,4,ORTHOPEDICS
5153,M,7,4,GENERAL
5154,M,1,5,GENERAL
5155,F,1,5,ORTHOPEDICS
5156,M,6,4,ORTHOPEDICS
5157,F,10,3,GENERAL
5158,F,13,3,CARDIOLOGY
5159,F,1,6,SURGERY
5160,F,6,4,GENERAL
5161,M,1,6,SURGERY
5162,M,1,5,GENERAL
5163,M,10,3,SURGERY
5164,M,6,4,GENERAL
5165,F,13,3,SURGERY
5166,M,1,5,GENERAL
5167,F,8,4,ORTHOPEDICS
5168,F,6,4,GENERAL
5169,M,6,4,CARDIOLOGY
5170,F,12,3,CARDIOLOGY
5171,M,10,3,GENERAL
5172,F,10,3,SURGERY
5173,M,1,5,ORTHOPEDICS
5174,M,6,4,ORTHOPEDICS
5175,F,1,5,ORTHOPEDICS
5176,M,6,4,SURGERY
5177,F,6,4,GENERAL
5178,F,10,3,GENERAL
5179,F,1,5,CARDIOLOGY
5180,M,1,6,CARDIOLOGY
5181,F,1,5,GENERAL
5182,F,10,3,CARDIOLOGY
5183,M,8,4,ORTHOPEDICS
5184,M,10,4,GENERAL
5185,M,10,4,CARDIOLOGY
5186,M,10,4,ORTHOPEDICS
5187,M,6,4,SURGERY
5188,M,1,5,GENERAL
5189,M,6,4,SURGERY
5190,M,7,4,GENERAL
5191,M,6,4,SURGERY
5192,M,10,3,ORTHOPEDICS
5193,F,1,5,ORTHOPEDICS
5194,M,1,5,GENERAL
5195,F,6,4,GENERAL
5196,F,10,4,GENERAL
5197,F,1,6,GENERAL
5198,M,1,6,GENERAL
5199,F,6,4,ORTHOPEDICS
5200,F,10,4,ORTHOPEDICS
5201,M,10,3,CARDIOLOGY
5202,F,11,3,GENERAL
5203,F,13,2,ORTHOPEDICS
5204,M,10,4,ORTHOPEDICS
5205,M,1,5,SURGERY
5206,M,10,4,ORTHOPEDICS
5207,F,10,3,ORTHOPEDICS
5208,M,6,4,GENERAL
5209,M,6,4,CARDIOLOGY
5210,F,11,3,GENERAL
5211,F,6,4,SURGERY
5212,F,1,5,CARDIOLOGY
5213,M,1,5,SURGERY
5214,F,10,4,GENERAL
5215,F,1,5,SURGERY
5216,M,13,2,GENERAL
5217,F,1,6,SURGERY
5218,F,1,5,ORTHOPEDICS
5219,M,6,4,ORTHOPEDICS
5220,F,1,5,GENERAL
5221,F,6,4,SURGERY
5222,M,1,5,ORTHOPEDICS
5223,F,10,4,SURGERY
5224,F,6,4,GENERAL
5225,M,1,5,CARDIOLOGY
5226,M,13,3,ORTHOPEDICS
5227,F,10,4,SURGERY
5228,M,12,3,ORTHOPEDICS
5229,F,1,5,CARDIOLOGY
5230,F,1,5,CARDIOLOGY
5231,M,1,5,GENERAL
5232,F,1,5,GENERAL
5233,M,6,4,GENERAL
5234,F,6,4,ORTHOPEDICS
5235,F,6,4,GENERAL
5236,F,1,6,CARDIOLOGY
5237,F,11,3,GENERAL
5238,M,1,5,SURGERY
5239,M,7,4,SURGERY
5240,M,6,4,ORTHOPEDICS
5241,M,6,4,GENERAL
5242,F,10,4,ORTHOPEDICS
5243,F,10,3,ORTHOPEDICS
5244,F,6,4,SURGERY
5245,F,1,5,GENERAL
5246,F,1,5,CARDIOLOGY
5247,F,1,5,SURGERY
5248,M,6,4,GENERAL
5249,M,10,3,ORTHOPEDICS
5250,M,7,4,ORTHOPEDICS
5251,M,7,4,ORTHOPEDICS
5252,M,6,4,CARDIOLOGY
5253,F,10,3,GENERAL
5254,F,6,5,GENERAL
5255,M,13,1,GENERAL
5256,M,11,3,GENERAL
5257,M,6,4,GENERAL
5258,F,10,4,GENERAL
5259,F,10,4,SURGERY
5260,F,13,2,GENERAL
5261,F,6,4,CARDIOLOGY
5262,M,10,4,GENERAL
5263,F,6,4,GENERAL
5264,F,1,5,SURGERY
5265,F,10,4,CARDIOLOGY
5266,F,1,5,SURGERY
5267,M,6,4,GENERAL
5268,M,1,6,ORTHOPEDICS
5269,F,1,5,GENERAL
5270,M,1,5,GENERAL
5271,M,6,4,ORTHOPEDICS
5272,M,1,6,SURGERY
5273,F,6,4,CARDIOLOGY
5274,F,13,1,SURGERY
5275,M,10,3,CARDIOLOGY
5276,F,1,5,ORTHOPEDICS
5277,M,1,5,CARDIOLOGY
5278,M,13,3,GENERAL
5279,M,10,3,ORTHOPEDICS
5280,F,1,5,CARDIOLOGY
5281,M,10,3,ORTHOPEDICS
5282,F,1,5,GENERAL
5283,M,13,2,SURGERY
5284,M,6,4,GENERAL
5285,F,1,6,SURGERY
5286,F,10,3,GENERAL
5287,F,1,6,SURGERY
5288,F,1,5,SURGERY
5289,M,12,3,ORTHOPEDICS
5290,F,1,5,CARDIOLOGY
5291,M,6,4,ORTHOPEDICS
5292,M,11,3,GENERAL
5293,M,10,4,ORTHOPEDICS
5294,M,6,4,SURGERY
5295,M,6,4,ORTHOPEDICS
5296,M,7,4,CARDIOLOGY
5297,M,10,4,CARDIOLOGY
5298,F,10,4,GENERAL
5299,M,10,3,SURGERY
5300,M,13,3,ORTHOPEDICS
5301,F,13,2,GENERAL
5302,F,7,4,SURGERY
5303,M,7,4,SURGERY
5304,F,1,5,GENERAL
5305,F,13,3,CARDIOLOGY
5306,M,6,4,ORTHOPEDICS
5307,M,10,3,ORTHOPEDICS
5308,M,1,5,ORTHOPEDICS
5309,M,1,5,CARDIOLOGY
5310,F,1,5,ORTHOPEDICS
5311,M,10,3,CARDIOLOGY
5312,F,6,4,CARDIOLOGY
5313,M,6,4,CARDIOLOGY
5314,F,1,5,CARDIOLOGY
5315,M,1,5,GENERAL
5316,F,10,3,ORTHOPEDICS
5317,F,1,5,GENERAL
5318,F,1,5,ORTHOPEDICS
5319,F,1,5,GENERAL
5320,F,11,3,ORTHOPEDICS
5321,F,10,3,ORTHOPEDICS
5322,F,10,3,ORTHOPEDICS
5323,F,11,3,GENERAL
5324,F,1,5,SURGERY
5325,F,13,2,CARDIOLOGY
5326,M,10,3,ORTHOPEDICS
5327,F,6,4,GENERAL
5328,F,1,5,CARDIOLOGY
5329,M,10,3,CARDIOLOGY
5330,M,1,5,ORTHOPEDICS
5331,M,6,4,SURGERY
5332,F,10,3,CARDIOLOGY
5333,F,1,7,SURGERY
5334,F,7,4,SURGERY
5335,F,10,3,SURGERY
5336,M,11,3,CARDIOLOGY
5337,F,10,3,ORTHOPEDICS
5338,M,6,4,SURGERY
5339,M,10,4,ORTHOPEDICS
5340,M,11,3,ORTHOPEDICS
5341,M,1,5,SURGERY
5342,M,6,4,SURGERY
5343,M,1,5,SURGERY
5344,M,10,3,GENERAL
5345,F,1,5,GENERAL
5346,F,1,5,GENERAL
5347,F,11,3,GENERAL
5348,M,1,7,SURGERY
5349,F,13,3,CARDIOLOGY
5350,M,1,5,CARDIOLOGY
5351,M,6,4,CARDIOLOGY
5352,F,1,5,SURGERY
5353,M,6,4,GENERAL
5354,M,11,3,ORTHOPEDICS
5355,M,1,5,SURGERY
5356,M,6,4,GENERAL
5357,M,1,5,CARDIOLOGY
5358,F,6,4,ORTHOPEDICS
5359,F,1,5,CARDIOLOGY
5360,F,6,4,GENERAL
5361,F,7,4,ORTHOPEDICS
5362,M,1,6,ORTHOPEDICS
5363,F,1,6,CARDIOLOGY
5364,F,6,4,CARDIOLOGY
5365,F,6,4,SURGERY
5366,F,6,4,CARDIOLOGY
5367,F,6,4,GENERAL
5368,M,11,3,SURGERY
5369,F,1,5,GENERAL
5370,M,1,5,CARDIOLOGY
5371,M,1,5,ORTHOPEDICS
5372,F,7,4,ORTHOPEDICS
5373,M,11,3,GENERAL
5374,M,6,4,SURGERY
5375,F,10,3,ORTHOPEDICS
5376,M,10,4,GENERAL
5377,F,6,4,CARDIOLOGY
5378,M,13,2,GENERAL
5379,M,11,3,CARDIOLOGY
5380,M,11,3,SURGERY
5381,F,10,3,ORTHOPEDICS
5382,M,6,4,GENERAL
5383,F,10,3,GENERAL
5384,F,6,4,ORTHOPEDICS
5385,M,1,6,SURGERY
5386,M,6,4,CARDIOLOGY
5387,M,13,3,GENERAL
5388,M,11,3,SURGERY
5389,F,1,5,CARDIOLOGY
5390,F,10,3,GENERAL
5391,M,13,3,GENERAL
5392,F,6,5,ORTHOPEDICS
5393,M,1,5,ORTHOPEDICS
5394,F,1,6,CARDIOLOGY
5395,M,10,3,ORTHOPEDICS
5396,M,1,6,GENERAL
5397,M,10,4,GENERAL
5398,M,1,5,SURGERY
5399,M,6,4,GENERAL
5400,M,10,3,CARDIOLOGY
5401,M,1,5,CARDIOLOGY
5402,M,6,4,ORTHOPEDICS
5403,M,10,4,GENERAL
5404,F,1,5,SURGERY
5405,F,1,5,ORTHOPEDICS
5406,M,10,3,CARDIOLOGY
5407,M,7,4,CARDIOLOGY
5408,F,1,5,GENERAL
5409,M,6,4,ORTHOPEDICS
5410,M,13,2,GENERAL
5411,M,1,6,SURGERY
5412,F,6,4,ORTHOPEDICS
5413,M,1,5,GENERAL
5414,F,1,5,SURGERY
5415,F,6,4,GENERAL
5416,M,11,3,GENERAL
5417,F,6,4,ORTHOPEDICS
5418,F,10,4,CARDIOLOGY
5419,F,10,3,ORTHOPEDICS
5420,F,6,4,SURGERY
5421,F,1,6,GENERAL
5422,M,11,3,SURGERY
5423,F,1,6,SURGERY
5424,F,1,5,GENERAL
5425,F,13,2,CARDIOLOGY
5426,F,11,3,ORTHOPEDICS
5427,F,7,4,SURGERY
5428,F,10,4,ORTHOPEDICS
5429,F,1,6,GENERAL
5430,F,6,4,GENERAL
5431,F,13,2,SURGERY
5432,M,10,4,GENERAL
5433,F,7,4,GENERAL
5434,M,1,5,SURGERY
5435,M,6,4,ORTHOPEDICS
5436,M,1,5,CARDIOLOGY
5437,F,10,4,CARDIOLOGY
5438,F,13,3,CARDIOLOGY
5439,M,1,5,CARDIOLOGY
5440,F,13,2,SURGERY
5441,F,1,5,ORTHOPEDICS
5442,M,1,5,GENERAL
5443,M,1,5,GENERAL
5444,M,10,3,ORTHOPEDICS
5445,F,10,4,SURGERY
5446,M,10,3,GENERAL
5447,F,11,3,SURGERY
5448,F,10,4,ORTHOPEDICS
5449,M,1,6,ORTHOPEDICS
5450,M,7,4,SURGERY
5451,F,1,5,GENERAL
5452,M,10,4,GENERAL
5453,M,1,5,CARDIOLOGY
5454,M,11,3,GENERAL
5455,F,7,4,SURGERY
5456,F,1,6,ORTHOPEDICS
5457,M,1,5,SURGERY
5458,F,10,3,GENERAL
5459,M,13,2,CARDIOLOGY
5460,M,1,5,ORTHOPEDICS
5461,M,10,3,GENERAL
5462,F,1,5,SURGERY
5463,F,10,3,GENERAL
5464,F,1,5,ORTHOPEDICS
5465,M,1,5,ORTHOPEDICS
5466,M,1,5,GENERAL
5467,M,11,3,GENERAL
5468,F,13,3,SURGERY
5469,M,1,5,ORTHOPEDICS
5470,M,1,5,GENERAL
5471,F,1,5,GENERAL
5472,M,13,2,SURGERY
5473,M,7,4,GENERAL
5474,M,1,5,ORTHOPEDICS
5475,M,10,4,CARDIOLOGY
5476,M,6,4,GENERAL
5477,M,10,4,SURGERY
5478,F,11,3,GENERAL
5479,M,1,6,ORTHOPEDICS
5480,F,6,4,CARDIOLOGY
5481,F,6,4,SURGERY
5482,M,11,3,CARDIOLOGY
5483,M,1,5,SURGERY
5484,M,1,5,ORTHOPEDICS
5485,F,13,2,SURGERY
5486,F,1,5,CARDIOLOGY
5487,M,13,2,SURGERY
5488,M,1,5,GENERAL
5489,F,1,7,GENERAL
5490,M,11,3,GENERAL
5491,F,1,5,SURGERY
5492,F,7,4,GENERAL
5493,F,1,5,CARDIOLOGY
5494,M,10,3,GENERAL
5495,M,1,5,SURGERY
5496,M,13,2,CARDIOLOGY
5497,M,13,2,ORTHOPEDICS
5498,F,1,6,ORTHOPEDICS
5499,F,6,4,GENERAL
5500,F,6,4,CARDIOLOGY
5501,M,10,4,GENERAL
5502,M,13,2,ORTHOPEDICS
5503,M,10,3,ORTHOPEDICS
5504,M,6,4,GENERAL
5505,M,10,4,SURGERY
5506,F,10,4,ORTHOPEDICS
5507,M,6,4,ORTHOPEDICS
5508,M,1,5,ORTHOPEDICS
5509,F,6,4,ORTHOPEDICS
5510,F,1,5,GENERAL
5511,F,6,4,CARDIOLOGY
5512,F,1,5,ORTHOPEDICS
5513,F,13,3,GENERAL
5514,F,10,3,GENERAL
5515,F,10,3,ORTHOPEDICS
5516,F,6,4,SURGERY
5517,M,10,4,GENERAL
5518,M,1,5,CARDIOLOGY
5519,F,6,4,SURGERY
5520,F,6,4,GENERAL
5521,F,10,3,GENERAL
5522,F,6,4,ORTHOPEDICS
5523,F,1,5,GENERAL
5524,F,1,5,GENERAL
5525,M,1,6,ORTHOPEDICS
5526,M,6,4,GENERAL
5527,F,6,4,GENERAL
5528,F,6,4,SURGERY
5529,F,7,4,CARDIOLOGY
5530,F,7,4,ORTHOPEDICS
5531,M,6,4,CARDIOLOGY
5532,M,6,4,GENERAL
5533,M,1,5,ORTHOPEDICS
5534,F,13,2,ORTHOPEDICS
5535,F,7,4,SURGERY
5536,M,10,3,GENERAL
5537,F,6,4,SURGERY
5538,F,6,4,SURGERY
5539,M,11,3,ORTHOPEDICS
5540,F,1,6,GENERAL
5541,F,10,3,CARDIOLOGY
5542,F,1,5,CARDIOLOGY
5543,M,1,6,SURGERY
5544,M,10,3,GENERAL
5545,F,10,3,ORTHOPEDICS
5546,F,6,4,CARDIOLOGY
5547,M,11,3,GENERAL
5548,M,10,4,ORTHOPEDICS
5549,F,1,5,SURGERY
5550,M,1,6,SURGERY
5551,F,10,3,GENERAL
5552,M,6,4,SURGERY
5553,F,6,5,CARDIOLOGY
5554,F,6,4,SURGERY
5555,F,13,3,GENERAL
5556,M,10,3,ORTHOPEDICS
5557,F,13,2,ORTHOPEDICS
5558,F,10,3,GENERAL
5559,M,10,3,GENERAL
5560,F,7,4,SURGERY
5561,F,1,5,CARDIOLOGY
5562,M,1,5,GENERAL
5563,F,6,4,ORTHOPEDICS
5564,M,1,5,GENERAL
5565,M,1,5,ORTHOPEDICS
5566,M,1,5,ORTHOPEDICS
5567,M,1,5,GENERAL
5568,M,6,4,ORTHOPEDICS
5569,M,13,3,GENERAL
5570,F,1,5,ORTHOPEDICS
5571,F,6,5,GENERAL
5572,F,6,4,SURGERY
5573,F,6,4,ORTHOPEDICS
5574,M,10,4,ORTHOPEDICS
5575,M,1,5,GENERAL
5576,M,1,5,GENERAL
5577,F,1,5,SURGERY
5578,M,1,5,ORTHOPEDICS
5579,F,10,4,GENERAL
5580,F,11,3,ORTHOPEDICS
5581,M,7,4,CARDIOLOGY
5582,F,11,3,ORTHOPEDICS
5583,F,1,5,SURGERY
5584,M,1,5,CARDIOLOGY
5585,F,13,3,ORTHOPEDICS
5586,F,10,3,CARDIOLOGY
5587,F,6,4,SURGERY
5588,F,1,6,SURGERY
5589,F,13,2,GENERAL
5590,F,1,5,SURGERY
5591,M,6,4,GENERAL
5592,M,10,3,ORTHOPEDICS
5593,M,1,5,SURGERY
5594,M,10,3,ORTHOPEDICS
5595,F,10,3,CARDIOLOGY
5596,F,6,4,GENERAL
5597,F,13,2,GENERAL
5598,M,6,4,GENERAL
5599,F,1,5,CARDIOLOGY
5600,F,6,4,GENERAL
5601,F,1,5,ORTHOPEDICS
5602,M,11,3,ORTHOPEDICS
5603,F,11,3,SURGERY
5604,F,1,5,SURGERY
5605,M,10,3,ORTHOPEDICS
5606,F,11,3,CARDIOLOGY
5607,M,6,4,ORTHOPEDICS
5608,M,6,4,CARDIOLOGY
5609,F,10,3,ORTHOPEDICS
5610,M,11,3,GENERAL
5611,F,6,5,ORTHOPEDICS
5612,M,1,5,ORTHOPEDICS
5613,F,1,5,SURGERY
5614,F,6,4,GENERAL
5615,F,11,3,ORTHOPEDICS
5616,M,10,3,GENERAL
5617,F,10,3,ORTHOPEDICS
5618,M,10,3,CARDIOLOGY
5619,M,1,5,SURGERY
5620,M,10,3,SURGERY
5621,M,6,5,ORTHOPEDICS
5622,F,1,6,ORTHOPEDICS
5623,M,10,3,SURGERY
5624,M,10,3,GENERAL
5625,F,1,5,GENERAL
5626,F,6,4,SURGERY
5627,M,10,3,SURGERY
5628,M,6,4,GENERAL
5629,M,10,4,GENERAL
5630,M,10,3,ORTHOPEDICS
5631,F,11,3,CARDIOLOGY
5632,M,6,4,GENERAL
5633,F,6,4,GENERAL
5634,F,11,3,GENERAL
5635,F,6,4,GENERAL
5636,F,10,4,CARDIOLOGY
5637,M,10,3,GENERAL
5638,F,13,2,ORTHOPEDICS
5639,M,1,6,ORTHOPEDICS
5640,M,13,2,ORTHOPEDICS
5641,F,10,4,GENERAL
5642,M,7,4,SURGERY
5643,M,10,3,SURGERY
5644,M,6,4,GENERAL
5645,M,10,3,GENERAL
5646,F,13,2,GENERAL
5647,F,10,3,GENERAL
5648,F,13,2,SURGERY
5649,M,11,3,GENERAL
5650,F,7,4,ORTHOPEDICS
5651,M,13,3,CARDIOLOGY
5652,M,1,5,GENERAL
5653,M,10,3,GENERAL
5654,M,6,4,SURGERY
5655,M,6,4,ORTHOPEDICS
5656,M,6,5,GENERAL
5657,M,13,2,ORTHOPEDICS
5658,F,7,4,SURGERY
5659,F,10,4,GENERAL
5660,F,10,3,GENERAL
5661,M,6,4,GENERAL
5662,M,1,5,CARDIOLOGY
5663,F,7,4,GENERAL
5664,M,10,4,ORTHOPEDICS
5665,F,6,4,GENERAL
5666,M,6,4,SURGERY
5667,M,6,4,SURGERY
5668,M,13,2,ORTHOPEDICS
5669,F,6,4,SURGERY
5670,M,1,5,ORTHOPEDICS
5671,F,10,4,GENERAL
5672,M,10,3,SURGERY
5673,F,13,2,GENERAL
5674,M,1,5,GENERAL
5675,F,13,2,GENERAL
5676,M,7,4,ORTHOPEDICS
5677,M,6,4,GENERAL
5678,M,1,5,ORTHOPEDICS
5679,F,1,5,CARDIOLOGY
5680,F,1,5,GENERAL
5681,F,10,3,CARDIOLOGY
5682,F,7,4,ORTHOPEDICS
5683,F,10,4,ORTHOPEDICS
5684,F,6,4,ORTHOPEDICS
5685,F,1,5,CARDIOLOGY
5686,F,1,5,GENERAL
5687,F,1,5,ORTHOPEDICS
5688,F,13,2,CARDIOLOGY
5689,M,1,5,SURGERY
5690,M,11,3,GENERAL
5691,F,1,6,SURGERY
5692,M,10,4,CARDIOLOGY
5693,F,13,2,GENERAL
5694,F,13,2,ORTHOPEDICS
5695,F,6,4,CARDIOLOGY
5696,M,13,2,GENERAL
5697,F,1,5,SURGERY
5698,F,6,4,GENERAL
5699,F,1,5,GENERAL
5700,F,1,5,ORTHOPEDICS
5701,M,6,4,ORTHOPEDICS
5702,F,13,2,CARDIOLOGY
5703,F,6,4,GENERAL
5704,F,10,4,CARDIOLOGY
5705,F,7,4,ORTHOPEDICS
5706,M,13,3,CARDIOLOGY
5707,M,13,2,ORTHOPEDICS
5708,M,10,3,GENERAL
5709,F,7,4,CARDIOLOGY
5710,F,1,5,GENERAL
5711,F,1,5,CARDIOLOGY
5712,F,13,3,GENERAL
5713,M,6,4,ORTHOPEDICS
5714,F,1,5,GENERAL
5715,M,6,4,SURGERY
5716,F,6,4,GENERAL
5717,F,10,3,GENERAL
5718,M,7,4,SURGERY
5719,M,1,5,CARDIOLOGY
5720,F,10,3,GENERAL
5721,F,1,5,GENERAL
5722,F,10,3,CARDIOLOGY
5723,M,6,4,SURGERY
5724,M,10,4,SURGERY
5725,F,1,5,CARDIOLOGY
5726,M,11,3,GENERAL
5727,F,11,3,SURGERY
5728,M,6,4,CARDIOLOGY
5729,F,1,6,SURGERY
5730,M,1,5,SURGERY
5731,F,6,4,CARDIOLOGY
5732,F,1,5,CARDIOLOGY
5733,M,1,5,CARDIOLOGY
5734,F,11,3,GENERAL
5735,F,11,3,ORTHOPEDICS
5736,M,11,3,GENERAL
5737,F,10,3,GENERAL
5738,M,10,3,GENERAL
5739,F,11,3,CARDIOLOGY
5740,F,6,4,SURGERY
5741,F,10,4,ORTHOPEDICS
5742,F,6,4,ORTHOPEDICS
5743,M,11,3,ORTHOPEDICS
5744,M,10,4,GENERAL
5745,F,6,4,GENERAL
5746,F,11,3,CARDIOLOGY
5747,F,13,3,SURGERY
5748,F,1,5,GENERAL
5749,M,6,4,CARDIOLOGY
5750,M,6,4,GENERAL
5751,M,11,3,GENERAL
5752,M,13,2,CARDIOLOGY
5753,M,13,2,CARDIOLOGY
5754,F,13,3,ORTHOPEDICS
5755,F,7,4,SURGERY
5756,F,1,5,GENERAL
5757,F,6,4,CARDIOLOGY
5758,M,13,3,SURGERY
5759,F,1,6,GENERAL
5760,F,10,3,GENERAL
5761,F,11,3,CARDIOLOGY
5762,F,1,5,CARDIOLOGY
5763,M,10,4,GENERAL
5764,M,1,6,GENERAL
5765,F,10,3,ORTHOPEDICS
5766,F,13,2,GENERAL
5767,F,11,3,GENERAL
5768,F,11,3,CARDIOLOGY
5769,M,1,5,GENERAL
5770,M,7,4,CARDIOLOGY
5771,M,10,3,GENERAL
5772,M,6,4,ORTHOPEDICS
5773,M,13,2,SURGERY
5774,M,6,4,GENERAL
5775,F,1,5,GENERAL
5776,M,10,3,ORTHOPEDICS
5777,F,6,4,ORTHOPEDICS
5778,M,1,5,SURGERY
5779,F,10,4,ORTHOPEDICS
5780,F,1,5,SURGERY
5781,M,10,4,GENERAL
5782,M,11,3,SURGERY
5783,F,10,4,SURGERY
5784,F,1,6,GENERAL
5785,M,6,4,SURGERY
5786,M,10,3,GENERAL
5787,M,11,3,CARDIOLOGY
5788,F,6,4,CARDIOLOGY
5789,M,7,4,ORTHOPEDICS
5790,M,13,1,GENERAL
5791,F,6,4,GENERAL
5792,M,7,4,CARDIOLOGY
5793,F,6,4,GENERAL
5794,F,10,3,GENERAL
5795,F,13,2,ORTHOPEDICS
5796,F,1,6,SURGERY
5797,M,10,4,GENERAL
5798,F,7,4,GENERAL
5799,M,6,4,ORTHOPEDICS
5800,M,10,3,GENERAL
5801,M,1,5,ORTHOPEDICS
5802,M,1,5,SURGERY
5803,M,10,3,CARDIOLOGY
5804,F,10,4,CARDIOLOGY
5805,M,11,3,CARDIOLOGY
5806,F,10,3,CARDIOLOGY
5807,F,1,5,SURGERY
5808,M,6,4,SURGERY
5809,F,7,4,GENERAL
5810,F,6,4,ORTHOPEDICS
5811,F,1,5,CARDIOLOGY
5812,M,1,7,GENERAL
5813,M,11,3,GENERAL
5814,M,6,4,ORTHOPEDICS
5815,F,1,5,ORTHOPEDICS
5816,F,1,6,CARDIOLOGY
5817,F,6,4,CARDIOLOGY
5818,F,6,4,GENERAL
5819,M,6,4,GENERAL
5820,F,13,2,GENERAL
5821,M,13,3,CARDIOLOGY
5822,M,1,5,GENERAL
5823,F,6,5,GENERAL
5824,F,11,3,GENERAL
5825,M,10,4,ORTHOPEDICS
5826,M,1,6,SURGERY
5827,M,6,4,CARDIOLOGY
5828,M,1,6,GENERAL
5829,M,1,5,CARDIOLOGY
5830,M,10,3,GENERAL
5831,M,10,4,GENERAL
5832,F,7,4,ORTHOPEDICS
5833,M,6,4,GENERAL
5834,F,6,4,CARDIOLOGY
5835,M,10,4,CARDIOLOGY
5836,M,10,4,CARDIOLOGY
5837,F,1,6,SURGERY
5838,F,7,4,SURGERY
5839,F,6,4,CARDIOLOGY
5840,M,10,4,ORTHOPEDICS
5841,F,10,4,GENERAL
5842,F,1,5,GENERAL
5843,F,11,3,GENERAL
5844,F,11,3,ORTHOPEDICS
5845,F,1,5,GENERAL
5846,M,8,4,ORTHOPEDICS
5847,M,6,4,GENERAL
5848,F,6,4,SURGERY
5849,F,10,3,GENERAL
5850,M,10,4,SURGERY
5851,M,1,5,ORTHOPEDICS
5852,F,1,5,CARDIOLOGY
5853,F,6,4,SURGERY
5854,F,1,6,GENERAL
5855,F,13,2,SURGERY
5856,F,11,3,SURGERY
5857,M,1,5,GENERAL
5858,M,6,4,GENERAL
5859,F,1,6,ORTHOPEDICS
5860,F,1,5,ORTHOPEDICS
5861,M,10,3,CARDIOLOGY
5862,F,6,4,GENERAL
5863,F,7,4,GENERAL
5864,M,13,2,ORTHOPEDICS
5865,M,10,4,ORTHOPEDICS
5866,F,6,4,ORTHOPEDICS
5867,M,11,3,GENERAL
5868,F,6,4,SURGERY
5869,F,12,3,GENERAL
5870,M,1,5,SURGERY
5871,F,10,4,GENERAL
5872,F,11,3,ORTHOPEDICS
5873,F,1,5,SURGERY
5874,F,6,4,ORTHOPEDICS
5875,F,1,5,GENERAL
5876,M,8,4,ORTHOPEDICS
5877,F,6,4,ORTHOPEDICS
5878,M,10,3,GENERAL
5879,F,10,4,CARDIOLOGY
5880,M,11,3,ORTHOPEDICS
5881,F,10,4,ORTHOPEDICS
5882,F,1,5,SURGERY
5883,M,6,4,GENERAL
5884,F,1,6,SURGERY
5885,M,1,5,ORTHOPEDICS
5886,F,13,3,SURGERY
5887,F,1,5,ORTHOPEDICS
5888,F,13,3,ORTHOPEDICS
5889,F,6,4,GENERAL
5890,F,10,4,CARDIOLOGY
5891,F,10,4,GENERAL
5892,F,6,4,GENERAL
5893,M,1,6,SURGERY
5894,M,6,4,GENERAL
5895,M,10,3,CARDIOLOGY
5896,M,1,5,GENERAL
5897,F,6,4,GENERAL
5898,M,1,5,SURGERY
5899,M,6,4,GENERAL
5900,F,6,4,GENERAL
5901,M,6,4,ORTHOPEDICS
5902,M,10,3,ORTHOPEDICS
5903,M,6,4,GENERAL
5904,F,6,4,CARDIOLOGY
5905,F,1,5,SURGERY
5906,M,10,3,GENERAL
5907,M,6,4,GENERAL
5908,F,1,6,ORTHOPEDICS
5909,M,1,5,ORTHOPEDICS
5910,F,1,5,SURGERY
5911,F,1,5,SURGERY
5912,F,10,4,GENERAL
5913,F,7,4,GENERAL
5914,F,10,3,CARDIOLOGY
5915,M,13,2,GENERAL
5916,F,10,3,ORTHOPEDICS
5917,F,6,4,GENERAL
5918,F,1,5,ORTHOPEDICS
5919,M,1,5,ORTHOPEDICS
5920,F,1,5,SURGERY
5921,M,13,2,ORTHOPEDICS
5922,M,10,4,SURGERY
5923,M,6,4,ORTHOPEDICS
5924,M,6,4,ORTHOPEDICS
5925,M,6,4,ORTHOPEDICS
5926,F,1,5,GENERAL
5927,M,6,4,ORTHOPEDICS
5928,F,1,6,GENERAL
5929,F,6,4,GENERAL
5930,M,11,3,GENERAL
5931,M,1,5,CARDIOLOGY
5932,F,6,4,CARDIOLOGY
5933,M,1,6,GENERAL
5934,F,10,3,SURGERY
5935,F,8,4,SURGERY
5936,M,1,6,GENERAL
5937,M,10,3,SURGERY
5938,F,1,5,GENERAL
5939,F,10,4,GENERAL
5940,F,13,2,ORTHOPEDICS
5941,F,13,2,ORTHOPEDICS
5942,M,11,3,ORTHOPEDICS
5943,F,1,5,SURGERY
5944,M,1,5,GENERAL
5945,M,1,5,CARDIOLOGY
5946,F,1,5,SURGERY
5947,F,7,4,GENERAL
5948,M,11,3,GENERAL
5949,M,10,4,CARDIOLOGY
5950,M,10,4,SURGERY
5951,M,10,3,GENERAL
5952,F,1,5,GENERAL
5953,M,1,5,GENERAL
5954,M,10,3,GENERAL
5955,M,6,4,GENERAL
5956,M,7,4,SURGERY
5957,M,10,3,CARDIOLOGY
5958,F,8,4,GENERAL
5959,M,11,3,CARDIOLOGY
5960,M,6,4,CARDIOLOGY
5961,M,11,3,GENERAL
5962,F,11,3,GENERAL
5963,F,11,3,ORTHOPEDICS
5964,F,1,5,CARDIOLOGY
5965,F,1,5,GENERAL
5966,M,6,4,SURGERY
5967,F,10,4,GENERAL
5968,M,6,4,CARDIOLOGY
5969,M,1,5,CARDIOLOGY
5970,F,7,4,GENERAL
5971,F,1,6,GENERAL
5972,M,6,4,SURGERY
5973,F,7,4,ORTHOPEDICS
5974,M,11,3,ORTHOPEDICS
5975,M,6,4,GENERAL
5976,F,6,4,GENERAL
5977,M,7,4,GENERAL
5978,M,6,5,GENERAL
5979,M,11,3,SURGERY
5980,M,1,7,GENERAL
5981,M,6,4,SURGERY
5982,F,10,4,GENERAL
5983,F,6,4,GENERAL
5984,F,6,4,ORTHOPEDICS
5985,F,7,4,GENERAL
5986,M,11,3,SURGERY
5987,F,1,5,SURGERY
5988,F,1,5,GENERAL
5989,F,6,4,GENERAL
5990,M,10,3,ORTHOPEDICS
5991,F,10,4,ORTHOPEDICS
5992,M,12,3,ORTHOPEDICS
5993,F,1,5,CARDIOLOGY
5994,F,6,4,ORTHOPEDICS
5995,F,1,6,GENERAL
5996,F,1,6,GENERAL
5997,F,10,3,GENERAL
5998,M,1,5,GENERAL
5999,M,10,3,SURGERY
6000,F,7,4,CARDIOLOGY
6001,M,1,5,GENERAL
6002,M,13,2,CARDIOLOGY
6003,M,1,7,GENERAL
6004,M,1,5,CARDIOLOGY
6005,F,7,4,SURGERY
6006,M,1,5,GENERAL
6007,M,11,3,CARDIOLOGY
6008,M,6,4,SURGERY
6009,M,1,5,ORTHOPEDICS
6010,M,11,3,ORTHOPEDICS
6011,M,10,3,SURGERY
6012,M,10,4,SURGERY
6013,F,6,4,CARDIOLOGY
6014,M,1,5,GENERAL
6015,M,6,4,SURGERY
6016,M,11,3,GENERAL
6017,F,6,5,GENERAL
6018,M,10,4,GENERAL
6019,F,6,4,GENERAL
6020,M,10,4,GENERAL
6021,M,6,4,GENERAL
6022,M,8,4,CARDIOLOGY
6023,F,6,4,CARDIOLOGY
6024,F,1,6,GENERAL
6025,M,1,5,GENERAL
6026,F,1,5,SURGERY
6027,M,6,4,ORTHOPEDICS
6028,M,10,3,ORTHOPEDICS
6029,F,1,5,GENERAL
6030,M,1,6,GENERAL
6031,F,1,6,GENERAL
6032,M,6,4,ORTHOPEDICS
6033,M,10,4,GENERAL
6034,F,1,5,SURGERY
6035,F,7,4,SURGERY
6036,M,10,4,GENERAL
6037,M,10,4,GENERAL
6038,F,6,4,GENERAL
6039,M,13,2,ORTHOPEDICS
6040,F,10,3,ORTHOPEDICS
6041,M,1,5,ORTHOPEDICS
6042,F,6,4,ORTHOPEDICS
6043,M,10,3,CARDIOLOGY
6044,F,13,1,ORTHOPEDICS
6045,F,1,5,ORTHOPEDICS
6046,M,13,1,SURGERY
6047,M,1,5,GENERAL
6048,F,6,4,SURGERY
6049,M,6,4,GENERAL
6050,F,13,2,ORTHOPEDICS
6051,F,1,5,GENERAL
6052,M,6,4,SURGERY
6053,M,7,4,CARDIOLOGY
6054,M,10,3,CARDIOLOGY
6055,M,6,4,GENERAL
6056,M,10,4,GENERAL
6057,F,13,2,SURGERY
6058,M,10,4,SURGERY
6059,M,7,4,GENERAL
6060,M,1,5,GENERAL
6061,F,6,5,GENERAL
6062,M,6,4,ORTHOPEDICS
6063,F,10,3,SURGERY
6064,M,6,4,GENERAL
6065,F,1,6,GENERAL
6066,F,1,5,ORTHOPEDICS
6067,M,6,4,ORTHOPEDICS
6068,F,13,2,ORTHOPEDICS
6069,F,1,5,CARDIOLOGY
6070,F,1,5,GENERAL
6071,M,1,5,CARDIOLOGY
6072,M,1,5,CARDIOLOGY
6073,F,13,2,GENERAL
6074,M,10,4,GENERAL
6075,F,6,4,GENERAL
6076,F,10,4,GENERAL
6077,M,6,4,GENERAL
6078,F,13,2,SURGERY
6079,F,6,4,GENERAL
6080,M,7,4,GENERAL
6081,F,7,4,SURGERY
6082,F,13,2,CARDIOLOGY
6083,M,1,5,GENERAL
6084,F,1,5,ORTHOPEDICS
6085,F,6,4,ORTHOPEDICS
6086,F,13,3,GENERAL
6087,M,10,4,CARDIOLOGY
6088,F,6,4,SURGERY
6089,M,1,5,GENERAL
6090,M,6,5,SURGERY
6091,F,11,3,GENERAL
6092,F,1,6,GENERAL
6093,F,10,4,GENERAL
6094,F,1,5,SURGERY
6095,M,13,2,GENERAL
6096,F,7,4,ORTHOPEDICS
6097,M,1,6,CARDIOLOGY
6098,M,11,3,SURGERY
6099,M,1,5,CARDIOLOGY
6100,F,10,4,GENERAL
6101,M,7,4,GENERAL
6102,F,1,5,SURGERY
6103,M,6,4,SURGERY
6104,M,1,6,SURGERY
6105,M,1,5,ORTHOPEDICS
6106,M,6,5,GENERAL
6107,M,1,7,GENERAL
6108,M,6,4,SURGERY
6109,M,1,5,SURGERY
6110,F,6,4,ORTHOPEDICS
6111,M,6,4,ORTHOPEDICS
6112,M,10,3,CARDIOLOGY
6113,M,7,4,CARDIOLOGY
6114,M,6,4,GENERAL
6115,F,1,6,CARDIOLOGY
6116,M,6,4,ORTHOPEDICS
6117,M,1,5,GENERAL
6118,F,1,5,ORTHOPEDICS
6119,F,6,4,GENERAL
6120,F,6,4,ORTHOPEDICS
6121,M,10,3,SURGERY
6122,F,11,3,ORTHOPEDICS
6123,F,10,4,SURGERY
6124,M,6,4,GENERAL
6125,F,1,5,CARDIOLOGY
6126,F,11,3,GENERAL
6127,M,6,4,GENERAL
6128,F,11,3,GENERAL
6129,M,6,4,GENERAL
6130,F,7,4,SURGERY
6131,F,10,4,GENERAL
6132,F,1,5,CARDIOLOGY
6133,F,1,5,GENERAL
6134,M,1,5,CARDIOLOGY
6135,M,1,5,GENERAL
6136,M,7,4,CARDIOLOGY
6137,F,10,3,CARDIOLOGY
6138,M,1,5,CARDIOLOGY
6139,M,13,2,GENERAL
6140,M,11,3,GENERAL
6141,F,10,3,CARDIOLOGY
6142,F,1,5,GENERAL
6143,M,10,4,CARDIOLOGY
6144,F,1,5,CARDIOLOGY
6145,F,6,5,ORTHOPEDICS
6146,F,1,5,ORTHOPEDICS
6147,M,11,3,CARDIOLOGY
6148,F,1,5,GENERAL
6149,F,11,3,ORTHOPEDICS
6150,M,1,5,GENERAL
6151,M,1,6,SURGERY
6152,M,1,5,ORTHOPEDICS
6153,M,1,6,ORTHOPEDICS
6154,F,10,4,CARDIOLOGY
6155,M,6,4,SURGERY
6156,M,6,4,GENERAL
6157,F,11,3,GENERAL
6158,M,7,4,GENERAL
6159,F,11,3,ORTHOPEDICS
6160,M,1,5,CARDIOLOGY
6161,F,1,5,GENERAL
6162,M,10,3,GENERAL
6163,F,6,5,ORTHOPEDICS
6164,F,6,4,ORTHOPEDICS
6165,M,10,3,CARDIOLOGY
6166,F,10,3,GENERAL
6167,F,13,1,GENERAL
6168,F,1,5,SURGERY
6169,M,6,4,GENERAL
6170,M,10,4,ORTHOPEDICS
6171,F,1,5,ORTHOPEDICS
6172,M,13,3,GENERAL
6173,F,10,3,SURGERY
6174,F,1,6,SURGERY
6175,F,11,3,GENERAL
6176,M,1,5,SURGERY
6177,M,10,3,GENERAL
6178,F,1,5,ORTHOPEDICS
6179,M,6,4,GENERAL
6180,F,10,3,CARDIOLOGY
6181,F,10,3,CARDIOLOGY
6182,M,1,5,CARDIOLOGY
6183,M,1,5,CARDIOLOGY
6184,M,7,4,ORTHOPEDICS
6185,F,10,3,CARDIOLOGY
6186,M,13,3,SURGERY
6187,M,1,5,CARDIOLOGY
6188,F,1,5,CARDIOLOGY
6189,F,11,3,ORTHOPEDICS
6190,M,13,2,ORTHOPEDICS
6191,M,7,4,ORTHOPEDICS
6192,M,13,2,GENERAL
6193,M,10,4,GENERAL
6194,F,13,3,GENERAL
6195,F,8,4,ORTHOPEDICS
6196,M,6,4,CARDIOLOGY
6197,F,13,3,SURGERY
6198,F,10,4,GENERAL
6199,M,6,4,ORTHOPEDICS
6200,F,1,5,GENERAL
6201,M,6,4,CARDIOLOGY
6202,F,1,5,GENERAL
6203,M,1,5,ORTHOPEDICS
6204,F,6,4,GENERAL
6205,F,10,4,ORTHOPEDICS
6206,F,6,4,GENERAL
6207,M,1,5,GENERAL
6208,F,6,4,ORTHOPEDICS
6209,F,8,4,GENERAL
6210,M,13,1,ORTHOPEDICS
6211,F,10,4,GENERAL
6212,F,10,4,GENERAL
6213,M,13,3,ORTHOPEDICS
6214,F,6,4,CARDIOLOGY
6215,M,1,5,GENERAL
6216,F,10,3,SURGERY
6217,M,13,3,ORTHOPEDICS
6218,M,13,2,CARDIOLOGY
6219,F,13,2,ORTHOPEDICS
6220,F,1,6,CARDIOLOGY
6221,F,7,4,GENERAL
6222,F,6,5,SURGERY
6223,M,10,3,CARDIOLOGY
6224,M,6,4,CARDIOLOGY
6225,F,10,3,CARDIOLOGY
6226,M,1,5,ORTHOPEDICS
6227,M,6,4,GENERAL
6228,F,11,3,ORTHOPEDICS
6229,M,10,4,GENERAL
6230,M,10,4,GENERAL
6231,F,7,4,GENERAL
6232,M,1,5,GENERAL
6233,F,13,3,ORTHOPEDICS
6234,F,6,4,CARDIOLOGY
6235,F,1,6,SURGERY
6236,F,11,3,SURGERY
6237,F,11,3,GENERAL
6238,F,10,4,CARDIOLOGY
6239,F,13,2,ORTHOPEDICS
6240,F,13,2,GENERAL
6241,F,10,3,ORTHOPEDICS
6242,F,10,3,GENERAL
6243,F,6,4,GENERAL
6244,F,6,4,SURGERY
6245,F,11,3,GENERAL
6246,M,1,5,ORTHOPEDICS
6247,M,1,5,CARDIOLOGY
6248,M,1,5,GENERAL
6249,F,6,4,ORTHOPEDICS
6250,F,6,5,ORTHOPEDICS
6251,M,10,3,GENERAL
6252,F,6,4,GENERAL
6253,M,13,2,GENERAL
6254,M,10,4,ORTHOPEDICS
6255,F,11,3,ORTHOPEDICS
6256,M,1,5,ORTHOPEDICS
6257,M,11,3,SURGERY
6258,M,6,4,GENERAL
6259,F,7,4,GENERAL
6260,M,10,3,ORTHOPEDICS
6261,F,6,4,GENERAL
6262,F,13,2,ORTHOPEDICS
6263,M,1,6,CARDIOLOGY
6264,F,10,4,GENERAL
6265,M,6,4,SURGERY
6266,M,7,4,GENERAL
6267,F,1,5,ORTHOPEDICS
6268,M,1,5,CARDIOLOGY
6269,M,10,3,GENERAL
6270,F,1,5,CARDIOLOGY
6271,M,1,5,ORTHOPEDICS
6272,M,11,3,CARDIOLOGY
6273,M,7,4,CARDIOLOGY
6274,F,6,4,CARDIOLOGY
6275,F,10,3,GENERAL
6276,F,13,3,CARDIOLOGY
6277,M,10,3,SURGERY
6278,M,1,5,CARDIOLOGY
6279,F,10,3,ORTHOPEDICS
6280,M,6,4,CARDIOLOGY
6281,M,10,3,ORTHOPEDICS
6282,F,6,4,GENERAL
6283,F,10,4,GENERAL
6284,M,11,3,SURGERY
6285,M,1,5,SURGERY
6286,M,1,5,SURGERY
6287,M,6,4,GENERAL
6288,F,11,3,SURGERY
6289,F,13,2,CARDIOLOGY
6290,F,1,5,CARDIOLOGY
6291,M,10,3,SURGERY
6292,M,6,4,ORTHOPEDICS
6293,M,11,3,SURGERY
6294,M,1,5,GENERAL
6295,F,6,4,ORTHOPEDICS
6296,M,13,2,GENERAL
6297,M,6,4,GENERAL
6298,M,6,4,ORTHOPEDICS
6299,M,1,5,GENERAL
6300,M,7,4,GENERAL
6301,F,1,6,ORTHOPEDICS
6302,F,1,5,GENERAL
6303,M,6,4,GENERAL
6304,F,1,5,CARDIOLOGY
6305,F,6,4,CARDIOLOGY
6306,F,6,4,GENERAL
6307,F,13,2,GENERAL
6308,M,1,5,GENERAL
6309,M,11,3,SURGERY
6310,F,1,5,GENERAL
6311,F,6,4,CARDIOLOGY
6312,M,11,3,GENERAL
6313,F,6,4,GENERAL
6314,M,11,3,CARDIOLOGY
6315,M,1,6,ORTHOPEDICS
6316,M,1,5,GENERAL
6317,F,1,5,SURGERY
6318,F,1,5,SURGERY
6319,F,10,3,SURGERY
6320,M,1,5,ORTHOPEDICS
6321,M,1,5,ORTHOPEDICS
6322,F,6,4,GENERAL
6323,F,1,6,GENERAL
6324,M,10,3,GENERAL
6325,M,6,4,SURGERY
6326,F,7,4,GENERAL
6327,F,1,5,SURGERY
6328,M,1,5,SURGERY
6329,M,6,4,SURGERY
6330,F,10,3,GENERAL
6331,F,13,2,SURGERY
6332,M,1,6,GENERAL
6333,M,1,5,ORTHOPEDICS
6334,F,6,4,GENERAL
6335,F,6,4,GENERAL
6336,F,7,4,GENERAL
6337,F,6,4,CARDIOLOGY
6338,M,10,3,CARDIOLOGY
6339,F,1,5,CARDIOLOGY
6340,F,1,5,ORTHOPEDICS
6341,F,1,5,CARDIOLOGY
6342,M,6,4,SURGERY
6343,M,10,4,GENERAL
6344,F,10,4,GENERAL
6345,F,6,4,SURGERY
6346,F,7,4,SURGERY
6347,F,10,3,GENERAL
6348,M,1,5,SURGERY
6349,M,11,3,GENERAL
6350,F,6,4,SURGERY
6351,F,1,5,GENERAL
6352,M,1,5,CARDIOLOGY
6353,M,1,7,GENERAL
6354,M,11,3,SURGERY
6355,F,10,4,SURGERY
6356,F,7,4,SURGERY
6357,F,6,4,SURGERY
6358,F,6,4,GENERAL
6359,M,1,5,CARDIOLOGY
6360,F,6,5,CARDIOLOGY
6361,F,13,2,GENERAL
6362,M,1,5,SURGERY
6363,M,10,3,SURGERY
6364,F,10,3,GENERAL
6365,F,7,4,SURGERY
6366,F,11,3,GENERAL
6367,M,7,4,GENERAL
6368,F,10,3,SURGERY
6369,M,6,4,GENERAL
6370,F,7,4,CARDIOLOGY
6371,F,6,4,CARDIOLOGY
6372,M,13,3,SURGERY
6373,M,10,3,CARDIOLOGY
6374,F,13,3,GENERAL
6375,M,1,5,CARDIOLOGY
6376,M,10,3,GENERAL
6377,M,1,5,GENERAL
6378,F,7,4,CARDIOLOGY
6379,F,6,4,GENERAL
6380,F,1,6,CARDIOLOGY
6381,F,10,3,GENERAL
6382,M,13,1,GENERAL
6383,F,6,4,SURGERY
6384,M,6,4,GENERAL
6385,F,13,2,GENERAL
6386,M,1,6,CARDIOLOGY
6387,F,6,4,GENERAL
6388,F,1,5,GENERAL
6389,F,1,6,CARDIOLOGY
6390,F,6,4,GENERAL
6391,M,10,4,GENERAL
6392,M,10,4,CARDIOLOGY
6393,F,10,4,GENERAL
6394,F,1,5,CARDIOLOGY
6395,M,13,2,GENERAL
6396,M,6,4,GENERAL
6397,F,11,3,GENERAL
6398,M,10,3,ORTHOPEDICS
6399,F,13,2,ORTHOPEDICS
6400,F,10,3,GENERAL
