patient_id,gender,admission_day,los,required_specialty
1,M,10,3,GENERAL
2,M,10,3,ORTHOPEDICS
3,F,11,3,GENERAL
4,F,7,4,GENERAL
5,F,10,4,GENERAL
6,M,13,3,GENERAL
7,M,1,5,SURGERY
8,F,6,4,GENERAL
9,M,1,5,GENERAL
10,M,10,4,CARDIOLOGY
11,M,6,5,ORTHOPEDICS
12,M,13,3,CARDIOLOGY
13,M,1,5,SURGERY
14,F,10,3,SURGERY
15,F,10,3,SURGERY
16,M,6,4,ORTHOPEDICS
17,F,1,5,GENERAL
18,F,1,5,GENERAL
19,M,1,6,ORTHOPEDICS
20,F,10,4,GENERAL
21,M,6,4,GENERAL
22,M,6,4,GENERAL
23,F,6,4,GENERAL
24,F,6,4,CARDIOLOGY
25,M,11,3,GENERAL
26,M,10,4,SURGERY
27,F,6,4,ORTHOPEDICS
28,F,7,4,CARDIOLOGY
29,F,1,5,GENERAL
30,F,6,4,GENERAL
31,F,6,4,CARDIOLOGY
32,F,1,5,SURGERY
33,M,13,2,CARDIOLOGY
34,M,1,5,SURGERY
35,M,13,2,CARDIOLOGY
36,F,6,4,SURGERY
37,M,6,4,SURGERY
38,M,6,4,SURGERY
39,F,11,3,CARDIOLOGY
40,M,6,4,GENERAL
41,F,1,5,CARDIOLOGY
42,M,1,5,CARDIOLOGY
43,M,13,3,GENERAL
44,M,10,3,SURGERY
45,M,1,5,GENERAL
46,M,6,4,SURGERY
47,F,13,3,GENERAL
48,M,6,4,GENERAL
49,F,7,4,CARDIOLOGY
50,M,10,4,GENERAL
51,M,11,3,GENERAL
52,F,1,6,ORTHOPEDICS
53,F,10,4,SURGERY
54,M,7,4,SURGERY
55,F,12,3,GENERAL
56,F,6,4,ORTHOPEDICS
57,F,13,2,GENERAL
58,M,1,5,GENERAL
59,F,13,2,CARDIOLOGY
60,M,1,6,ORTHOPEDICS
61,M,10,3,GENERAL
62,M,13,3,GENERAL
63,M,1,5,ORTHOPEDICS
64,F,6,4,SURGERY
65,M,1,5,CARDIOLOGY
66,F,8,4,ORTHOPEDICS
67,M,1,6,SURGERY
68,M,1,5,GENERAL
69,M,6,4,ORTHOPEDICS
70,F,12,3,GENERAL
71,F,1,5,CARDIOLOGY
72,F,1,5,ORTHOPEDICS
73,F,6,4,GENERAL
74,F,6,4,GENERAL
75,M,6,4,SURGERY
76,F,6,4,GENERAL
77,M,1,5,CARDIOLOGY
78,M,1,5,CARDIOLOGY
79,F,6,4,GENERAL
80,F,1,5,CARDIOLOGY
81,F,1,6,ORTHOPEDICS
82,M,10,4,CARDIOLOGY
83,M,6,4,GENERAL
84,F,10,3,CARDIOLOGY
85,M,10,4,ORTHOPEDICS
86,M,7,4,GENERAL
87,F,10,4,GENERAL
88,F,1,5,GENERAL
89,F,6,4,CARDIOLOGY
90,M,1,5,GENERAL
91,M,1,5,GENERAL
92,F,1,5,ORTHOPEDICS
93,M,1,5,SURGERY
94,F,6,4,GENERAL
95,F,6,4,ORTHOPEDICS
96,M,7,4,CARDIOLOGY
97,M,6,4,SURGERY
98,F,1,5,GENERAL
99,F,1,5,GENERAL
100,F,6,4,GENERAL
101,M,7,4,SURGERY
102,M,1,5,CARDIOLOGY
103,M,13,1,GENERAL
104,F,1,7,GENERAL
105,F,1,5,SURGERY
106,M,6,4,ORTHOPEDICS
107,F,13,2,SURGERY
108,F,1,5,GENERAL
109,M,7,4,CARDIOLOGY
110,F,1,5,SURGERY
111,F,10,4,SURGERY
112,F,6,4,GENERAL
113,M,11,3,GENERAL
114,F,1,5,SURGERY
115,M,1,5,CARDIOLOGY
116,M,1,5,SURGERY
117,F,13,3,SURGERY
118,M,10,3,ORTHOPEDICS
119,F,7,4,GENERAL
120,F,1,5,GENERAL
121,M,10,4,SURGERY
122,F,6,4,ORTHOPEDICS
123,M,6,4,GENERAL
124,F,6,4,CARDIOLOGY
125,F,10,4,ORTHOPEDICS
126,F,6,5,GENERAL
127,M,1,5,GENERAL
128,M,10,3,GENERAL
129,F,11,3,SURGERY
130,M,11,3,ORTHOPEDICS
131,M,13,3,CARDIOLOGY
132,F,10,4,GENERAL
133,F,6,5,GENERAL
134,F,6,4,ORTHOPEDICS
135,M,10,4,SURGERY
136,M,6,4,CARDIOLOGY
137,M,10,4,CARDIOLOGY
138,F,10,3,CARDIOLOGY
139,F,6,4,ORTHOPEDICS
140,F,6,4,GENERAL
141,F,13,2,ORTHOPEDICS
142,F,6,4,CARDIOLOGY
143,M,10,4,GENERAL
144,M,1,5,GENERAL
145,M,6,4,CARDIOLOGY
146,F,1,5,GENERAL
147,F,6,4,ORTHOPEDICS
148,F,6,4,CARDIOLOGY
149,M,13,3,GENERAL
150,F,6,4,SURGERY
151,F,11,3,GENERAL
152,F,7,4,SURGERY
153,M,1,5,SURGERY
154,M,10,4,CARDIOLOGY
155,F,6,4,CARDIOLOGY
156,F,1,6,SURGERY
157,F,13,1,GENERAL
158,F,1,6,GENERAL
159,F,11,3,GENERAL
160,M,11,3,SURGERY
161,M,1,5,ORTHOPEDICS
162,M,6,4,ORTHOPEDICS
163,F,1,5,GENERAL
164,F,13,3,GENERAL
165,M,11,3,SURGERY
166,F,7,4,ORTHOPEDICS
167,M,1,5,GENERAL
168,F,10,3,GENERAL
169,M,13,3,CARDIOLOGY
170,F,1,5,GENERAL
171,M,6,4,CARDIOLOGY
172,M,6,4,SURGERY
173,F,1,5,ORTHOPEDICS
174,F,6,5,SURGERY
175,F,13,2,GENERAL
176,M,7,4,GENERAL
177,F,13,2,SURGERY
178,F,10,3,GENERAL
179,F,11,3,ORTHOPEDICS
180,F,13,2,ORTHOPEDICS
181,F,7,4,ORTHOPEDICS
182,M,11,3,CARDIOLOGY
183,F,6,4,GENERAL
184,F,1,5,GENERAL
185,F,13,2,ORTHOPEDICS
186,M,11,3,GENERAL
187,F,10,3,SURGERY
188,F,1,5,GENERAL
189,M,1,5,GENERAL
190,F,1,5,GENERAL
191,F,1,5,ORTHOPEDICS
192,M,1,5,GENERAL
193,F,1,5,GENERAL
194,F,12,3,GENERAL
195,M,10,3,GENERAL
196,F,7,4,CARDIOLOGY
197,F,11,3,ORTHOPEDICS
198,M,10,3,CARDIOLOGY
199,F,6,4,ORTHOPEDICS
200,M,6,5,GENERAL
201,M,1,5,GENERAL
202,M,1,6,GENERAL
203,M,7,4,GENERAL
204,F,13,1,GENERAL
205,F,10,3,GENERAL
206,M,13,3,GENERAL
207,M,10,4,GENERAL
208,M,10,3,SURGERY
209,F,10,4,ORTHOPEDICS
210,M,13,3,CARDIOLOGY
211,M,6,4,GENERAL
212,F,6,4,GENERAL
213,M,10,3,CARDIOLOGY
214,M,13,3,SURGERY
215,M,1,5,SURGERY
216,F,11,3,GENERAL
217,F,1,6,GENERAL
218,F,6,4,CARDIOLOGY
219,F,11,3,GENERAL
220,M,13,3,ORTHOPEDICS
221,F,11,3,ORTHOPEDICS
222,M,10,3,GENERAL
223,M,6,4,GENERAL
224,M,7,4,SURGERY
225,F,6,4,GENERAL
226,M,10,3,ORTHOPEDICS
227,F,7,4,GENERAL
228,F,10,4,GENERAL
229,F,13,3,CARDIOLOGY
230,F,1,6,ORTHOPEDICS
231,F,6,4,CARDIOLOGY
232,F,1,5,SURGERY
233,F,7,4,SURGERY
234,M,1,6,GENERAL
235,M,1,5,GENERAL
236,F,6,4,CARDIOLOGY
237,M,13,2,CARDIOLOGY
238,F,13,3,GENERAL
239,M,1,6,SURGERY
240,M,10,4,ORTHOPEDICS
241,F,1,5,GENERAL
242,F,10,4,GENERAL
243,F,6,4,GENERAL
244,M,10,3,GENERAL
245,F,6,4,SURGERY
246,M,10,3,GENERAL
247,F,13,3,CARDIOLOGY
248,M,13,3,SURGERY
249,F,10,3,GENERAL
250,F,1,6,CARDIOLOGY
251,F,1,5,CARDIOLOGY
252,F,6,4,CARDIOLOGY
253,F,6,4,ORTHOPEDICS
254,M,1,5,GENERAL
255,F,10,3,CARDIOLOGY
256,M,6,4,SURGERY
257,F,13,2,CARDIOLOGY
258,F,6,4,SURGERY
259,F,11,3,SURGERY
260,M,10,4,CARDIOLOGY
261,M,11,3,CARDIOLOGY
262,M,10,3,GENERAL
263,M,6,4,CARDIOLOGY
264,M,6,4,ORTHOPEDICS
265,F,13,2,CARDIOLOGY
266,M,1,6,ORTHOPEDICS
267,M,6,4,ORTHOPEDICS
268,M,13,2,GENERAL
269,F,1,5,SURGERY
270,F,10,4,SURGERY
271,F,6,4,ORTHOPEDICS
272,M,1,5,SURGERY
273,F,1,6,CARDIOLOGY
274,F,1,6,SURGERY
275,F,6,5,ORTHOPEDICS
276,M,6,4,GENERAL
277,M,1,5,GENERAL
278,M,6,4,GENERAL
279,M,10,4,GENERAL
280,F,1,5,SURGERY
281,F,11,3,GENERAL
282,M,7,4,GENERAL
283,F,1,5,SURGERY
284,M,11,3,GENERAL
285,M,1,7,SURGERY
286,F,11,3,CARDIOLOGY
287,M,6,4,GENERAL
288,M,13,2,CARDIOLOGY
289,F,10,4,CARDIOLOGY
290,F,10,3,GENERAL
291,F,1,5,ORTHOPEDICS
292,M,1,6,GENERAL
293,F,7,4,SURGERY
294,M,1,5,GENERAL
295,M,10,4,ORTHOPEDICS
296,F,1,5,ORTHOPEDICS
297,M,1,5,SURGERY
298,M,10,3,CARDIOLOGY
299,M,11,3,SURGERY
300,M,1,6,SURGERY
301,F,7,4,SURGERY
302,M,10,4,GENERAL
303,F,1,5,GENERAL
304,F,6,4,ORTHOPEDICS
305,M,7,4,GENERAL
306,M,7,4,GENERAL
307,F,1,6,GENERAL
308,F,13,2,GENERAL
309,F,1,5,ORTHOPEDICS
310,F,6,4,SURGERY
311,F,1,5,GENERAL
312,F,6,4,GENERAL
313,M,10,3,GENERAL
314,F,10,4,CARDIOLOGY
315,M,1,5,SURGERY
316,M,1,5,GENERAL
317,M,6,4,SURGERY
318,M,12,3,ORTHOPEDICS
319,F,11,3,ORTHOPEDICS
320,F,1,6,CARDIOLOGY
321,F,1,5,GENERAL
322,M,6,4,GENERAL
323,F,6,4,GENERAL
324,M,13,2,SURGERY
325,M,1,5,ORTHOPEDICS
326,M,13,2,GENERAL
327,M,13,2,ORTHOPEDICS
328,M,13,3,GENERAL
329,F,6,4,GENERAL
330,F,13,2,SURGERY
331,M,6,4,SURGERY
332,M,10,3,SURGERY
333,M,1,5,SURGERY
334,M,13,2,GENERAL
335,M,11,3,SURGERY
336,M,10,3,SURGERY
337,F,11,3,GENERAL
338,F,1,5,SURGERY
339,F,10,4,ORTHOPEDICS
340,F,6,4,ORTHOPEDICS
341,F,6,4,GENERAL
342,M,10,4,SURGERY
343,F,6,4,GENERAL
344,F,10,3,ORTHOPEDICS
345,M,10,3,SURGERY
346,F,10,3,GENERAL
347,M,13,3,CARDIOLOGY
348,F,10,4,CARDIOLOGY
349,F,10,4,ORTHOPEDICS
350,F,1,5,GENERAL
351,M,11,3,ORTHOPEDICS
352,F,1,5,ORTHOPEDICS
353,M,1,6,SURGERY
354,M,6,4,SURGERY
355,F,1,6,GENERAL
356,F,7,4,ORTHOPEDICS
357,M,7,4,SURGERY
358,F,6,4,GENERAL
359,F,6,5,GENERAL
360,F,6,4,ORTHOPEDICS
361,F,11,3,SURGERY
362,M,6,4,ORTHOPEDICS
363,F,1,5,GENERAL
364,M,13,2,GENERAL
365,M,13,2,SURGERY
366,F,13,3,GENERAL
367,M,1,5,SURGERY
368,F,13,2,GENERAL
369,M,6,4,CARDIOLOGY
370,F,1,5,CARDIOLOGY
371,F,6,4,GENERAL
372,F,1,5,SURGERY
373,F,13,2,GENERAL
374,M,6,4,GENERAL
375,F,7,4,GENERAL
376,F,7,4,GENERAL
377,F,13,2,GENERAL
378,M,1,5,SURGERY
379,M,7,4,GENERAL
380,F,10,3,CARDIOLOGY
381,M,13,2,SURGERY
382,F,1,5,ORTHOPEDICS
383,F,13,2,GENERAL
384,M,13,2,ORTHOPEDICS
385,M,1,5,GENERAL
386,F,10,4,GENERAL
387,M,11,3,GENERAL
388,M,11,3,CARDIOLOGY
389,F,7,4,CARDIOLOGY
390,M,6,4,GENERAL
391,M,6,4,GENERAL
392,F,11,3,GENERAL
393,F,1,5,ORTHOPEDICS
394,M,6,4,ORTHOPEDICS
395,M,7,4,SURGERY
396,F,1,5,GENERAL
397,F,1,6,ORTHOPEDICS
398,M,10,4,GENERAL
399,F,1,5,CARDIOLOGY
400,M,11,3,GENERAL
401,F,13,2,ORTHOPEDICS
402,F,1,5,GENERAL
403,F,11,3,CARDIOLOGY
404,F,10,4,GENERAL
405,M,10,3,GENERAL
406,F,6,4,CARDIOLOGY
407,F,10,3,ORTHOPEDICS
408,M,6,4,SURGERY
409,F,7,4,ORTHOPEDICS
410,F,1,6,GENERAL
411,F,10,3,GENERAL
412,F,10,3,CARDIOLOGY
413,F,10,3,GENERAL
414,F,1,5,GENERAL
415,F,6,4,SURGERY
416,F,10,4,CARDIOLOGY
417,M,1,5,SURGERY
418,F,10,3,SURGERY
419,M,1,6,SURGERY
420,M,1,5,ORTHOPEDICS
421,F,6,4,GENERAL
422,F,11,3,CARDIOLOGY
423,F,13,2,GENERAL
424,F,7,4,ORTHOPEDICS
425,M,10,4,SURGERY
426,M,1,5,GENERAL
427,M,6,4,CARDIOLOGY
428,M,1,5,ORTHOPEDICS
429,F,1,5,SURGERY
430,M,6,5,SURGERY
431,M,7,4,SURGERY
432,F,10,3,CARDIOLOGY
433,F,6,4,GENERAL
434,F,10,4,CARDIOLOGY
435,M,11,3,GENERAL
436,M,10,3,ORTHOPEDICS
437,M,7,4,GENERAL
438,M,11,3,SURGERY
439,M,7,4,GENERAL
440,F,10,3,ORTHOPEDICS
441,M,6,4,CARDIOLOGY
442,M,10,3,GENERAL
443,F,6,4,GENERAL
444,F,13,2,SURGERY
445,F,6,4,GENERAL
446,F,6,4,GENERAL
447,F,11,3,SURGERY
448,F,10,3,GENERAL
449,F,1,5,SURGERY
450,M,6,4,GENERAL
451,F,6,4,GENERAL
452,F,13,3,ORTHOPEDICS
453,F,6,4,GENERAL
454,F,10,4,GENERAL
455,F,6,4,GENERAL
456,M,1,5,GENERAL
457,M,1,6,SURGERY
458,M,6,4,CARDIOLOGY
459,M,11,3,ORTHOPEDICS
460,F,13,3,GENERAL
461,F,13,2,GENERAL
462,F,1,5,SURGERY
463,M,1,5,GENERAL
464,F,6,4,GENERAL
465,F,10,3,GENERAL
466,F,11,3,GENERAL
467,M,1,6,GENERAL
468,F,13,2,GENERAL
469,M,6,5,GENERAL
470,M,7,4,ORTHOPEDICS
471,F,6,5,CARDIOLOGY
472,F,13,3,ORTHOPEDICS
473,F,10,4,SURGERY
474,F,10,3,CARDIOLOGY
475,F,10,3,CARDIOLOGY
476,F,7,4,CARDIOLOGY
477,F,11,3,ORTHOPEDICS
478,F,10,4,GENERAL
479,M,11,3,ORTHOPEDICS
480,F,1,5,GENERAL
481,M,1,5,GENERAL
482,F,1,5,GENERAL
483,M,11,3,ORTHOPEDICS
484,M,6,4,ORTHOPEDICS
485,M,6,4,CARDIOLOGY
486,M,6,4,GENERAL
487,M,1,5,GENERAL
488,F,10,4,GENERAL
489,M,11,3,CARDIOLOGY
490,F,1,5,GENERAL
491,F,12,3,GENERAL
492,F,6,4,SURGERY
493,M,6,5,SURGERY
494,M,13,2,GENERAL
495,F,1,6,GENERAL
496,F,6,5,CARDIOLOGY
497,M,1,5,CARDIOLOGY
498,M,10,4,GENERAL
499,M,11,3,SURGERY
500,M,10,4,CARDIOLOGY
501,F,6,4,ORTHOPEDICS
502,M,1,6,CARDIOLOGY
503,M,1,5,GENERAL
504,M,10,3,SURGERY
505,M,11,3,ORTHOPEDICS
506,M,1,5,SURGERY
507,M,1,5,GENERAL
508,F,1,5,GENERAL
509,M,10,4,CARDIOLOGY
510,F,6,4,GENERAL
511,F,13,2,GENERAL
512,M,6,4,ORTHOPEDICS
513,F,7,4,ORTHOPEDICS
514,M,7,4,ORTHOPEDICS
515,F,1,5,ORTHOPEDICS
516,F,11,3,ORTHOPEDICS
517,M,1,5,SURGERY
518,F,6,5,GENERAL
519,F,6,4,CARDIOLOGY
520,M,11,3,GENERAL
521,F,6,4,SURGERY
522,M,1,5,ORTHOPEDICS
523,F,7,4,SURGERY
524,M,10,4,SURGERY
525,F,11,3,ORTHOPEDICS
526,M,1,5,SURGERY
527,F,1,5,SURGERY
528,F,1,5,SURGERY
529,M,6,4,GENERAL
530,F,10,3,GENERAL
531,M,11,3,GENERAL
532,F,10,3,SURGERY
533,F,6,4,GENERAL
534,M,1,5,SURGERY
535,M,6,4,SURGERY
536,F,1,5,CARDIOLOGY
537,M,10,3,GENERAL
538,F,6,4,CARDIOLOGY
539,F,1,5,CARDIOLOGY
540,M,1,5,ORTHOPEDICS
541,F,11,3,GENERAL
542,M,1,5,ORTHOPEDICS
543,F,10,3,SURGERY
544,M,1,5,ORTHOPEDICS
545,F,6,4,SURGERY
546,M,7,4,SURGERY
547,F,1,5,ORTHOPEDICS
548,M,13,2,SURGERY
549,M,10,3,SURGERY
550,F,10,4,SURGERY
551,M,6,4,ORTHOPEDICS
552,M,10,4,GENERAL
553,M,1,5,GENERAL
554,F,11,3,CARDIOLOGY
555,M,6,4,SURGERY
556,F,10,4,GENERAL
557,M,13,2,ORTHOPEDICS
558,M,10,3,ORTHOPEDICS
559,F,13,2,GENERAL
560,F,1,5,GENERAL
561,F,6,4,CARDIOLOGY
562,M,10,3,SURGERY
563,F,11,3,ORTHOPEDICS
564,M,6,4,GENERAL
565,M,10,3,GENERAL
566,F,1,5,SURGERY
567,M,6,4,GENERAL
568,F,1,6,GENERAL
569,F,1,5,CARDIOLOGY
570,F,13,2,CARDIOLOGY
571,M,10,4,ORTHOPEDICS
572,M,6,4,GENERAL
573,F,10,3,SURGERY
574,M,1,5,GENERAL
575,F,13,2,ORTHOPEDICS
576,F,6,4,ORTHOPEDICS
577,F,6,4,SURGERY
578,M,10,4,ORTHOPEDICS
579,M,10,4,GENERAL
580,F,10,3,SURGERY
581,M,7,4,ORTHOPEDICS
582,M,6,4,ORTHOPEDICS
583,M,10,3,CARDIOLOGY
584,F,6,4,SURGERY
585,M,11,3,GENERAL
586,M,6,4,GENERAL
587,M,13,3,SURGERY
588,M,6,4,GENERAL
589,M,1,5,CARDIOLOGY
590,F,11,3,ORTHOPEDICS
591,M,6,4,SURGERY
592,M,13,2,ORTHOPEDICS
593,F,10,3,ORTHOPEDICS
594,M,10,4,GENERAL
595,M,10,4,GENERAL
596,M,1,5,CARDIOLOGY
597,F,1,5,CARDIOLOGY
598,M,1,6,SURGERY
599,F,6,4,SURGERY
600,M,1,5,ORTHOPEDICS
601,F,1,5,GENERAL
602,F,1,5,ORTHOPEDICS
603,M,10,3,ORTHOPEDICS
604,M,7,4,GENERAL
605,F,6,4,CARDIOLOGY
606,M,13,3,CARDIOLOGY
607,M,1,5,SURGERY
608,M,10,4,SURGERY
609,M,13,3,GENERAL
610,F,1,5,SURGERY
611,M,10,4,ORTHOPEDICS
612,F,10,3,ORTHOPEDICS
613,F,10,3,GENERAL
614,F,1,5,GENERAL
615,F,1,6,GENERAL
616,F,1,5,SURGERY
617,F,6,4,SURGERY
618,F,6,4,GENERAL
619,F,13,3,ORTHOPEDICS
620,F,1,5,SURGERY
621,M,6,4,GENERAL
622,M,13,1,SURGERY
623,F,10,3,GENERAL
624,F,1,5,ORTHOPEDICS
625,F,10,3,CARDIOLOGY
626,M,1,6,GENERAL
627,M,6,4,GENERAL
628,M,7,4,SURGERY
629,M,11,3,GENERAL
630,F,10,4,CARDIOLOGY
631,F,6,4,SURGERY
632,F,1,6,ORTHOPEDICS
633,F,1,5,SURGERY
634,F,6,4,CARDIOLOGY
635,F,1,6,SURGERY
636,M,10,4,CARDIOLOGY
637,F,10,3,GENERAL
638,F,10,3,SURGERY
639,F,6,4,SURGERY
640,M,7,4,GENERAL
641,M,6,4,ORTHOPEDICS
642,F,7,4,GENERAL
643,M,10,4,GENERAL
644,F,6,4,SURGERY
645,M,6,4,SURGERY
646,M,10,4,SURGERY
647,F,10,3,CARDIOLOGY
648,M,1,5,GENERAL
649,M,1,5,ORTHOPEDICS
650,M,1,5,GENERAL
651,M,10,3,CARDIOLOGY
652,M,13,2,ORTHOPEDICS
653,F,1,5,SURGERY
654,M,13,2,CARDIOLOGY
655,F,11,3,ORTHOPEDICS
656,M,7,4,SURGERY
657,M,1,6,CARDIOLOGY
658,M,1,5,GENERAL
659,F,13,2,SURGERY
660,F,6,4,CARDIOLOGY
661,F,6,4,ORTHOPEDICS
662,F,13,2,GENERAL
663,M,7,4,CARDIOLOGY
664,M,7,4,GENERAL
665,M,6,4,ORTHOPEDICS
666,M,6,4,CARDIOLOGY
667,F,13,2,ORTHOPEDICS
668,M,1,5,SURGERY
669,M,6,4,ORTHOPEDICS
670,F,10,4,CARDIOLOGY
671,M,6,4,ORTHOPEDICS
672,M,6,4,GENERAL
673,M,6,5,SURGERY
674,F,1,5,SURGERY
675,F,10,4,GENERAL
676,M,10,3,ORTHOPEDICS
677,F,6,4,GENERAL
678,F,1,6,GENERAL
679,F,6,4,CARDIOLOGY
680,M,6,4,GENERAL
681,F,6,4,GENERAL
682,F,1,5,SURGERY
683,M,6,4,ORTHOPEDICS
684,M,1,6,SURGERY
685,M,13,3,GENERAL
686,F,7,4,CARDIOLOGY
687,F,1,5,CARDIOLOGY
688,F,1,5,ORTHOPEDICS
689,M,10,4,GENERAL
690,F,6,4,CARDIOLOGY
691,M,10,4,GENERAL
692,M,1,5,SURGERY
693,M,11,3,CARDIOLOGY
694,F,10,4,GENERAL
695,F,11,3,GENERAL
696,M,7,4,GENERAL
697,M,13,3,GENERAL
698,M,1,6,ORTHOPEDICS
699,M,1,5,GENERAL
700,F,6,4,ORTHOPEDICS
701,M,1,5,SURGERY
702,M,1,5,CARDIOLOGY
703,M,1,5,CARDIOLOGY
704,F,7,4,SURGERY
705,F,13,3,GENERAL
706,F,6,4,GENERAL
707,M,13,1,CARDIOLOGY
708,F,10,3,GENERAL
709,M,10,3,CARDIOLOGY
710,F,10,3,SURGERY
711,F,6,4,CARDIOLOGY
712,F,10,3,CARDIOLOGY
713,M,1,5,SURGERY
714,M,10,4,ORTHOPEDICS
715,M,1,5,ORTHOPEDICS
716,M,6,4,GENERAL
717,F,6,5,GENERAL
718,F,7,4,SURGERY
719,F,1,5,GENERAL
720,F,11,3,ORTHOPEDICS
721,M,1,5,GENERAL
722,F,6,4,GENERAL
723,M,11,3,GENERAL
724,F,6,4,GENERAL
725,M,10,3,GENERAL
726,M,11,3,GENERAL
727,M,6,4,GENERAL
728,F,11,3,SURGERY
729,F,6,4,GENERAL
730,F,6,4,CARDIOLOGY
731,M,10,3,SURGERY
732,M,13,2,GENERAL
733,F,10,3,GENERAL
734,F,10,4,SURGERY
735,M,6,4,ORTHOPEDICS
736,F,6,4,GENERAL
737,F,10,4,GENERAL
738,M,6,4,GENERAL
739,M,10,3,GENERAL
740,M,1,7,SURGERY
741,F,1,5,CARDIOLOGY
742,M,10,3,SURGERY
743,M,13,2,ORTHOPEDICS
744,M,10,3,SURGERY
745,F,10,3,GENERAL
746,F,6,4,GENERAL
747,F,11,3,CARDIOLOGY
748,M,1,5,GENERAL
749,M,11,3,ORTHOPEDICS
750,F,10,3,SURGERY
751,F,6,4,GENERAL
752,F,6,4,GENERAL
753,M,1,5,GENERAL
754,M,1,5,CARDIOLOGY
755,M,7,4,GENERAL
756,F,6,4,ORTHOPEDICS
757,F,10,4,GENERAL
758,M,6,4,CARDIOLOGY
759,F,10,3,GENERAL
760,M,1,5,GENERAL
761,M,11,3,GENERAL
762,M,10,4,GENERAL
763,M,10,3,ORTHOPEDICS
764,F,1,5,GENERAL
765,M,7,4,GENERAL
766,F,1,6,ORTHOPEDICS
767,M,10,3,ORTHOPEDICS
768,F,10,3,GENERAL
769,M,1,5,ORTHOPEDICS
770,M,1,5,ORTHOPEDICS
771,F,10,4,CARDIOLOGY
772,M,1,5,SURGERY
773,M,12,3,GENERAL
774,F,13,3,GENERAL
775,M,1,5,CARDIOLOGY
776,M,1,5,ORTHOPEDICS
777,M,6,4,ORTHOPEDICS
778,F,6,4,ORTHOPEDICS
779,F,1,5,GENERAL
780,M,1,5,GENERAL
781,M,1,5,GENERAL
782,M,1,5,GENERAL
783,M,13,2,CARDIOLOGY
784,F,1,5,GENERAL
785,F,11,3,ORTHOPEDICS
786,F,6,4,GENERAL
787,F,13,2,GENERAL
788,M,1,6,CARDIOLOGY
789,M,1,5,ORTHOPEDICS
790,M,6,4,GENERAL
791,F,11,3,GENERAL
792,F,6,4,GENERAL
793,M,6,4,CARDIOLOGY
794,F,1,6,GENERAL
795,F,10,3,GENERAL
796,M,6,4,SURGERY
797,F,10,3,CARDIOLOGY
798,M,6,4,GENERAL
799,F,11,3,ORTHOPEDICS
800,F,6,4,SURGERY
801,F,6,4,CARDIOLOGY
802,M,13,2,SURGERY
803,M,1,6,CARDIOLOGY
804,F,1,5,GENERAL
805,F,7,4,CARDIOLOGY
806,F,13,2,SURGERY
807,M,13,1,SURGERY
808,M,11,3,SURGERY
809,F,13,3,CARDIOLOGY
810,M,11,3,ORTHOPEDICS
811,F,10,4,ORTHOPEDICS
812,F,10,3,CARDIOLOGY
813,F,10,3,GENERAL
814,F,6,4,ORTHOPEDICS
815,M,10,3,CARDIOLOGY
816,M,13,2,ORTHOPEDICS
817,M,13,2,GENERAL
818,M,1,7,GENERAL
819,F,7,4,GENERAL
820,M,11,3,GENERAL
821,M,1,6,GENERAL
822,F,1,5,ORTHOPEDICS
823,F,1,5,GENERAL
824,M,10,4,SURGERY
825,F,6,4,GENERAL
826,F,1,6,ORTHOPEDICS
827,M,11,3,GENERAL
828,F,1,5,CARDIOLOGY
829,M,1,5,GENERAL
830,M,6,4,CARDIOLOGY
831,F,1,5,SURGERY
832,F,1,5,SURGERY
833,F,13,1,SURGERY
834,F,6,4,ORTHOPEDICS
835,M,11,3,GENERAL
836,F,13,3,CARDIOLOGY
837,M,6,4,SURGERY
838,M,13,2,GENERAL
839,M,13,3,ORTHOPEDICS
840,M,10,4,SURGERY
841,M,1,5,SURGERY
842,F,1,5,GENERAL
843,M,1,5,CARDIOLOGY
844,F,6,4,GENERAL
845,F,1,5,ORTHOPEDICS
846,M,10,4,GENERAL
847,F,1,5,GENERAL
848,F,10,3,GENERAL
849,M,1,5,GENERAL
850,M,10,3,CARDIOLOGY
851,F,12,3,SURGERY
852,M,1,5,GENERAL
853,F,1,5,ORTHOPEDICS
854,F,13,3,GENERAL
855,M,1,5,CARDIOLOGY
856,F,1,5,GENERAL
857,F,6,4,ORTHOPEDICS
858,F,6,4,GENERAL
859,M,11,3,SURGERY
860,F,1,5,CARDIOLOGY
861,M,10,3,GENERAL
862,M,10,3,CARDIOLOGY
863,F,10,4,GENERAL
864,F,6,4,GENERAL
865,F,1,5,ORTHOPEDICS
866,M,1,6,SURGERY
867,M,6,4,GENERAL
868,F,10,3,CARDIOLOGY
869,F,1,6,SURGERY
870,M,10,3,GENERAL
871,M,1,5,GENERAL
872,F,13,3,GENERAL
873,F,6,5,ORTHOPEDICS
874,M,13,2,GENERAL
875,M,13,3,SURGERY
876,F,11,3,CARDIOLOGY
877,F,13,2,GENERAL
878,M,6,4,GENERAL
879,M,6,4,CARDIOLOGY
880,M,6,4,ORTHOPEDICS
881,M,1,6,CARDIOLOGY
882,F,13,2,CARDIOLOGY
883,M,1,5,ORTHOPEDICS
884,F,10,3,GENERAL
885,F,1,6,GENERAL
886,F,10,4,GENERAL
887,F,10,3,ORTHOPEDICS
888,M,1,5,SURGERY
889,M,1,5,GENERAL
890,F,1,5,ORTHOPEDICS
891,F,1,5,GENERAL
892,M,13,2,GENERAL
893,M,6,4,CARDIOLOGY
894,M,6,4,GENERAL
895,F,10,3,SURGERY
896,F,1,6,GENERAL
897,F,6,4,CARDIOLOGY
898,M,6,4,CARDIOLOGY
899,M,1,5,CARDIOLOGY
900,M,6,4,SURGERY
901,F,6,4,GENERAL
902,F,6,4,CARDIOLOGY
903,M,1,5,CARDIOLOGY
904,F,10,4,ORTHOPEDICS
905,M,10,3,CARDIOLOGY
906,F,11,3,CARDIOLOGY
907,M,11,3,ORTHOPEDICS
908,M,6,4,CARDIOLOGY
909,F,1,5,GENERAL
910,M,6,4,GENERAL
911,M,1,5,GENERAL
912,F,10,3,SURGERY
913,F,1,6,GENERAL
914,F,1,6,GENERAL
915,M,1,5,ORTHOPEDICS
916,M,13,3,CARDIOLOGY
917,F,1,5,GENERAL
918,M,1,5,ORTHOPEDICS
919,F,10,3,SURGERY
920,F,11,3,GENERAL
921,M,6,4,GENERAL
922,M,1,5,ORTHOPEDICS
923,F,10,3,CARDIOLOGY
924,M,8,4,GENERAL
925,M,1,6,GENERAL
926,M,6,4,GENERAL
927,M,10,4,SURGERY
928,F,1,6,GENERAL
929,F,10,3,ORTHOPEDICS
930,M,10,3,GENERAL
931,F,10,3,GENERAL
932,F,13,3,ORTHOPEDICS
933,F,6,4,CARDIOLOGY
934,F,13,2,SURGERY
935,F,8,4,ORTHOPEDICS
936,M,9,4,CARDIOLOGY
937,M,1,5,ORTHOPEDICS
938,F,1,5,SURGERY
939,M,1,5,GENERAL
940,M,6,4,CARDIOLOGY
941,F,6,4,ORTHOPEDICS
942,F,1,5,ORTHOPEDICS
943,F,6,4,SURGERY
944,M,13,3,ORTHOPEDICS
945,M,1,5,SURGERY
946,F,6,4,CARDIOLOGY
947,F,10,4,SURGERY
948,M,7,4,GENERAL
949,M,6,4,ORTHOPEDICS
950,M,13,3,CARDIOLOGY
951,M,6,4,CARDIOLOGY
952,M,1,5,CARDIOLOGY
953,F,1,5,CARDIOLOGY
954,M,1,5,SURGERY
955,M,13,3,GENERAL
956,M,1,5,CARDIOLOGY
957,F,6,4,GENERAL
958,M,6,4,SURGERY
959,F,11,3,GENERAL
960,F,13,2,ORTHOPEDICS
961,F,8,4,ORTHOPEDICS
962,M,1,5,GENERAL
963,F,6,4,ORTHOPEDICS
964,F,1,5,GENERAL
965,M,11,3,GENERAL
966,F,13,2,CARDIOLOGY
967,F,1,5,SURGERY
968,F,13,2,CARDIOLOGY
969,M,1,6,CARDIOLOGY
970,F,10,4,SURGERY
971,M,6,4,CARDIOLOGY
972,M,1,5,GENERAL
973,F,1,5,SURGERY
974,M,7,4,SURGERY
975,F,10,4,CARDIOLOGY
976,M,6,4,SURGERY
977,F,13,2,GENERAL
978,F,6,4,SURGERY
979,F,7,4,ORTHOPEDICS
980,M,10,3,GENERAL
981,F,6,4,ORTHOPEDICS
982,M,10,3,GENERAL
983,F,11,3,GENERAL
984,M,1,5,CARDIOLOGY
985,M,7,4,GENERAL
986,M,1,5,SURGERY
987,F,1,5,SURGERY
988,F,10,3,CARDIOLOGY
989,M,10,3,CARDIOLOGY
990,F,11,3,ORTHOPEDICS
991,M,11,3,GENERAL
992,M,11,3,GENERAL
993,F,13,1,ORTHOPEDICS
994,F,1,5,ORTHOPEDICS
995,M,1,6,SURGERY
996,F,1,6,SURGERY
997,M,1,5,GENERAL
998,F,11,3,GENERAL
999,F,1,6,GENERAL
1000,F,13,2,SURGERY
1001,M,13,1,CARDIOLOGY
1002,M,10,4,CARDIOLOGY
1003,F,6,4,ORTHOPEDICS
1004,M,1,5,ORTHOPEDICS
1005,M,6,4,GENERAL
1006,F,6,4,ORTHOPEDICS
1007,F,13,2,GENERAL
1008,F,10,3,CARDIOLOGY
1009,M,6,4,SURGERY
1010,F,1,5,GENERAL
1011,F,13,2,CARDIOLOGY
1012,F,1,5,SURGERY
1013,F,10,3,ORTHOPEDICS
1014,F,6,4,ORTHOPEDICS
1015,F,1,5,SURGERY
1016,M,10,3,CARDIOLOGY
1017,M,1,5,GENERAL
1018,M,1,5,CARDIOLOGY
1019,M,1,5,CARDIOLOGY
1020,F,1,5,GENERAL
1021,M,1,5,SURGERY
1022,M,6,4,GENERAL
1023,F,1,6,GENERAL
1024,F,1,5,SURGERY
1025,M,13,2,CARDIOLOGY
1026,M,1,5,GENERAL
1027,M,1,5,GENERAL
1028,M,10,4,SURGERY
1029,F,10,3,CARDIOLOGY
1030,M,13,2,ORTHOPEDICS
1031,M,10,4,GENERAL
1032,M,11,3,GENERAL
1033,F,6,4,GENERAL
1034,F,13,3,ORTHOPEDICS
1035,F,1,5,GENERAL
1036,F,1,6,SURGERY
1037,M,10,3,GENERAL
1038,F,1,5,CARDIOLOGY
1039,M,10,4,CARDIOLOGY
1040,M,6,4,GENERAL
1041,F,13,3,GENERAL
1042,F,6,4,SURGERY
1043,M,6,4,ORTHOPEDICS
1044,F,7,4,CARDIOLOGY
1045,F,10,3,CARDIOLOGY
1046,F,1,5,GENERAL
1047,F,10,4,CARDIOLOGY
1048,M,13,2,CARDIOLOGY
1049,M,6,4,GENERAL
1050,M,1,5,ORTHOPEDICS
1051,F,10,4,GENERAL
1052,M,13,2,ORTHOPEDICS
1053,M,6,4,GENERAL
1054,M,6,4,SURGERY
1055,F,7,4,GENERAL
1056,M,1,5,SURGERY
1057,F,10,4,GENERAL
1058,F,7,4,ORTHOPEDICS
1059,F,11,3,GENERAL
1060,F,10,3,CARDIOLOGY
1061,F,13,3,SURGERY
1062,F,6,4,ORTHOPEDICS
1063,M,1,5,ORTHOPEDICS
1064,F,13,2,GENERAL
1065,F,1,5,CARDIOLOGY
1066,M,1,6,GENERAL
1067,M,11,3,GENERAL
1068,F,6,4,ORTHOPEDICS
1069,M,10,3,GENERAL
1070,M,6,4,GENERAL
1071,F,1,6,CARDIOLOGY
1072,M,6,4,CARDIOLOGY
1073,M,13,2,ORTHOPEDICS
1074,M,10,4,ORTHOPEDICS
1075,M,10,3,ORTHOPEDICS
1076,F,12,3,CARDIOLOGY
1077,F,10,3,GENERAL
1078,F,6,4,GENERAL
1079,M,10,4,SURGERY
1080,M,10,4,ORTHOPEDICS
1081,F,13,2,ORTHOPEDICS
1082,M,11,3,SURGERY
1083,M,10,4,GENERAL
1084,F,6,4,SURGERY
1085,F,10,3,CARDIOLOGY
1086,F,10,3,ORTHOPEDICS
1087,F,7,4,GENERAL
1088,M,1,5,ORTHOPEDICS
1089,F,6,4,GENERAL
1090,F,6,5,GENERAL
1091,F,6,4,CARDIOLOGY
1092,M,6,4,ORTHOPEDICS
1093,M,11,3,GENERAL
1094,F,10,3,GENERAL
1095,F,6,4,GENERAL
1096,M,10,4,GENERAL
1097,F,6,4,CARDIOLOGY
1098,M,10,3,GENERAL
1099,M,1,6,SURGERY
1100,M,1,5,ORTHOPEDICS
1101,F,1,6,GENERAL
1102,M,1,5,GENERAL
1103,F,10,4,CARDIOLOGY
1104,M,11,3,CARDIOLOGY
1105,F,13,2,GENERAL
1106,M,11,3,SURGERY
1107,M,1,5,ORTHOPEDICS
1108,F,6,4,SURGERY
1109,F,6,4,GENERAL
1110,F,10,3,SURGERY
1111,F,6,4,CARDIOLOGY
1112,F,6,4,GENERAL
1113,M,6,4,GENERAL
1114,M,1,5,ORTHOPEDICS
1115,F,13,3,CARDIOLOGY
1116,F,6,4,SURGERY
1117,F,1,6,CARDIOLOGY
1118,F,1,5,GENERAL
1119,M,1,5,CARDIOLOGY
1120,F,10,4,GENERAL
1121,F,1,5,GENERAL
1122,F,6,4,CARDIOLOGY
1123,M,13,3,CARDIOLOGY
1124,F,11,3,GENERAL
1125,F,1,6,SURGERY
1126,M,6,4,GENERAL
1127,M,1,6,ORTHOPEDICS
1128,F,7,4,ORTHOPEDICS
1129,M,7,4,SURGERY
1130,F,11,3,ORTHOPEDICS
1131,M,7,4,GENERAL
1132,M,10,3,GENERAL
1133,M,10,4,GENERAL
1134,F,7,4,GENERAL
1135,F,1,5,SURGERY
1136,F,10,3,GENERAL
1137,M,1,7,GENERAL
1138,M,13,2,SURGERY
1139,F,6,4,GENERAL
1140,M,10,4,CARDIOLOGY
1141,M,8,4,ORTHOPEDICS
1142,F,6,4,ORTHOPEDICS
1143,M,6,4,CARDIOLOGY
1144,M,13,2,ORTHOPEDICS
1145,M,6,4,GENERAL
1146,F,10,4,GENERAL
1147,M,7,4,SURGERY
1148,M,11,3,GENERAL
1149,M,6,4,ORTHOPEDICS
1150,F,6,4,ORTHOPEDICS
1151,M,13,1,ORTHOPEDICS
1152,M,10,3,GENERAL
1153,M,10,3,GENERAL
1154,F,6,4,CARDIOLOGY
1155,M,10,4,GENERAL
1156,F,1,5,SURGERY
1157,F,10,4,GENERAL
1158,F,10,3,CARDIOLOGY
1159,M,6,4,CARDIOLOGY
1160,F,10,4,SURGERY
1161,F,6,4,GENERAL
1162,M,13,1,GENERAL
1163,M,1,5,GENERAL
1164,M,1,5,GENERAL
1165,F,11,3,GENERAL
1166,F,1,5,CARDIOLOGY
1167,F,13,2,GENERAL
1168,F,7,4,GENERAL
1169,M,6,5,GENERAL
1170,F,1,6,SURGERY
1171,F,10,4,ORTHOPEDICS
1172,M,13,3,SURGERY
1173,M,11,3,ORTHOPEDICS
1174,M,1,5,GENERAL
1175,M,11,3,SURGERY
1176,M,1,5,ORTHOPEDICS
1177,F,1,5,GENERAL
1178,M,13,2,GENERAL
1179,M,1,5,GENERAL
1180,F,7,4,ORTHOPEDICS
1181,F,11,3,CARDIOLOGY
1182,M,6,4,GENERAL
1183,F,1,6,GENERAL
1184,F,12,3,ORTHOPEDICS
1185,F,10,3,CARDIOLOGY
1186,F,1,5,ORTHOPEDICS
1187,M,7,4,GENERAL
1188,F,10,4,GENERAL
1189,F,1,5,GENERAL
1190,F,6,4,CARDIOLOGY
1191,F,6,4,CARDIOLOGY
1192,F,10,4,ORTHOPEDICS
1193,M,6,4,GENERAL
1194,M,13,2,ORTHOPEDICS
1195,M,13,3,GENERAL
1196,M,13,3,CARDIOLOGY
1197,F,10,3,GENERAL
1198,F,10,3,CARDIOLOGY
1199,F,10,3,SURGERY
1200,F,7,4,GENERAL
1201,F,13,2,GENERAL
1202,M,6,4,CARDIOLOGY
1203,F,10,4,CARDIOLOGY
1204,F,13,3,CARDIOLOGY
1205,F,6,4,CARDIOLOGY
1206,F,7,4,CARDIOLOGY
1207,F,1,5,CARDIOLOGY
1208,M,10,3,GENERAL
1209,M,10,3,GENERAL
1210,M,10,3,GENERAL
1211,M,10,4,SURGERY
1212,M,10,3,GENERAL
1213,M,6,4,GENERAL
1214,M,6,4,ORTHOPEDICS
1215,F,13,2,SURGERY
1216,M,7,4,CARDIOLOGY
1217,M,6,4,ORTHOPEDICS
1218,M,1,5,GENERAL
1219,F,6,4,GENERAL
1220,F,1,6,GENERAL
1221,F,13,2,GENERAL
1222,M,1,6,ORTHOPEDICS
1223,F,13,2,ORTHOPEDICS
1224,F,10,3,ORTHOPEDICS
1225,M,6,4,SURGERY
1226,F,10,3,GENERAL
1227,M,1,5,ORTHOPEDICS
1228,F,10,3,SURGERY
1229,M,11,3,SURGERY
1230,M,10,3,CARDIOLOGY
1231,F,10,4,ORTHOPEDICS
1232,F,6,4,GENERAL
1233,M,1,5,GENERAL
1234,M,10,3,GENERAL
1235,F,6,4,ORTHOPEDICS
1236,M,7,4,SURGERY
1237,F,1,5,CARDIOLOGY
1238,M,13,2,ORTHOPEDICS
1239,M,1,5,ORTHOPEDICS
1240,M,1,6,GENERAL
1241,M,1,5,GENERAL
1242,M,6,4,GENERAL
1243,M,6,4,GENERAL
1244,F,7,4,GENERAL
1245,M,10,4,SURGERY
1246,F,1,6,SURGERY
1247,F,6,4,GENERAL
1248,M,7,4,GENERAL
1249,F,1,5,ORTHOPEDICS
1250,F,10,4,ORTHOPEDICS
1251,F,1,5,GENERAL
1252,F,1,5,ORTHOPEDICS
1253,M,1,5,ORTHOPEDICS
1254,F,10,3,GENERAL
1255,F,1,5,ORTHOPEDICS
1256,F,6,4,GENERAL
1257,F,6,4,SURGERY
1258,M,11,3,GENERAL
1259,F,13,2,CARDIOLOGY
1260,M,1,5,GENERAL
1261,F,10,4,ORTHOPEDICS
1262,F,1,6,ORTHOPEDICS
1263,F,7,4,SURGERY
1264,M,10,3,ORTHOPEDICS
1265,F,1,5,CARDIOLOGY
1266,F,1,5,GENERAL
1267,M,10,4,SURGERY
1268,F,1,6,GENERAL
1269,M,10,4,GENERAL
1270,F,11,3,GENERAL
1271,M,1,6,GENERAL
1272,F,10,3,ORTHOPEDICS
1273,F,10,3,GENERAL
1274,F,8,4,ORTHOPEDICS
1275,M,10,3,GENERAL
1276,F,1,5,CARDIOLOGY
1277,M,1,5,ORTHOPEDICS
1278,M,1,6,CARDIOLOGY
1279,M,11,3,ORTHOPEDICS
1280,F,1,5,GENERAL
1281,M,7,4,SURGERY
1282,F,1,5,GENERAL
1283,M,11,3,GENERAL
1284,M,10,4,CARDIOLOGY
1285,M,13,3,ORTHOPEDICS
1286,M,1,5,SURGERY
1287,F,6,4,CARDIOLOGY
1288,M,6,4,GENERAL
1289,M,1,5,GENERAL
1290,F,13,2,ORTHOPEDICS
1291,M,1,6,GENERAL
1292,F,1,5,ORTHOPEDICS
1293,M,6,4,SURGERY
1294,M,1,5,GENERAL
1295,M,1,5,GENERAL
1296,F,13,3,SURGERY
1297,M,10,3,SURGERY
1298,M,10,3,GENERAL
1299,F,10,4,CARDIOLOGY
1300,M,6,4,SURGERY
1301,F,6,4,CARDIOLOGY
1302,M,6,4,GENERAL
1303,M,1,5,ORTHOPEDICS
1304,M,13,2,ORTHOPEDICS
1305,F,1,5,GENERAL
1306,M,11,3,CARDIOLOGY
1307,F,6,4,ORTHOPEDICS
1308,F,10,4,GENERAL
1309,F,7,4,SURGERY
1310,F,1,5,SURGERY
1311,M,6,4,SURGERY
1312,M,6,4,ORTHOPEDICS
1313,M,6,4,GENERAL
1314,F,1,5,SURGERY
1315,F,10,4,GENERAL
1316,F,10,4,SURGERY
1317,F,11,3,GENERAL
1318,M,10,3,CARDIOLOGY
1319,M,13,2,GENERAL
1320,F,1,5,SURGERY
1321,F,10,3,GENERAL
1322,F,1,5,SURGERY
1323,M,10,3,CARDIOLOGY
1324,M,13,3,ORTHOPEDICS
1325,M,13,2,GENERAL
1326,F,10,3,SURGERY
1327,F,10,4,GENERAL
1328,F,1,5,CARDIOLOGY
1329,F,6,4,ORTHOPEDICS
1330,M,10,4,SURGERY
1331,M,6,4,SURGERY
1332,F,1,6,GENERAL
1333,M,6,4,GENERAL
1334,M,10,4,ORTHOPEDICS
1335,F,13,1,GENERAL
1336,F,1,5,GENERAL
1337,M,6,4,GENERAL
1338,M,1,5,GENERAL
1339,F,13,2,CARDIOLOGY
1340,F,1,5,SURGERY
1341,F,6,4,CARDIOLOGY
1342,M,1,6,CARDIOLOGY
1343,F,7,4,SURGERY
1344,F,1,5,ORTHOPEDICS
1345,F,1,5,CARDIOLOGY
1346,M,6,4,SURGERY
1347,F,10,4,GENERAL
1348,M,13,3,GENERAL
1349,F,7,4,ORTHOPEDICS
1350,M,1,6,GENERAL
1351,F,13,2,ORTHOPEDICS
1352,F,1,5,ORTHOPEDICS
1353,M,6,4,ORTHOPEDICS
1354,M,7,4,CARDIOLOGY
1355,M,6,4,CARDIOLOGY
1356,F,6,4,CARDIOLOGY
1357,M,10,3,CARDIOLOGY
1358,F,11,3,CARDIOLOGY
1359,F,1,5,GENERAL
1360,M,6,4,SURGERY
1361,M,6,4,GENERAL
1362,M,1,5,CARDIOLOGY
1363,F,1,5,SURGERY
1364,F,10,4,ORTHOPEDICS
1365,F,10,3,ORTHOPEDICS
1366,F,10,4,SURGERY
1367,M,6,4,CARDIOLOGY
1368,M,13,2,CARDIOLOGY
1369,F,1,5,GENERAL
1370,M,1,5,CARDIOLOGY
1371,M,11,3,CARDIOLOGY
1372,M,10,3,GENERAL
1373,F,1,7,CARDIOLOGY
1374,F,6,4,SURGERY
1375,F,1,5,GENERAL
1376,F,10,3,ORTHOPEDICS
1377,F,1,6,GENERAL
1378,F,7,4,SURGERY
1379,M,6,4,SURGERY
1380,F,10,3,SURGERY
1381,F,10,4,GENERAL
1382,M,10,3,GENERAL
1383,M,1,5,GENERAL
1384,M,6,4,CARDIOLOGY
1385,F,1,6,ORTHOPEDICS
1386,M,10,3,SURGERY
1387,M,1,6,GENERAL
1388,M,1,5,ORTHOPEDICS
1389,M,1,6,GENERAL
1390,F,10,3,SURGERY
1391,M,10,4,SURGERY
1392,F,6,4,CARDIOLOGY
1393,F,1,5,GENERAL
1394,M,6,4,ORTHOPEDICS
1395,M,13,3,ORTHOPEDICS
1396,F,1,5,CARDIOLOGY
1397,F,10,4,SURGERY
1398,M,13,1,SURGERY
1399,M,6,4,GENERAL
1400,F,13,2,SURGERY
1401,F,11,3,GENERAL
1402,F,1,5,SURGERY
1403,M,1,5,GENERAL
1404,M,13,2,SURGERY
1405,F,13,2,SURGERY
1406,F,1,5,ORTHOPEDICS
1407,F,6,4,SURGERY
1408,F,13,3,GENERAL
1409,M,1,5,CARDIOLOGY
1410,M,7,4,SURGERY
1411,M,1,5,ORTHOPEDICS
1412,M,6,4,ORTHOPEDICS
1413,F,10,4,GENERAL
1414,M,1,5,GENERAL
1415,F,13,2,SURGERY
1416,F,10,3,GENERAL
1417,F,6,4,ORTHOPEDICS
1418,F,13,2,SURGERY
1419,M,10,4,CARDIOLOGY
1420,M,1,5,GENERAL
1421,M,10,4,GENERAL
1422,F,6,4,GENERAL
1423,M,10,3,ORTHOPEDICS
1424,M,1,5,CARDIOLOGY
1425,M,1,5,ORTHOPEDICS
1426,M,1,5,CARDIOLOGY
1427,F,1,5,GENERAL
1428,M,10,3,ORTHOPEDICS
1429,M,13,1,GENERAL
1430,M,7,4,SURGERY
1431,M,11,3,ORTHOPEDICS
1432,F,11,3,SURGERY
1433,F,10,4,GENERAL
1434,M,8,4,GENERAL
1435,F,10,3,ORTHOPEDICS
1436,M,10,4,CARDIOLOGY
1437,M,10,4,CARDIOLOGY
1438,M,10,4,GENERAL
1439,M,1,5,ORTHOPEDICS
1440,M,10,3,GENERAL
1441,M,1,6,ORTHOPEDICS
1442,F,1,6,CARDIOLOGY
1443,F,10,3,ORTHOPEDICS
1444,M,10,4,ORTHOPEDICS
1445,F,10,3,GENERAL
1446,F,8,4,CARDIOLOGY
1447,F,1,5,GENERAL
1448,M,6,4,GENERAL
1449,M,1,6,CARDIOLOGY
1450,M,7,4,GENERAL
1451,F,6,4,ORTHOPEDICS
1452,M,6,4,GENERAL
1453,M,1,6,SURGERY
1454,F,6,4,GENERAL
1455,F,7,4,SURGERY
1456,M,6,4,GENERAL
1457,F,1,5,CARDIOLOGY
1458,F,11,3,GENERAL
1459,M,10,4,CARDIOLOGY
1460,F,1,5,CARDIOLOGY
1461,F,7,4,ORTHOPEDICS
1462,M,11,3,CARDIOLOGY
1463,M,6,4,CARDIOLOGY
1464,M,10,3,GENERAL
1465,F,1,5,CARDIOLOGY
1466,M,10,3,ORTHOPEDICS
1467,M,10,4,ORTHOPEDICS
1468,F,1,5,ORTHOPEDICS
1469,M,7,4,GENERAL
1470,F,6,4,ORTHOPEDICS
1471,F,10,3,CARDIOLOGY
1472,F,10,3,CARDIOLOGY
1473,F,11,3,ORTHOPEDICS
1474,F,1,6,CARDIOLOGY
1475,M,10,3,GENERAL
1476,M,6,4,SURGERY
1477,M,10,4,CARDIOLOGY
1478,F,6,4,GENERAL
1479,M,13,1,GENERAL
1480,M,1,5,GENERAL
1481,M,6,5,GENERAL
1482,M,6,4,GENERAL
1483,M,10,3,GENERAL
1484,M,1,5,CARDIOLOGY
1485,F,10,3,ORTHOPEDICS
1486,M,11,3,ORTHOPEDICS
1487,M,13,3,GENERAL
1488,F,1,5,GENERAL
1489,F,1,6,SURGERY
1490,F,10,4,GENERAL
1491,F,1,5,SURGERY
1492,F,6,4,GENERAL
1493,M,1,5,GENERAL
1494,M,8,4,ORTHOPEDICS
1495,F,1,5,GENERAL
1496,M,1,6,CARDIOLOGY
1497,M,1,6,GENERAL
1498,M,6,4,GENERAL
1499,F,6,4,GENERAL
1500,F,1,8,CARDIOLOGY
1501,F,11,3,GENERAL
1502,F,13,3,GENERAL
1503,M,6,4,SURGERY
1504,F,6,4,CARDIOLOGY
1505,F,6,4,GENERAL
1506,F,7,4,GENERAL
1507,F,7,4,GENERAL
1508,F,10,3,GENERAL
1509,F,1,5,SURGERY
1510,M,11,3,GENERAL
1511,F,1,6,GENERAL
1512,M,11,3,SURGERY
1513,M,7,4,ORTHOPEDICS
1514,M,1,6,CARDIOLOGY
1515,F,11,3,GENERAL
1516,M,11,3,GENERAL
1517,F,1,5,GENERAL
1518,M,7,4,GENERAL
1519,F,11,3,CARDIOLOGY
1520,M,7,4,ORTHOPEDICS
1521,M,6,4,GENERAL
1522,F,6,4,ORTHOPEDICS
1523,M,1,5,GENERAL
1524,F,11,3,GENERAL
1525,M,13,1,GENERAL
1526,M,1,5,CARDIOLOGY
1527,F,1,5,GENERAL
1528,F,7,4,ORTHOPEDICS
1529,F,6,4,GENERAL
1530,M,11,3,GENERAL
1531,F,1,5,CARDIOLOGY
1532,F,6,4,CARDIOLOGY
1533,M,13,2,GENERAL
1534,F,6,4,GENERAL
1535,F,10,3,ORTHOPEDICS
1536,M,1,5,CARDIOLOGY
1537,M,13,2,SURGERY
1538,F,10,4,ORTHOPEDICS
1539,M,13,2,ORTHOPEDICS
1540,F,1,5,GENERAL
1541,F,6,4,GENERAL
1542,F,1,6,CARDIOLOGY
1543,F,11,3,CARDIOLOGY
1544,F,13,1,GENERAL
1545,F,6,4,ORTHOPEDICS
1546,F,13,2,GENERAL
1547,F,10,3,SURGERY
1548,F,10,3,SURGERY
1549,M,6,4,ORTHOPEDICS
1550,M,10,4,SURGERY
1551,F,10,4,SURGERY
1552,M,10,3,SURGERY
1553,F,1,5,CARDIOLOGY
1554,M,10,4,GENERAL
1555,M,13,3,ORTHOPEDICS
1556,F,12,3,ORTHOPEDICS
1557,F,10,3,GENERAL
1558,F,7,4,GENERAL
1559,F,1,5,GENERAL
1560,M,10,3,GENERAL
1561,F,11,3,SURGERY
1562,F,10,4,CARDIOLOGY
1563,M,1,5,GENERAL
1564,F,11,3,GENERAL
1565,M,1,5,CARDIOLOGY
1566,M,11,3,ORTHOPEDICS
1567,F,1,5,GENERAL
1568,F,13,3,GENERAL
1569,M,8,4,CARDIOLOGY
1570,F,10,4,GENERAL
1571,M,13,2,CARDIOLOGY
1572,F,10,3,CARDIOLOGY
1573,M,10,3,ORTHOPEDICS
1574,M,1,5,GENERAL
1575,M,7,4,ORTHOPEDICS
1576,F,10,4,ORTHOPEDICS
1577,F,13,3,CARDIOLOGY
1578,F,11,3,SURGERY
1579,F,10,4,SURGERY
1580,F,1,5,GENERAL
1581,M,1,5,SURGERY
1582,M,11,3,ORTHOPEDICS
1583,F,1,6,ORTHOPEDICS
1584,F,1,6,GENERAL
1585,F,10,3,GENERAL
1586,F,10,3,GENERAL
1587,M,6,4,GENERAL
1588,M,1,5,ORTHOPEDICS
1589,M,10,4,ORTHOPEDICS
1590,F,1,5,GENERAL
1591,F,13,2,ORTHOPEDICS
1592,M,13,3,CARDIOLOGY
1593,F,6,4,SURGERY
1594,M,10,4,GENERAL
1595,F,10,4,SURGERY
1596,F,6,4,SURGERY
1597,M,6,4,GENERAL
1598,F,10,3,GENERAL
1599,M,1,6,ORTHOPEDICS
1600,M,6,4,GENERAL
1601,M,13,3,SURGERY
1602,M,7,4,ORTHOPEDICS
1603,F,11,3,SURGERY
1604,M,6,4,GENERAL
1605,F,10,4,CARDIOLOGY
1606,F,11,3,GENERAL
1607,F,7,4,ORTHOPEDICS
1608,F,6,4,ORTHOPEDICS
1609,F,6,4,CARDIOLOGY
1610,M,6,4,GENERAL
1611,M,1,5,GENERAL
1612,F,1,5,GENERAL
1613,M,10,3,SURGERY
1614,M,13,3,CARDIOLOGY
1615,F,13,3,CARDIOLOGY
1616,F,1,5,GENERAL
1617,M,1,5,CARDIOLOGY
1618,F,11,3,SURGERY
1619,F,6,4,ORTHOPEDICS
1620,F,1,5,GENERAL
1621,M,11,3,CARDIOLOGY
1622,M,13,2,GENERAL
1623,M,1,6,CARDIOLOGY
1624,F,6,4,ORTHOPEDICS
1625,M,10,3,GENERAL
1626,M,13,2,GENERAL
1627,F,6,4,GENERAL
1628,F,1,6,ORTHOPEDICS
1629,F,7,4,SURGERY
1630,M,7,4,CARDIOLOGY
1631,M,1,5,GENERAL
1632,M,1,6,GENERAL
1633,M,10,3,GENERAL
1634,M,1,5,ORTHOPEDICS
1635,M,8,4,GENERAL
1636,F,1,5,GENERAL
1637,F,6,4,GENERAL
1638,M,8,4,GENERAL
1639,F,10,3,GENERAL
1640,M,1,5,ORTHOPEDICS
1641,M,1,5,GENERAL
1642,F,6,4,GENERAL
1643,F,10,4,CARDIOLOGY
1644,F,6,4,GENERAL
1645,M,10,3,GENERAL
1646,F,1,5,CARDIOLOGY
1647,M,10,3,ORTHOPEDICS
1648,F,1,5,SURGERY
1649,M,10,3,SURGERY
1650,M,11,3,CARDIOLOGY
1651,M,10,4,CARDIOLOGY
1652,M,11,3,GENERAL
1653,F,11,3,ORTHOPEDICS
1654,M,6,4,GENERAL
1655,M,1,6,CARDIOLOGY
1656,M,6,4,GENERAL
1657,F,6,4,GENERAL
1658,M,10,3,CARDIOLOGY
1659,M,11,3,GENERAL
1660,F,10,4,GENERAL
1661,F,6,4,ORTHOPEDICS
1662,M,1,5,GENERAL
1663,F,10,4,SURGERY
1664,F,1,5,SURGERY
1665,F,6,4,SURGERY
1666,F,6,4,ORTHOPEDICS
1667,F,6,4,ORTHOPEDICS
1668,F,10,3,SURGERY
1669,F,10,3,SURGERY
1670,M,13,3,GENERAL
1671,F,13,3,GENERAL
1672,F,13,2,SURGERY
1673,M,6,4,ORTHOPEDICS
1674,M,10,4,GENERAL
1675,F,1,5,GENERAL
1676,F,10,3,GENERAL
1677,F,10,4,GENERAL
1678,M,13,2,CARDIOLOGY
1679,M,6,4,GENERAL
1680,F,13,2,CARDIOLOGY
1681,F,11,3,GENERAL
1682,M,6,4,GENERAL
1683,M,1,5,GENERAL
1684,F,10,4,CARDIOLOGY
1685,M,13,2,ORTHOPEDICS
1686,F,6,4,CARDIOLOGY
1687,F,6,4,SURGERY
1688,M,6,4,SURGERY
1689,F,10,3,CARDIOLOGY
1690,F,7,4,ORTHOPEDICS
1691,M,7,4,CARDIOLOGY
1692,F,6,4,CARDIOLOGY
1693,F,7,4,GENERAL
1694,F,6,4,GENERAL
1695,F,6,4,GENERAL
1696,F,1,5,GENERAL
1697,M,6,4,CARDIOLOGY
1698,M,1,5,SURGERY
1699,M,1,5,ORTHOPEDICS
1700,F,11,3,CARDIOLOGY
1701,F,8,4,ORTHOPEDICS
1702,F,10,3,GENERAL
1703,M,10,4,SURGERY
1704,F,11,3,SURGERY
1705,F,6,4,ORTHOPEDICS
1706,M,7,4,CARDIOLOGY
1707,F,6,4,GENERAL
1708,M,1,5,SURGERY
1709,M,7,4,ORTHOPEDICS
1710,M,11,3,GENERAL
1711,F,1,5,GENERAL
1712,F,10,3,SURGERY
1713,M,7,4,GENERAL
1714,M,10,3,CARDIOLOGY
1715,M,10,4,CARDIOLOGY
1716,M,6,4,GENERAL
1717,F,1,5,ORTHOPEDICS
1718,F,1,5,GENERAL
1719,F,7,4,GENERAL
1720,M,1,5,ORTHOPEDICS
1721,F,6,4,GENERAL
1722,M,10,3,GENERAL
1723,M,7,4,GENERAL
1724,F,1,5,GENERAL
1725,F,6,4,CARDIOLOGY
1726,M,13,3,CARDIOLOGY
1727,M,6,4,ORTHOPEDICS
1728,M,6,4,ORTHOPEDICS
1729,F,6,4,SURGERY
1730,F,11,3,CARDIOLOGY
1731,M,6,4,GENERAL
1732,M,10,3,CARDIOLOGY
1733,F,1,5,GENERAL
1734,F,6,4,SURGERY
1735,M,1,5,GENERAL
1736,F,10,3,SURGERY
1737,M,1,5,SURGERY
1738,F,10,3,GENERAL
1739,F,1,6,ORTHOPEDICS
1740,F,1,6,GENERAL
1741,F,1,7,GENERAL
1742,F,10,3,CARDIOLOGY
1743,M,11,3,ORTHOPEDICS
1744,F,7,4,ORTHOPEDICS
1745,F,6,4,SURGERY
1746,F,10,4,GENERAL
1747,M,6,4,GENERAL
1748,F,6,4,SURGERY
1749,M,6,4,GENERAL
1750,M,10,3,SURGERY
1751,M,6,4,CARDIOLOGY
1752,M,1,5,CARDIOLOGY
1753,M,8,4,SURGERY
1754,M,13,1,GENERAL
1755,F,1,5,GENERAL
1756,M,11,3,CARDIOLOGY
1757,M,13,2,ORTHOPEDICS
1758,M,13,2,GENERAL
1759,M,10,3,GENERAL
1760,F,11,3,GENERAL
1761,F,6,4,GENERAL
1762,F,10,3,GENERAL
1763,F,11,3,SURGERY
1764,M,13,2,GENERAL
1765,F,1,5,CARDIOLOGY
1766,M,10,3,GENERAL
1767,M,6,4,GENERAL
1768,F,11,3,GENERAL
1769,M,1,6,ORTHOPEDICS
1770,F,6,4,SURGERY
1771,M,10,4,ORTHOPEDICS
1772,M,6,5,GENERAL
1773,F,1,5,GENERAL
1774,F,1,5,ORTHOPEDICS
1775,F,1,5,ORTHOPEDICS
1776,F,6,4,ORTHOPEDICS
1777,M,11,3,ORTHOPEDICS
1778,F,11,3,GENERAL
1779,F,11,3,ORTHOPEDICS
1780,F,7,4,GENERAL
1781,M,13,2,GENERAL
1782,F,6,4,SURGERY
1783,F,13,2,GENERAL
1784,M,1,5,GENERAL
1785,M,10,3,SURGERY
1786,F,1,5,GENERAL
1787,M,1,5,ORTHOPEDICS
1788,F,11,3,ORTHOPEDICS
1789,F,1,5,GENERAL
1790,M,10,4,ORTHOPEDICS
1791,M,1,5,GENERAL
1792,M,6,4,SURGERY
1793,F,1,5,GENERAL
1794,F,1,6,GENERAL
1795,F,10,4,ORTHOPEDICS
1796,F,11,3,CARDIOLOGY
1797,M,6,4,CARDIOLOGY
1798,F,6,4,SURGERY
1799,M,6,4,GENERAL
1800,M,7,4,GENERAL
1801,F,11,3,GENERAL
1802,F,6,4,CARDIOLOGY
1803,M,1,6,GENERAL
1804,F,10,3,SURGERY
1805,F,1,5,GENERAL
1806,F,1,5,CARDIOLOGY
1807,F,10,3,ORTHOPEDICS
1808,F,1,5,GENERAL
1809,F,1,6,CARDIOLOGY
1810,M,7,4,CARDIOLOGY
1811,F,6,4,GENERAL
1812,F,1,5,ORTHOPEDICS
1813,F,1,5,SURGERY
1814,M,11,3,ORTHOPEDICS
1815,F,10,4,GENERAL
1816,F,11,3,CARDIOLOGY
1817,F,1,6,GENERAL
1818,M,6,4,GENERAL
1819,F,6,4,GENERAL
1820,F,1,5,ORTHOPEDICS
1821,F,10,4,CARDIOLOGY
1822,M,7,4,CARDIOLOGY
1823,M,13,2,GENERAL
1824,F,10,4,ORTHOPEDICS
1825,F,6,4,ORTHOPEDICS
1826,F,10,3,CARDIOLOGY
1827,M,1,6,GENERAL
1828,M,1,5,ORTHOPEDICS
1829,M,6,4,CARDIOLOGY
1830,F,6,4,ORTHOPEDICS
1831,M,1,5,GENERAL
1832,F,10,3,CARDIOLOGY
1833,M,6,4,GENERAL
1834,M,7,4,GENERAL
1835,F,10,3,GENERAL
1836,M,1,5,SURGERY
1837,M,10,4,GENERAL
1838,F,13,2,GENERAL
1839,M,6,4,ORTHOPEDICS
1840,M,1,5,GENERAL
1841,M,6,4,SURGERY
1842,F,7,4,ORTHOPEDICS
1843,F,1,5,SURGERY
1844,F,13,3,SURGERY
1845,F,1,6,ORTHOPEDICS
1846,M,13,2,SURGERY
1847,F,10,4,SURGERY
1848,M,10,3,ORTHOPEDICS
1849,M,1,6,GENERAL
1850,F,1,5,GENERAL
1851,M,1,5,SURGERY
1852,M,1,7,CARDIOLOGY
1853,F,10,3,GENERAL
1854,F,1,5,GENERAL
1855,M,1,5,ORTHOPEDICS
1856,F,1,6,GENERAL
1857,M,1,5,ORTHOPEDICS
1858,M,1,5,SURGERY
1859,F,12,3,GENERAL
1860,M,10,3,GENERAL
1861,F,1,5,CARDIOLOGY
1862,M,13,3,GENERAL
1863,F,10,3,SURGERY
1864,M,1,6,GENERAL
1865,F,1,5,GENERAL
1866,F,6,4,GENERAL
1867,M,7,4,GENERAL
1868,M,10,4,SURGERY
1869,M,6,4,GENERAL
1870,F,6,4,GENERAL
1871,F,7,4,GENERAL
1872,F,1,5,GENERAL
1873,F,10,4,SURGERY
1874,F,6,4,CARDIOLOGY
1875,M,1,5,GENERAL
1876,F,10,3,CARDIOLOGY
1877,M,10,4,ORTHOPEDICS
1878,M,6,4,CARDIOLOGY
1879,F,1,5,GENERAL
1880,M,10,3,SURGERY
1881,M,10,4,GENERAL
1882,M,10,3,GENERAL
1883,F,1,6,GENERAL
1884,M,6,4,GENERAL
1885,F,13,3,GENERAL
1886,F,13,2,GENERAL
1887,M,6,4,GENERAL
1888,M,6,4,GENERAL
1889,M,1,5,CARDIOLOGY
1890,M,10,4,SURGERY
1891,M,13,2,ORTHOPEDICS
1892,M,6,4,GENERAL
1893,F,13,3,CARDIOLOGY
1894,M,1,5,ORTHOPEDICS
1895,M,6,4,ORTHOPEDICS
1896,F,11,3,GENERAL
1897,F,1,5,ORTHOPEDICS
1898,F,10,3,ORTHOPEDICS
1899,F,6,4,GENERAL
1900,F,11,3,ORTHOPEDICS
1901,F,1,5,SURGERY
1902,F,1,5,CARDIOLOGY
1903,F,1,5,GENERAL
1904,F,10,4,GENERAL
1905,F,6,4,ORTHOPEDICS
1906,F,6,4,GENERAL
1907,F,1,7,CARDIOLOGY
1908,F,6,4,GENERAL
1909,F,7,4,CARDIOLOGY
1910,M,13,2,ORTHOPEDICS
1911,M,1,5,GENERAL
1912,M,6,4,GENERAL
1913,M,6,4,CARDIOLOGY
1914,M,10,3,GENERAL
1915,M,10,3,ORTHOPEDICS
1916,F,1,5,GENERAL
1917,F,1,5,GENERAL
1918,M,1,5,ORTHOPEDICS
1919,M,1,5,SURGERY
1920,F,6,4,SURGERY
1921,F,13,2,ORTHOPEDICS
1922,F,7,4,CARDIOLOGY
1923,M,1,6,CARDIOLOGY
1924,F,1,6,CARDIOLOGY
1925,M,10,3,GENERAL
1926,M,10,3,GENERAL
1927,M,1,6,CARDIOLOGY
1928,F,1,5,GENERAL
1929,M,1,5,SURGERY
1930,F,6,4,GENERAL
1931,M,10,3,SURGERY
1932,M,6,4,CARDIOLOGY
1933,F,1,5,SURGERY
1934,M,1,5,CARDIOLOGY
1935,F,6,4,ORTHOPEDICS
1936,F,13,3,SURGERY
1937,M,13,3,GENERAL
1938,M,10,3,CARDIOLOGY
1939,F,11,3,GENERAL
1940,F,6,4,GENERAL
1941,M,6,4,GENERAL
1942,M,11,3,CARDIOLOGY
1943,F,1,6,ORTHOPEDICS
1944,F,7,4,GENERAL
1945,F,10,4,GENERAL
1946,F,6,4,CARDIOLOGY
1947,F,6,4,GENERAL
1948,F,1,5,GENERAL
1949,M,6,4,GENERAL
1950,F,10,3,GENERAL
1951,M,6,4,ORTHOPEDICS
1952,M,6,4,SURGERY
1953,F,6,4,CARDIOLOGY
1954,F,6,4,CARDIOLOGY
1955,F,1,5,GENERAL
1956,F,1,5,CARDIOLOGY
1957,F,1,5,SURGERY
1958,F,1,5,ORTHOPEDICS
1959,M,10,3,ORTHOPEDICS
1960,F,7,4,CARDIOLOGY
1961,F,10,3,GENERAL
1962,F,6,4,CARDIOLOGY
1963,M,10,3,ORTHOPEDICS
1964,F,6,4,CARDIOLOGY
1965,M,1,7,CARDIOLOGY
1966,F,1,5,GENERAL
1967,F,6,4,ORTHOPEDICS
1968,F,1,5,GENERAL
1969,M,7,4,SURGERY
1970,F,1,6,CARDIOLOGY
1971,F,6,4,GENERAL
1972,F,10,3,SURGERY
1973,M,6,4,GENERAL
1974,F,1,6,SURGERY
1975,M,10,4,GENERAL
1976,M,13,1,GENERAL
1977,M,6,4,SURGERY
1978,F,1,5,GENERAL
1979,F,6,4,CARDIOLOGY
1980,M,6,4,ORTHOPEDICS
1981,M,10,3,CARDIOLOGY
1982,M,1,5,GENERAL
1983,F,6,4,GENERAL
1984,M,13,3,CARDIOLOGY
1985,M,10,3,SURGERY
1986,F,10,4,ORTHOPEDICS
1987,M,11,3,GENERAL
1988,M,11,3,ORTHOPEDICS
1989,M,1,5,SURGERY
1990,F,11,3,ORTHOPEDICS
1991,M,7,4,CARDIOLOGY
1992,M,13,2,CARDIOLOGY
1993,M,7,4,GENERAL
1994,M,1,6,GENERAL
1995,M,11,3,CARDIOLOGY
1996,F,1,5,ORTHOPEDICS
1997,F,1,5,GENERAL
1998,F,7,4,GENERAL
1999,F,1,6,SURGERY
2000,M,10,4,GENERAL
2001,M,6,4,GENERAL
2002,M,10,4,GENERAL
2003,F,1,5,SURGERY
2004,M,1,5,GENERAL
2005,M,13,2,GENERAL
2006,M,10,3,SURGERY
2007,M,6,4,GENERAL
2008,F,7,4,SURGERY
2009,M,6,4,GENERAL
2010,F,1,6,SURGERY
2011,F,10,3,GENERAL
2012,M,6,5,CARDIOLOGY
2013,M,1,5,GENERAL
2014,M,11,3,SURGERY
2015,F,10,3,CARDIOLOGY
2016,M,7,4,CARDIOLOGY
2017,F,7,4,SURGERY
2018,F,13,2,ORTHOPEDICS
2019,F,6,4,CARDIOLOGY
2020,M,6,5,GENERAL
2021,M,10,4,SURGERY
2022,F,7,4,SURGERY
2023,M,1,5,CARDIOLOGY
2024,F,1,5,GENERAL
2025,M,1,6,GENERAL
2026,M,6,4,SURGERY
2027,F,13,2,ORTHOPEDICS
2028,F,6,4,ORTHOPEDICS
2029,M,11,3,GENERAL
2030,M,11,3,ORTHOPEDICS
2031,F,6,4,ORTHOPEDICS
2032,F,10,4,GENERAL
2033,F,1,5,GENERAL
2034,M,1,5,GENERAL
2035,M,11,3,GENERAL
2036,M,13,2,CARDIOLOGY
2037,M,10,3,CARDIOLOGY
2038,F,1,5,SURGERY
2039,M,6,4,GENERAL
2040,M,6,4,SURGERY
2041,F,6,4,CARDIOLOGY
2042,F,10,4,CARDIOLOGY
2043,F,1,5,GENERAL
2044,M,1,5,GENERAL
2045,F,1,5,CARDIOLOGY
2046,M,6,4,SURGERY
2047,M,11,3,SURGERY
2048,F,7,4,GENERAL
2049,F,1,5,GENERAL
2050,M,7,4,CARDIOLOGY
2051,M,12,3,GENERAL
2052,M,10,3,GENERAL
2053,F,10,4,ORTHOPEDICS
2054,F,1,5,ORTHOPEDICS
2055,M,8,4,SURGERY
2056,F,6,4,CARDIOLOGY
2057,M,1,5,SURGERY
2058,F,6,4,CARDIOLOGY
2059,M,1,5,ORTHOPEDICS
2060,M,1,5,ORTHOPEDICS
2061,F,6,4,SURGERY
2062,F,6,4,CARDIOLOGY
2063,F,1,5,CARDIOLOGY
2064,M,1,5,CARDIOLOGY
2065,M,11,3,CARDIOLOGY
2066,F,1,5,GENERAL
2067,M,1,5,GENERAL
2068,F,7,4,GENERAL
2069,F,6,4,SURGERY
2070,M,6,4,SURGERY
2071,F,10,3,GENERAL
2072,F,10,3,GENERAL
2073,F,10,3,GENERAL
2074,M,1,5,ORTHOPEDICS
2075,F,6,4,ORTHOPEDICS
2076,F,10,4,SURGERY
2077,F,1,5,SURGERY
2078,F,10,4,ORTHOPEDICS
2079,M,11,3,GENERAL
2080,F,13,3,ORTHOPEDICS
2081,F,6,4,ORTHOPEDICS
2082,M,1,5,GENERAL
2083,F,6,4,SURGERY
2084,M,10,3,GENERAL
2085,F,7,4,SURGERY
2086,M,13,2,GENERAL
2087,F,1,7,GENERAL
2088,M,1,5,ORTHOPEDICS
2089,M,1,5,GENERAL
2090,M,7,4,ORTHOPEDICS
2091,M,10,3,CARDIOLOGY
2092,M,13,2,CARDIOLOGY
2093,M,13,3,ORTHOPEDICS
2094,F,10,4,GENERAL
2095,F,1,5,CARDIOLOGY
2096,M,6,4,CARDIOLOGY
2097,F,1,5,CARDIOLOGY
2098,M,1,5,GENERAL
2099,M,10,3,SURGERY
2100,M,10,3,GENERAL
2101,M,10,3,GENERAL
2102,F,1,5,ORTHOPEDICS
2103,M,10,4,ORTHOPEDICS
2104,F,6,4,GENERAL
2105,M,1,5,GENERAL
2106,F,13,2,GENERAL
2107,M,13,3,SURGERY
2108,M,6,4,GENERAL
2109,F,6,4,GENERAL
2110,F,6,4,SURGERY
2111,F,7,4,SURGERY
2112,F,6,4,CARDIOLOGY
2113,F,6,4,GENERAL
2114,M,6,4,GENERAL
2115,M,1,5,CARDIOLOGY
2116,M,13,2,CARDIOLOGY
2117,F,10,4,GENERAL
2118,M,11,3,GENERAL
2119,M,13,2,GENERAL
2120,F,1,6,ORTHOPEDICS
2121,M,12,3,SURGERY
2122,M,10,3,ORTHOPEDICS
2123,F,6,4,GENERAL
2124,M,11,3,CARDIOLOGY
2125,F,1,5,SURGERY
2126,F,1,5,SURGERY
2127,F,6,4,ORTHOPEDICS
2128,F,6,4,ORTHOPEDICS
2129,M,6,4,ORTHOPEDICS
2130,M,10,3,ORTHOPEDICS
2131,F,11,3,SURGERY
2132,F,6,4,SURGERY
2133,F,1,5,GENERAL
2134,M,13,2,CARDIOLOGY
2135,M,13,2,GENERAL
2136,M,10,4,SURGERY
2137,M,10,4,CARDIOLOGY
2138,M,1,5,GENERAL
2139,M,10,3,SURGERY
2140,M,1,6,SURGERY
2141,M,1,5,SURGERY
2142,F,1,6,GENERAL
2143,M,10,3,SURGERY
2144,F,10,3,GENERAL
2145,F,6,4,ORTHOPEDICS
2146,F,13,2,GENERAL
2147,F,10,3,CARDIOLOGY
2148,F,13,3,ORTHOPEDICS
2149,M,10,4,CARDIOLOGY
2150,F,10,3,GENERAL
2151,M,1,5,GENERAL
2152,M,1,5,CARDIOLOGY
2153,F,10,4,ORTHOPEDICS
2154,M,1,5,GENERAL
2155,F,10,4,SURGERY
2156,F,1,5,GENERAL
2157,M,7,4,SURGERY
2158,M,11,3,CARDIOLOGY
2159,F,13,2,GENERAL
2160,F,13,2,SURGERY
2161,F,13,3,GENERAL
2162,M,6,4,CARDIOLOGY
2163,M,13,2,CARDIOLOGY
2164,F,13,3,SURGERY
2165,F,1,5,ORTHOPEDICS
2166,F,10,3,CARDIOLOGY
2167,F,10,3,SURGERY
2168,M,10,3,ORTHOPEDICS
2169,F,6,4,GENERAL
2170,M,10,3,GENERAL
2171,M,10,3,GENERAL
2172,F,7,4,SURGERY
2173,M,8,4,ORTHOPEDICS
2174,M,1,5,SURGERY
2175,M,10,3,SURGERY
2176,F,1,5,ORTHOPEDICS
2177,M,1,5,GENERAL
2178,M,1,5,ORTHOPEDICS
2179,M,1,5,ORTHOPEDICS
2180,F,10,4,GENERAL
2181,F,11,3,ORTHOPEDICS
2182,M,1,5,ORTHOPEDICS
2183,M,13,2,GENERAL
2184,F,6,4,ORTHOPEDICS
2185,F,11,3,GENERAL
2186,F,11,3,CARDIOLOGY
2187,M,6,4,CARDIOLOGY
2188,M,6,4,CARDIOLOGY
2189,M,10,3,GENERAL
2190,M,6,4,GENERAL
2191,F,6,4,CARDIOLOGY
2192,F,10,4,SURGERY
2193,F,7,4,CARDIOLOGY
2194,F,6,4,SURGERY
2195,F,1,5,ORTHOPEDICS
2196,F,10,4,GENERAL
2197,F,1,6,GENERAL
2198,F,1,6,SURGERY
2199,M,1,5,GENERAL
2200,M,1,5,SURGERY
2201,F,1,6,ORTHOPEDICS
2202,F,6,4,ORTHOPEDICS
2203,M,6,4,ORTHOPEDICS
2204,F,6,4,CARDIOLOGY
2205,M,7,4,SURGERY
2206,M,6,4,ORTHOPEDICS
2207,M,11,3,ORTHOPEDICS
2208,F,13,1,CARDIOLOGY
2209,M,1,5,CARDIOLOGY
2210,F,6,4,ORTHOPEDICS
2211,M,6,4,SURGERY
2212,F,1,5,GENERAL
2213,F,1,5,GENERAL
2214,F,6,4,CARDIOLOGY
2215,M,6,4,SURGERY
2216,F,1,5,ORTHOPEDICS
2217,M,1,5,ORTHOPEDICS
2218,F,1,5,GENERAL
2219,F,13,1,SURGERY
2220,M,6,4,CARDIOLOGY
2221,F,6,4,GENERAL
2222,M,1,5,ORTHOPEDICS
2223,F,13,2,ORTHOPEDICS
2224,F,10,4,ORTHOPEDICS
2225,M,10,3,ORTHOPEDICS
2226,F,6,4,ORTHOPEDICS
2227,F,10,3,ORTHOPEDICS
2228,M,11,3,GENERAL
2229,M,10,4,GENERAL
2230,F,1,5,ORTHOPEDICS
2231,M,13,3,SURGERY
2232,F,13,2,ORTHOPEDICS
2233,M,6,4,GENERAL
2234,F,1,6,GENERAL
2235,F,6,4,GENERAL
2236,M,7,4,ORTHOPEDICS
2237,M,10,4,ORTHOPEDICS
2238,M,6,4,SURGERY
2239,F,10,3,GENERAL
2240,F,10,3,ORTHOPEDICS
2241,F,13,2,GENERAL
2242,F,1,6,GENERAL
2243,F,13,3,GENERAL
2244,M,10,3,SURGERY
2245,M,1,5,ORTHOPEDICS
2246,F,6,4,SURGERY
2247,F,10,3,CARDIOLOGY
2248,M,1,5,SURGERY
2249,F,1,5,GENERAL
2250,M,1,5,SURGERY
2251,F,1,5,GENERAL
2252,M,1,5,CARDIOLOGY
2253,M,1,5,ORTHOPEDICS
2254,M,1,5,SURGERY
2255,F,6,4,CARDIOLOGY
2256,F,10,3,SURGERY
2257,M,1,5,CARDIOLOGY
2258,M,10,3,CARDIOLOGY
2259,F,1,5,ORTHOPEDICS
2260,M,7,4,CARDIOLOGY
2261,M,6,5,CARDIOLOGY
2262,F,13,3,ORTHOPEDICS
2263,F,11,3,ORTHOPEDICS
2264,F,11,3,CARDIOLOGY
2265,F,6,4,SURGERY
2266,M,1,6,SURGERY
2267,F,10,4,GENERAL
2268,M,10,4,CARDIOLOGY
2269,M,1,5,ORTHOPEDICS
2270,F,10,3,SURGERY
2271,F,10,4,GENERAL
2272,F,6,4,SURGERY
2273,F,10,3,GENERAL
2274,M,7,4,GENERAL
2275,F,7,4,ORTHOPEDICS
2276,M,6,4,ORTHOPEDICS
2277,M,7,4,CARDIOLOGY
2278,F,1,5,GENERAL
2279,F,6,5,ORTHOPEDICS
2280,M,1,5,ORTHOPEDICS
2281,F,6,4,ORTHOPEDICS
2282,F,10,3,GENERAL
2283,M,1,7,GENERAL
2284,F,1,5,SURGERY
2285,M,7,4,SURGERY
2286,M,1,5,CARDIOLOGY
2287,M,10,3,GENERAL
2288,F,13,3,ORTHOPEDICS
2289,F,7,4,CARDIOLOGY
2290,F,6,4,GENERAL
2291,M,1,5,CARDIOLOGY
2292,F,1,5,GENERAL
2293,M,6,4,SURGERY
2294,F,1,6,CARDIOLOGY
2295,F,6,4,CARDIOLOGY
2296,F,1,5,CARDIOLOGY
2297,F,7,4,GENERAL
2298,F,1,5,ORTHOPEDICS
2299,F,6,4,SURGERY
2300,F,10,3,GENERAL
2301,F,1,6,GENERAL
2302,M,11,3,ORTHOPEDICS
2303,F,1,5,GENERAL
2304,F,6,4,ORTHOPEDICS
2305,M,7,4,SURGERY
2306,M,13,3,ORTHOPEDICS
2307,M,1,5,CARDIOLOGY
2308,F,1,5,GENERAL
2309,M,13,2,CARDIOLOGY
2310,F,1,5,SURGERY
2311,M,10,4,SURGERY
2312,M,13,2,GENERAL
2313,M,11,3,ORTHOPEDICS
2314,M,1,6,CARDIOLOGY
2315,F,13,3,SURGERY
2316,M,6,4,CARDIOLOGY
2317,M,6,4,CARDIOLOGY
2318,F,1,5,GENERAL
2319,M,10,3,ORTHOPEDICS
2320,M,10,4,CARDIOLOGY
2321,F,6,4,SURGERY
2322,M,10,3,ORTHOPEDICS
2323,M,11,3,CARDIOLOGY
2324,M,1,5,GENERAL
2325,M,10,3,SURGERY
2326,M,6,4,GENERAL
2327,M,7,4,ORTHOPEDICS
2328,F,11,3,SURGERY
2329,M,13,2,GENERAL
2330,F,10,3,ORTHOPEDICS
2331,F,10,4,GENERAL
2332,M,10,3,ORTHOPEDICS
2333,M,1,5,ORTHOPEDICS
2334,F,6,4,GENERAL
2335,F,13,1,ORTHOPEDICS
2336,M,1,5,GENERAL
2337,F,6,4,SURGERY
2338,M,6,4,GENERAL
2339,F,10,3,ORTHOPEDICS
2340,F,6,4,GENERAL
2341,F,6,4,CARDIOLOGY
2342,M,11,3,CARDIOLOGY
2343,F,10,4,GENERAL
2344,F,6,4,GENERAL
2345,F,10,3,GENERAL
2346,M,13,2,ORTHOPEDICS
2347,F,1,6,ORTHOPEDICS
2348,F,10,3,GENERAL
2349,F,10,3,GENERAL
2350,F,6,5,ORTHOPEDICS
2351,M,10,3,GENERAL
2352,F,13,2,ORTHOPEDICS
2353,F,10,4,SURGERY
2354,F,6,4,SURGERY
2355,M,11,3,GENERAL
2356,M,1,5,CARDIOLOGY
2357,F,1,5,SURGERY
2358,M,1,5,ORTHOPEDICS
2359,M,1,5,ORTHOPEDICS
2360,F,1,5,SURGERY
2361,F,11,3,GENERAL
2362,F,13,2,GENERAL
2363,M,7,4,GENERAL
2364,M,13,2,SURGERY
2365,F,12,3,GENERAL
2366,F,6,4,GENERAL
2367,M,1,5,GENERAL
2368,M,10,3,GENERAL
2369,M,7,4,GENERAL
2370,M,13,2,SURGERY
2371,M,6,4,ORTHOPEDICS
2372,M,10,3,GENERAL
2373,M,11,3,GENERAL
2374,M,6,4,CARDIOLOGY
2375,M,13,1,ORTHOPEDICS
2376,F,1,6,GENERAL
2377,M,11,3,SURGERY
2378,F,1,5,GENERAL
2379,M,6,4,GENERAL
2380,M,10,3,ORTHOPEDICS
2381,F,1,5,CARDIOLOGY
2382,F,1,5,GENERAL
2383,M,7,4,ORTHOPEDICS
2384,F,10,3,CARDIOLOGY
2385,F,1,5,ORTHOPEDICS
2386,M,13,2,CARDIOLOGY
2387,F,11,3,ORTHOPEDICS
2388,F,1,5,CARDIOLOGY
2389,F,6,4,ORTHOPEDICS
2390,M,6,5,GENERAL
2391,M,10,4,SURGERY
2392,M,1,5,GENERAL
2393,F,6,4,GENERAL
2394,M,6,4,SURGERY
2395,M,1,5,GENERAL
2396,M,10,4,ORTHOPEDICS
2397,M,1,6,GENERAL
2398,M,10,4,CARDIOLOGY
2399,M,6,4,ORTHOPEDICS
2400,M,10,3,CARDIOLOGY
2401,F,10,3,SURGERY
2402,M,6,4,GENERAL
2403,M,10,3,SURGERY
2404,M,11,3,SURGERY
2405,F,12,3,GENERAL
2406,M,1,7,GENERAL
2407,M,11,3,GENERAL
2408,M,10,4,GENERAL
2409,M,7,4,GENERAL
2410,F,10,3,GENERAL
2411,F,1,5,GENERAL
2412,M,6,4,GENERAL
2413,M,10,3,CARDIOLOGY
2414,M,6,4,GENERAL
2415,F,6,4,GENERAL
2416,F,1,6,SURGERY
2417,M,6,4,SURGERY
2418,F,1,5,SURGERY
2419,F,10,3,GENERAL
2420,F,1,5,GENERAL
2421,F,7,4,CARDIOLOGY
2422,M,13,3,GENERAL
2423,M,6,4,CARDIOLOGY
2424,F,6,4,GENERAL
2425,F,10,3,GENERAL
2426,M,6,4,ORTHOPEDICS
2427,M,1,6,GENERAL
2428,F,13,3,ORTHOPEDICS
2429,F,10,4,GENERAL
2430,M,10,3,GENERAL
2431,M,1,5,GENERAL
2432,F,10,3,SURGERY
2433,M,13,2,SURGERY
2434,F,13,2,ORTHOPEDICS
2435,F,1,6,GENERAL
2436,M,7,4,ORTHOPEDICS
2437,M,10,3,GENERAL
2438,F,1,5,GENERAL
2439,M,13,3,GENERAL
2440,M,1,5,SURGERY
2441,F,1,6,ORTHOPEDICS
2442,M,10,4,CARDIOLOGY
2443,M,6,4,GENERAL
2444,M,11,3,SURGERY
2445,M,1,5,GENERAL
2446,M,10,3,SURGERY
2447,M,1,5,CARDIOLOGY
2448,M,1,5,GENERAL
2449,M,6,5,GENERAL
2450,F,1,5,GENERAL
2451,F,7,4,GENERAL
2452,M,10,3,GENERAL
2453,F,1,5,GENERAL
2454,F,6,4,ORTHOPEDICS
2455,M,12,3,SURGERY
2456,M,11,3,SURGERY
2457,M,7,4,GENERAL
2458,F,1,5,CARDIOLOGY
2459,M,6,5,SURGERY
2460,M,1,5,SURGERY
2461,F,1,6,GENERAL
2462,M,11,3,CARDIOLOGY
2463,M,7,4,SURGERY
2464,F,6,4,ORTHOPEDICS
2465,M,10,4,GENERAL
2466,M,10,4,CARDIOLOGY
2467,F,10,3,GENERAL
2468,M,10,3,SURGERY
2469,M,1,5,ORTHOPEDICS
2470,F,10,4,CARDIOLOGY
2471,M,1,5,CARDIOLOGY
2472,M,1,5,ORTHOPEDICS
2473,F,1,5,SURGERY
2474,M,10,3,SURGERY
2475,F,1,5,SURGERY
2476,M,6,4,GENERAL
2477,M,6,4,GENERAL
2478,F,7,4,SURGERY
2479,F,10,3,SURGERY
2480,M,6,5,SURGERY
2481,M,11,3,ORTHOPEDICS
2482,F,1,5,GENERAL
2483,F,13,3,SURGERY
2484,F,1,5,ORTHOPEDICS
2485,M,13,3,SURGERY
2486,F,1,5,SURGERY
2487,F,10,4,ORTHOPEDICS
2488,F,1,5,GENERAL
2489,M,13,2,CARDIOLOGY
2490,F,1,5,ORTHOPEDICS
2491,M,10,3,GENERAL
2492,M,10,3,ORTHOPEDICS
2493,F,10,3,ORTHOPEDICS
2494,F,1,5,GENERAL
2495,M,10,4,GENERAL
2496,F,1,7,GENERAL
2497,F,1,5,GENERAL
2498,M,6,4,GENERAL
2499,M,10,3,SURGERY
2500,M,10,4,ORTHOPEDICS
2501,M,10,3,SURGERY
2502,F,1,5,CARDIOLOGY
2503,M,1,5,ORTHOPEDICS
2504,M,1,5,GENERAL
2505,M,11,3,SURGERY
2506,F,10,4,GENERAL
2507,F,6,4,GENERAL
2508,F,10,3,CARDIOLOGY
2509,M,1,6,CARDIOLOGY
2510,M,6,4,GENERAL
2511,F,1,5,SURGERY
2512,F,6,4,GENERAL
2513,F,13,2,CARDIOLOGY
2514,F,10,3,ORTHOPEDICS
2515,F,10,3,GENERAL
2516,F,10,3,GENERAL
2517,M,13,2,ORTHOPEDICS
2518,F,13,3,SURGERY
2519,F,1,5,ORTHOPEDICS
2520,F,1,6,ORTHOPEDICS
2521,M,7,4,GENERAL
2522,F,10,3,CARDIOLOGY
2523,F,10,3,ORTHOPEDICS
2524,M,1,6,ORTHOPEDICS
2525,M,6,4,GENERAL
2526,F,10,4,GENERAL
2527,M,10,3,ORTHOPEDICS
2528,F,1,5,GENERAL
2529,F,10,3,GENERAL
2530,M,10,3,SURGERY
2531,M,11,3,SURGERY
2532,M,1,5,GENERAL
2533,F,1,5,CARDIOLOGY
2534,M,1,5,GENERAL
2535,F,10,4,SURGERY
2536,F,1,6,SURGERY
2537,M,13,2,GENERAL
2538,F,6,4,CARDIOLOGY
2539,M,1,5,SURGERY
2540,M,7,4,SURGERY
2541,F,10,4,GENERAL
2542,M,7,4,SURGERY
2543,F,1,5,SURGERY
2544,M,6,4,GENERAL
2545,F,11,3,GENERAL
2546,M,10,4,ORTHOPEDICS
2547,F,1,6,GENERAL
2548,F,6,4,GENERAL
2549,F,1,5,ORTHOPEDICS
2550,F,7,4,SURGERY
2551,M,13,3,SURGERY
2552,M,1,5,GENERAL
2553,M,1,5,SURGERY
2554,M,10,4,CARDIOLOGY
2555,M,10,4,ORTHOPEDICS
2556,M,11,3,CARDIOLOGY
2557,M,10,3,GENERAL
2558,M,1,6,GENERAL
2559,M,1,5,CARDIOLOGY
2560,F,1,5,GENERAL
2561,M,6,4,GENERAL
2562,M,1,5,GENERAL
2563,F,6,4,SURGERY
2564,F,10,4,CARDIOLOGY
2565,M,6,4,ORTHOPEDICS
2566,M,7,4,SURGERY
2567,M,10,3,CARDIOLOGY
2568,M,6,4,SURGERY
2569,M,7,4,GENERAL
2570,M,1,5,ORTHOPEDICS
2571,F,1,5,SURGERY
2572,F,10,4,ORTHOPEDICS
2573,F,1,5,SURGERY
2574,M,1,5,ORTHOPEDICS
2575,M,1,5,SURGERY
2576,M,13,2,ORTHOPEDICS
2577,M,1,5,GENERAL
2578,M,1,5,ORTHOPEDICS
2579,F,11,3,ORTHOPEDICS
2580,M,1,5,SURGERY
2581,M,6,4,GENERAL
2582,M,11,3,ORTHOPEDICS
2583,M,10,4,ORTHOPEDICS
2584,M,11,3,CARDIOLOGY
2585,M,6,4,CARDIOLOGY
2586,F,10,4,SURGERY
2587,M,6,4,ORTHOPEDICS
2588,F,10,3,ORTHOPEDICS
2589,F,1,5,GENERAL
2590,M,6,4,CARDIOLOGY
2591,M,1,5,SURGERY
2592,M,6,4,SURGERY
2593,M,10,4,SURGERY
2594,M,6,4,SURGERY
2595,M,1,5,GENERAL
2596,M,10,3,CARDIOLOGY
2597,M,6,5,ORTHOPEDICS
2598,F,13,3,GENERAL
2599,F,10,4,GENERAL
2600,F,6,4,GENERAL
2601,F,10,4,GENERAL
2602,F,1,6,GENERAL
2603,F,1,5,GENERAL
2604,F,7,4,CARDIOLOGY
2605,F,1,6,SURGERY
2606,M,1,6,ORTHOPEDICS
2607,M,1,5,GENERAL
2608,F,10,3,GENERAL
2609,F,11,3,GENERAL
2610,M,10,4,GENERAL
2611,F,11,3,SURGERY
2612,M,7,4,CARDIOLOGY
2613,F,7,4,SURGERY
2614,M,1,5,CARDIOLOGY
2615,F,10,4,SURGERY
2616,F,7,4,ORTHOPEDICS
2617,F,6,4,SURGERY
2618,M,1,5,GENERAL
2619,F,6,4,ORTHOPEDICS
2620,F,1,5,CARDIOLOGY
2621,F,10,4,CARDIOLOGY
2622,M,7,4,CARDIOLOGY
2623,M,1,5,CARDIOLOGY
2624,M,1,5,GENERAL
2625,F,1,5,SURGERY
2626,F,1,5,GENERAL
2627,M,1,5,GENERAL
2628,F,1,7,GENERAL
2629,M,1,5,CARDIOLOGY
2630,F,1,5,GENERAL
2631,F,11,3,CARDIOLOGY
2632,F,10,4,CARDIOLOGY
2633,F,6,4,CARDIOLOGY
2634,F,1,5,GENERAL
2635,M,1,6,ORTHOPEDICS
2636,F,1,5,GENERAL
2637,F,1,5,GENERAL
2638,F,13,3,CARDIOLOGY
2639,F,1,5,CARDIOLOGY
2640,F,10,3,SURGERY
2641,M,13,3,SURGERY
2642,F,13,2,GENERAL
2643,M,11,3,CARDIOLOGY
2644,F,1,5,GENERAL
2645,F,1,6,CARDIOLOGY
2646,M,10,3,GENERAL
2647,M,13,3,ORTHOPEDICS
2648,F,13,1,SURGERY
2649,F,12,3,SURGERY
2650,F,7,4,SURGERY
2651,M,6,4,GENERAL
2652,F,1,5,CARDIOLOGY
2653,F,11,3,ORTHOPEDICS
2654,M,13,2,CARDIOLOGY
2655,M,1,5,GENERAL
2656,M,6,4,CARDIOLOGY
2657,F,1,6,GENERAL
2658,F,13,2,GENERAL
2659,M,10,3,GENERAL
2660,M,6,4,GENERAL
2661,F,1,5,ORTHOPEDICS
2662,F,10,4,SURGERY
2663,M,10,4,GENERAL
2664,F,1,6,CARDIOLOGY
2665,F,11,3,ORTHOPEDICS
2666,M,1,5,GENERAL
2667,M,13,2,CARDIOLOGY
2668,F,6,4,GENERAL
2669,M,11,3,GENERAL
2670,F,7,4,GENERAL
2671,F,1,5,GENERAL
2672,M,10,3,CARDIOLOGY
2673,F,11,3,ORTHOPEDICS
2674,F,1,6,GENERAL
2675,M,10,3,SURGERY
2676,M,10,3,GENERAL
2677,F,1,5,GENERAL
2678,F,10,3,GENERAL
2679,F,7,4,CARDIOLOGY
2680,M,1,5,GENERAL
2681,M,1,5,GENERAL
2682,M,11,3,SURGERY
2683,F,8,4,GENERAL
2684,M,7,4,GENERAL
2685,M,6,4,CARDIOLOGY
2686,M,1,5,GENERAL
2687,F,1,5,ORTHOPEDICS
2688,F,10,3,CARDIOLOGY
2689,M,13,2,SURGERY
2690,M,11,3,ORTHOPEDICS
2691,M,10,3,CARDIOLOGY
2692,F,11,3,SURGERY
2693,M,13,1,CARDIOLOGY
2694,M,6,4,GENERAL
2695,M,11,3,ORTHOPEDICS
2696,F,6,4,ORTHOPEDICS
2697,F,7,4,GENERAL
2698,M,1,5,CARDIOLOGY
2699,F,10,4,GENERAL
2700,M,10,3,ORTHOPEDICS
2701,F,6,4,SURGERY
2702,M,11,3,GENERAL
2703,F,13,2,SURGERY
2704,M,1,5,GENERAL
2705,F,6,5,GENERAL
2706,F,6,4,CARDIOLOGY
2707,F,11,3,GENERAL
2708,M,1,5,CARDIOLOGY
2709,F,1,5,CARDIOLOGY
2710,F,1,6,GENERAL
2711,F,13,2,ORTHOPEDICS
2712,F,6,4,SURGERY
2713,F,10,4,SURGERY
2714,M,10,4,ORTHOPEDICS
2715,M,1,5,GENERAL
2716,M,6,4,GENERAL
2717,F,6,4,GENERAL
2718,F,11,3,CARDIOLOGY
2719,M,10,3,ORTHOPEDICS
2720,M,10,3,GENERAL
2721,M,1,5,GENERAL
2722,F,6,4,GENERAL
2723,F,10,3,ORTHOPEDICS
2724,M,6,4,GENERAL
2725,F,1,5,SURGERY
2726,M,13,2,GENERAL
2727,M,10,3,SURGERY
2728,M,6,4,GENERAL
2729,F,1,6,SURGERY
2730,M,11,3,CARDIOLOGY
2731,F,10,3,GENERAL
2732,F,1,5,SURGERY
2733,F,10,4,SURGERY
2734,M,10,4,GENERAL
2735,F,1,5,GENERAL
2736,M,13,2,SURGERY
2737,M,13,1,SURGERY
2738,M,11,3,GENERAL
2739,F,11,3,GENERAL
2740,M,1,6,CARDIOLOGY
2741,F,6,5,GENERAL
2742,M,10,4,GENERAL
2743,M,6,4,GENERAL
2744,M,1,5,ORTHOPEDICS
2745,F,6,4,CARDIOLOGY
2746,M,13,2,CARDIOLOGY
2747,F,10,3,GENERAL
2748,F,7,4,GENERAL
2749,F,6,4,GENERAL
2750,M,1,5,GENERAL
2751,F,13,3,GENERAL
2752,M,1,5,CARDIOLOGY
2753,F,10,4,GENERAL
2754,M,10,4,GENERAL
2755,M,1,5,GENERAL
2756,M,6,4,CARDIOLOGY
2757,M,13,2,GENERAL
2758,M,13,2,GENERAL
2759,M,10,3,GENERAL
2760,F,6,4,ORTHOPEDICS
2761,F,10,3,CARDIOLOGY
2762,F,13,2,ORTHOPEDICS
2763,F,12,3,CARDIOLOGY
2764,M,13,2,CARDIOLOGY
2765,F,10,3,GENERAL
2766,M,1,5,CARDIOLOGY
2767,F,10,4,SURGERY
2768,M,1,5,GENERAL
2769,F,1,5,SURGERY
2770,F,6,5,SURGERY
2771,F,10,3,GENERAL
2772,F,1,5,ORTHOPEDICS
2773,M,6,4,GENERAL
2774,M,1,5,ORTHOPEDICS
2775,M,1,5,GENERAL
2776,F,1,5,ORTHOPEDICS
2777,F,8,4,GENERAL
2778,F,1,5,ORTHOPEDICS
2779,F,6,4,SURGERY
2780,F,1,5,GENERAL
2781,M,13,3,CARDIOLOGY
2782,M,6,4,GENERAL
2783,M,1,5,CARDIOLOGY
2784,F,10,3,ORTHOPEDICS
2785,M,10,3,SURGERY
2786,F,6,4,GENERAL
2787,M,1,5,SURGERY
2788,F,10,4,GENERAL
2789,F,7,4,GENERAL
2790,F,1,6,GENERAL
2791,M,1,6,ORTHOPEDICS
2792,M,1,5,CARDIOLOGY
2793,F,6,4,SURGERY
2794,F,6,4,ORTHOPEDICS
2795,F,10,3,SURGERY
2796,F,1,7,CARDIOLOGY
2797,M,10,3,ORTHOPEDICS
2798,M,1,5,GENERAL
2799,M,1,5,CARDIOLOGY
2800,M,10,3,CARDIOLOGY
2801,F,7,4,GENERAL
2802,M,10,3,SURGERY
2803,M,6,4,GENERAL
2804,F,6,5,GENERAL
2805,M,11,3,GENERAL
2806,F,13,2,CARDIOLOGY
2807,M,1,6,GENERAL
2808,F,11,3,GENERAL
2809,F,6,4,CARDIOLOGY
2810,F,10,3,GENERAL
2811,M,1,5,GENERAL
2812,F,7,4,GENERAL
2813,F,11,3,CARDIOLOGY
2814,M,1,6,GENERAL
2815,F,6,4,GENERAL
2816,M,13,2,GENERAL
2817,M,10,3,GENERAL
2818,F,11,3,SURGERY
2819,F,6,4,GENERAL
2820,F,10,3,CARDIOLOGY
2821,M,1,5,GENERAL
2822,F,1,6,ORTHOPEDICS
2823,M,10,3,GENERAL
2824,F,1,5,CARDIOLOGY
2825,M,1,5,SURGERY
2826,F,1,5,ORTHOPEDICS
2827,F,6,4,GENERAL
2828,M,7,4,CARDIOLOGY
2829,M,11,3,GENERAL
2830,M,7,4,SURGERY
2831,F,6,4,GENERAL
2832,F,6,4,GENERAL
2833,M,6,4,GENERAL
2834,M,1,5,CARDIOLOGY
2835,M,10,4,GENERAL
2836,M,7,4,CARDIOLOGY
2837,M,7,4,GENERAL
2838,M,1,5,ORTHOPEDICS
2839,F,11,3,ORTHOPEDICS
2840,F,10,3,GENERAL
2841,F,10,4,GENERAL
2842,M,10,4,ORTHOPEDICS
2843,M,6,4,SURGERY
2844,M,1,5,SURGERY
2845,F,13,3,SURGERY
2846,M,1,5,GENERAL
2847,M,10,3,GENERAL
2848,M,7,4,GENERAL
2849,F,10,3,SURGERY
2850,M,11,3,SURGERY
2851,M,1,5,GENERAL
2852,F,1,5,GENERAL
2853,F,6,4,GENERAL
2854,M,1,6,CARDIOLOGY
2855,M,11,3,GENERAL
2856,F,6,4,ORTHOPEDICS
2857,F,10,4,ORTHOPEDICS
2858,M,1,5,CARDIOLOGY
2859,M,1,6,GENERAL
2860,F,6,4,ORTHOPEDICS
2861,M,10,3,ORTHOPEDICS
2862,F,6,4,ORTHOPEDICS
2863,F,6,4,SURGERY
2864,M,13,2,ORTHOPEDICS
2865,M,10,4,GENERAL
2866,M,10,4,GENERAL
2867,M,12,3,CARDIOLOGY
2868,M,10,3,GENERAL
2869,F,10,4,ORTHOPEDICS
2870,F,1,5,ORTHOPEDICS
2871,M,11,3,SURGERY
2872,M,10,3,GENERAL
2873,F,11,3,CARDIOLOGY
2874,M,6,4,GENERAL
2875,M,13,2,GENERAL
2876,M,10,3,CARDIOLOGY
2877,F,1,5,CARDIOLOGY
2878,M,1,7,GENERAL
2879,M,6,4,ORTHOPEDICS
2880,M,6,4,GENERAL
2881,F,10,4,ORTHOPEDICS
2882,M,1,6,CARDIOLOGY
2883,M,6,4,GENERAL
2884,F,6,4,ORTHOPEDICS
2885,M,1,5,GENERAL
2886,F,1,5,SURGERY
2887,F,1,5,GENERAL
2888,M,1,6,GENERAL
2889,M,10,4,CARDIOLOGY
2890,M,1,5,SURGERY
2891,M,10,3,SURGERY
2892,M,6,4,ORTHOPEDICS
2893,F,10,3,ORTHOPEDICS
2894,M,6,4,ORTHOPEDICS
2895,M,6,5,CARDIOLOGY
2896,F,6,4,SURGERY
2897,F,1,5,GENERAL
2898,F,1,5,ORTHOPEDICS
2899,M,10,3,GENERAL
2900,F,13,2,ORTHOPEDICS
2901,M,13,2,GENERAL
2902,M,10,3,SURGERY
2903,F,1,5,ORTHOPEDICS
2904,M,1,5,GENERAL
2905,F,10,3,ORTHOPEDICS
2906,F,6,4,GENERAL
2907,F,10,3,ORTHOPEDICS
2908,F,1,5,GENERAL
2909,M,1,5,SURGERY
2910,M,6,4,ORTHOPEDICS
2911,M,1,6,GENERAL
2912,M,1,6,ORTHOPEDICS
2913,M,1,5,GENERAL
2914,M,6,4,CARDIOLOGY
2915,F,1,6,GENERAL
2916,F,1,5,SURGERY
2917,F,10,3,SURGERY
2918,F,13,1,ORTHOPEDICS
2919,M,6,4,SURGERY
2920,M,6,4,SURGERY
2921,F,10,4,GENERAL
2922,F,6,4,CARDIOLOGY
2923,F,6,4,ORTHOPEDICS
2924,F,10,3,CARDIOLOGY
2925,M,10,4,ORTHOPEDICS
2926,F,13,2,GENERAL
2927,F,6,4,SURGERY
2928,F,10,4,SURGERY
2929,F,6,4,ORTHOPEDICS
2930,M,10,3,ORTHOPEDICS
2931,M,1,6,GENERAL
2932,F,1,5,CARDIOLOGY
2933,M,11,3,SURGERY
2934,M,7,4,SURGERY
2935,F,1,5,SURGERY
2936,F,6,4,GENERAL
2937,M,11,3,SURGERY
2938,M,1,6,GENERAL
2939,F,1,5,GENERAL
2940,F,12,3,GENERAL
2941,F,13,1,GENERAL
2942,F,7,4,GENERAL
2943,F,13,2,GENERAL
2944,M,1,6,SURGERY
2945,M,10,4,SURGERY
2946,F,6,4,GENERAL
2947,M,10,3,GENERAL
2948,M,6,4,ORTHOPEDICS
2949,M,11,3,SURGERY
2950,M,1,5,GENERAL
2951,M,13,2,ORTHOPEDICS
2952,F,1,5,ORTHOPEDICS
2953,F,1,5,CARDIOLOGY
2954,F,1,5,GENERAL
2955,F,1,5,GENERAL
2956,F,10,4,SURGERY
2957,M,12,3,SURGERY
2958,F,6,4,SURGERY
2959,F,6,4,GENERAL
2960,M,1,6,SURGERY
2961,F,1,5,SURGERY
2962,M,1,5,ORTHOPEDICS
2963,F,6,4,ORTHOPEDICS
2964,M,6,4,ORTHOPEDICS
2965,F,6,4,GENERAL
2966,M,6,4,SURGERY
2967,F,1,6,GENERAL
2968,F,13,2,SURGERY
2969,F,6,4,ORTHOPEDICS
2970,M,1,5,ORTHOPEDICS
2971,M,1,5,ORTHOPEDICS
2972,M,10,3,SURGERY
2973,F,13,2,GENERAL
2974,F,6,4,GENERAL
2975,M,1,5,CARDIOLOGY
2976,F,11,3,SURGERY
2977,M,10,4,GENERAL
2978,F,13,3,GENERAL
2979,F,10,3,GENERAL
2980,F,13,2,CARDIOLOGY
2981,M,6,4,CARDIOLOGY
2982,M,10,4,ORTHOPEDICS
2983,M,13,3,SURGERY
2984,F,13,2,CARDIOLOGY
2985,M,1,5,GENERAL
2986,F,1,5,GENERAL
2987,F,7,4,GENERAL
2988,M,13,2,GENERAL
2989,F,1,6,GENERAL
2990,M,1,6,SURGERY
2991,M,6,4,GENERAL
2992,M,7,4,ORTHOPEDICS
2993,F,1,5,CARDIOLOGY
2994,F,1,6,CARDIOLOGY
2995,F,7,4,GENERAL
2996,M,1,6,CARDIOLOGY
2997,M,6,4,ORTHOPEDICS
2998,M,10,4,SURGERY
2999,F,6,4,GENERAL
3000,M,1,5,CARDIOLOGY
3001,F,11,3,GENERAL
3002,F,10,3,SURGERY
3003,M,6,4,ORTHOPEDICS
3004,M,6,4,CARDIOLOGY
3005,F,10,3,SURGERY
3006,M,11,3,GENERAL
3007,F,10,4,ORTHOPEDICS
3008,F,6,4,ORTHOPEDICS
3009,F,1,5,CARDIOLOGY
3010,M,7,4,CARDIOLOGY
3011,M,6,4,GENERAL
3012,M,11,3,SURGERY
3013,M,6,4,SURGERY
3014,F,7,4,GENERAL
3015,F,1,5,SURGERY
3016,M,6,4,ORTHOPEDICS
3017,M,10,4,ORTHOPEDICS
3018,F,6,4,ORTHOPEDICS
3019,M,6,4,GENERAL
3020,M,1,5,SURGERY
3021,F,6,5,GENERAL
3022,M,10,3,GENERAL
3023,M,1,5,GENERAL
3024,F,6,4,ORTHOPEDICS
3025,F,6,4,CARDIOLOGY
3026,F,6,4,GENERAL
3027,F,10,3,CARDIOLOGY
3028,F,10,4,CARDIOLOGY
3029,M,1,5,SURGERY
3030,F,1,5,GENERAL
3031,M,7,4,SURGERY
3032,M,13,2,CARDIOLOGY
3033,M,6,4,SURGERY
3034,F,10,4,CARDIOLOGY
3035,F,6,4,CARDIOLOGY
3036,M,1,5,GENERAL
3037,F,13,2,GENERAL
3038,M,10,3,GENERAL
3039,F,10,4,GENERAL
3040,F,6,4,ORTHOPEDICS
3041,F,10,3,CARDIOLOGY
3042,M,13,1,SURGERY
3043,M,6,4,SURGERY
3044,F,13,3,SURGERY
3045,M,6,4,CARDIOLOGY
3046,M,6,4,GENERAL
3047,F,11,3,CARDIOLOGY
3048,M,10,4,CARDIOLOGY
3049,M,6,4,ORTHOPEDICS
3050,M,11,3,ORTHOPEDICS
3051,M,7,4,ORTHOPEDICS
3052,M,6,4,GENERAL
3053,F,6,4,ORTHOPEDICS
3054,F,6,4,GENERAL
3055,M,10,3,SURGERY
3056,M,13,2,CARDIOLOGY
3057,F,1,5,GENERAL
3058,F,11,3,GENERAL
3059,M,7,4,SURGERY
3060,F,10,4,ORTHOPEDICS
3061,M,11,3,SURGERY
3062,M,10,3,GENERAL
3063,F,13,2,CARDIOLOGY
3064,F,1,5,ORTHOPEDICS
3065,M,1,5,ORTHOPEDICS
3066,M,10,3,GENERAL
3067,M,10,4,GENERAL
3068,F,6,5,CARDIOLOGY
3069,M,7,4,SURGERY
3070,M,6,4,ORTHOPEDICS
3071,F,13,2,GENERAL
3072,M,6,4,GENERAL
3073,M,13,2,GENERAL
3074,F,10,4,ORTHOPEDICS
3075,M,13,3,CARDIOLOGY
3076,F,1,5,SURGERY
3077,M,10,3,GENERAL
3078,F,1,6,CARDIOLOGY
3079,M,1,6,CARDIOLOGY
3080,M,1,6,GENERAL
3081,M,1,5,GENERAL
3082,F,6,4,GENERAL
3083,F,1,6,SURGERY
3084,F,6,4,CARDIOLOGY
3085,M,1,6,SURGERY
3086,M,1,5,ORTHOPEDICS
3087,M,10,4,CARDIOLOGY
3088,F,10,3,GENERAL
3089,M,6,4,ORTHOPEDICS
3090,M,7,4,ORTHOPEDICS
3091,F,1,6,GENERAL
3092,M,1,5,GENERAL
3093,F,10,3,GENERAL
3094,F,10,3,SURGERY
3095,M,6,4,CARDIOLOGY
3096,M,6,4,GENERAL
3097,F,11,3,GENERAL
3098,M,13,3,GENERAL
3099,F,6,4,GENERAL
3100,F,1,5,CARDIOLOGY
3101,F,10,4,GENERAL
3102,F,1,5,CARDIOLOGY
3103,M,7,4,GENERAL
3104,F,1,5,CARDIOLOGY
3105,M,1,5,SURGERY
3106,F,13,2,GENERAL
3107,M,10,3,SURGERY
3108,F,1,5,GENERAL
3109,M,6,4,SURGERY
3110,F,1,5,GENERAL
3111,F,7,4,SURGERY
3112,F,6,4,SURGERY
3113,F,1,5,GENERAL
3114,F,6,4,GENERAL
3115,M,11,3,GENERAL
3116,F,1,5,CARDIOLOGY
3117,F,10,3,GENERAL
3118,F,1,5,GENERAL
3119,M,10,3,CARDIOLOGY
3120,M,10,4,GENERAL
3121,M,8,4,GENERAL
3122,M,1,5,SURGERY
3123,F,1,6,ORTHOPEDICS
3124,M,13,2,GENERAL
3125,M,1,5,CARDIOLOGY
3126,F,6,4,GENERAL
3127,F,6,5,CARDIOLOGY
3128,M,1,5,GENERAL
3129,F,13,3,CARDIOLOGY
3130,M,7,4,GENERAL
3131,F,1,6,GENERAL
3132,F,10,4,ORTHOPEDICS
3133,F,6,4,GENERAL
3134,M,10,4,CARDIOLOGY
3135,F,1,5,ORTHOPEDICS
3136,F,7,4,CARDIOLOGY
3137,F,6,4,GENERAL
3138,F,1,5,GENERAL
3139,M,6,4,GENERAL
3140,F,1,5,GENERAL
3141,F,10,3,GENERAL
3142,F,6,5,ORTHOPEDICS
3143,M,13,3,ORTHOPEDICS
3144,M,10,3,GENERAL
3145,F,7,4,SURGERY
3146,F,1,5,CARDIOLOGY
3147,F,7,4,GENERAL
3148,F,6,5,SURGERY
3149,F,10,4,ORTHOPEDICS
3150,F,7,4,SURGERY
3151,M,1,7,GENERAL
3152,F,10,3,CARDIOLOGY
3153,M,1,5,SURGERY
3154,M,6,4,GENERAL
3155,F,1,5,SURGERY
3156,F,7,4,CARDIOLOGY
3157,F,1,6,SURGERY
3158,F,10,3,ORTHOPEDICS
3159,F,6,4,GENERAL
3160,F,10,3,GENERAL
3161,F,1,7,SURGERY
3162,M,1,5,GENERAL
3163,F,6,4,CARDIOLOGY
3164,M,1,5,GENERAL
3165,F,10,3,ORTHOPEDICS
3166,M,6,4,CARDIOLOGY
3167,M,10,4,SURGERY
3168,M,6,4,GENERAL
3169,M,10,4,ORTHOPEDICS
3170,M,10,4,ORTHOPEDICS
3171,M,6,5,ORTHOPEDICS
3172,M,11,3,ORTHOPEDICS
3173,M,13,3,SURGERY
3174,F,10,3,CARDIOLOGY
3175,F,10,4,ORTHOPEDICS
3176,F,13,2,ORTHOPEDICS
3177,F,1,5,ORTHOPEDICS
3178,M,1,5,SURGERY
3179,M,7,4,GENERAL
3180,M,10,3,ORTHOPEDICS
3181,F,6,4,SURGERY
3182,M,1,5,SURGERY
3183,M,8,4,GENERAL
3184,F,1,5,GENERAL
3185,M,10,3,ORTHOPEDICS
3186,M,1,5,SURGERY
3187,M,1,5,SURGERY
3188,F,1,5,GENERAL
3189,F,6,4,CARDIOLOGY
3190,F,13,3,GENERAL
3191,F,1,5,SURGERY
3192,F,13,2,GENERAL
3193,M,6,4,GENERAL
3194,F,1,5,SURGERY
3195,M,11,3,CARDIOLOGY
3196,F,1,5,GENERAL
3197,M,1,6,SURGERY
3198,M,10,4,ORTHOPEDICS
3199,M,13,2,GENERAL
3200,F,1,5,GENERAL
3201,F,1,6,ORTHOPEDICS
3202,M,11,3,ORTHOPEDICS
3203,M,1,5,CARDIOLOGY
3204,F,10,3,SURGERY
3205,M,1,6,CARDIOLOGY
3206,F,6,4,CARDIOLOGY
3207,M,6,4,GENERAL
3208,M,6,4,GENERAL
3209,M,1,5,SURGERY
3210,F,10,3,SURGERY
3211,M,13,3,CARDIOLOGY
3212,F,13,1,SURGERY
3213,M,1,7,CARDIOLOGY
3214,F,1,5,CARDIOLOGY
3215,M,1,5,ORTHOPEDICS
3216,M,6,4,GENERAL
3217,F,10,4,SURGERY
3218,F,6,4,SURGERY
3219,M,7,4,GENERAL
3220,M,1,5,GENERAL
3221,F,10,4,GENERAL
3222,M,6,4,GENERAL
3223,M,7,4,GENERAL
3224,F,1,5,GENERAL
3225,M,1,5,CARDIOLOGY
3226,F,1,6,SURGERY
3227,M,10,4,SURGERY
3228,M,1,6,GENERAL
3229,M,6,4,CARDIOLOGY
3230,M,6,4,ORTHOPEDICS
3231,F,1,5,GENERAL
3232,F,6,4,GENERAL
3233,F,1,5,GENERAL
3234,F,1,5,CARDIOLOGY
3235,F,10,3,ORTHOPEDICS
3236,M,6,4,GENERAL
3237,F,11,3,CARDIOLOGY
3238,F,10,3,GENERAL
3239,M,1,6,CARDIOLOGY
3240,F,1,5,CARDIOLOGY
3241,M,7,4,SURGERY
3242,F,1,5,CARDIOLOGY
3243,M,11,3,CARDIOLOGY
3244,F,1,6,GENERAL
3245,M,10,4,GENERAL
3246,F,10,3,GENERAL
3247,M,6,4,SURGERY
3248,M,6,4,GENERAL
3249,F,1,6,GENERAL
3250,M,6,4,GENERAL
3251,F,7,4,GENERAL
3252,F,1,5,SURGERY
3253,F,1,6,SURGERY
3254,M,1,5,ORTHOPEDICS
3255,M,6,4,SURGERY
3256,M,1,5,SURGERY
3257,M,6,4,GENERAL
3258,F,10,3,SURGERY
3259,F,13,2,GENERAL
3260,F,10,3,GENERAL
3261,F,1,6,GENERAL
3262,F,1,6,SURGERY
3263,F,6,4,GENERAL
3264,F,1,5,SURGERY
3265,M,1,6,CARDIOLOGY
3266,F,10,3,SURGERY
3267,M,1,6,SURGERY
3268,F,6,4,GENERAL
3269,F,13,3,CARDIOLOGY
3270,M,7,4,SURGERY
3271,M,1,5,GENERAL
3272,M,6,4,GENERAL
3273,M,1,7,CARDIOLOGY
3274,M,10,4,GENERAL
3275,M,1,5,GENERAL
3276,M,6,4,GENERAL
3277,F,1,5,SURGERY
3278,M,6,4,ORTHOPEDICS
3279,M,10,3,CARDIOLOGY
3280,F,1,5,GENERAL
3281,M,6,4,GENERAL
3282,F,7,4,GENERAL
3283,F,6,4,ORTHOPEDICS
3284,M,10,4,GENERAL
3285,M,1,5,CARDIOLOGY
3286,F,7,4,GENERAL
3287,M,13,2,GENERAL
3288,M,10,4,SURGERY
3289,F,6,4,CARDIOLOGY
3290,M,6,4,GENERAL
3291,F,10,3,GENERAL
3292,F,1,5,ORTHOPEDICS
3293,F,1,5,ORTHOPEDICS
3294,F,6,4,CARDIOLOGY
3295,M,6,4,ORTHOPEDICS
3296,M,10,4,GENERAL
3297,F,8,4,GENERAL
3298,M,13,2,CARDIOLOGY
3299,M,12,3,GENERAL
3300,F,1,5,ORTHOPEDICS
3301,F,10,3,GENERAL
3302,M,11,3,CARDIOLOGY
3303,M,1,5,SURGERY
3304,F,6,4,ORTHOPEDICS
3305,F,6,4,GENERAL
3306,F,13,2,GENERAL
3307,M,1,5,GENERAL
3308,M,10,4,SURGERY
3309,M,1,5,CARDIOLOGY
3310,M,10,3,ORTHOPEDICS
3311,M,10,4,SURGERY
3312,F,8,4,GENERAL
3313,M,6,4,CARDIOLOGY
3314,M,10,4,CARDIOLOGY
3315,M,10,3,CARDIOLOGY
3316,M,6,4,GENERAL
3317,M,10,4,GENERAL
3318,F,1,5,CARDIOLOGY
3319,F,13,3,ORTHOPEDICS
3320,M,10,4,GENERAL
3321,F,10,4,CARDIOLOGY
3322,M,6,4,CARDIOLOGY
3323,M,11,3,ORTHOPEDICS
3324,F,6,4,GENERAL
3325,M,11,3,ORTHOPEDICS
3326,M,7,4,GENERAL
3327,M,13,2,CARDIOLOGY
3328,M,6,4,SURGERY
3329,F,1,5,SURGERY
3330,M,13,3,ORTHOPEDICS
3331,F,10,3,CARDIOLOGY
3332,M,10,4,SURGERY
3333,F,6,4,CARDIOLOGY
3334,M,6,4,SURGERY
3335,F,11,3,GENERAL
3336,F,10,4,GENERAL
3337,F,1,5,SURGERY
3338,F,10,3,SURGERY
3339,F,1,5,ORTHOPEDICS
3340,M,1,5,SURGERY
3341,M,6,4,CARDIOLOGY
3342,F,6,5,ORTHOPEDICS
3343,M,13,2,ORTHOPEDICS
3344,F,6,4,GENERAL
3345,M,7,4,CARDIOLOGY
3346,M,10,3,GENERAL
3347,F,6,4,CARDIOLOGY
3348,M,1,5,ORTHOPEDICS
3349,M,6,4,SURGERY
3350,F,6,4,GENERAL
3351,M,1,5,CARDIOLOGY
3352,M,13,1,ORTHOPEDICS
3353,F,10,4,ORTHOPEDICS
3354,M,1,5,GENERAL
3355,M,6,4,GENERAL
3356,F,13,3,GENERAL
3357,F,10,3,GENERAL
3358,M,1,5,GENERAL
3359,M,6,4,ORTHOPEDICS
3360,M,6,5,GENERAL
3361,M,13,3,SURGERY
3362,M,1,5,GENERAL
3363,F,10,4,CARDIOLOGY
3364,F,1,5,CARDIOLOGY
3365,M,10,3,GENERAL
3366,M,6,4,ORTHOPEDICS
3367,M,11,3,GENERAL
3368,M,6,4,SURGERY
3369,M,1,6,SURGERY
3370,M,1,5,GENERAL
3371,F,10,4,CARDIOLOGY
3372,F,1,5,CARDIOLOGY
3373,F,6,4,CARDIOLOGY
3374,M,1,5,GENERAL
3375,M,10,3,GENERAL
3376,F,10,4,ORTHOPEDICS
3377,M,1,6,GENERAL
3378,F,1,6,GENERAL
3379,M,10,3,CARDIOLOGY
3380,F,6,4,GENERAL
3381,F,6,4,GENERAL
3382,M,13,2,ORTHOPEDICS
3383,M,6,5,CARDIOLOGY
3384,M,13,2,SURGERY
3385,F,10,4,SURGERY
3386,M,11,3,GENERAL
3387,F,1,5,ORTHOPEDICS
3388,M,6,4,CARDIOLOGY
3389,F,6,4,GENERAL
3390,M,7,4,GENERAL
3391,M,10,3,SURGERY
3392,M,1,6,CARDIOLOGY
3393,F,6,4,CARDIOLOGY
3394,F,6,4,ORTHOPEDICS
3395,M,1,6,SURGERY
3396,F,10,3,CARDIOLOGY
3397,F,13,2,SURGERY
3398,M,6,5,CARDIOLOGY
3399,F,1,5,CARDIOLOGY
3400,M,12,3,GENERAL
3401,M,13,2,GENERAL
3402,F,13,2,SURGERY
3403,F,10,4,GENERAL
3404,F,10,3,CARDIOLOGY
3405,F,13,3,SURGERY
3406,M,1,5,SURGERY
3407,M,6,4,ORTHOPEDICS
3408,F,13,3,CARDIOLOGY
3409,M,6,4,GENERAL
3410,F,6,4,CARDIOLOGY
3411,F,13,2,ORTHOPEDICS
3412,F,13,2,GENERAL
3413,M,1,5,ORTHOPEDICS
3414,F,10,3,GENERAL
3415,M,6,4,SURGERY
3416,F,11,3,GENERAL
3417,M,13,2,ORTHOPEDICS
3418,F,13,2,CARDIOLOGY
3419,M,8,4,CARDIOLOGY
3420,M,6,4,GENERAL
3421,M,1,6,GENERAL
3422,M,1,5,CARDIOLOGY
3423,M,13,2,CARDIOLOGY
3424,F,10,3,ORTHOPEDICS
3425,M,10,3,GENERAL
3426,F,10,4,ORTHOPEDICS
3427,F,10,3,SURGERY
3428,M,10,3,ORTHOPEDICS
3429,M,10,4,CARDIOLOGY
3430,M,11,3,GENERAL
3431,M,10,4,SURGERY
3432,M,10,4,GENERAL
3433,F,6,4,ORTHOPEDICS
3434,F,7,4,GENERAL
3435,F,1,5,SURGERY
3436,F,1,6,GENERAL
3437,F,13,1,ORTHOPEDICS
3438,F,10,3,SURGERY
3439,M,6,5,CARDIOLOGY
3440,M,7,4,GENERAL
3441,F,10,4,GENERAL
3442,M,10,4,GENERAL
3443,M,7,4,GENERAL
3444,M,13,2,GENERAL
3445,M,13,3,GENERAL
3446,M,10,3,SURGERY
3447,F,11,3,GENERAL
3448,F,6,4,CARDIOLOGY
3449,F,6,4,CARDIOLOGY
3450,M,6,4,GENERAL
3451,F,6,4,GENERAL
3452,F,6,4,GENERAL
3453,F,1,5,SURGERY
3454,M,10,4,SURGERY
3455,F,12,3,CARDIOLOGY
3456,M,1,5,GENERAL
3457,F,13,3,ORTHOPEDICS
3458,M,10,4,GENERAL
3459,M,10,3,GENERAL
3460,M,1,5,ORTHOPEDICS
3461,F,1,5,SURGERY
3462,M,6,4,ORTHOPEDICS
3463,M,11,3,GENERAL
3464,F,6,4,SURGERY
3465,F,10,3,SURGERY
3466,F,6,4,CARDIOLOGY
3467,F,10,3,SURGERY
3468,M,10,3,GENERAL
3469,F,12,3,GENERAL
3470,F,6,4,SURGERY
3471,M,6,5,CARDIOLOGY
3472,F,1,5,ORTHOPEDICS
3473,F,6,4,SURGERY
3474,M,1,6,SURGERY
3475,F,7,4,CARDIOLOGY
3476,F,10,4,SURGERY
3477,F,11,3,GENERAL
3478,M,1,5,GENERAL
3479,F,11,3,GENERAL
3480,M,13,3,CARDIOLOGY
3481,F,11,3,ORTHOPEDICS
3482,F,10,4,CARDIOLOGY
3483,F,11,3,ORTHOPEDICS
3484,F,7,4,SURGERY
3485,M,13,3,CARDIOLOGY
3486,F,7,4,ORTHOPEDICS
3487,M,11,3,SURGERY
3488,M,10,4,GENERAL
3489,F,10,3,GENERAL
3490,M,10,3,CARDIOLOGY
3491,F,13,2,CARDIOLOGY
3492,F,6,4,GENERAL
3493,M,13,2,GENERAL
3494,M,10,3,SURGERY
3495,F,12,3,GENERAL
3496,F,6,4,GENERAL
3497,F,1,5,GENERAL
3498,F,10,4,GENERAL
3499,M,6,4,ORTHOPEDICS
3500,M,11,3,GENERAL
3501,M,6,4,ORTHOPEDICS
3502,M,6,4,GENERAL
3503,F,1,5,GENERAL
3504,M,6,4,CARDIOLOGY
3505,M,6,4,ORTHOPEDICS
3506,M,1,5,CARDIOLOGY
3507,M,1,6,GENERAL
3508,F,1,5,GENERAL
3509,M,13,1,SURGERY
3510,M,1,5,ORTHOPEDICS
3511,F,10,3,GENERAL
3512,F,10,4,GENERAL
3513,M,1,5,ORTHOPEDICS
3514,M,6,5,CARDIOLOGY
3515,F,11,3,CARDIOLOGY
3516,F,6,4,CARDIOLOGY
3517,F,6,4,GENERAL
3518,M,6,4,CARDIOLOGY
3519,M,6,4,GENERAL
3520,F,1,5,GENERAL
3521,F,6,4,CARDIOLOGY
3522,F,7,4,GENERAL
3523,F,10,3,GENERAL
3524,M,10,4,GENERAL
3525,M,1,5,CARDIOLOGY
3526,F,13,3,GENERAL
3527,M,13,2,CARDIOLOGY
3528,M,6,5,SURGERY
3529,F,6,4,CARDIOLOGY
3530,M,11,3,SURGERY
3531,M,6,4,ORTHOPEDICS
3532,F,6,5,ORTHOPEDICS
3533,M,1,6,CARDIOLOGY
3534,F,1,5,SURGERY
3535,M,6,4,ORTHOPEDICS
3536,F,1,5,ORTHOPEDICS
3537,F,1,5,ORTHOPEDICS
3538,F,10,4,SURGERY
3539,M,11,3,GENERAL
3540,M,10,3,SURGERY
3541,F,10,4,ORTHOPEDICS
3542,M,1,5,SURGERY
3543,M,1,5,GENERAL
3544,F,1,5,CARDIOLOGY
3545,M,1,5,GENERAL
3546,M,10,4,GENERAL
3547,F,10,4,ORTHOPEDICS
3548,M,6,4,ORTHOPEDICS
3549,M,1,5,SURGERY
3550,F,6,4,CARDIOLOGY
3551,F,6,4,ORTHOPEDICS
3552,M,10,3,ORTHOPEDICS
3553,F,11,3,GENERAL
3554,M,10,3,ORTHOPEDICS
3555,F,10,3,CARDIOLOGY
3556,M,10,3,CARDIOLOGY
3557,M,11,3,GENERAL
3558,F,13,2,ORTHOPEDICS
3559,M,1,5,CARDIOLOGY
3560,M,1,6,SURGERY
3561,F,6,4,GENERAL
3562,M,11,3,SURGERY
3563,F,6,4,CARDIOLOGY
3564,F,6,5,GENERAL
3565,M,1,6,GENERAL
3566,F,10,3,GENERAL
3567,F,6,4,SURGERY
3568,M,10,4,GENERAL
3569,M,11,3,GENERAL
3570,M,1,5,ORTHOPEDICS
3571,F,1,6,GENERAL
3572,F,10,3,CARDIOLOGY
3573,M,6,4,CARDIOLOGY
3574,F,6,4,GENERAL
3575,M,7,4,GENERAL
3576,F,1,6,CARDIOLOGY
3577,F,10,3,GENERAL
3578,F,7,4,SURGERY
3579,M,10,4,GENERAL
3580,M,1,6,GENERAL
3581,F,1,6,CARDIOLOGY
3582,M,1,5,ORTHOPEDICS
3583,M,1,5,SURGERY
3584,F,1,6,ORTHOPEDICS
3585,F,1,5,GENERAL
3586,F,6,4,CARDIOLOGY
3587,F,10,3,SURGERY
3588,M,6,4,CARDIOLOGY
3589,M,7,4,SURGERY
3590,M,6,4,CARDIOLOGY
3591,F,6,4,SURGERY
3592,F,11,3,SURGERY
3593,M,1,5,CARDIOLOGY
3594,M,10,3,SURGERY
3595,F,1,5,CARDIOLOGY
3596,F,6,4,SURGERY
3597,F,1,5,SURGERY
3598,M,13,3,GENERAL
3599,F,11,3,GENERAL
3600,M,1,5,SURGERY
3601,M,1,6,ORTHOPEDICS
3602,M,10,3,CARDIOLOGY
3603,M,13,2,SURGERY
3604,F,6,4,GENERAL
3605,F,10,3,ORTHOPEDICS
3606,F,1,6,ORTHOPEDICS
3607,F,13,3,GENERAL
3608,M,7,4,CARDIOLOGY
3609,M,1,6,SURGERY
3610,F,1,5,SURGERY
3611,F,11,3,GENERAL
3612,F,11,3,GENERAL
3613,F,1,6,CARDIOLOGY
3614,M,7,4,GENERAL
3615,M,10,4,CARDIOLOGY
3616,F,6,4,SURGERY
3617,M,10,3,GENERAL
3618,F,1,5,ORTHOPEDICS
3619,F,10,3,GENERAL
3620,M,10,4,SURGERY
3621,M,1,5,ORTHOPEDICS
3622,F,10,4,GENERAL
3623,M,11,3,ORTHOPEDICS
3624,M,11,3,SURGERY
3625,M,11,3,GENERAL
3626,F,1,6,GENERAL
3627,M,1,5,SURGERY
3628,M,1,5,CARDIOLOGY
3629,M,1,5,GENERAL
3630,M,10,3,GENERAL
3631,F,1,5,GENERAL
3632,M,1,6,GENERAL
3633,F,11,3,GENERAL
3634,M,10,4,GENERAL
3635,F,6,4,GENERAL
3636,M,10,3,GENERAL
3637,M,1,5,CARDIOLOGY
3638,F,1,5,ORTHOPEDICS
3639,F,11,3,GENERAL
3640,F,11,3,SURGERY
3641,F,10,3,GENERAL
3642,M,13,2,SURGERY
3643,M,10,4,CARDIOLOGY
3644,F,13,3,ORTHOPEDICS
3645,F,6,4,GENERAL
3646,F,6,4,ORTHOPEDICS
3647,M,1,6,GENERAL
3648,F,13,2,GENERAL
3649,F,6,4,CARDIOLOGY
3650,F,1,6,GENERAL
3651,M,6,4,ORTHOPEDICS
3652,M,1,5,GENERAL
3653,F,1,5,ORTHOPEDICS
3654,M,1,5,CARDIOLOGY
3655,F,1,5,CARDIOLOGY
3656,F,13,2,SURGERY
3657,F,7,4,GENERAL
3658,M,6,4,GENERAL
3659,M,13,3,GENERAL
3660,F,10,4,GENERAL
3661,M,10,3,CARDIOLOGY
3662,M,6,4,GENERAL
3663,F,7,4,CARDIOLOGY
3664,M,1,5,GENERAL
3665,F,1,5,GENERAL
3666,M,10,4,GENERAL
3667,M,6,4,GENERAL
3668,M,1,5,GENERAL
3669,F,11,3,SURGERY
3670,M,1,5,GENERAL
3671,F,11,3,SURGERY
3672,F,13,1,CARDIOLOGY
3673,M,11,3,ORTHOPEDICS
3674,M,1,5,CARDIOLOGY
3675,F,1,5,ORTHOPEDICS
3676,F,6,4,GENERAL
3677,M,10,3,GENERAL
3678,M,11,3,ORTHOPEDICS
3679,F,1,5,ORTHOPEDICS
3680,M,1,5,ORTHOPEDICS
3681,M,6,4,GENERAL
3682,F,1,5,GENERAL
3683,F,10,4,SURGERY
3684,F,6,4,SURGERY
3685,M,10,3,GENERAL
3686,F,1,5,GENERAL
3687,M,11,3,ORTHOPEDICS
3688,M,11,3,CARDIOLOGY
3689,F,1,6,GENERAL
3690,M,6,4,CARDIOLOGY
3691,M,10,3,CARDIOLOGY
3692,F,6,4,CARDIOLOGY
3693,M,6,4,SURGERY
3694,M,10,4,CARDIOLOGY
3695,M,8,4,CARDIOLOGY
3696,M,11,3,CARDIOLOGY
3697,M,7,4,GENERAL
3698,F,1,5,SURGERY
3699,F,6,4,GENERAL
3700,M,1,5,CARDIOLOGY
3701,F,10,3,SURGERY
3702,F,10,4,SURGERY
3703,F,6,4,ORTHOPEDICS
3704,M,10,3,ORTHOPEDICS
3705,F,11,3,CARDIOLOGY
3706,F,1,5,GENERAL
3707,F,11,3,SURGERY
3708,F,11,3,ORTHOPEDICS
3709,F,10,4,CARDIOLOGY
3710,M,1,7,GENERAL
3711,M,1,5,GENERAL
3712,M,13,3,CARDIOLOGY
3713,F,1,5,SURGERY
3714,M,11,3,GENERAL
3715,M,1,6,GENERAL
3716,F,6,4,GENERAL
3717,F,1,6,CARDIOLOGY
3718,M,11,3,GENERAL
3719,M,1,5,SURGERY
3720,F,7,4,ORTHOPEDICS
3721,F,1,7,GENERAL
3722,F,10,4,CARDIOLOGY
3723,M,1,5,CARDIOLOGY
3724,M,10,3,GENERAL
3725,F,1,6,ORTHOPEDICS
3726,F,1,6,GENERAL
3727,F,6,4,CARDIOLOGY
3728,M,1,5,GENERAL
3729,M,6,4,GENERAL
3730,F,1,5,CARDIOLOGY
3731,M,13,2,GENERAL
3732,M,10,3,GENERAL
3733,F,1,5,CARDIOLOGY
3734,M,1,5,GENERAL
3735,M,1,5,GENERAL
3736,F,10,4,GENERAL
3737,M,6,4,GENERAL
3738,F,10,4,SURGERY
3739,M,1,6,ORTHOPEDICS
3740,M,6,4,SURGERY
3741,F,6,4,GENERAL
3742,M,7,4,GENERAL
3743,F,10,4,ORTHOPEDICS
3744,F,10,3,GENERAL
3745,M,10,3,CARDIOLOGY
3746,F,10,3,ORTHOPEDICS
3747,M,7,4,GENERAL
3748,F,1,6,ORTHOPEDICS
3749,M,13,2,ORTHOPEDICS
3750,F,10,3,GENERAL
3751,M,1,5,SURGERY
3752,F,1,7,CARDIOLOGY
3753,M,10,3,ORTHOPEDICS
3754,F,6,4,GENERAL
3755,F,6,4,SURGERY
3756,F,11,3,GENERAL
3757,M,10,4,GENERAL
3758,M,1,5,ORTHOPEDICS
3759,M,1,6,CARDIOLOGY
3760,F,6,5,GENERAL
3761,F,1,5,GENERAL
3762,M,6,4,ORTHOPEDICS
3763,M,10,4,GENERAL
3764,M,6,4,ORTHOPEDICS
3765,F,6,4,SURGERY
3766,F,11,3,GENERAL
3767,F,1,6,CARDIOLOGY
3768,F,6,4,ORTHOPEDICS
3769,F,10,3,GENERAL
3770,M,1,5,GENERAL
3771,F,6,4,ORTHOPEDICS
3772,M,6,4,ORTHOPEDICS
3773,M,11,3,ORTHOPEDICS
3774,M,6,4,GENERAL
3775,F,1,6,GENERAL
3776,F,11,3,SURGERY
3777,M,10,3,GENERAL
3778,M,10,4,ORTHOPEDICS
3779,M,13,2,GENERAL
3780,M,1,5,SURGERY
3781,F,10,4,SURGERY
3782,M,6,4,GENERAL
3783,M,1,8,SURGERY
3784,F,6,4,ORTHOPEDICS
3785,F,6,5,CARDIOLOGY
3786,F,11,3,GENERAL
3787,F,13,2,GENERAL
3788,F,1,5,GENERAL
3789,M,7,4,GENERAL
3790,M,1,6,ORTHOPEDICS
3791,F,7,4,GENERAL
3792,F,10,4,ORTHOPEDICS
3793,M,1,5,GENERAL
3794,F,10,4,GENERAL
3795,M,1,5,GENERAL
3796,F,1,5,SURGERY
3797,F,10,4,SURGERY
3798,F,13,2,GENERAL
3799,M,12,3,GENERAL
3800,F,10,3,GENERAL
3801,M,6,4,ORTHOPEDICS
3802,F,11,3,GENERAL
3803,M,10,3,CARDIOLOGY
3804,F,10,3,SURGERY
3805,F,1,5,SURGERY
3806,M,11,3,GENERAL
3807,M,6,4,CARDIOLOGY
3808,M,6,4,SURGERY
3809,M,10,3,GENERAL
3810,M,10,4,GENERAL
3811,M,1,5,SURGERY
3812,M,10,3,ORTHOPEDICS
3813,M,11,3,GENERAL
3814,F,1,7,ORTHOPEDICS
3815,F,13,2,GENERAL
3816,F,6,4,SURGERY
3817,F,6,4,SURGERY
3818,M,1,5,CARDIOLOGY
3819,F,6,4,GENERAL
3820,M,1,6,GENERAL
3821,M,6,4,ORTHOPEDICS
3822,M,6,4,ORTHOPEDICS
3823,F,11,3,ORTHOPEDICS
3824,F,6,4,SURGERY
3825,M,10,4,GENERAL
3826,F,13,2,GENERAL
3827,F,10,4,ORTHOPEDICS
3828,F,1,6,SURGERY
3829,F,13,2,SURGERY
3830,M,10,3,ORTHOPEDICS
3831,M,10,4,GENERAL
3832,M,1,5,GENERAL
3833,F,13,3,CARDIOLOGY
3834,M,13,3,ORTHOPEDICS
3835,M,10,4,GENERAL
3836,F,6,4,ORTHOPEDICS
3837,F,10,4,SURGERY
3838,F,6,5,GENERAL
3839,M,1,5,SURGERY
3840,F,6,4,ORTHOPEDICS
3841,M,13,2,SURGERY
3842,M,7,4,GENERAL
3843,M,11,3,GENERAL
3844,M,13,3,GENERAL
3845,F,11,3,ORTHOPEDICS
3846,F,13,2,GENERAL
3847,M,6,5,GENERAL
3848,F,1,5,ORTHOPEDICS
3849,F,1,6,CARDIOLOGY
3850,F,11,3,ORTHOPEDICS
3851,F,10,3,SURGERY
3852,M,7,4,SURGERY
3853,M,1,5,GENERAL
3854,F,1,5,GENERAL
3855,F,13,2,SURGERY
3856,M,1,5,ORTHOPEDICS
3857,F,1,6,SURGERY
3858,M,6,4,ORTHOPEDICS
3859,F,13,2,GENERAL
3860,M,10,4,SURGERY
3861,F,10,3,ORTHOPEDICS
3862,M,1,5,GENERAL
3863,M,1,5,CARDIOLOGY
3864,F,10,3,ORTHOPEDICS
3865,M,1,5,GENERAL
3866,F,1,6,ORTHOPEDICS
3867,M,10,4,GENERAL
3868,M,10,4,GENERAL
3869,F,6,4,SURGERY
3870,M,1,6,GENERAL
3871,F,13,2,ORTHOPEDICS
3872,M,7,4,ORTHOPEDICS
3873,M,11,3,CARDIOLOGY
3874,M,6,4,ORTHOPEDICS
3875,F,1,5,CARDIOLOGY
3876,F,6,4,SURGERY
3877,F,10,4,GENERAL
3878,F,10,3,ORTHOPEDICS
3879,M,1,6,GENERAL
3880,F,11,3,SURGERY
3881,M,6,4,SURGERY
3882,F,11,3,GENERAL
3883,M,1,5,ORTHOPEDICS
3884,F,13,2,ORTHOPEDICS
3885,M,7,4,ORTHOPEDICS
3886,F,1,6,GENERAL
3887,M,11,3,SURGERY
3888,M,10,3,GENERAL
3889,F,13,2,CARDIOLOGY
3890,M,1,5,SURGERY
3891,M,1,5,ORTHOPEDICS
3892,F,1,5,CARDIOLOGY
3893,F,10,4,ORTHOPEDICS
3894,M,6,4,CARDIOLOGY
3895,M,7,4,SURGERY
3896,M,1,5,SURGERY
3897,M,10,4,ORTHOPEDICS
3898,F,1,5,CARDIOLOGY
3899,M,13,3,SURGERY
3900,F,6,4,GENERAL
3901,M,10,3,ORTHOPEDICS
3902,F,11,3,CARDIOLOGY
3903,M,13,3,GENERAL
3904,F,7,4,GENERAL
3905,M,6,4,CARDIOLOGY
3906,F,10,3,SURGERY
3907,M,6,4,CARDIOLOGY
3908,F,6,4,CARDIOLOGY
3909,M,6,4,ORTHOPEDICS
3910,F,11,3,SURGERY
3911,M,6,4,GENERAL
3912,M,10,4,ORTHOPEDICS
3913,M,1,6,GENERAL
3914,M,10,4,SURGERY
3915,F,6,4,GENERAL
3916,M,7,4,ORTHOPEDICS
3917,M,6,4,GENERAL
3918,M,6,4,GENERAL
3919,M,1,5,GENERAL
3920,M,10,3,CARDIOLOGY
3921,F,7,4,CARDIOLOGY
3922,F,1,5,SURGERY
3923,M,13,1,GENERAL
3924,F,10,3,GENERAL
3925,F,13,2,GENERAL
3926,F,6,4,GENERAL
3927,M,1,5,SURGERY
3928,F,10,3,SURGERY
3929,M,6,4,SURGERY
3930,M,6,4,CARDIOLOGY
3931,M,7,4,GENERAL
3932,F,13,2,ORTHOPEDICS
3933,M,10,3,SURGERY
3934,F,10,3,SURGERY
3935,M,10,4,CARDIOLOGY
3936,F,10,4,GENERAL
3937,M,10,3,GENERAL
3938,M,6,4,SURGERY
3939,M,10,3,ORTHOPEDICS
3940,F,10,4,CARDIOLOGY
3941,M,10,4,ORTHOPEDICS
3942,F,1,5,GENERAL
3943,F,6,4,CARDIOLOGY
3944,M,13,2,GENERAL
3945,M,6,5,ORTHOPEDICS
3946,M,10,3,GENERAL
3947,M,1,5,CARDIOLOGY
3948,M,6,5,GENERAL
3949,M,13,2,GENERAL
3950,M,10,3,GENERAL
3951,F,6,4,CARDIOLOGY
3952,F,6,5,GENERAL
3953,M,6,4,ORTHOPEDICS
3954,F,1,5,GENERAL
3955,F,13,2,CARDIOLOGY
3956,M,10,3,GENERAL
3957,F,6,4,ORTHOPEDICS
3958,M,12,3,ORTHOPEDICS
3959,M,1,5,ORTHOPEDICS
3960,F,1,5,GENERAL
3961,F,10,4,GENERAL
3962,M,1,5,GENERAL
3963,M,9,4,ORTHOPEDICS
3964,M,1,5,GENERAL
3965,M,6,4,ORTHOPEDICS
3966,M,10,3,SURGERY
3967,M,1,5,SURGERY
3968,F,6,4,GENERAL
3969,F,1,5,SURGERY
3970,M,13,2,ORTHOPEDICS
3971,F,6,4,GENERAL
3972,F,10,3,GENERAL
3973,F,13,3,GENERAL
3974,M,1,5,GENERAL
3975,F,10,3,CARDIOLOGY
3976,F,10,3,SURGERY
3977,F,6,4,GENERAL
3978,F,6,4,GENERAL
3979,F,1,5,GENERAL
3980,M,1,5,GENERAL
3981,M,6,4,ORTHOPEDICS
3982,M,1,7,GENERAL
3983,M,10,3,GENERAL
3984,M,11,3,CARDIOLOGY
3985,F,1,5,SURGERY
3986,M,12,3,CARDIOLOGY
3987,M,7,4,GENERAL
3988,F,1,5,GENERAL
3989,M,6,4,ORTHOPEDICS
3990,M,7,4,GENERAL
3991,M,6,4,SURGERY
3992,F,10,3,CARDIOLOGY
3993,M,1,6,SURGERY
3994,M,1,5,SURGERY
3995,F,10,3,CARDIOLOGY
3996,F,8,4,GENERAL
3997,M,10,4,SURGERY
3998,M,6,4,CARDIOLOGY
3999,M,10,4,ORTHOPEDICS
4000,M,1,5,ORTHOPEDICS
4001,F,11,3,ORTHOPEDICS
4002,M,13,1,GENERAL
4003,M,6,4,CARDIOLOGY
4004,M,1,6,GENERAL
4005,F,13,3,GENERAL
4006,M,6,4,SURGERY
4007,M,10,4,ORTHOPEDICS
4008,M,1,5,GENERAL
4009,F,6,4,ORTHOPEDICS
4010,F,6,4,ORTHOPEDICS
4011,F,1,5,GENERAL
4012,M,1,5,GENERAL
4013,F,1,5,GENERAL
4014,F,7,4,CARDIOLOGY
4015,F,6,4,CARDIOLOGY
4016,F,10,3,GENERAL
4017,F,13,2,GENERAL
4018,M,13,3,ORTHOPEDICS
4019,M,1,5,GENERAL
4020,M,10,4,SURGERY
4021,F,1,5,SURGERY
4022,F,10,4,GENERAL
4023,M,6,4,SURGERY
4024,F,1,5,CARDIOLOGY
4025,F,10,4,CARDIOLOGY
4026,F,7,4,ORTHOPEDICS
4027,F,1,7,SURGERY
4028,M,13,3,ORTHOPEDICS
4029,M,1,5,GENERAL
4030,M,1,5,GENERAL
4031,M,13,2,CARDIOLOGY
4032,M,7,4,ORTHOPEDICS
4033,F,10,3,ORTHOPEDICS
4034,M,7,4,CARDIOLOGY
4035,M,6,4,GENERAL
4036,M,11,3,GENERAL
4037,F,7,4,GENERAL
4038,M,10,4,ORTHOPEDICS
4039,F,10,4,GENERAL
4040,F,6,4,ORTHOPEDICS
4041,F,6,4,GENERAL
4042,F,10,3,GENERAL
4043,F,13,3,CARDIOLOGY
4044,M,1,5,GENERAL
4045,M,10,3,SURGERY
4046,F,7,4,ORTHOPEDICS
4047,M,1,5,GENERAL
4048,M,6,4,SURGERY
4049,F,11,3,SURGERY
4050,M,7,4,SURGERY
4051,F,1,6,GENERAL
4052,M,1,5,ORTHOPEDICS
4053,M,10,4,GENERAL
4054,M,1,5,GENERAL
4055,F,6,4,CARDIOLOGY
4056,F,10,3,CARDIOLOGY
4057,M,6,5,ORTHOPEDICS
4058,F,6,4,SURGERY
4059,F,10,3,GENERAL
4060,F,1,5,SURGERY
4061,F,10,4,GENERAL
4062,M,11,3,GENERAL
4063,M,6,4,SURGERY
4064,F,7,4,GENERAL
4065,F,6,4,CARDIOLOGY
4066,F,10,4,GENERAL
4067,F,10,3,ORTHOPEDICS
4068,F,1,6,SURGERY
4069,M,13,2,CARDIOLOGY
4070,M,6,4,GENERAL
4071,M,7,4,SURGERY
4072,M,6,4,SURGERY
4073,F,1,5,ORTHOPEDICS
4074,M,1,5,ORTHOPEDICS
4075,F,1,6,GENERAL
4076,M,7,4,GENERAL
4077,F,10,4,GENERAL
4078,M,10,4,CARDIOLOGY
4079,F,10,4,CARDIOLOGY
4080,M,6,4,ORTHOPEDICS
4081,F,10,4,CARDIOLOGY
4082,M,1,5,CARDIOLOGY
4083,M,10,4,SURGERY
4084,F,7,4,GENERAL
4085,F,6,4,GENERAL
4086,F,1,5,GENERAL
4087,F,10,4,CARDIOLOGY
4088,M,11,3,ORTHOPEDICS
4089,F,7,4,GENERAL
4090,F,7,4,ORTHOPEDICS
4091,F,11,3,SURGERY
4092,F,10,4,GENERAL
4093,F,6,4,GENERAL
4094,M,13,3,CARDIOLOGY
4095,F,7,4,CARDIOLOGY
4096,M,10,3,GENERAL
4097,F,6,4,CARDIOLOGY
4098,M,11,3,CARDIOLOGY
4099,M,6,4,CARDIOLOGY
4100,M,13,3,SURGERY
4101,M,1,5,SURGERY
4102,F,12,3,GENERAL
4103,M,10,3,SURGERY
4104,F,10,3,GENERAL
4105,M,1,5,GENERAL
4106,F,10,4,CARDIOLOGY
4107,F,6,4,ORTHOPEDICS
4108,F,11,3,SURGERY
4109,M,1,5,SURGERY
4110,M,10,3,GENERAL
4111,M,6,4,CARDIOLOGY
4112,M,6,4,CARDIOLOGY
4113,M,11,3,GENERAL
4114,F,1,5,GENERAL
4115,M,6,4,GENERAL
4116,M,11,3,GENERAL
4117,F,10,3,CARDIOLOGY
4118,M,1,6,GENERAL
4119,F,13,2,GENERAL
4120,F,13,2,GENERAL
4121,M,1,5,GENERAL
4122,M,6,4,CARDIOLOGY
4123,M,1,5,GENERAL
4124,F,6,4,CARDIOLOGY
4125,F,6,4,GENERAL
4126,M,7,4,CARDIOLOGY
4127,F,7,4,GENERAL
4128,F,10,3,CARDIOLOGY
4129,F,7,4,ORTHOPEDICS
4130,M,7,4,ORTHOPEDICS
4131,M,6,4,GENERAL
4132,M,1,5,GENERAL
4133,M,10,4,SURGERY
4134,M,10,3,SURGERY
4135,F,10,3,GENERAL
4136,F,6,4,GENERAL
4137,F,10,4,GENERAL
4138,M,6,4,SURGERY
4139,M,10,3,GENERAL
4140,F,6,4,GENERAL
4141,F,10,4,SURGERY
4142,M,1,5,GENERAL
4143,F,6,4,SURGERY
4144,F,1,6,GENERAL
4145,F,10,4,GENERAL
4146,F,6,4,ORTHOPEDICS
4147,F,1,5,GENERAL
4148,F,6,4,GENERAL
4149,M,1,5,GENERAL
4150,M,1,6,GENERAL
4151,M,12,3,ORTHOPEDICS
4152,F,1,5,GENERAL
4153,F,1,6,GENERAL
4154,F,1,6,GENERAL
4155,F,7,4,GENERAL
4156,M,10,4,CARDIOLOGY
4157,F,6,4,GENERAL
4158,F,11,3,SURGERY
4159,F,7,4,CARDIOLOGY
4160,F,1,5,CARDIOLOGY
4161,M,6,4,GENERAL
4162,F,1,6,SURGERY
4163,M,1,5,GENERAL
4164,M,7,4,SURGERY
4165,F,8,4,SURGERY
4166,F,13,2,SURGERY
4167,F,6,4,GENERAL
4168,F,11,3,CARDIOLOGY
4169,F,6,4,SURGERY
4170,M,10,4,GENERAL
4171,M,7,4,SURGERY
4172,M,1,5,SURGERY
4173,M,10,3,GENERAL
4174,M,1,5,SURGERY
4175,F,10,3,SURGERY
4176,M,10,3,GENERAL
4177,F,13,3,GENERAL
4178,F,6,5,GENERAL
4179,F,10,3,SURGERY
4180,F,13,2,ORTHOPEDICS
4181,M,1,5,SURGERY
4182,F,1,6,SURGERY
4183,F,1,5,ORTHOPEDICS
4184,M,11,3,ORTHOPEDICS
4185,M,1,5,GENERAL
4186,M,10,4,ORTHOPEDICS
4187,F,6,4,GENERAL
4188,F,13,2,CARDIOLOGY
4189,M,10,4,SURGERY
4190,F,6,4,CARDIOLOGY
4191,M,1,5,GENERAL
4192,M,6,4,CARDIOLOGY
4193,M,6,4,GENERAL
4194,M,1,5,SURGERY
4195,F,6,4,ORTHOPEDICS
4196,F,1,5,SURGERY
4197,M,10,4,CARDIOLOGY
4198,F,12,3,GENERAL
4199,M,13,3,GENERAL
4200,F,1,6,GENERAL
4201,F,1,5,GENERAL
4202,M,11,3,GENERAL
4203,F,1,6,ORTHOPEDICS
4204,M,11,3,SURGERY
4205,F,10,3,CARDIOLOGY
4206,F,1,5,SURGERY
4207,F,10,4,GENERAL
4208,F,13,2,ORTHOPEDICS
4209,M,1,5,SURGERY
4210,F,13,2,GENERAL
4211,M,11,3,CARDIOLOGY
4212,M,6,4,ORTHOPEDICS
4213,M,1,5,GENERAL
4214,M,6,5,GENERAL
4215,M,1,5,GENERAL
4216,F,6,5,CARDIOLOGY
4217,F,13,2,SURGERY
4218,M,7,4,GENERAL
4219,M,1,5,GENERAL
4220,F,6,4,GENERAL
4221,F,6,4,ORTHOPEDICS
4222,F,1,5,CARDIOLOGY
4223,M,6,4,ORTHOPEDICS
4224,F,10,3,CARDIOLOGY
4225,M,10,4,CARDIOLOGY
4226,F,6,4,GENERAL
4227,M,6,4,CARDIOLOGY
4228,F,8,4,GENERAL
4229,F,1,5,CARDIOLOGY
4230,F,6,4,ORTHOPEDICS
4231,M,6,4,GENERAL
4232,M,6,4,CARDIOLOGY
4233,F,6,4,SURGERY
4234,F,11,3,SURGERY
4235,M,1,5,SURGERY
4236,M,6,4,CARDIOLOGY
4237,M,1,5,CARDIOLOGY
4238,F,7,4,SURGERY
4239,M,10,4,GENERAL
4240,M,6,4,CARDIOLOGY
4241,M,6,4,GENERAL
4242,F,6,4,GENERAL
4243,M,10,3,SURGERY
4244,F,1,5,GENERAL
4245,M,1,5,ORTHOPEDICS
4246,F,11,3,GENERAL
4247,F,13,2,CARDIOLOGY
4248,M,6,4,ORTHOPEDICS
4249,F,10,4,GENERAL
4250,M,10,3,ORTHOPEDICS
4251,M,1,6,CARDIOLOGY
4252,M,10,3,GENERAL
4253,F,13,2,ORTHOPEDICS
4254,M,10,4,SURGERY
4255,M,10,4,GENERAL
4256,M,10,3,CARDIOLOGY
4257,F,11,3,GENERAL
4258,M,13,2,GENERAL
4259,M,6,4,GENERAL
4260,F,13,3,ORTHOPEDICS
4261,M,1,5,SURGERY
4262,F,1,5,GENERAL
4263,M,10,3,GENERAL
4264,F,10,3,GENERAL
4265,M,11,3,GENERAL
4266,F,13,2,GENERAL
4267,F,13,2,GENERAL
4268,F,1,5,SURGERY
4269,F,1,5,GENERAL
4270,M,11,3,SURGERY
4271,M,10,3,GENERAL
4272,M,1,5,SURGERY
4273,F,6,4,CARDIOLOGY
4274,F,11,3,GENERAL
4275,F,8,4,CARDIOLOGY
4276,F,11,3,CARDIOLOGY
4277,M,6,4,ORTHOPEDICS
4278,F,11,3,CARDIOLOGY
4279,F,6,4,CARDIOLOGY
4280,F,1,5,GENERAL
4281,M,13,2,CARDIOLOGY
4282,F,7,4,GENERAL
4283,M,6,4,GENERAL
4284,F,1,5,SURGERY
4285,F,6,4,CARDIOLOGY
4286,M,10,4,SURGERY
4287,F,7,4,GENERAL
4288,F,10,4,GENERAL
4289,M,1,5,ORTHOPEDICS
4290,F,6,4,GENERAL
4291,F,6,5,GENERAL
4292,M,6,4,ORTHOPEDICS
4293,M,13,3,GENERAL
4294,F,6,4,GENERAL
4295,M,1,5,GENERAL
4296,M,10,4,ORTHOPEDICS
4297,M,1,5,GENERAL
4298,F,10,4,SURGERY
4299,F,1,5,CARDIOLOGY
4300,F,1,5,SURGERY
4301,F,1,7,GENERAL
4302,F,6,4,SURGERY
4303,M,10,3,GENERAL
4304,F,8,4,GENERAL
4305,F,6,4,SURGERY
4306,F,10,3,GENERAL
4307,M,6,4,SURGERY
4308,M,10,4,CARDIOLOGY
4309,F,1,5,GENERAL
4310,F,11,3,ORTHOPEDICS
4311,M,13,2,CARDIOLOGY
4312,M,1,5,ORTHOPEDICS
4313,M,10,3,GENERAL
4314,M,6,4,GENERAL
4315,F,6,4,GENERAL
4316,F,6,4,GENERAL
4317,F,13,2,GENERAL
4318,F,10,4,SURGERY
4319,F,13,2,ORTHOPEDICS
4320,F,1,5,CARDIOLOGY
4321,F,1,5,ORTHOPEDICS
4322,M,1,5,GENERAL
4323,F,1,5,SURGERY
4324,M,13,2,SURGERY
4325,F,1,5,SURGERY
4326,M,11,3,ORTHOPEDICS
4327,F,1,5,GENERAL
4328,M,1,5,CARDIOLOGY
4329,M,11,3,SURGERY
4330,M,10,3,ORTHOPEDICS
4331,M,6,5,GENERAL
4332,F,7,4,GENERAL
4333,F,10,4,GENERAL
4334,F,1,6,CARDIOLOGY
4335,M,6,4,CARDIOLOGY
4336,F,10,3,GENERAL
4337,M,11,3,CARDIOLOGY
4338,M,1,6,GENERAL
4339,M,10,3,SURGERY
4340,F,11,3,GENERAL
4341,F,13,3,SURGERY
4342,F,1,6,GENERAL
4343,M,6,4,CARDIOLOGY
4344,M,6,4,CARDIOLOGY
4345,M,7,4,GENERAL
4346,F,1,5,GENERAL
4347,M,7,4,GENERAL
4348,F,13,1,GENERAL
4349,M,1,5,SURGERY
4350,M,10,4,GENERAL
4351,M,1,7,ORTHOPEDICS
4352,F,7,4,GENERAL
4353,F,10,3,CARDIOLOGY
4354,M,11,3,CARDIOLOGY
4355,F,10,4,ORTHOPEDICS
4356,M,6,5,CARDIOLOGY
4357,M,11,3,GENERAL
4358,F,7,4,ORTHOPEDICS
4359,F,11,3,GENERAL
4360,M,10,4,CARDIOLOGY
4361,M,10,3,ORTHOPEDICS
4362,M,10,3,GENERAL
4363,M,6,4,SURGERY
4364,M,6,4,SURGERY
4365,F,6,4,SURGERY
4366,F,10,4,GENERAL
4367,M,13,2,CARDIOLOGY
4368,F,11,3,GENERAL
4369,M,7,4,CARDIOLOGY
4370,F,10,4,ORTHOPEDICS
4371,F,11,3,SURGERY
4372,F,1,5,GENERAL
4373,F,6,5,ORTHOPEDICS
4374,F,7,4,GENERAL
4375,F,10,3,SURGERY
4376,F,6,4,ORTHOPEDICS
4377,M,10,4,CARDIOLOGY
4378,F,10,3,GENERAL
4379,M,8,4,GENERAL
4380,M,10,4,GENERAL
4381,F,1,5,SURGERY
4382,F,1,6,GENERAL
4383,F,1,5,ORTHOPEDICS
4384,M,10,4,SURGERY
4385,M,10,4,GENERAL
4386,F,10,4,GENERAL
4387,F,6,4,SURGERY
4388,M,1,5,SURGERY
4389,F,6,4,GENERAL
4390,F,6,4,SURGERY
4391,M,1,6,GENERAL
4392,M,1,5,ORTHOPEDICS
4393,M,10,3,GENERAL
4394,F,13,2,GENERAL
4395,F,1,5,GENERAL
4396,F,11,3,SURGERY
4397,M,11,3,SURGERY
4398,M,10,3,CARDIOLOGY
4399,F,1,5,GENERAL
4400,F,10,3,GENERAL
4401,F,1,5,ORTHOPEDICS
4402,F,11,3,ORTHOPEDICS
4403,M,1,5,GENERAL
4404,F,1,5,SURGERY
4405,M,7,4,ORTHOPEDICS
4406,M,1,5,GENERAL
4407,F,10,3,CARDIOLOGY
4408,F,1,5,CARDIOLOGY
4409,M,7,4,CARDIOLOGY
4410,M,10,3,GENERAL
4411,F,6,4,ORTHOPEDICS
4412,F,1,5,GENERAL
4413,F,1,5,SURGERY
4414,F,6,4,SURGERY
4415,M,1,6,CARDIOLOGY
4416,M,1,5,CARDIOLOGY
4417,M,10,3,GENERAL
4418,M,10,3,GENERAL
4419,M,1,6,CARDIOLOGY
4420,M,6,4,CARDIOLOGY
4421,F,10,3,CARDIOLOGY
4422,F,10,3,GENERAL
4423,M,6,4,ORTHOPEDICS
4424,M,6,4,SURGERY
4425,F,7,4,GENERAL
4426,F,13,2,GENERAL
4427,M,13,2,CARDIOLOGY
4428,F,1,5,SURGERY
4429,F,7,4,GENERAL
4430,F,13,3,SURGERY
4431,F,1,5,ORTHOPEDICS
4432,F,11,3,CARDIOLOGY
4433,F,1,5,SURGERY
4434,F,1,5,CARDIOLOGY
4435,F,11,3,GENERAL
4436,M,1,7,SURGERY
4437,M,6,4,GENERAL
4438,M,10,3,CARDIOLOGY
4439,M,10,3,GENERAL
4440,F,10,3,GENERAL
4441,M,13,2,SURGERY
4442,F,6,4,SURGERY
4443,F,6,4,GENERAL
4444,F,1,5,GENERAL
4445,M,1,5,CARDIOLOGY
4446,M,1,5,GENERAL
4447,M,6,4,ORTHOPEDICS
4448,F,13,2,SURGERY
4449,M,10,3,GENERAL
4450,F,1,5,CARDIOLOGY
4451,F,10,4,GENERAL
4452,M,1,5,GENERAL
4453,F,11,3,SURGERY
4454,F,1,5,CARDIOLOGY
4455,M,6,4,ORTHOPEDICS
4456,M,1,5,ORTHOPEDICS
4457,F,1,5,CARDIOLOGY
4458,M,1,5,ORTHOPEDICS
4459,M,1,5,CARDIOLOGY
4460,F,13,2,SURGERY
4461,F,6,4,GENERAL
4462,M,1,6,CARDIOLOGY
4463,F,10,3,GENERAL
4464,F,1,5,SURGERY
4465,F,6,4,GENERAL
4466,F,10,3,GENERAL
4467,F,6,5,CARDIOLOGY
4468,M,13,2,ORTHOPEDICS
4469,M,1,5,SURGERY
4470,F,6,4,CARDIOLOGY
4471,F,6,4,SURGERY
4472,F,6,4,GENERAL
4473,F,11,3,SURGERY
4474,M,10,4,GENERAL
4475,M,10,4,SURGERY
4476,F,1,6,GENERAL
4477,M,10,4,ORTHOPEDICS
4478,M,11,3,CARDIOLOGY
4479,M,1,5,GENERAL
4480,F,1,6,GENERAL
4481,M,1,5,ORTHOPEDICS
4482,F,10,3,GENERAL
4483,F,1,5,GENERAL
4484,F,11,3,GENERAL
4485,F,10,3,SURGERY
4486,M,6,4,SURGERY
4487,F,1,5,GENERAL
4488,F,6,4,SURGERY
4489,M,10,3,GENERAL
4490,F,10,4,ORTHOPEDICS
4491,F,1,5,CARDIOLOGY
4492,F,11,3,GENERAL
4493,F,13,2,CARDIOLOGY
4494,M,11,3,ORTHOPEDICS
4495,M,6,4,ORTHOPEDICS
4496,M,1,5,ORTHOPEDICS
4497,M,10,4,SURGERY
4498,M,1,5,CARDIOLOGY
4499,F,10,4,SURGERY
4500,F,13,2,SURGERY
4501,F,10,3,GENERAL
4502,M,13,2,ORTHOPEDICS
4503,F,10,4,GENERAL
4504,M,11,3,SURGERY
4505,M,1,5,CARDIOLOGY
4506,F,6,4,SURGERY
4507,M,11,3,GENERAL
4508,M,7,4,SURGERY
4509,F,11,3,CARDIOLOGY
4510,F,6,4,GENERAL
4511,F,6,4,GENERAL
4512,F,6,4,CARDIOLOGY
4513,M,10,4,GENERAL
4514,M,1,5,SURGERY
4515,F,6,4,GENERAL
4516,F,10,3,CARDIOLOGY
4517,M,10,3,SURGERY
4518,F,6,4,GENERAL
4519,M,1,5,GENERAL
4520,M,1,5,GENERAL
4521,M,6,4,GENERAL
4522,M,1,5,CARDIOLOGY
4523,M,1,5,GENERAL
4524,F,1,5,GENERAL
4525,M,6,4,CARDIOLOGY
4526,F,6,4,GENERAL
4527,M,1,6,SURGERY
4528,M,1,5,GENERAL
4529,M,11,3,GENERAL
4530,M,13,2,ORTHOPEDICS
4531,F,7,4,GENERAL
4532,F,6,4,GENERAL
4533,F,13,2,ORTHOPEDICS
4534,F,6,4,ORTHOPEDICS
4535,M,11,3,SURGERY
4536,M,6,4,SURGERY
4537,F,10,4,ORTHOPEDICS
4538,F,11,3,ORTHOPEDICS
4539,F,6,4,CARDIOLOGY
4540,F,6,4,SURGERY
4541,F,1,6,ORTHOPEDICS
4542,F,10,3,GENERAL
4543,M,6,4,CARDIOLOGY
4544,M,1,6,GENERAL
4545,M,13,3,GENERAL
4546,M,12,3,GENERAL
4547,F,1,5,GENERAL
4548,F,10,3,GENERAL
4549,M,1,6,SURGERY
4550,M,6,4,CARDIOLOGY
4551,M,11,3,CARDIOLOGY
4552,F,10,3,SURGERY
4553,F,1,5,CARDIOLOGY
4554,M,1,5,SURGERY
4555,F,10,4,GENERAL
4556,F,12,3,ORTHOPEDICS
4557,F,6,4,GENERAL
4558,M,6,4,GENERAL
4559,F,1,5,GENERAL
4560,F,1,5,ORTHOPEDICS
4561,F,6,4,SURGERY
4562,F,1,5,SURGERY
4563,M,1,6,GENERAL
4564,M,10,3,GENERAL
4565,F,6,4,CARDIOLOGY
4566,M,1,5,ORTHOPEDICS
4567,M,10,4,CARDIOLOGY
4568,M,7,4,GENERAL
4569,F,1,5,SURGERY
4570,M,7,4,GENERAL
4571,F,1,5,GENERAL
4572,F,1,5,ORTHOPEDICS
4573,M,10,3,SURGERY
4574,F,1,5,ORTHOPEDICS
4575,F,13,2,CARDIOLOGY
4576,M,7,4,GENERAL
4577,M,13,3,GENERAL
4578,M,7,4,CARDIOLOGY
4579,M,1,5,ORTHOPEDICS
4580,F,13,2,GENERAL
4581,M,1,5,ORTHOPEDICS
4582,M,13,3,ORTHOPEDICS
4583,M,10,3,SURGERY
4584,M,1,6,CARDIOLOGY
4585,F,6,4,ORTHOPEDICS
4586,F,10,3,CARDIOLOGY
4587,F,10,3,GENERAL
4588,F,11,3,ORTHOPEDICS
4589,M,6,4,CARDIOLOGY
4590,F,6,4,ORTHOPEDICS
4591,M,1,5,ORTHOPEDICS
4592,M,1,5,SURGERY
4593,M,7,4,GENERAL
4594,M,1,5,GENERAL
4595,F,13,2,ORTHOPEDICS
4596,F,1,5,CARDIOLOGY
4597,M,6,4,GENERAL
4598,M,11,3,CARDIOLOGY
4599,M,10,3,GENERAL
4600,M,10,4,CARDIOLOGY
4601,M,1,5,SURGERY
4602,F,11,3,GENERAL
4603,F,1,5,ORTHOPEDICS
4604,F,10,4,SURGERY
4605,M,10,3,CARDIOLOGY
4606,M,1,5,CARDIOLOGY
4607,M,6,4,GENERAL
4608,M,1,5,CARDIOLOGY
4609,F,13,3,CARDIOLOGY
4610,M,11,3,GENERAL
4611,M,12,3,CARDIOLOGY
4612,F,10,4,SURGERY
4613,M,10,3,GENERAL
4614,M,1,5,SURGERY
4615,M,7,4,ORTHOPEDICS
4616,M,10,3,ORTHOPEDICS
4617,F,1,5,GENERAL
4618,F,1,6,CARDIOLOGY
4619,M,10,4,SURGERY
4620,M,1,5,CARDIOLOGY
4621,F,6,4,ORTHOPEDICS
4622,M,1,5,GENERAL
4623,M,10,3,GENERAL
4624,F,1,5,ORTHOPEDICS
4625,F,10,3,SURGERY
4626,M,1,5,GENERAL
4627,M,11,3,GENERAL
4628,F,10,4,ORTHOPEDICS
4629,F,10,3,CARDIOLOGY
4630,F,1,5,GENERAL
4631,F,7,4,CARDIOLOGY
4632,F,6,4,CARDIOLOGY
4633,M,13,3,ORTHOPEDICS
4634,F,1,5,GENERAL
4635,F,6,4,ORTHOPEDICS
4636,M,1,5,ORTHOPEDICS
4637,F,1,5,ORTHOPEDICS
4638,M,6,5,CARDIOLOGY
4639,M,7,4,GENERAL
4640,F,6,4,GENERAL
4641,M,6,4,GENERAL
4642,F,1,6,ORTHOPEDICS
4643,F,1,5,GENERAL
4644,M,1,5,CARDIOLOGY
4645,F,11,3,GENERAL
4646,M,1,6,ORTHOPEDICS
4647,F,6,4,SURGERY
4648,F,8,4,ORTHOPEDICS
4649,F,13,2,SURGERY
4650,M,13,3,ORTHOPEDICS
4651,M,10,4,ORTHOPEDICS
4652,F,6,4,ORTHOPEDICS
4653,M,1,5,GENERAL
4654,M,11,3,ORTHOPEDICS
4655,M,1,5,SURGERY
4656,F,10,4,SURGERY
4657,M,13,3,SURGERY
4658,F,6,4,SURGERY
4659,M,1,5,CARDIOLOGY
4660,F,1,5,ORTHOPEDICS
4661,M,6,4,GENERAL
4662,F,13,2,GENERAL
4663,M,6,4,ORTHOPEDICS
4664,M,13,2,GENERAL
4665,F,7,4,GENERAL
4666,F,10,3,ORTHOPEDICS
4667,F,6,4,ORTHOPEDICS
4668,F,10,4,GENERAL
4669,M,1,5,GENERAL
4670,M,6,4,CARDIOLOGY
4671,M,6,4,CARDIOLOGY
4672,F,6,4,ORTHOPEDICS
4673,F,1,5,GENERAL
4674,F,6,4,GENERAL
4675,F,7,4,GENERAL
4676,F,10,4,GENERAL
4677,M,10,3,ORTHOPEDICS
4678,M,6,4,GENERAL
4679,F,1,5,GENERAL
4680,M,10,4,ORTHOPEDICS
4681,M,10,3,ORTHOPEDICS
4682,F,6,4,ORTHOPEDICS
4683,M,7,4,SURGERY
4684,M,1,5,CARDIOLOGY
4685,F,1,5,GENERAL
4686,M,1,5,CARDIOLOGY
4687,M,10,3,GENERAL
4688,M,6,4,ORTHOPEDICS
4689,M,6,4,GENERAL
4690,F,7,4,SURGERY
4691,F,1,5,GENERAL
4692,M,11,3,SURGERY
4693,M,1,5,CARDIOLOGY
4694,M,13,3,ORTHOPEDICS
4695,F,6,4,SURGERY
4696,F,11,3,GENERAL
4697,F,6,4,GENERAL
4698,F,6,4,CARDIOLOGY
4699,M,13,3,ORTHOPEDICS
4700,M,6,4,CARDIOLOGY
4701,M,6,4,CARDIOLOGY
4702,M,6,4,SURGERY
4703,M,1,5,CARDIOLOGY
4704,M,1,6,ORTHOPEDICS
4705,M,1,5,GENERAL
4706,F,1,6,CARDIOLOGY
4707,M,6,5,CARDIOLOGY
4708,M,6,4,GENERAL
4709,F,7,4,GENERAL
4710,F,13,2,CARDIOLOGY
4711,F,1,5,ORTHOPEDICS
4712,M,10,3,CARDIOLOGY
4713,F,1,5,GENERAL
4714,M,6,4,GENERAL
4715,M,1,5,SURGERY
4716,M,13,2,ORTHOPEDICS
4717,M,1,5,CARDIOLOGY
4718,F,7,4,GENERAL
4719,F,10,4,GENERAL
4720,M,6,4,SURGERY
4721,F,6,4,SURGERY
4722,M,1,5,GENERAL
4723,F,6,4,ORTHOPEDICS
4724,F,11,3,ORTHOPEDICS
4725,F,6,4,GENERAL
4726,M,6,4,GENERAL
4727,F,13,3,SURGERY
4728,F,6,4,GENERAL
4729,M,1,6,GENERAL
4730,F,1,5,ORTHOPEDICS
4731,F,11,3,CARDIOLOGY
4732,F,6,4,GENERAL
4733,F,11,3,ORTHOPEDICS
4734,F,10,4,ORTHOPEDICS
4735,F,11,3,ORTHOPEDICS
4736,M,1,5,GENERAL
4737,M,10,3,GENERAL
4738,F,6,4,GENERAL
4739,M,1,6,GENERAL
4740,F,6,4,SURGERY
4741,M,1,5,CARDIOLOGY
4742,M,6,4,CARDIOLOGY
4743,M,11,3,SURGERY
4744,M,6,4,ORTHOPEDICS
4745,M,10,4,SURGERY
4746,F,7,4,ORTHOPEDICS
4747,M,10,4,CARDIOLOGY
4748,F,1,6,SURGERY
4749,F,11,3,ORTHOPEDICS
4750,M,1,5,GENERAL
4751,M,1,5,SURGERY
4752,F,10,3,GENERAL
4753,M,1,5,GENERAL
4754,F,11,3,CARDIOLOGY
4755,M,6,4,ORTHOPEDICS
4756,M,10,3,GENERAL
4757,F,6,4,SURGERY
4758,F,10,3,GENERAL
4759,M,1,5,GENERAL
4760,F,1,5,CARDIOLOGY
4761,M,1,5,GENERAL
4762,F,13,1,SURGERY
4763,F,6,4,ORTHOPEDICS
4764,F,7,4,CARDIOLOGY
4765,M,1,5,CARDIOLOGY
4766,M,6,4,GENERAL
4767,M,1,5,SURGERY
4768,M,1,5,ORTHOPEDICS
4769,F,13,3,GENERAL
4770,F,6,5,GENERAL
4771,M,6,4,ORTHOPEDICS
4772,F,7,4,SURGERY
4773,M,10,4,GENERAL
4774,M,10,4,SURGERY
4775,M,6,4,GENERAL
4776,M,10,4,CARDIOLOGY
4777,M,13,2,CARDIOLOGY
4778,M,11,3,SURGERY
4779,F,6,4,CARDIOLOGY
4780,F,6,4,CARDIOLOGY
4781,M,1,5,GENERAL
4782,F,6,4,ORTHOPEDICS
4783,M,6,5,GENERAL
4784,M,13,3,CARDIOLOGY
4785,F,13,2,SURGERY
4786,F,1,7,ORTHOPEDICS
4787,F,10,3,GENERAL
4788,F,7,4,GENERAL
4789,F,10,4,CARDIOLOGY
4790,M,1,5,GENERAL
4791,M,13,2,GENERAL
4792,F,1,5,CARDIOLOGY
4793,M,6,4,SURGERY
4794,M,10,4,CARDIOLOGY
4795,M,10,3,CARDIOLOGY
4796,F,6,4,GENERAL
4797,M,10,3,GENERAL
4798,F,1,5,GENERAL
4799,M,6,4,GENERAL
4800,M,1,5,GENERAL
4801,M,1,5,GENERAL
4802,M,13,2,ORTHOPEDICS
4803,F,10,3,GENERAL
4804,M,6,4,CARDIOLOGY
4805,F,10,3,ORTHOPEDICS
4806,M,1,5,SURGERY
4807,M,11,3,SURGERY
4808,F,1,5,GENERAL
4809,M,1,5,SURGERY
4810,M,1,5,ORTHOPEDICS
4811,M,1,5,GENERAL
4812,F,11,3,SURGERY
4813,F,7,4,GENERAL
4814,F,1,5,ORTHOPEDICS
4815,F,10,3,CARDIOLOGY
4816,M,10,3,ORTHOPEDICS
4817,M,13,3,CARDIOLOGY
4818,F,13,2,GENERAL
4819,F,1,5,CARDIOLOGY
4820,M,13,2,CARDIOLOGY
4821,F,7,4,GENERAL
4822,M,1,5,CARDIOLOGY
4823,M,7,4,ORTHOPEDICS
4824,M,1,6,SURGERY
4825,F,6,4,ORTHOPEDICS
4826,M,1,6,SURGERY
4827,M,1,7,ORTHOPEDICS
4828,F,1,5,CARDIOLOGY
4829,M,1,6,SURGERY
4830,F,10,4,ORTHOPEDICS
4831,M,1,6,GENERAL
4832,M,11,3,CARDIOLOGY
4833,M,1,5,CARDIOLOGY
4834,F,6,4,CARDIOLOGY
4835,F,8,4,CARDIOLOGY
4836,M,10,4,SURGERY
4837,M,1,6,GENERAL
4838,M,1,5,CARDIOLOGY
4839,M,6,4,SURGERY
4840,M,11,3,ORTHOPEDICS
4841,M,13,2,CARDIOLOGY
4842,F,10,3,GENERAL
4843,F,11,3,GENERAL
4844,F,13,3,GENERAL
4845,M,6,4,GENERAL
4846,M,1,5,GENERAL
4847,F,13,2,CARDIOLOGY
4848,F,1,5,ORTHOPEDICS
4849,F,10,3,GENERAL
4850,F,10,4,ORTHOPEDICS
4851,F,12,3,CARDIOLOGY
4852,M,1,6,CARDIOLOGY
4853,M,6,4,ORTHOPEDICS
4854,F,11,3,GENERAL
4855,M,7,4,SURGERY
4856,F,1,5,GENERAL
4857,F,6,4,CARDIOLOGY
4858,M,10,3,ORTHOPEDICS
4859,F,6,4,SURGERY
4860,F,11,3,GENERAL
4861,F,1,6,ORTHOPEDICS
4862,M,7,4,ORTHOPEDICS
4863,F,6,4,CARDIOLOGY
4864,F,10,4,GENERAL
4865,F,6,4,SURGERY
4866,M,1,5,GENERAL
4867,F,10,3,SURGERY
4868,F,11,3,CARDIOLOGY
4869,F,6,4,ORTHOPEDICS
4870,M,7,4,SURGERY
4871,F,1,6,ORTHOPEDICS
4872,F,10,3,GENERAL
4873,M,1,5,GENERAL
4874,F,6,4,SURGERY
4875,M,1,6,SURGERY
4876,M,1,5,CARDIOLOGY
4877,F,10,3,SURGERY
4878,M,13,3,GENERAL
4879,M,6,4,ORTHOPEDICS
4880,M,6,4,SURGERY
4881,F,10,4,GENERAL
4882,M,1,5,GENERAL
4883,M,13,2,SURGERY
4884,F,10,3,GENERAL
4885,M,6,4,SURGERY
4886,M,10,4,GENERAL
4887,F,13,2,GENERAL
4888,F,10,4,GENERAL
4889,M,10,3,SURGERY
4890,F,11,3,GENERAL
4891,M,6,4,ORTHOPEDICS
4892,M,13,2,GENERAL
4893,F,6,4,GENERAL
4894,M,6,4,GENERAL
4895,M,10,4,GENERAL
4896,M,1,5,SURGERY
4897,M,1,5,ORTHOPEDICS
4898,F,1,5,GENERAL
4899,M,6,4,GENERAL
4900,F,1,5,SURGERY
4901,F,6,4,GENERAL
4902,F,11,3,GENERAL
4903,F,1,5,GENERAL
4904,F,13,3,CARDIOLOGY
4905,F,1,5,CARDIOLOGY
4906,F,10,4,GENERAL
4907,M,6,5,GENERAL
4908,M,11,3,SURGERY
4909,F,13,3,ORTHOPEDICS
4910,M,11,3,GENERAL
4911,M,10,3,GENERAL
4912,M,13,2,CARDIOLOGY
4913,F,10,3,GENERAL
4914,M,1,6,ORTHOPEDICS
4915,F,7,4,GENERAL
4916,M,11,3,GENERAL
4917,M,6,4,CARDIOLOGY
4918,M,1,5,ORTHOPEDICS
4919,M,7,4,ORTHOPEDICS
4920,F,10,3,CARDIOLOGY
4921,F,6,4,ORTHOPEDICS
4922,M,10,3,GENERAL
4923,F,13,1,GENERAL
4924,M,10,4,GENERAL
4925,M,6,4,CARDIOLOGY
4926,M,10,3,CARDIOLOGY
4927,F,7,4,SURGERY
4928,F,10,3,GENERAL
4929,F,1,5,ORTHOPEDICS
4930,F,1,6,CARDIOLOGY
4931,M,1,5,GENERAL
4932,F,6,4,GENERAL
4933,F,6,4,GENERAL
4934,F,6,4,GENERAL
4935,M,1,5,ORTHOPEDICS
4936,M,1,5,CARDIOLOGY
4937,F,7,4,CARDIOLOGY
4938,M,6,4,GENERAL
4939,M,10,4,GENERAL
4940,M,13,2,GENERAL
4941,M,1,5,CARDIOLOGY
4942,F,10,3,GENERAL
4943,F,6,4,CARDIOLOGY
4944,F,6,4,CARDIOLOGY
4945,F,7,4,ORTHOPEDICS
4946,F,6,4,ORTHOPEDICS
4947,F,10,3,GENERAL
4948,M,10,3,GENERAL
4949,F,13,2,ORTHOPEDICS
4950,M,10,3,GENERAL
4951,M,10,3,SURGERY
4952,F,1,6,GENERAL
4953,F,11,3,ORTHOPEDICS
4954,F,1,5,SURGERY
4955,M,1,5,SURGERY
4956,M,13,2,GENERAL
4957,M,7,4,SURGERY
4958,M,1,5,SURGERY
4959,M,6,5,GENERAL
4960,F,11,3,GENERAL
4961,M,10,4,SURGERY
4962,M,6,4,GENERAL
4963,M,6,4,GENERAL
4964,F,6,4,ORTHOPEDICS
4965,M,1,5,ORTHOPEDICS
4966,F,1,5,GENERAL
4967,M,1,6,SURGERY
4968,M,6,4,CARDIOLOGY
4969,F,11,3,ORTHOPEDICS
4970,M,6,4,ORTHOPEDICS
4971,M,1,5,CARDIOLOGY
4972,F,10,4,GENERAL
4973,F,13,2,GENERAL
4974,M,10,3,CARDIOLOGY
4975,M,11,3,ORTHOPEDICS
4976,F,6,4,CARDIOLOGY
4977,M,6,4,GENERAL
4978,M,1,6,CARDIOLOGY
4979,F,10,4,GENERAL
4980,M,13,3,GENERAL
4981,M,1,5,GENERAL
4982,F,6,4,GENERAL
4983,M,6,4,ORTHOPEDICS
4984,F,11,3,ORTHOPEDICS
4985,F,11,3,CARDIOLOGY
4986,F,6,4,GENERAL
4987,M,13,2,ORTHOPEDICS
4988,F,6,5,GENERAL
4989,M,1,5,GENERAL
4990,F,13,2,GENERAL
4991,M,10,3,ORTHOPEDICS
4992,M,13,3,ORTHOPEDICS
4993,F,7,4,CARDIOLOGY
4994,F,6,4,CARDIOLOGY
4995,F,10,3,ORTHOPEDICS
4996,F,10,3,GENERAL
4997,M,1,5,SURGERY
4998,F,7,4,SURGERY
4999,F,6,4,ORTHOPEDICS
5000,M,7,4,ORTHOPEDICS
5001,M,1,6,GENERAL
5002,M,6,4,GENERAL
5003,M,7,4,GENERAL
5004,M,6,4,GENERAL
5005,F,7,4,ORTHOPEDICS
5006,M,13,2,GENERAL
5007,M,13,3,GENERAL
5008,M,7,4,ORTHOPEDICS
5009,M,10,4,CARDIOLOGY
5010,M,1,5,GENERAL
5011,F,10,3,GENERAL
5012,M,6,4,GENERAL
5013,M,7,4,GENERAL
5014,M,10,3,CARDIOLOGY
5015,F,1,5,GENERAL
5016,M,1,5,SURGERY
5017,M,6,4,SURGERY
5018,F,13,2,GENERAL
5019,M,1,5,ORTHOPEDICS
5020,F,7,4,GENERAL
5021,F,11,3,SURGERY
5022,F,1,5,GENERAL
5023,M,10,3,SURGERY
5024,M,13,3,SURGERY
5025,F,1,6,GENERAL
5026,M,10,3,SURGERY
5027,M,6,4,GENERAL
5028,M,10,4,GENERAL
5029,F,1,5,ORTHOPEDICS
5030,F,10,4,CARDIOLOGY
5031,M,10,3,GENERAL
5032,F,10,3,GENERAL
5033,F,1,5,GENERAL
5034,M,1,5,CARDIOLOGY
5035,M,1,6,CARDIOLOGY
5036,M,6,4,CARDIOLOGY
5037,F,10,4,GENERAL
5038,M,1,5,SURGERY
5039,F,7,4,GENERAL
5040,F,7,4,GENERAL
5041,M,1,5,ORTHOPEDICS
5042,M,6,5,ORTHOPEDICS
5043,F,10,3,GENERAL
5044,M,11,3,ORTHOPEDICS
5045,M,6,4,SURGERY
5046,F,1,5,CARDIOLOGY
5047,F,6,4,GENERAL
5048,M,1,5,ORTHOPEDICS
5049,F,1,6,GENERAL
5050,F,10,3,SURGERY
5051,M,13,2,GENERAL
5052,F,1,6,GENERAL
5053,F,6,4,GENERAL
5054,F,1,5,GENERAL
5055,M,1,5,GENERAL
5056,F,13,3,CARDIOLOGY
5057,M,1,6,CARDIOLOGY
5058,F,11,3,SURGERY
5059,F,1,6,GENERAL
5060,F,1,5,GENERAL
5061,F,1,5,SURGERY
5062,F,10,4,GENERAL
5063,F,7,4,SURGERY
5064,F,11,3,ORTHOPEDICS
5065,F,6,4,SURGERY
5066,F,11,3,GENERAL
5067,M,1,5,CARDIOLOGY
5068,F,1,5,SURGERY
5069,M,7,4,SURGERY
5070,F,1,5,SURGERY
5071,F,1,5,GENERAL
5072,F,1,5,GENERAL
5073,F,6,4,GENERAL
5074,M,13,2,CARDIOLOGY
5075,F,11,3,GENERAL
5076,F,1,5,CARDIOLOGY
5077,M,1,5,SURGERY
5078,M,13,3,GENERAL
5079,F,1,5,GENERAL
5080,M,1,5,GENERAL
5081,F,1,5,SURGERY
5082,F,6,4,GENERAL
5083,F,6,4,CARDIOLOGY
5084,F,13,2,ORTHOPEDICS
5085,F,11,3,GENERAL
5086,F,6,4,GENERAL
5087,M,10,3,GENERAL
5088,M,10,4,CARDIOLOGY
5089,F,11,3,GENERAL
5090,M,13,2,GENERAL
5091,F,6,4,GENERAL
5092,M,7,4,ORTHOPEDICS
5093,F,13,2,GENERAL
5094,M,10,4,CARDIOLOGY
5095,F,6,4,GENERAL
5096,M,1,5,SURGERY
5097,M,1,6,CARDIOLOGY
5098,F,11,3,GENERAL
5099,F,1,5,GENERAL
5100,M,10,4,ORTHOPEDICS
5101,F,10,4,CARDIOLOGY
5102,M,10,4,ORTHOPEDICS
5103,M,7,4,GENERAL
5104,M,10,3,SURGERY
5105,F,1,5,GENERAL
5106,M,13,3,GENERAL
5107,F,1,5,GENERAL
5108,F,1,5,ORTHOPEDICS
5109,M,6,4,SURGERY
5110,F,1,7,GENERAL
5111,F,6,5,GENERAL
5112,M,1,5,GENERAL
5113,M,6,4,SURGERY
5114,F,6,4,GENERAL
5115,F,10,4,GENERAL
5116,M,10,4,SURGERY
5117,M,1,6,SURGERY
5118,M,10,4,SURGERY
5119,F,10,3,GENERAL
5120,F,6,4,ORTHOPEDICS
5121,F,10,4,GENERAL
5122,F,1,5,SURGERY
5123,M,1,6,CARDIOLOGY
5124,M,1,6,GENERAL
5125,M,1,6,CARDIOLOGY
5126,F,1,5,CARDIOLOGY
5127,M,10,4,GENERAL
5128,M,6,4,SURGERY
5129,M,6,4,ORTHOPEDICS
5130,M,1,6,ORTHOPEDICS
5131,M,13,2,CARDIOLOGY
5132,F,1,5,ORTHOPEDICS
5133,M,6,4,SURGERY
5134,F,6,4,GENERAL
5135,M,1,5,GENERAL
5136,F,7,4,GENERAL
5137,M,10,3,GENERAL
5138,M,10,4,ORTHOPEDICS
5139,M,6,4,ORTHOPEDICS
5140,F,1,5,SURGERY
5141,F,7,4,GENERAL
5142,M,6,4,SURGERY
5143,F,13,3,CARDIOLOGY
5144,M,6,5,GENERAL
5145,F,10,3,GENERAL
5146,F,6,4,GENERAL
5147,F,1,6,GENERAL
5148,F,13,2,GENERAL
5149,M,1,5,ORTHOPEDICS
5150,F,1,5,CARDIOLOGY
5151,M,7,4,CARDIOLOGY
5152,F,13,3,SURGERY
5153,F,11,3,SURGERY
5154,F,1,5,GENERAL
5155,M,1,5,GENERAL
5156,M,7,4,CARDIOLOGY
5157,M,1,5,GENERAL
5158,F,1,5,GENERAL
5159,M,6,4,SURGERY
5160,F,13,3,GENERAL
5161,M,1,5,GENERAL
5162,M,6,4,CARDIOLOGY
5163,M,1,5,SURGERY
5164,M,1,5,GENERAL
5165,M,13,2,SURGERY
5166,F,1,5,CARDIOLOGY
5167,F,6,4,GENERAL
5168,F,6,4,CARDIOLOGY
5169,F,6,4,ORTHOPEDICS
5170,F,6,4,SURGERY
5171,F,10,4,ORTHOPEDICS
5172,M,6,4,GENERAL
5173,M,11,3,GENERAL
5174,F,6,4,GENERAL
5175,F,6,4,ORTHOPEDICS
5176,F,13,3,GENERAL
5177,F,6,4,CARDIOLOGY
5178,M,1,6,GENERAL
5179,M,6,4,CARDIOLOGY
5180,F,6,4,ORTHOPEDICS
5181,M,1,5,GENERAL
5182,M,1,5,CARDIOLOGY
5183,M,7,4,GENERAL
5184,M,1,6,GENERAL
5185,F,6,4,SURGERY
5186,M,1,5,SURGERY
5187,F,13,3,ORTHOPEDICS
5188,F,1,5,CARDIOLOGY
5189,M,1,6,CARDIOLOGY
5190,F,1,5,ORTHOPEDICS
5191,M,11,3,GENERAL
5192,F,13,2,ORTHOPEDICS
5193,M,10,3,SURGERY
5194,F,6,4,SURGERY
5195,M,1,6,SURGERY
5196,M,6,4,SURGERY
5197,M,6,4,CARDIOLOGY
5198,F,10,3,CARDIOLOGY
5199,F,13,2,GENERAL
5200,F,6,4,GENERAL
5201,F,10,3,SURGERY
5202,M,1,5,GENERAL
5203,F,11,3,CARDIOLOGY
5204,F,1,5,ORTHOPEDICS
5205,M,1,5,GENERAL
5206,F,6,4,GENERAL
5207,F,1,5,GENERAL
5208,F,10,3,GENERAL
5209,M,6,4,GENERAL
5210,F,1,6,GENERAL
5211,F,10,3,GENERAL
5212,F,10,3,CARDIOLOGY
5213,M,1,6,ORTHOPEDICS
5214,M,10,3,SURGERY
5215,F,10,3,SURGERY
5216,F,6,4,ORTHOPEDICS
5217,M,6,4,GENERAL
5218,M,7,4,GENERAL
5219,F,1,6,SURGERY
5220,M,10,4,CARDIOLOGY
5221,M,10,4,GENERAL
5222,M,10,3,GENERAL
5223,F,6,4,GENERAL
5224,M,1,5,CARDIOLOGY
5225,F,6,4,ORTHOPEDICS
5226,F,13,2,ORTHOPEDICS
5227,M,10,4,CARDIOLOGY
5228,M,11,3,CARDIOLOGY
5229,M,1,5,SURGERY
5230,M,6,4,CARDIOLOGY
5231,M,10,3,GENERAL
5232,F,7,4,CARDIOLOGY
5233,M,1,5,ORTHOPEDICS
5234,M,6,4,GENERAL
5235,F,13,3,GENERAL
5236,M,6,4,SURGERY
5237,M,1,6,GENERAL
5238,M,7,4,ORTHOPEDICS
5239,F,11,3,GENERAL
5240,M,6,4,ORTHOPEDICS
5241,M,10,3,ORTHOPEDICS
5242,F,13,2,GENERAL
5243,F,11,3,ORTHOPEDICS
5244,F,1,7,SURGERY
5245,F,1,6,GENERAL
5246,F,6,4,ORTHOPEDICS
5247,F,1,5,CARDIOLOGY
5248,F,13,2,GENERAL
5249,M,10,3,SURGERY
5250,M,1,5,GENERAL
5251,M,1,5,ORTHOPEDICS
5252,M,6,4,CARDIOLOGY
5253,F,6,4,GENERAL
5254,F,13,2,ORTHOPEDICS
5255,F,6,4,GENERAL
5256,M,11,3,GENERAL
5257,F,1,7,GENERAL
5258,M,10,4,GENERAL
5259,F,1,5,ORTHOPEDICS
5260,F,6,4,SURGERY
5261,F,6,4,ORTHOPEDICS
5262,F,6,4,SURGERY
5263,M,1,5,GENERAL
5264,F,1,5,SURGERY
5265,F,7,4,GENERAL
5266,M,7,4,SURGERY
5267,M,1,5,GENERAL
5268,F,11,3,SURGERY
5269,M,6,5,GENERAL
5270,M,7,4,SURGERY
5271,F,11,3,ORTHOPEDICS
5272,M,10,4,ORTHOPEDICS
5273,F,6,4,GENERAL
5274,M,10,4,CARDIOLOGY
5275,F,7,4,CARDIOLOGY
5276,F,8,4,CARDIOLOGY
5277,F,1,6,CARDIOLOGY
5278,M,1,6,GENERAL
5279,M,7,4,SURGERY
5280,M,7,4,SURGERY
5281,F,1,5,ORTHOPEDICS
5282,F,1,6,SURGERY
5283,M,7,4,ORTHOPEDICS
5284,F,1,5,CARDIOLOGY
5285,F,6,4,CARDIOLOGY
5286,F,1,5,ORTHOPEDICS
5287,F,1,6,GENERAL
5288,F,6,4,SURGERY
5289,F,10,4,SURGERY
5290,M,13,3,GENERAL
5291,F,1,5,CARDIOLOGY
5292,F,10,3,GENERAL
5293,F,10,3,SURGERY
5294,F,10,4,GENERAL
5295,F,1,5,CARDIOLOGY
5296,F,6,4,ORTHOPEDICS
5297,M,1,5,CARDIOLOGY
5298,F,10,3,ORTHOPEDICS
5299,M,1,5,CARDIOLOGY
5300,M,1,5,GENERAL
5301,F,10,3,SURGERY
5302,F,13,2,CARDIOLOGY
5303,M,6,4,GENERAL
5304,M,13,3,GENERAL
5305,F,1,5,CARDIOLOGY
5306,F,6,4,SURGERY
5307,M,11,3,ORTHOPEDICS
5308,F,7,4,GENERAL
5309,F,1,6,GENERAL
5310,M,1,6,GENERAL
5311,M,10,4,GENERAL
5312,M,1,5,GENERAL
5313,F,11,3,CARDIOLOGY
5314,M,10,3,GENERAL
5315,F,1,5,CARDIOLOGY
5316,M,1,5,GENERAL
5317,M,13,3,GENERAL
5318,F,10,4,ORTHOPEDICS
5319,F,11,3,GENERAL
5320,F,12,3,GENERAL
5321,F,1,5,SURGERY
5322,F,1,5,GENERAL
5323,F,11,3,ORTHOPEDICS
5324,M,1,5,GENERAL
5325,F,6,4,GENERAL
5326,F,6,4,CARDIOLOGY
5327,M,6,4,GENERAL
5328,F,1,6,GENERAL
5329,F,10,3,ORTHOPEDICS
5330,M,13,2,GENERAL
5331,M,1,5,GENERAL
5332,M,6,4,ORTHOPEDICS
5333,F,6,5,GENERAL
5334,M,6,4,GENERAL
5335,F,1,6,GENERAL
5336,F,10,3,SURGERY
5337,M,10,3,CARDIOLOGY
5338,F,7,4,ORTHOPEDICS
5339,F,13,2,GENERAL
5340,M,1,6,ORTHOPEDICS
5341,M,10,3,GENERAL
5342,F,13,2,CARDIOLOGY
5343,M,1,6,CARDIOLOGY
5344,F,7,4,SURGERY
5345,M,10,3,GENERAL
5346,F,1,5,CARDIOLOGY
5347,F,10,4,ORTHOPEDICS
5348,M,7,4,CARDIOLOGY
5349,F,10,4,GENERAL
5350,M,10,3,SURGERY
5351,M,13,2,GENERAL
5352,F,10,3,ORTHOPEDICS
5353,F,1,6,ORTHOPEDICS
5354,M,6,4,ORTHOPEDICS
5355,F,6,4,ORTHOPEDICS
5356,F,10,4,SURGERY
5357,M,10,4,ORTHOPEDICS
5358,F,13,1,CARDIOLOGY
5359,F,10,3,GENERAL
5360,M,6,4,CARDIOLOGY
5361,F,11,3,GENERAL
5362,F,6,4,ORTHOPEDICS
5363,F,10,4,GENERAL
5364,F,13,2,ORTHOPEDICS
5365,F,10,3,CARDIOLOGY
5366,M,6,5,GENERAL
5367,M,1,5,GENERAL
5368,M,10,3,ORTHOPEDICS
5369,F,1,5,SURGERY
5370,F,7,4,SURGERY
5371,M,13,2,CARDIOLOGY
5372,F,1,5,GENERAL
5373,F,1,5,ORTHOPEDICS
5374,F,6,4,GENERAL
5375,M,1,5,GENERAL
5376,M,1,7,GENERAL
5377,F,7,4,SURGERY
5378,F,10,4,GENERAL
5379,M,10,3,ORTHOPEDICS
5380,M,6,4,ORTHOPEDICS
5381,M,1,5,CARDIOLOGY
5382,F,1,6,CARDIOLOGY
5383,M,10,3,CARDIOLOGY
5384,M,1,5,CARDIOLOGY
5385,F,13,2,CARDIOLOGY
5386,F,10,3,ORTHOPEDICS
5387,M,1,5,GENERAL
5388,M,1,6,GENERAL
5389,M,10,3,SURGERY
5390,M,6,4,GENERAL
5391,F,10,4,CARDIOLOGY
5392,F,10,4,ORTHOPEDICS
5393,F,1,5,GENERAL
5394,F,1,5,CARDIOLOGY
5395,F,6,4,GENERAL
5396,M,6,4,GENERAL
5397,F,13,2,GENERAL
5398,M,10,4,SURGERY
5399,M,6,4,ORTHOPEDICS
5400,F,1,5,ORTHOPEDICS
5401,F,6,4,GENERAL
5402,F,13,3,ORTHOPEDICS
5403,M,11,3,ORTHOPEDICS
5404,F,1,5,CARDIOLOGY
5405,F,1,6,GENERAL
5406,F,1,5,ORTHOPEDICS
5407,M,1,6,SURGERY
5408,F,6,4,CARDIOLOGY
5409,F,1,6,CARDIOLOGY
5410,F,6,4,GENERAL
5411,F,1,5,ORTHOPEDICS
5412,F,1,6,ORTHOPEDICS
5413,M,6,4,ORTHOPEDICS
5414,F,6,4,CARDIOLOGY
5415,F,13,2,GENERAL
5416,M,13,3,GENERAL
5417,F,1,5,GENERAL
5418,F,1,6,GENERAL
5419,F,1,5,GENERAL
5420,F,11,3,CARDIOLOGY
5421,M,1,6,SURGERY
5422,M,11,3,CARDIOLOGY
5423,M,10,3,ORTHOPEDICS
5424,M,1,5,SURGERY
5425,M,7,4,ORTHOPEDICS
5426,M,13,2,GENERAL
5427,F,1,5,SURGERY
5428,M,13,3,ORTHOPEDICS
5429,F,13,2,SURGERY
5430,F,1,5,ORTHOPEDICS
5431,F,10,3,GENERAL
5432,F,6,4,ORTHOPEDICS
5433,F,1,6,CARDIOLOGY
5434,F,11,3,SURGERY
5435,F,1,6,SURGERY
5436,F,8,4,CARDIOLOGY
5437,M,7,4,CARDIOLOGY
5438,F,8,4,ORTHOPEDICS
5439,F,13,3,GENERAL
5440,F,1,5,SURGERY
5441,M,1,5,ORTHOPEDICS
5442,M,6,4,GENERAL
5443,M,11,3,GENERAL
5444,M,1,6,GENERAL
5445,F,13,2,CARDIOLOGY
5446,F,6,4,ORTHOPEDICS
5447,F,1,6,GENERAL
5448,M,10,3,SURGERY
5449,M,11,3,CARDIOLOGY
5450,M,10,3,CARDIOLOGY
5451,F,10,3,GENERAL
5452,M,1,5,CARDIOLOGY
5453,F,1,5,SURGERY
5454,F,6,4,CARDIOLOGY
5455,F,10,3,GENERAL
5456,F,6,4,GENERAL
5457,M,10,3,GENERAL
5458,M,7,4,ORTHOPEDICS
5459,F,1,5,SURGERY
5460,M,7,4,ORTHOPEDICS
5461,M,13,2,GENERAL
5462,M,11,3,GENERAL
5463,F,1,5,ORTHOPEDICS
5464,F,1,5,ORTHOPEDICS
5465,F,13,1,SURGERY
5466,F,6,4,GENERAL
5467,F,1,5,SURGERY
5468,F,10,4,GENERAL
5469,M,10,4,SURGERY
5470,M,1,6,ORTHOPEDICS
5471,M,1,5,GENERAL
5472,M,1,6,CARDIOLOGY
5473,F,11,3,ORTHOPEDICS
5474,M,6,4,CARDIOLOGY
5475,M,1,5,GENERAL
5476,F,12,3,CARDIOLOGY
5477,F,11,3,GENERAL
5478,M,1,5,ORTHOPEDICS
5479,M,1,5,GENERAL
5480,F,1,5,CARDIOLOGY
5481,F,1,5,SURGERY
5482,M,7,4,CARDIOLOGY
5483,F,1,5,SURGERY
5484,M,10,3,CARDIOLOGY
5485,F,10,4,SURGERY
5486,F,6,4,SURGERY
5487,F,13,3,ORTHOPEDICS
5488,M,10,4,GENERAL
5489,M,1,6,SURGERY
5490,M,6,4,ORTHOPEDICS
5491,F,6,4,ORTHOPEDICS
5492,M,6,4,GENERAL
5493,F,1,5,GENERAL
5494,M,1,6,ORTHOPEDICS
5495,F,1,5,GENERAL
5496,F,1,5,SURGERY
5497,M,1,7,GENERAL
5498,M,13,2,ORTHOPEDICS
5499,F,13,2,SURGERY
5500,M,1,7,SURGERY
5501,M,1,5,GENERAL
5502,F,6,4,GENERAL
5503,F,10,3,CARDIOLOGY
5504,F,6,4,ORTHOPEDICS
5505,F,6,4,GENERAL
5506,F,11,3,GENERAL
5507,M,6,4,GENERAL
5508,M,6,4,SURGERY
5509,F,10,4,GENERAL
5510,F,6,4,GENERAL
5511,F,6,4,GENERAL
5512,F,6,4,GENERAL
5513,F,10,4,CARDIOLOGY
5514,F,7,4,GENERAL
5515,F,10,4,GENERAL
5516,F,1,5,GENERAL
5517,M,13,3,CARDIOLOGY
5518,M,6,4,ORTHOPEDICS
5519,M,1,5,CARDIOLOGY
5520,M,10,3,GENERAL
5521,F,10,4,CARDIOLOGY
5522,M,6,4,ORTHOPEDICS
5523,M,1,5,GENERAL
5524,M,10,4,GENERAL
5525,F,11,3,GENERAL
5526,F,12,3,CARDIOLOGY
5527,F,1,5,CARDIOLOGY
5528,M,6,4,SURGERY
5529,F,1,5,GENERAL
5530,M,1,5,CARDIOLOGY
5531,F,6,4,GENERAL
5532,M,10,3,GENERAL
5533,F,7,4,ORTHOPEDICS
5534,F,10,4,GENERAL
5535,F,10,4,ORTHOPEDICS
5536,F,6,4,GENERAL
5537,F,1,6,ORTHOPEDICS
5538,M,10,4,GENERAL
5539,F,1,6,SURGERY
5540,M,10,4,GENERAL
5541,M,6,4,ORTHOPEDICS
5542,M,6,4,GENERAL
5543,M,7,4,GENERAL
5544,F,1,5,CARDIOLOGY
5545,F,11,3,CARDIOLOGY
5546,F,6,4,ORTHOPEDICS
5547,F,1,5,SURGERY
5548,F,10,3,GENERAL
5549,M,13,2,SURGERY
5550,M,6,4,GENERAL
5551,M,11,3,CARDIOLOGY
5552,F,13,2,ORTHOPEDICS
5553,F,6,4,CARDIOLOGY
5554,F,10,3,SURGERY
5555,M,6,4,CARDIOLOGY
5556,F,7,4,GENERAL
5557,F,7,4,GENERAL
5558,F,13,2,GENERAL
5559,M,1,5,GENERAL
5560,F,7,4,GENERAL
5561,M,8,4,SURGERY
5562,F,11,3,CARDIOLOGY
5563,M,10,4,GENERAL
5564,M,1,6,CARDIOLOGY
5565,F,1,5,GENERAL
5566,M,1,5,CARDIOLOGY
5567,M,1,5,CARDIOLOGY
5568,M,11,3,ORTHOPEDICS
5569,F,10,4,ORTHOPEDICS
5570,M,8,4,ORTHOPEDICS
5571,F,10,3,GENERAL
5572,F,8,4,GENERAL
5573,M,10,3,ORTHOPEDICS
5574,M,10,4,SURGERY
5575,M,6,4,CARDIOLOGY
5576,F,13,2,GENERAL
5577,F,10,3,SURGERY
5578,F,1,5,GENERAL
5579,F,6,4,GENERAL
5580,M,1,5,SURGERY
5581,M,10,3,ORTHOPEDICS
5582,F,11,3,GENERAL
5583,M,13,3,SURGERY
5584,M,1,6,CARDIOLOGY
5585,M,1,6,GENERAL
5586,F,10,3,CARDIOLOGY
5587,M,10,3,GENERAL
5588,F,11,3,GENERAL
5589,M,10,3,ORTHOPEDICS
5590,F,11,3,CARDIOLOGY
5591,M,7,4,ORTHOPEDICS
5592,M,10,3,SURGERY
5593,M,1,5,GENERAL
5594,F,1,5,CARDIOLOGY
5595,F,6,4,GENERAL
5596,F,10,3,CARDIOLOGY
5597,M,1,5,CARDIOLOGY
5598,F,11,3,GENERAL
5599,F,1,6,SURGERY
5600,F,1,5,ORTHOPEDICS
5601,M,10,4,GENERAL
5602,M,1,5,GENERAL
5603,M,1,5,ORTHOPEDICS
5604,M,1,5,GENERAL
5605,M,7,4,GENERAL
5606,F,10,3,ORTHOPEDICS
5607,M,6,4,SURGERY
5608,M,11,3,GENERAL
5609,F,11,3,SURGERY
5610,F,6,4,ORTHOPEDICS
5611,F,6,4,GENERAL
5612,F,10,3,CARDIOLOGY
5613,F,6,4,GENERAL
5614,M,6,4,GENERAL
5615,F,1,5,GENERAL
5616,F,6,5,GENERAL
5617,F,13,3,ORTHOPEDICS
5618,M,11,3,GENERAL
5619,M,1,6,GENERAL
5620,F,6,4,ORTHOPEDICS
5621,M,6,4,GENERAL
5622,M,1,5,ORTHOPEDICS
5623,M,1,5,GENERAL
5624,F,1,6,GENERAL
5625,M,10,3,GENERAL
5626,M,1,5,ORTHOPEDICS
5627,M,6,4,SURGERY
5628,M,10,4,GENERAL
5629,F,1,5,CARDIOLOGY
5630,M,10,3,SURGERY
5631,M,1,5,GENERAL
5632,M,13,2,SURGERY
5633,M,6,4,SURGERY
5634,F,1,5,ORTHOPEDICS
5635,F,1,6,SURGERY
5636,M,10,3,SURGERY
5637,M,11,3,CARDIOLOGY
5638,F,1,5,SURGERY
5639,F,6,4,CARDIOLOGY
5640,F,7,4,CARDIOLOGY
5641,M,1,5,GENERAL
5642,M,10,3,CARDIOLOGY
5643,M,6,4,GENERAL
5644,M,6,4,SURGERY
5645,M,6,4,SURGERY
5646,F,1,6,SURGERY
5647,F,6,4,ORTHOPEDICS
5648,F,1,5,GENERAL
5649,M,10,4,SURGERY
5650,F,10,3,GENERAL
5651,F,1,5,SURGERY
5652,F,1,5,ORTHOPEDICS
5653,M,13,2,GENERAL
5654,F,1,5,CARDIOLOGY
5655,F,6,4,CARDIOLOGY
5656,F,13,3,GENERAL
5657,M,6,4,GENERAL
5658,M,11,3,SURGERY
5659,F,6,4,CARDIOLOGY
5660,F,11,3,GENERAL
5661,M,1,5,ORTHOPEDICS
5662,F,1,5,SURGERY
5663,M,1,5,GENERAL
5664,M,1,5,CARDIOLOGY
5665,F,1,5,GENERAL
5666,F,10,4,SURGERY
5667,F,13,3,GENERAL
5668,F,13,2,ORTHOPEDICS
5669,F,6,4,CARDIOLOGY
5670,M,1,6,GENERAL
5671,F,7,4,GENERAL
5672,F,6,5,SURGERY
5673,F,10,3,GENERAL
5674,F,11,3,GENERAL
5675,F,6,4,ORTHOPEDICS
5676,F,6,4,CARDIOLOGY
5677,F,10,3,CARDIOLOGY
5678,M,1,5,GENERAL
5679,M,6,4,SURGERY
5680,M,6,5,SURGERY
5681,F,7,4,GENERAL
5682,F,6,4,GENERAL
5683,M,7,4,SURGERY
5684,F,6,4,ORTHOPEDICS
5685,F,13,2,CARDIOLOGY
5686,M,10,4,ORTHOPEDICS
5687,M,10,3,ORTHOPEDICS
5688,F,1,6,GENERAL
5689,F,10,3,ORTHOPEDICS
5690,F,10,4,SURGERY
5691,F,7,4,SURGERY
5692,M,6,4,CARDIOLOGY
5693,M,6,4,CARDIOLOGY
5694,F,6,4,CARDIOLOGY
5695,F,10,3,GENERAL
5696,F,13,3,ORTHOPEDICS
5697,F,6,4,ORTHOPEDICS
5698,M,6,4,CARDIOLOGY
5699,M,10,4,GENERAL
5700,F,10,4,GENERAL
5701,F,1,5,GENERAL
5702,F,12,3,GENERAL
5703,M,11,3,GENERAL
5704,F,1,5,ORTHOPEDICS
5705,F,10,3,ORTHOPEDICS
5706,F,6,4,GENERAL
5707,M,1,5,GENERAL
5708,M,1,5,GENERAL
5709,F,1,6,ORTHOPEDICS
5710,M,6,4,GENERAL
5711,M,13,2,CARDIOLOGY
5712,F,6,4,SURGERY
5713,F,1,5,CARDIOLOGY
5714,F,1,5,GENERAL
5715,M,6,4,GENERAL
5716,M,11,3,ORTHOPEDICS
5717,M,6,4,ORTHOPEDICS
5718,M,1,7,GENERAL
5719,M,1,5,CARDIOLOGY
5720,F,1,5,GENERAL
5721,M,1,5,CARDIOLOGY
5722,M,8,4,SURGERY
5723,F,11,3,SURGERY
5724,M,1,5,SURGERY
5725,M,10,4,ORTHOPEDICS
5726,M,10,4,ORTHOPEDICS
5727,F,6,4,SURGERY
5728,F,10,3,GENERAL
5729,M,11,3,GENERAL
5730,M,6,4,GENERAL
5731,M,10,4,GENERAL
5732,M,6,4,GENERAL
5733,M,1,6,GENERAL
5734,F,6,4,ORTHOPEDICS
5735,F,10,4,GENERAL
5736,F,1,6,SURGERY
5737,F,13,2,GENERAL
5738,F,10,4,SURGERY
5739,F,1,5,SURGERY
5740,F,10,3,ORTHOPEDICS
5741,F,10,4,ORTHOPEDICS
5742,M,6,4,ORTHOPEDICS
5743,M,1,6,GENERAL
5744,M,7,4,GENERAL
5745,F,8,4,CARDIOLOGY
5746,M,6,5,GENERAL
5747,F,1,5,CARDIOLOGY
5748,M,1,5,GENERAL
5749,M,10,4,GENERAL
5750,F,13,2,GENERAL
5751,F,6,4,GENERAL
5752,M,10,4,SURGERY
5753,M,6,4,GENERAL
5754,M,1,5,CARDIOLOGY
5755,M,6,4,GENERAL
5756,F,1,6,GENERAL
5757,M,10,4,ORTHOPEDICS
5758,M,6,4,CARDIOLOGY
5759,M,6,4,SURGERY
5760,M,10,3,GENERAL
5761,M,1,5,GENERAL
5762,F,10,4,GENERAL
5763,M,6,4,CARDIOLOGY
5764,F,1,5,GENERAL
5765,F,10,3,SURGERY
5766,M,1,5,GENERAL
5767,F,10,3,GENERAL
5768,F,8,4,GENERAL
5769,F,10,4,GENERAL
5770,F,1,5,GENERAL
5771,M,1,5,GENERAL
5772,M,10,3,ORTHOPEDICS
5773,M,1,5,CARDIOLOGY
5774,M,6,4,ORTHOPEDICS
5775,F,6,4,GENERAL
5776,M,1,5,SURGERY
5777,F,1,5,SURGERY
5778,M,1,5,GENERAL
5779,M,10,4,CARDIOLOGY
5780,M,6,4,SURGERY
5781,F,6,4,GENERAL
5782,F,10,4,GENERAL
5783,M,1,5,ORTHOPEDICS
5784,M,6,4,SURGERY
5785,F,13,2,ORTHOPEDICS
5786,M,11,3,GENERAL
5787,M,1,6,ORTHOPEDICS
5788,M,1,5,SURGERY
5789,F,1,6,GENERAL
5790,F,6,4,GENERAL
5791,F,10,3,GENERAL
5792,M,6,4,GENERAL
5793,M,11,3,ORTHOPEDICS
5794,M,10,4,CARDIOLOGY
5795,M,6,4,ORTHOPEDICS
5796,F,10,3,ORTHOPEDICS
5797,F,10,3,ORTHOPEDICS
5798,M,10,3,SURGERY
5799,F,10,4,GENERAL
5800,M,11,3,CARDIOLOGY
5801,F,1,5,GENERAL
5802,M,6,4,GENERAL
5803,M,13,2,GENERAL
5804,M,6,4,ORTHOPEDICS
5805,F,1,6,ORTHOPEDICS
5806,F,1,5,ORTHOPEDICS
5807,M,1,5,CARDIOLOGY
5808,M,10,3,GENERAL
5809,F,10,3,ORTHOPEDICS
5810,F,6,4,GENERAL
5811,M,7,4,ORTHOPEDICS
5812,M,11,3,SURGERY
5813,M,6,4,GENERAL
5814,F,13,3,ORTHOPEDICS
5815,M,1,5,GENERAL
5816,M,10,3,CARDIOLOGY
5817,M,13,3,SURGERY
5818,F,6,4,CARDIOLOGY
5819,M,1,5,GENERAL
5820,M,1,5,CARDIOLOGY
5821,F,1,5,CARDIOLOGY
5822,F,10,4,ORTHOPEDICS
5823,M,1,6,CARDIOLOGY
5824,F,10,3,ORTHOPEDICS
5825,M,6,5,ORTHOPEDICS
5826,F,1,5,GENERAL
5827,F,1,5,SURGERY
5828,M,1,5,GENERAL
5829,F,1,5,GENERAL
5830,M,1,5,ORTHOPEDICS
5831,F,13,3,ORTHOPEDICS
5832,F,1,5,GENERAL
5833,F,1,5,GENERAL
5834,F,1,5,GENERAL
5835,M,10,3,GENERAL
5836,F,6,4,GENERAL
5837,F,10,4,SURGERY
5838,M,6,5,CARDIOLOGY
5839,F,6,4,SURGERY
5840,M,6,4,GENERAL
5841,M,11,3,CARDIOLOGY
5842,F,13,2,CARDIOLOGY
5843,F,1,6,GENERAL
5844,F,1,5,ORTHOPEDICS
5845,F,10,3,ORTHOPEDICS
5846,M,7,4,GENERAL
5847,M,1,5,GENERAL
5848,F,11,3,ORTHOPEDICS
5849,F,6,4,CARDIOLOGY
5850,M,6,4,GENERAL
5851,M,1,5,CARDIOLOGY
5852,F,10,4,GENERAL
5853,F,10,4,CARDIOLOGY
5854,M,10,4,GENERAL
5855,F,10,4,GENERAL
5856,F,11,3,ORTHOPEDICS
5857,F,6,4,CARDIOLOGY
5858,M,1,5,GENERAL
5859,M,6,4,CARDIOLOGY
5860,F,11,3,GENERAL
5861,F,6,4,SURGERY
5862,M,1,5,GENERAL
5863,M,6,4,ORTHOPEDICS
5864,M,11,3,ORTHOPEDICS
5865,F,1,5,CARDIOLOGY
5866,F,6,4,CARDIOLOGY
5867,F,6,4,SURGERY
5868,F,1,6,GENERAL
5869,F,10,4,GENERAL
5870,F,6,4,SURGERY
5871,F,6,4,GENERAL
5872,M,1,5,SURGERY
5873,M,6,4,GENERAL
5874,F,1,6,CARDIOLOGY
5875,M,7,4,ORTHOPEDICS
5876,F,10,4,CARDIOLOGY
5877,M,10,3,CARDIOLOGY
5878,M,10,4,SURGERY
5879,M,1,5,GENERAL
5880,M,6,4,CARDIOLOGY
5881,M,6,4,ORTHOPEDICS
5882,F,6,4,SURGERY
5883,M,10,4,SURGERY
5884,M,10,4,GENERAL
5885,M,6,4,CARDIOLOGY
5886,F,13,2,CARDIOLOGY
5887,M,6,4,GENERAL
5888,M,6,4,GENERAL
5889,M,6,4,SURGERY
5890,F,6,5,GENERAL
5891,M,1,5,SURGERY
5892,F,10,4,SURGERY
5893,F,6,4,GENERAL
5894,M,11,3,CARDIOLOGY
5895,M,1,5,GENERAL
5896,F,1,5,ORTHOPEDICS
5897,M,10,3,GENERAL
5898,M,10,3,SURGERY
5899,F,1,5,CARDIOLOGY
5900,F,10,3,SURGERY
5901,M,1,5,GENERAL
5902,F,1,5,GENERAL
5903,M,10,3,GENERAL
5904,F,6,4,GENERAL
5905,M,1,5,CARDIOLOGY
5906,F,13,2,GENERAL
5907,F,10,4,GENERAL
5908,F,13,3,ORTHOPEDICS
5909,M,1,5,ORTHOPEDICS
5910,M,10,3,ORTHOPEDICS
5911,M,7,4,CARDIOLOGY
5912,F,13,3,ORTHOPEDICS
5913,M,7,4,GENERAL
5914,F,1,5,SURGERY
5915,M,1,5,GENERAL
5916,M,13,2,ORTHOPEDICS
5917,M,1,5,GENERAL
5918,M,10,4,GENERAL
5919,F,6,4,ORTHOPEDICS
5920,M,1,5,SURGERY
5921,M,1,5,GENERAL
5922,M,1,5,ORTHOPEDICS
5923,F,13,3,CARDIOLOGY
5924,F,1,5,CARDIOLOGY
5925,M,10,3,GENERAL
5926,F,6,4,ORTHOPEDICS
5927,F,6,4,ORTHOPEDICS
5928,M,6,4,CARDIOLOGY
5929,M,13,2,GENERAL
5930,F,7,4,GENERAL
5931,M,7,4,SURGERY
5932,M,1,5,ORTHOPEDICS
5933,M,1,6,ORTHOPEDICS
5934,M,1,6,SURGERY
5935,F,10,4,CARDIOLOGY
5936,F,1,6,CARDIOLOGY
5937,M,6,4,GENERAL
5938,M,6,4,ORTHOPEDICS
5939,M,10,3,SURGERY
5940,M,1,5,SURGERY
5941,F,13,3,CARDIOLOGY
5942,F,1,5,CARDIOLOGY
5943,F,1,5,CARDIOLOGY
5944,M,10,4,GENERAL
5945,M,1,5,ORTHOPEDICS
5946,M,6,4,ORTHOPEDICS
5947,F,6,4,ORTHOPEDICS
5948,F,1,5,SURGERY
5949,F,13,2,ORTHOPEDICS
5950,F,1,5,GENERAL
5951,F,10,3,CARDIOLOGY
5952,M,11,3,ORTHOPEDICS
5953,F,10,3,GENERAL
5954,F,10,3,GENERAL
5955,F,6,4,ORTHOPEDICS
5956,F,13,3,GENERAL
5957,F,6,4,ORTHOPEDICS
5958,M,1,5,GENERAL
5959,M,1,5,CARDIOLOGY
5960,M,11,3,SURGERY
5961,F,1,5,GENERAL
5962,M,10,4,ORTHOPEDICS
5963,M,6,4,GENERAL
5964,M,6,4,SURGERY
5965,F,11,3,SURGERY
5966,F,7,4,ORTHOPEDICS
5967,M,6,4,SURGERY
5968,M,6,4,GENERAL
5969,F,11,3,SURGERY
5970,F,6,4,CARDIOLOGY
5971,F,7,4,SURGERY
5972,F,1,5,ORTHOPEDICS
5973,F,10,3,GENERAL
5974,M,13,2,GENERAL
5975,F,1,5,SURGERY
5976,F,6,4,ORTHOPEDICS
5977,F,1,6,SURGERY
5978,M,1,5,GENERAL
5979,M,1,5,CARDIOLOGY
5980,M,1,5,SURGERY
5981,M,1,5,ORTHOPEDICS
5982,F,1,5,GENERAL
5983,F,1,5,ORTHOPEDICS
5984,M,1,5,CARDIOLOGY
5985,M,10,4,SURGERY
5986,F,13,2,GENERAL
5987,F,1,5,CARDIOLOGY
5988,F,1,5,ORTHOPEDICS
5989,M,6,4,CARDIOLOGY
5990,M,1,5,SURGERY
5991,F,1,5,ORTHOPEDICS
5992,F,1,6,GENERAL
5993,F,13,3,ORTHOPEDICS
5994,M,13,2,CARDIOLOGY
5995,M,10,3,CARDIOLOGY
5996,F,1,5,ORTHOPEDICS
5997,M,6,4,ORTHOPEDICS
5998,M,1,5,ORTHOPEDICS
5999,M,1,6,GENERAL
6000,F,11,3,CARDIOLOGY
6001,M,6,4,GENERAL
6002,M,10,4,CARDIOLOGY
6003,F,6,4,SURGERY
6004,F,6,5,GENERAL
6005,M,13,2,ORTHOPEDICS
6006,M,6,4,CARDIOLOGY
6007,F,7,4,GENERAL
6008,M,1,5,CARDIOLOGY
6009,F,10,3,ORTHOPEDICS
6010,F,13,3,ORTHOPEDICS
6011,M,10,4,SURGERY
6012,M,10,3,CARDIOLOGY
6013,F,6,4,ORTHOPEDICS
6014,F,1,5,CARDIOLOGY
6015,F,6,4,SURGERY
6016,F,6,4,SURGERY
6017,M,1,5,CARDIOLOGY
6018,M,1,5,GENERAL
6019,M,1,5,SURGERY
6020,M,7,4,SURGERY
6021,M,1,5,GENERAL
6022,F,13,2,ORTHOPEDICS
6023,F,6,4,CARDIOLOGY
6024,M,10,3,GENERAL
6025,M,11,3,SURGERY
6026,M,1,5,GENERAL
6027,M,6,4,ORTHOPEDICS
6028,F,1,6,GENERAL
6029,F,10,3,CARDIOLOGY
6030,M,6,4,ORTHOPEDICS
6031,F,10,3,ORTHOPEDICS
6032,F,1,5,GENERAL
6033,F,6,4,GENERAL
6034,M,13,2,GENERAL
6035,F,10,3,SURGERY
6036,F,1,6,ORTHOPEDICS
6037,M,10,4,ORTHOPEDICS
6038,M,13,3,CARDIOLOGY
6039,M,11,3,GENERAL
6040,F,1,5,GENERAL
6041,M,1,5,GENERAL
6042,M,10,4,SURGERY
6043,M,1,5,SURGERY
6044,F,11,3,SURGERY
6045,M,13,3,GENERAL
6046,M,1,5,SURGERY
6047,M,1,6,CARDIOLOGY
6048,F,1,5,CARDIOLOGY
6049,F,11,3,ORTHOPEDICS
6050,M,6,4,SURGERY
6051,F,10,3,SURGERY
6052,F,6,4,ORTHOPEDICS
6053,M,11,3,CARDIOLOGY
6054,M,11,3,GENERAL
6055,M,10,3,GENERAL
6056,M,1,5,ORTHOPEDICS
6057,M,6,4,GENERAL
6058,F,6,4,GENERAL
6059,M,10,4,ORTHOPEDICS
6060,F,13,3,GENERAL
6061,F,10,3,GENERAL
6062,F,1,5,GENERAL
6063,M,6,4,SURGERY
6064,M,1,5,GENERAL
6065,M,6,4,ORTHOPEDICS
6066,M,6,5,SURGERY
6067,F,7,4,GENERAL
6068,M,10,4,CARDIOLOGY
6069,F,10,4,GENERAL
6070,F,10,4,GENERAL
6071,M,10,3,CARDIOLOGY
6072,M,6,4,GENERAL
6073,M,1,5,ORTHOPEDICS
6074,F,6,4,CARDIOLOGY
6075,F,1,6,GENERAL
6076,F,10,3,SURGERY
6077,M,7,4,SURGERY
6078,M,7,4,ORTHOPEDICS
6079,F,6,4,ORTHOPEDICS
6080,F,6,5,GENERAL
6081,M,6,4,GENERAL
6082,M,1,5,SURGERY
6083,M,10,4,ORTHOPEDICS
6084,F,6,4,ORTHOPEDICS
6085,F,13,2,GENERAL
6086,F,6,4,ORTHOPEDICS
6087,F,1,5,CARDIOLOGY
6088,M,1,5,GENERAL
6089,F,10,4,SURGERY
6090,F,6,4,SURGERY
6091,M,6,4,ORTHOPEDICS
6092,M,13,2,SURGERY
6093,F,1,5,ORTHOPEDICS
6094,M,11,3,GENERAL
6095,M,10,4,GENERAL
6096,F,1,6,GENERAL
6097,M,10,4,ORTHOPEDICS
6098,F,13,2,ORTHOPEDICS
6099,M,10,4,ORTHOPEDICS
6100,M,10,3,ORTHOPEDICS
6101,M,10,4,GENERAL
6102,M,6,4,GENERAL
6103,F,10,3,ORTHOPEDICS
6104,M,1,5,GENERAL
6105,M,13,2,GENERAL
6106,M,6,5,ORTHOPEDICS
6107,F,6,4,ORTHOPEDICS
6108,F,11,3,ORTHOPEDICS
6109,M,6,4,GENERAL
6110,F,1,5,CARDIOLOGY
6111,F,12,3,SURGERY
6112,M,11,3,SURGERY
6113,M,10,4,SURGERY
6114,M,1,5,GENERAL
6115,F,13,3,ORTHOPEDICS
6116,M,6,4,CARDIOLOGY
6117,M,13,2,ORTHOPEDICS
6118,F,1,6,CARDIOLOGY
6119,F,10,4,ORTHOPEDICS
6120,F,13,3,GENERAL
6121,M,10,3,ORTHOPEDICS
6122,M,10,3,ORTHOPEDICS
6123,F,7,4,CARDIOLOGY
6124,F,13,3,CARDIOLOGY
6125,M,13,2,SURGERY
6126,M,6,4,CARDIOLOGY
6127,F,6,4,CARDIOLOGY
6128,F,10,3,GENERAL
6129,F,13,2,GENERAL
6130,M,13,2,CARDIOLOGY
6131,F,1,5,CARDIOLOGY
6132,M,1,5,SURGERY
6133,M,6,4,CARDIOLOGY
6134,F,13,2,SURGERY
6135,M,6,4,CARDIOLOGY
6136,F,6,4,SURGERY
6137,F,1,5,CARDIOLOGY
6138,M,1,5,CARDIOLOGY
6139,F,1,6,CARDIOLOGY
6140,F,1,5,ORTHOPEDICS
6141,M,6,4,GENERAL
6142,M,13,2,SURGERY
6143,F,1,7,SURGERY
6144,M,1,5,SURGERY
6145,M,10,4,CARDIOLOGY
6146,F,10,3,ORTHOPEDICS
6147,F,10,4,ORTHOPEDICS
6148,F,1,5,CARDIOLOGY
6149,F,12,3,SURGERY
6150,F,6,4,CARDIOLOGY
6151,M,11,3,SURGERY
6152,F,10,4,GENERAL
6153,F,10,3,ORTHOPEDICS
6154,F,1,5,SURGERY
6155,F,6,4,SURGERY
6156,M,1,5,ORTHOPEDICS
6157,F,10,3,SURGERY
6158,M,1,5,CARDIOLOGY
6159,F,1,5,GENERAL
6160,F,1,6,SURGERY
6161,M,7,4,SURGERY
6162,M,6,4,SURGERY
6163,F,1,5,ORTHOPEDICS
6164,F,13,2,GENERAL
6165,F,10,4,GENERAL
6166,M,1,5,CARDIOLOGY
6167,M,6,4,GENERAL
6168,M,6,4,GENERAL
6169,F,1,5,SURGERY
6170,F,1,5,ORTHOPEDICS
6171,M,10,3,CARDIOLOGY
6172,M,11,3,ORTHOPEDICS
6173,M,1,5,GENERAL
6174,M,11,3,CARDIOLOGY
6175,F,1,6,GENERAL
6176,M,10,4,SURGERY
6177,F,6,4,ORTHOPEDICS
6178,F,10,4,GENERAL
6179,M,10,4,ORTHOPEDICS
6180,F,10,4,GENERAL
6181,M,13,3,GENERAL
6182,F,1,5,GENERAL
6183,M,6,5,ORTHOPEDICS
6184,F,1,5,SURGERY
6185,F,6,4,ORTHOPEDICS
6186,M,1,6,GENERAL
6187,M,10,3,ORTHOPEDICS
6188,F,1,5,ORTHOPEDICS
6189,M,6,4,ORTHOPEDICS
6190,F,1,5,GENERAL
6191,F,7,4,SURGERY
6192,M,6,4,ORTHOPEDICS
6193,F,10,3,GENERAL
6194,M,7,4,GENERAL
6195,F,10,3,GENERAL
6196,M,6,4,ORTHOPEDICS
6197,F,10,4,SURGERY
6198,M,1,6,ORTHOPEDICS
6199,M,1,5,GENERAL
6200,F,1,5,GENERAL
6201,M,6,4,ORTHOPEDICS
6202,M,1,5,GENERAL
6203,M,10,3,SURGERY
6204,M,1,5,CARDIOLOGY
6205,F,1,5,CARDIOLOGY
6206,M,6,5,CARDIOLOGY
6207,F,1,5,ORTHOPEDICS
6208,M,6,4,GENERAL
6209,F,10,3,ORTHOPEDICS
6210,F,10,3,GENERAL
6211,M,6,4,GENERAL
6212,F,1,5,SURGERY
6213,M,1,5,ORTHOPEDICS
6214,F,7,4,GENERAL
6215,M,6,4,GENERAL
6216,F,10,3,GENERAL
6217,M,10,4,GENERAL
6218,F,1,5,GENERAL
6219,F,1,5,CARDIOLOGY
6220,F,6,4,ORTHOPEDICS
6221,M,10,3,ORTHOPEDICS
6222,F,10,4,SURGERY
6223,F,1,5,SURGERY
6224,F,1,5,GENERAL
6225,F,7,4,ORTHOPEDICS
6226,F,1,5,GENERAL
6227,F,1,6,ORTHOPEDICS
6228,M,10,4,GENERAL
6229,M,6,4,ORTHOPEDICS
6230,F,13,2,GENERAL
6231,M,7,4,GENERAL
6232,M,1,5,ORTHOPEDICS
6233,F,10,4,CARDIOLOGY
6234,M,1,6,SURGERY
6235,M,1,5,ORTHOPEDICS
6236,M,1,6,SURGERY
6237,M,1,5,CARDIOLOGY
6238,F,7,4,ORTHOPEDICS
6239,F,13,2,SURGERY
6240,F,1,5,GENERAL
6241,M,1,5,SURGERY
6242,F,6,4,CARDIOLOGY
6243,F,1,5,SURGERY
6244,M,6,4,ORTHOPEDICS
6245,M,10,3,ORTHOPEDICS
6246,M,1,6,GENERAL
6247,F,6,4,SURGERY
6248,M,6,4,GENERAL
6249,F,13,3,GENERAL
6250,F,6,4,GENERAL
6251,F,13,2,GENERAL
6252,M,6,4,GENERAL
6253,F,10,4,ORTHOPEDICS
6254,M,1,6,CARDIOLOGY
6255,M,10,3,GENERAL
6256,M,10,4,SURGERY
6257,F,11,3,SURGERY
6258,F,10,4,SURGERY
6259,M,13,2,GENERAL
6260,M,6,4,SURGERY
6261,M,6,4,CARDIOLOGY
6262,F,7,4,ORTHOPEDICS
6263,F,6,4,SURGERY
6264,F,6,4,GENERAL
6265,M,1,5,GENERAL
6266,M,13,2,GENERAL
6267,F,6,4,GENERAL
6268,F,6,4,SURGERY
6269,F,10,4,SURGERY
6270,M,13,2,GENERAL
6271,M,10,4,GENERAL
6272,F,10,4,SURGERY
6273,F,1,5,CARDIOLOGY
6274,M,1,5,GENERAL
6275,M,11,3,CARDIOLOGY
6276,F,11,3,CARDIOLOGY
6277,M,1,5,CARDIOLOGY
6278,F,1,6,GENERAL
6279,M,13,2,SURGERY
6280,F,6,4,SURGERY
6281,M,7,4,CARDIOLOGY
6282,F,1,6,GENERAL
6283,M,1,7,GENERAL
6284,M,6,4,CARDIOLOGY
6285,M,13,3,GENERAL
6286,F,10,3,SURGERY
6287,F,13,3,ORTHOPEDICS
6288,M,7,4,GENERAL
6289,F,13,2,CARDIOLOGY
6290,F,10,3,SURGERY
6291,F,11,3,GENERAL
6292,F,6,5,SURGERY
6293,M,11,3,CARDIOLOGY
6294,F,13,3,GENERAL
6295,M,11,3,GENERAL
6296,F,1,5,GENERAL
6297,F,1,5,GENERAL
6298,F,1,5,SURGERY
6299,M,6,4,GENERAL
6300,M,11,3,CARDIOLOGY
6301,M,10,3,CARDIOLOGY
6302,M,11,3,ORTHOPEDICS
6303,M,10,3,GENERAL
6304,F,1,5,GENERAL
6305,M,6,4,GENERAL
6306,F,11,3,GENERAL
6307,M,6,4,GENERAL
6308,F,1,5,GENERAL
6309,M,7,4,GENERAL
6310,F,1,6,GENERAL
6311,M,7,4,SURGERY
6312,M,1,5,GENERAL
6313,M,1,5,GENERAL
6314,F,6,4,SURGERY
6315,M,1,5,SURGERY
6316,F,1,5,SURGERY
6317,F,1,7,GENERAL
6318,M,7,4,GENERAL
6319,M,1,5,GENERAL
6320,F,13,2,GENERAL
6321,M,11,3,CARDIOLOGY
6322,F,1,5,GENERAL
6323,M,13,2,CARDIOLOGY
6324,F,1,5,CARDIOLOGY
6325,M,6,4,ORTHOPEDICS
6326,M,13,2,CARDIOLOGY
6327,M,1,6,CARDIOLOGY
6328,M,10,4,GENERAL
6329,F,10,3,GENERAL
6330,F,10,4,CARDIOLOGY
6331,M,1,6,CARDIOLOGY
6332,M,6,4,GENERAL
6333,F,7,4,GENERAL
6334,F,10,4,GENERAL
6335,M,1,5,GENERAL
6336,M,10,3,GENERAL
6337,M,6,4,ORTHOPEDICS
6338,F,11,3,SURGERY
6339,F,13,2,ORTHOPEDICS
6340,M,11,3,GENERAL
6341,F,10,4,GENERAL
6342,M,6,4,ORTHOPEDICS
6343,M,7,4,ORTHOPEDICS
6344,F,10,3,GENERAL
6345,M,6,4,GENERAL
6346,F,1,5,ORTHOPEDICS
6347,F,6,4,CARDIOLOGY
6348,M,1,5,ORTHOPEDICS
6349,F,7,4,GENERAL
6350,M,1,5,SURGERY
6351,F,6,4,ORTHOPEDICS
6352,F,6,4,SURGERY
6353,F,10,4,GENERAL
6354,M,13,2,GENERAL
6355,M,11,3,GENERAL
6356,F,8,4,CARDIOLOGY
6357,F,11,3,CARDIOLOGY
6358,M,6,4,GENERAL
6359,M,1,5,CARDIOLOGY
6360,F,10,3,SURGERY
6361,F,1,6,GENERAL
6362,F,6,5,SURGERY
6363,F,6,4,ORTHOPEDICS
6364,F,10,3,CARDIOLOGY
6365,M,13,2,GENERAL
6366,M,6,4,CARDIOLOGY
6367,F,10,3,SURGERY
6368,F,6,5,GENERAL
6369,F,11,3,GENERAL
6370,F,13,3,GENERAL
6371,F,10,3,SURGERY
6372,M,7,4,GENERAL
6373,M,1,5,GENERAL
6374,M,1,5,CARDIOLOGY
6375,M,6,4,ORTHOPEDICS
6376,F,1,5,GENERAL
6377,M,11,3,GENERAL
6378,F,1,5,CARDIOLOGY
6379,F,6,4,GENERAL
6380,F,10,3,GENERAL
6381,F,6,4,SURGERY
6382,M,10,4,SURGERY
6383,M,7,4,GENERAL
6384,F,1,5,SURGERY
6385,M,6,4,GENERAL
6386,F,1,5,ORTHOPEDICS
6387,F,1,5,SURGERY
6388,M,6,4,SURGERY
6389,M,6,4,GENERAL
6390,F,11,3,CARDIOLOGY
6391,F,10,3,ORTHOPEDICS
6392,F,11,3,GENERAL
6393,F,1,5,GENERAL
6394,M,10,4,ORTHOPEDICS
6395,F,1,5,CARDIOLOGY
6396,F,1,5,SURGERY
6397,F,13,2,SURGERY
6398,M,1,5,SURGERY
6399,F,1,5,ORTHOPEDICS
6400,F,10,3,GENERAL
