patient_id,gender,admission_day,los,required_specialty
1,F,10,3,GENERAL
2,F,1,5,CARDIOLOGY
3,M,10,4,GENERAL
4,M,6,4,GENERAL
5,M,13,2,SURGERY
6,F,1,5,GENERAL
7,F,1,6,CARDIOLOGY
8,M,1,5,GENERAL
9,M,1,6,ORTHOPEDICS
10,M,7,4,CARDIOLOGY
11,M,6,4,ORTHOPEDICS
12,F,13,2,ORTHOPEDICS
13,F,1,5,SURGERY
14,M,1,5,GENERAL
15,F,11,3,SURGERY
16,M,10,3,GENERAL
17,F,1,5,GENERAL
18,F,10,3,GENERAL
19,F,10,4,SURGERY
20,M,10,4,GENERAL
21,F,1,5,ORTHOPEDICS
22,F,8,4,SURGERY
23,M,1,5,GENERAL
24,M,6,4,GENERAL
25,F,1,5,ORTHOPEDICS
26,M,1,6,ORTHOPEDICS
27,M,10,3,GENERAL
28,M,10,4,SURGERY
29,F,1,5,GENERAL
30,M,13,3,GENERAL
31,M,10,3,GENERAL
32,F,6,4,ORTHOPEDICS
33,M,7,4,ORTHOPEDICS
34,M,13,2,ORTHOPEDICS
35,F,6,4,GENERAL
36,F,6,4,CARDIOLOGY
37,F,6,4,SURGERY
38,F,7,4,GENERAL
39,M,1,5,GENERAL
40,F,10,3,CARDIOLOGY
41,F,13,3,ORTHOPEDICS
42,F,1,5,ORTHOPEDICS
43,M,1,5,CARDIOLOGY
44,F,6,4,CARDIOLOGY
45,F,10,4,GENERAL
46,M,7,4,ORTHOPEDICS
47,F,6,4,CARDIOLOGY
48,M,6,4,GENERAL
49,M,10,4,GENERAL
50,M,13,2,ORTHOPEDICS
51,M,1,6,CARDIOLOGY
52,F,6,4,GENERAL
53,M,10,3,SURGERY
54,F,6,4,ORTHOPEDICS
55,F,1,5,GENERAL
56,F,1,5,GENERAL
57,F,10,3,GENERAL
58,F,6,4,ORTHOPEDICS
59,M,1,5,GENERAL
60,F,1,5,ORTHOPEDICS
61,F,1,6,GENERAL
62,F,6,4,SURGERY
63,M,11,3,GENERAL
64,F,1,5,SURGERY
65,M,1,5,CARDIOLOGY
66,M,10,4,ORTHOPEDICS
67,M,6,4,GENERAL
68,F,6,4,GENERAL
69,M,1,5,SURGERY
70,M,6,4,GENERAL
71,F,1,6,CARDIOLOGY
72,F,7,4,GENERAL
73,F,10,3,SURGERY
74,M,6,4,SURGERY
75,M,1,6,CARDIOLOGY
76,M,6,4,ORTHOPEDICS
77,F,10,3,CARDIOLOGY
78,F,1,6,CARDIOLOGY
79,M,1,5,GENERAL
80,M,11,3,GENERAL
81,F,6,4,GENERAL
82,F,11,3,GENERAL
83,M,10,3,CARDIOLOGY
84,F,11,3,CARDIOLOGY
85,F,11,3,CARDIOLOGY
86,F,6,4,GENERAL
87,F,1,5,GENERAL
88,M,11,3,ORTHOPEDICS
89,M,7,4,ORTHOPEDICS
90,M,6,4,GENERAL
91,F,6,4,ORTHOPEDICS
92,M,11,3,SURGERY
93,M,1,5,GENERAL
94,F,1,5,SURGERY
95,F,1,5,GENERAL
96,F,13,2,ORTHOPEDICS
97,F,7,4,GENERAL
98,M,1,5,GENERAL
99,M,1,5,CARDIOLOGY
100,F,11,3,GENERAL
101,M,11,3,SURGERY
102,M,1,5,SURGERY
103,M,10,3,GENERAL
104,M,1,5,SURGERY
105,M,6,4,ORTHOPEDICS
106,M,10,3,GENERAL
107,M,7,4,ORTHOPEDICS
108,F,6,4,ORTHOPEDICS
109,F,6,4,CARDIOLOGY
110,M,11,3,CARDIOLOGY
111,M,6,4,GENERAL
112,F,1,5,CARDIOLOGY
113,M,13,2,SURGERY
114,F,7,4,SURGERY
115,M,6,4,GENERAL
116,M,6,5,ORTHOPEDICS
117,F,1,5,GENERAL
118,F,8,4,GENERAL
119,F,10,3,GENERAL
120,F,6,4,ORTHOPEDICS
121,F,11,3,CARDIOLOGY
122,M,10,4,CARDIOLOGY
123,F,13,2,SURGERY
124,M,6,5,GENERAL
125,F,1,6,GENERAL
126,F,11,3,GENERAL
127,F,10,3,SURGERY
128,M,6,5,SURGERY
129,F,10,3,GENERAL
130,M,6,4,GENERAL
131,F,1,5,ORTHOPEDICS
132,M,7,4,GENERAL
133,F,1,5,CARDIOLOGY
134,F,6,4,CARDIOLOGY
135,F,6,4,SURGERY
136,M,6,4,CARDIOLOGY
137,F,10,3,CARDIOLOGY
138,F,1,5,GENERAL
139,F,1,5,GENERAL
140,M,1,7,SURGERY
141,F,7,4,CARDIOLOGY
142,F,1,5,GENERAL
143,F,6,4,GENERAL
144,M,6,4,GENERAL
145,M,7,4,ORTHOPEDICS
146,M,6,4,CARDIOLOGY
147,M,7,4,GENERAL
148,M,1,6,GENERAL
149,M,10,3,ORTHOPEDICS
150,M,1,5,ORTHOPEDICS
151,M,13,2,ORTHOPEDICS
152,F,1,6,GENERAL
153,F,6,4,GENERAL
154,M,1,5,GENERAL
155,F,10,4,CARDIOLOGY
156,F,6,4,SURGERY
157,F,10,3,SURGERY
158,M,10,3,GENERAL
159,M,13,1,ORTHOPEDICS
160,F,7,4,GENERAL
161,M,13,3,ORTHOPEDICS
162,M,10,4,GENERAL
163,F,10,4,CARDIOLOGY
164,M,13,3,GENERAL
165,M,10,3,SURGERY
166,M,1,5,ORTHOPEDICS
167,F,1,5,ORTHOPEDICS
168,F,13,3,SURGERY
169,F,6,4,SURGERY
170,M,7,4,ORTHOPEDICS
171,F,7,4,ORTHOPEDICS
172,F,10,4,GENERAL
173,F,1,5,SURGERY
174,F,10,4,CARDIOLOGY
175,F,13,3,CARDIOLOGY
176,F,7,4,SURGERY
177,M,1,7,SURGERY
178,F,1,5,GENERAL
179,M,7,4,SURGERY
180,M,11,3,ORTHOPEDICS
181,M,10,3,CARDIOLOGY
182,M,10,3,ORTHOPEDICS
183,F,1,7,SURGERY
184,M,6,4,GENERAL
185,F,10,3,GENERAL
186,F,1,5,SURGERY
187,F,1,5,ORTHOPEDICS
188,M,1,5,CARDIOLOGY
189,M,6,4,ORTHOPEDICS
190,F,6,4,GENERAL
191,M,10,4,ORTHOPEDICS
192,M,1,5,SURGERY
193,F,1,5,GENERAL
194,M,13,2,CARDIOLOGY
195,M,10,3,CARDIOLOGY
196,M,10,4,CARDIOLOGY
197,F,1,6,GENERAL
198,M,11,3,GENERAL
199,F,6,4,GENERAL
200,F,6,4,GENERAL
201,M,10,4,SURGERY
202,M,1,6,ORTHOPEDICS
203,F,1,5,ORTHOPEDICS
204,M,1,5,CARDIOLOGY
205,F,10,4,ORTHOPEDICS
206,F,6,4,GENERAL
207,F,1,5,SURGERY
208,F,10,3,GENERAL
209,F,13,3,GENERAL
210,F,11,3,GENERAL
211,F,13,3,ORTHOPEDICS
212,F,1,6,GENERAL
213,M,10,3,GENERAL
214,F,6,4,ORTHOPEDICS
215,M,10,3,SURGERY
216,M,6,4,ORTHOPEDICS
217,F,10,3,SURGERY
218,M,1,6,CARDIOLOGY
219,M,6,4,ORTHOPEDICS
220,F,8,4,GENERAL
221,M,6,4,SURGERY
222,M,1,5,GENERAL
223,M,1,5,SURGERY
224,F,10,3,GENERAL
225,M,10,4,ORTHOPEDICS
226,F,10,3,GENERAL
227,M,7,4,SURGERY
228,M,6,4,GENERAL
229,M,6,4,ORTHOPEDICS
230,M,6,4,ORTHOPEDICS
231,F,10,3,CARDIOLOGY
232,F,13,2,GENERAL
233,M,6,4,GENERAL
234,M,13,2,ORTHOPEDICS
235,F,1,5,GENERAL
236,M,1,5,GENERAL
237,M,11,3,GENERAL
238,F,6,4,GENERAL
239,M,7,4,ORTHOPEDICS
240,F,1,5,SURGERY
241,F,1,6,GENERAL
242,F,10,4,CARDIOLOGY
243,F,1,5,ORTHOPEDICS
244,M,1,5,ORTHOPEDICS
245,M,11,3,ORTHOPEDICS
246,M,10,4,CARDIOLOGY
247,M,1,5,SURGERY
248,M,10,4,CARDIOLOGY
249,M,7,4,ORTHOPEDICS
250,M,6,4,GENERAL
251,M,8,4,GENERAL
252,M,10,4,ORTHOPEDICS
253,F,6,4,CARDIOLOGY
254,F,6,4,SURGERY
255,F,13,3,GENERAL
256,F,1,6,CARDIOLOGY
257,M,11,3,SURGERY
258,F,6,4,GENERAL
259,F,6,4,GENERAL
260,F,7,4,CARDIOLOGY
261,M,6,4,SURGERY
262,M,6,4,GENERAL
263,M,1,5,ORTHOPEDICS
264,F,1,5,GENERAL
265,M,11,3,GENERAL
266,M,10,3,GENERAL
267,F,10,4,GENERAL
268,F,1,5,GENERAL
269,F,10,4,SURGERY
270,M,7,4,CARDIOLOGY
271,F,1,5,SURGERY
272,F,6,4,CARDIOLOGY
273,M,1,6,ORTHOPEDICS
274,M,11,3,GENERAL
275,F,6,4,SURGERY
276,F,7,4,GENERAL
277,M,7,4,GENERAL
278,F,13,2,SURGERY
279,M,10,3,GENERAL
280,F,13,3,ORTHOPEDICS
281,F,7,4,ORTHOPEDICS
282,F,10,3,SURGERY
283,F,13,3,CARDIOLOGY
284,F,1,6,SURGERY
285,M,1,5,GENERAL
286,F,6,4,SURGERY
287,F,13,2,GENERAL
288,F,6,4,GENERAL
289,F,10,3,SURGERY
290,M,10,4,ORTHOPEDICS
291,M,10,4,CARDIOLOGY
292,F,10,3,SURGERY
293,M,10,3,GENERAL
294,F,10,3,GENERAL
295,F,10,3,GENERAL
296,F,1,5,SURGERY
297,F,6,4,ORTHOPEDICS
298,M,1,5,CARDIOLOGY
299,F,10,3,GENERAL
300,F,1,6,SURGERY
301,F,10,3,GENERAL
302,M,6,4,GENERAL
303,F,1,5,SURGERY
304,M,1,5,ORTHOPEDICS
305,F,10,3,ORTHOPEDICS
306,F,6,4,SURGERY
307,F,1,7,GENERAL
308,M,13,2,ORTHOPEDICS
309,M,6,4,GENERAL
310,F,7,4,GENERAL
311,F,1,6,SURGERY
312,M,6,4,CARDIOLOGY
313,F,10,4,ORTHOPEDICS
314,F,6,4,GENERAL
315,M,1,5,SURGERY
316,M,6,4,GENERAL
317,M,1,5,ORTHOPEDICS
318,F,1,6,GENERAL
319,F,6,4,GENERAL
320,F,6,4,SURGERY
321,M,13,2,ORTHOPEDICS
322,M,10,3,SURGERY
323,M,1,6,CARDIOLOGY
324,M,6,4,SURGERY
325,F,1,5,GENERAL
326,M,13,3,CARDIOLOGY
327,F,1,5,ORTHOPEDICS
328,M,1,5,CARDIOLOGY
329,F,1,6,ORTHOPEDICS
330,M,10,3,GENERAL
331,F,10,3,ORTHOPEDICS
332,F,6,4,SURGERY
333,M,10,3,ORTHOPEDICS
334,F,13,2,SURGERY
335,F,6,4,SURGERY
336,M,7,4,GENERAL
337,F,1,5,SURGERY
338,M,1,5,SURGERY
339,F,6,4,GENERAL
340,F,1,5,GENERAL
341,M,6,4,GENERAL
342,F,6,4,ORTHOPEDICS
343,F,1,5,CARDIOLOGY
344,M,7,4,CARDIOLOGY
345,F,1,5,CARDIOLOGY
346,M,1,5,SURGERY
347,M,1,5,GENERAL
348,M,6,4,CARDIOLOGY
349,F,7,4,ORTHOPEDICS
350,M,10,3,CARDIOLOGY
351,M,10,4,ORTHOPEDICS
352,M,1,6,CARDIOLOGY
353,M,6,4,GENERAL
354,F,10,3,CARDIOLOGY
355,M,10,3,ORTHOPEDICS
356,M,13,2,GENERAL
357,F,1,5,GENERAL
358,F,11,3,GENERAL
359,M,13,2,CARDIOLOGY
360,M,6,4,GENERAL
361,F,6,4,GENERAL
362,F,6,4,SURGERY
363,M,7,4,ORTHOPEDICS
364,M,1,5,GENERAL
365,M,6,4,GENERAL
366,M,6,4,ORTHOPEDICS
367,M,13,2,GENERAL
368,M,6,5,SURGERY
369,M,13,2,GENERAL
370,F,6,4,SURGERY
371,M,1,5,GENERAL
372,M,6,4,CARDIOLOGY
373,F,10,3,ORTHOPEDICS
374,F,10,3,GENERAL
375,F,13,2,CARDIOLOGY
376,M,10,3,GENERAL
377,F,1,5,GENERAL
378,F,6,4,GENERAL
379,M,13,3,CARDIOLOGY
380,F,10,3,GENERAL
381,M,10,3,SURGERY
382,F,6,4,CARDIOLOGY
383,F,10,3,CARDIOLOGY
384,M,13,2,GENERAL
385,F,6,4,SURGERY
386,M,1,6,SURGERY
387,F,6,4,SURGERY
388,M,10,3,SURGERY
389,M,13,2,GENERAL
390,F,6,4,ORTHOPEDICS
391,M,10,3,SURGERY
392,M,6,4,GENERAL
393,F,12,3,SURGERY
394,F,10,4,SURGERY
395,M,6,4,GENERAL
396,M,1,5,CARDIOLOGY
397,F,6,4,ORTHOPEDICS
398,M,1,6,GENERAL
399,F,6,4,GENERAL
400,F,13,2,ORTHOPEDICS
401,M,6,4,GENERAL
402,F,10,4,GENERAL
403,F,1,5,CARDIOLOGY
404,M,1,5,GENERAL
405,M,13,2,GENERAL
406,F,1,5,SURGERY
407,M,10,3,GENERAL
408,M,10,3,GENERAL
409,M,10,3,GENERAL
410,F,1,5,CARDIOLOGY
411,M,13,3,CARDIOLOGY
412,M,10,3,ORTHOPEDICS
413,M,13,2,GENERAL
414,F,1,5,ORTHOPEDICS
415,M,6,4,SURGERY
416,M,10,4,CARDIOLOGY
417,M,8,4,GENERAL
418,F,11,3,CARDIOLOGY
419,M,13,2,SURGERY
420,M,1,5,CARDIOLOGY
421,M,1,5,CARDIOLOGY
422,M,10,4,GENERAL
423,F,6,4,GENERAL
424,M,10,3,CARDIOLOGY
425,F,6,4,GENERAL
426,M,1,5,CARDIOLOGY
427,F,1,5,ORTHOPEDICS
428,M,6,4,SURGERY
429,M,10,4,GENERAL
430,M,8,4,SURGERY
431,F,1,6,SURGERY
432,F,1,5,GENERAL
433,F,7,4,CARDIOLOGY
434,F,1,6,CARDIOLOGY
435,M,7,4,GENERAL
436,F,1,5,CARDIOLOGY
437,F,11,3,SURGERY
438,M,10,4,SURGERY
439,F,1,5,CARDIOLOGY
440,F,1,5,CARDIOLOGY
441,F,1,5,GENERAL
442,M,13,1,SURGERY
443,F,13,2,GENERAL
444,M,10,3,GENERAL
445,M,10,3,GENERAL
446,M,1,5,CARDIOLOGY
447,M,10,3,CARDIOLOGY
448,M,11,3,ORTHOPEDICS
449,F,13,2,GENERAL
450,F,1,5,GENERAL
451,M,1,5,SURGERY
452,M,1,5,GENERAL
453,M,7,4,GENERAL
454,M,1,5,ORTHOPEDICS
455,F,7,4,ORTHOPEDICS
456,M,10,3,GENERAL
457,F,7,4,GENERAL
458,M,7,4,ORTHOPEDICS
459,M,10,3,ORTHOPEDICS
460,F,6,4,SURGERY
461,F,10,3,GENERAL
462,F,13,2,GENERAL
463,F,7,4,SURGERY
464,F,10,3,GENERAL
465,F,10,3,GENERAL
466,M,7,4,CARDIOLOGY
467,F,1,5,CARDIOLOGY
468,M,10,3,SURGERY
469,M,7,4,CARDIOLOGY
470,M,10,4,SURGERY
471,F,6,4,GENERAL
472,F,10,3,GENERAL
473,M,6,4,GENERAL
474,M,10,4,GENERAL
475,F,10,3,GENERAL
476,F,6,4,SURGERY
477,M,10,4,CARDIOLOGY
478,M,12,3,GENERAL
479,M,1,5,GENERAL
480,F,7,4,SURGERY
481,F,1,6,GENERAL
482,F,13,2,CARDIOLOGY
483,M,7,4,ORTHOPEDICS
484,M,1,5,ORTHOPEDICS
485,M,11,3,ORTHOPEDICS
486,F,6,4,ORTHOPEDICS
487,F,11,3,GENERAL
488,M,1,5,SURGERY
489,M,13,1,SURGERY
490,M,11,3,GENERAL
491,F,11,3,SURGERY
492,M,6,4,ORTHOPEDICS
493,M,13,1,ORTHOPEDICS
494,F,1,5,CARDIOLOGY
495,M,10,3,CARDIOLOGY
496,F,13,2,SURGERY
497,F,7,4,SURGERY
498,M,1,5,GENERAL
499,M,6,4,ORTHOPEDICS
500,M,7,4,SURGERY
501,F,1,5,SURGERY
502,F,1,6,GENERAL
503,M,10,3,GENERAL
504,M,6,4,ORTHOPEDICS
505,M,6,4,CARDIOLOGY
506,F,6,4,GENERAL
507,F,6,4,GENERAL
508,F,13,2,CARDIOLOGY
509,M,6,4,SURGERY
510,F,11,3,GENERAL
511,F,1,5,GENERAL
512,F,6,4,GENERAL
513,M,10,4,CARDIOLOGY
514,M,10,3,GENERAL
515,M,6,4,GENERAL
516,F,1,5,GENERAL
517,F,10,3,ORTHOPEDICS
518,M,6,4,GENERAL
519,F,11,3,GENERAL
520,F,6,4,GENERAL
521,M,1,5,CARDIOLOGY
522,M,1,5,CARDIOLOGY
523,F,6,4,CARDIOLOGY
524,F,1,5,ORTHOPEDICS
525,M,6,4,GENERAL
526,M,11,3,ORTHOPEDICS
527,M,6,4,ORTHOPEDICS
528,F,1,5,GENERAL
529,M,13,2,ORTHOPEDICS
530,M,11,3,SURGERY
531,F,7,4,GENERAL
532,F,10,3,SURGERY
533,M,1,5,CARDIOLOGY
534,M,10,3,GENERAL
535,F,10,4,SURGERY
536,F,10,4,CARDIOLOGY
537,M,6,4,CARDIOLOGY
538,F,1,5,ORTHOPEDICS
539,F,1,5,SURGERY
540,M,1,5,SURGERY
541,F,1,5,GENERAL
542,M,1,6,ORTHOPEDICS
543,F,10,3,GENERAL
544,F,1,5,CARDIOLOGY
545,F,1,5,ORTHOPEDICS
546,F,1,5,CARDIOLOGY
547,M,6,4,SURGERY
548,F,1,5,ORTHOPEDICS
549,M,1,5,GENERAL
550,M,13,2,GENERAL
551,M,1,5,GENERAL
552,M,1,5,SURGERY
553,M,6,4,ORTHOPEDICS
554,F,10,4,SURGERY
555,F,1,5,SURGERY
556,F,11,3,ORTHOPEDICS
557,F,1,5,CARDIOLOGY
558,F,1,5,GENERAL
559,M,1,5,SURGERY
560,F,10,3,SURGERY
561,F,1,6,GENERAL
562,M,1,5,ORTHOPEDICS
563,M,10,3,CARDIOLOGY
564,M,1,5,SURGERY
565,M,6,4,GENERAL
566,M,1,5,SURGERY
567,F,6,4,CARDIOLOGY
568,F,7,4,CARDIOLOGY
569,M,13,2,GENERAL
570,M,1,5,SURGERY
571,F,6,4,GENERAL
572,M,11,3,GENERAL
573,F,6,4,GENERAL
574,F,10,3,SURGERY
575,M,6,4,SURGERY
576,F,1,5,ORTHOPEDICS
577,F,10,4,CARDIOLOGY
578,F,10,3,GENERAL
579,F,1,5,GENERAL
580,F,10,4,ORTHOPEDICS
581,F,6,4,CARDIOLOGY
582,F,13,3,GENERAL
583,F,10,3,GENERAL
584,F,10,3,CARDIOLOGY
585,F,1,5,GENERAL
586,M,11,3,GENERAL
587,M,1,5,GENERAL
588,F,6,4,GENERAL
589,M,6,4,SURGERY
590,F,1,5,GENERAL
591,M,7,4,CARDIOLOGY
592,M,10,4,GENERAL
593,M,1,5,ORTHOPEDICS
594,F,6,4,GENERAL
595,F,6,4,SURGERY
596,F,1,5,ORTHOPEDICS
597,F,1,5,SURGERY
598,F,6,4,CARDIOLOGY
599,M,11,3,ORTHOPEDICS
600,F,1,5,CARDIOLOGY
601,F,10,3,SURGERY
602,F,6,4,GENERAL
603,F,7,4,GENERAL
604,M,7,4,ORTHOPEDICS
605,M,10,4,GENERAL
606,F,10,4,GENERAL
607,F,10,3,GENERAL
608,F,6,4,SURGERY
609,M,6,5,ORTHOPEDICS
610,F,1,5,CARDIOLOGY
611,F,10,4,GENERAL
612,F,1,5,GENERAL
613,F,10,4,GENERAL
614,M,1,6,SURGERY
615,M,6,4,SURGERY
616,M,11,3,CARDIOLOGY
617,F,10,3,CARDIOLOGY
618,F,13,2,ORTHOPEDICS
619,M,1,6,GENERAL
620,M,6,4,ORTHOPEDICS
621,M,10,4,SURGERY
622,F,7,4,SURGERY
623,M,1,5,SURGERY
624,F,1,5,GENERAL
625,F,1,5,GENERAL
626,F,10,4,SURGERY
627,M,6,4,GENERAL
628,M,1,5,GENERAL
629,F,11,3,ORTHOPEDICS
630,F,10,4,ORTHOPEDICS
631,F,13,3,ORTHOPEDICS
632,F,13,2,GENERAL
633,F,10,3,GENERAL
634,F,1,5,SURGERY
635,M,10,3,GENERAL
636,M,11,3,ORTHOPEDICS
637,F,6,4,GENERAL
638,F,10,4,GENERAL
639,M,6,4,CARDIOLOGY
640,M,10,3,ORTHOPEDICS
641,F,10,4,GENERAL
642,F,1,5,CARDIOLOGY
643,F,1,5,ORTHOPEDICS
644,M,13,2,CARDIOLOGY
645,F,11,3,ORTHOPEDICS
646,M,1,5,CARDIOLOGY
647,M,11,3,CARDIOLOGY
648,F,1,5,CARDIOLOGY
649,F,10,4,GENERAL
650,M,11,3,CARDIOLOGY
651,M,12,3,SURGERY
652,F,13,2,ORTHOPEDICS
653,F,1,5,ORTHOPEDICS
654,M,1,6,CARDIOLOGY
655,M,10,3,GENERAL
656,F,6,4,SURGERY
657,F,1,5,CARDIOLOGY
658,M,13,1,ORTHOPEDICS
659,M,6,4,GENERAL
660,M,1,5,CARDIOLOGY
661,M,1,5,SURGERY
662,M,1,5,CARDIOLOGY
663,F,10,4,SURGERY
664,F,10,4,GENERAL
665,M,7,4,ORTHOPEDICS
666,M,13,2,GENERAL
667,M,13,2,ORTHOPEDICS
668,F,1,5,CARDIOLOGY
669,F,1,5,CARDIOLOGY
670,F,1,5,CARDIOLOGY
671,F,1,5,GENERAL
672,F,1,6,GENERAL
673,F,6,4,GENERAL
674,F,11,3,CARDIOLOGY
675,F,6,4,ORTHOPEDICS
676,F,10,3,SURGERY
677,F,6,4,ORTHOPEDICS
678,M,7,4,ORTHOPEDICS
679,F,1,5,GENERAL
680,F,6,4,GENERAL
681,M,1,6,ORTHOPEDICS
682,M,6,4,GENERAL
683,M,10,4,GENERAL
684,M,13,2,GENERAL
685,M,11,3,GENERAL
686,F,10,3,ORTHOPEDICS
687,F,13,3,ORTHOPEDICS
688,F,1,7,GENERAL
689,M,10,4,GENERAL
690,M,11,3,GENERAL
691,F,12,3,GENERAL
692,M,7,4,CARDIOLOGY
693,F,6,4,GENERAL
694,F,1,6,GENERAL
695,M,1,5,CARDIOLOGY
696,F,10,3,ORTHOPEDICS
697,F,10,4,CARDIOLOGY
698,F,6,5,SURGERY
699,M,6,4,SURGERY
700,M,1,6,ORTHOPEDICS
701,M,10,3,SURGERY
702,M,1,5,SURGERY
703,M,7,4,SURGERY
704,M,6,4,SURGERY
705,M,6,4,ORTHOPEDICS
706,M,10,4,GENERAL
707,F,13,3,GENERAL
708,F,10,4,GENERAL
709,F,7,4,ORTHOPEDICS
710,F,10,3,GENERAL
711,M,6,4,CARDIOLOGY
712,M,6,4,GENERAL
713,F,11,3,ORTHOPEDICS
714,F,6,4,SURGERY
715,F,10,3,CARDIOLOGY
716,F,11,3,SURGERY
717,F,10,3,GENERAL
718,M,11,3,GENERAL
719,F,1,5,ORTHOPEDICS
720,F,6,4,SURGERY
721,M,6,4,GENERAL
722,F,1,5,SURGERY
723,M,13,2,SURGERY
724,F,1,6,GENERAL
725,F,6,4,GENERAL
726,M,7,4,GENERAL
727,M,6,4,GENERAL
728,M,6,4,GENERAL
729,M,10,4,GENERAL
730,M,7,4,GENERAL
731,M,10,3,ORTHOPEDICS
732,F,6,4,CARDIOLOGY
733,M,11,3,GENERAL
734,M,10,4,GENERAL
735,F,10,3,SURGERY
736,F,6,4,SURGERY
737,M,10,4,GENERAL
738,M,1,5,SURGERY
739,F,1,5,ORTHOPEDICS
740,M,6,4,SURGERY
741,M,7,4,GENERAL
742,F,13,2,GENERAL
743,M,6,4,SURGERY
744,M,10,4,SURGERY
745,F,1,5,CARDIOLOGY
746,M,1,5,CARDIOLOGY
747,M,7,4,CARDIOLOGY
748,M,13,2,GENERAL
749,M,10,3,GENERAL
750,F,6,4,SURGERY
751,F,13,3,CARDIOLOGY
752,M,1,5,GENERAL
753,F,6,4,SURGERY
754,M,13,3,GENERAL
755,M,7,4,CARDIOLOGY
756,F,13,2,GENERAL
757,M,6,4,CARDIOLOGY
758,F,7,4,ORTHOPEDICS
759,M,13,2,SURGERY
760,F,6,4,CARDIOLOGY
761,F,10,3,GENERAL
762,F,6,4,GENERAL
763,M,6,4,CARDIOLOGY
764,F,1,5,CARDIOLOGY
765,M,1,5,ORTHOPEDICS
766,M,1,5,SURGERY
767,M,6,4,ORTHOPEDICS
768,M,10,3,GENERAL
769,M,1,7,SURGERY
770,F,1,5,GENERAL
771,M,10,3,SURGERY
772,M,6,4,ORTHOPEDICS
773,M,7,4,GENERAL
774,F,10,3,SURGERY
775,M,1,5,SURGERY
776,M,10,3,SURGERY
777,F,6,4,GENERAL
778,M,6,4,GENERAL
779,M,6,4,ORTHOPEDICS
780,M,1,5,GENERAL
781,M,1,5,SURGERY
782,M,10,3,SURGERY
783,M,1,5,GENERAL
784,F,10,3,SURGERY
785,M,11,3,CARDIOLOGY
786,M,10,4,ORTHOPEDICS
787,F,10,3,ORTHOPEDICS
788,F,10,3,SURGERY
789,M,6,4,GENERAL
790,M,7,4,GENERAL
791,F,1,5,SURGERY
792,F,7,4,CARDIOLOGY
793,M,11,3,GENERAL
794,F,6,4,ORTHOPEDICS
795,F,11,3,SURGERY
796,M,1,5,ORTHOPEDICS
797,F,13,3,CARDIOLOGY
798,F,6,4,SURGERY
799,F,1,5,CARDIOLOGY
800,F,13,3,GENERAL
801,M,6,4,CARDIOLOGY
802,M,1,5,SURGERY
803,F,6,4,SURGERY
804,M,6,4,ORTHOPEDICS
805,M,1,5,SURGERY
806,M,1,5,ORTHOPEDICS
807,M,1,5,GENERAL
808,M,11,3,SURGERY
809,M,1,5,GENERAL
810,F,6,4,SURGERY
811,F,1,5,SURGERY
812,M,6,4,GENERAL
813,M,13,2,CARDIOLOGY
814,M,7,4,SURGERY
815,F,10,4,CARDIOLOGY
816,M,1,5,GENERAL
817,M,6,4,SURGERY
818,F,1,5,ORTHOPEDICS
819,F,10,3,ORTHOPEDICS
820,F,1,5,CARDIOLOGY
821,M,1,5,SURGERY
822,F,7,4,CARDIOLOGY
823,M,10,3,CARDIOLOGY
824,M,1,6,SURGERY
825,M,1,5,SURGERY
826,M,10,3,CARDIOLOGY
827,F,13,3,GENERAL
828,M,10,3,CARDIOLOGY
829,F,6,4,ORTHOPEDICS
830,M,6,4,ORTHOPEDICS
831,F,7,4,CARDIOLOGY
832,F,11,3,SURGERY
833,F,10,3,GENERAL
834,F,1,7,SURGERY
835,F,10,3,ORTHOPEDICS
836,M,7,4,CARDIOLOGY
837,F,13,3,CARDIOLOGY
838,F,1,6,ORTHOPEDICS
839,M,13,3,GENERAL
840,M,13,1,GENERAL
841,M,6,4,SURGERY
842,M,10,3,ORTHOPEDICS
843,M,10,3,GENERAL
844,F,1,5,CARDIOLOGY
845,M,10,3,SURGERY
846,M,13,2,SURGERY
847,F,1,5,GENERAL
848,M,6,4,GENERAL
849,F,1,6,CARDIOLOGY
850,M,1,5,CARDIOLOGY
851,M,11,3,SURGERY
852,F,1,5,SURGERY
853,F,11,3,ORTHOPEDICS
854,M,7,4,CARDIOLOGY
855,M,13,3,SURGERY
856,F,1,5,GENERAL
857,F,7,4,GENERAL
858,F,7,4,ORTHOPEDICS
859,M,13,2,CARDIOLOGY
860,F,13,2,SURGERY
861,F,1,5,SURGERY
862,M,1,5,ORTHOPEDICS
863,M,1,6,CARDIOLOGY
864,F,1,6,ORTHOPEDICS
865,M,10,3,GENERAL
866,F,13,2,CARDIOLOGY
867,M,1,6,GENERAL
868,F,10,3,GENERAL
869,F,1,5,CARDIOLOGY
870,F,1,5,CARDIOLOGY
871,F,6,4,ORTHOPEDICS
872,M,10,4,GENERAL
873,F,1,5,GENERAL
874,M,11,3,ORTHOPEDICS
875,F,1,6,GENERAL
876,M,7,4,ORTHOPEDICS
877,M,11,3,SURGERY
878,F,11,3,ORTHOPEDICS
879,M,1,5,GENERAL
880,F,10,4,GENERAL
881,M,7,4,ORTHOPEDICS
882,F,6,4,GENERAL
883,M,1,6,CARDIOLOGY
884,M,1,5,CARDIOLOGY
885,M,1,5,CARDIOLOGY
886,F,6,4,GENERAL
887,M,1,6,ORTHOPEDICS
888,F,1,5,GENERAL
889,F,1,5,SURGERY
890,M,1,5,CARDIOLOGY
891,M,1,6,CARDIOLOGY
892,F,8,4,ORTHOPEDICS
893,F,6,4,ORTHOPEDICS
894,F,13,2,GENERAL
895,M,10,4,GENERAL
896,M,1,5,CARDIOLOGY
897,M,10,3,ORTHOPEDICS
898,F,10,4,GENERAL
899,M,6,4,CARDIOLOGY
900,M,13,3,ORTHOPEDICS
901,M,7,4,GENERAL
902,M,1,6,CARDIOLOGY
903,F,1,5,CARDIOLOGY
904,M,1,5,GENERAL
905,F,1,5,ORTHOPEDICS
906,F,1,6,ORTHOPEDICS
907,M,10,4,CARDIOLOGY
908,M,10,3,CARDIOLOGY
909,M,1,5,GENERAL
910,M,10,3,CARDIOLOGY
911,F,13,2,SURGERY
912,M,6,5,GENERAL
913,M,6,4,GENERAL
914,M,11,3,ORTHOPEDICS
915,M,1,5,GENERAL
916,M,1,5,ORTHOPEDICS
917,M,1,6,GENERAL
918,M,1,5,GENERAL
919,F,13,3,GENERAL
920,M,13,2,ORTHOPEDICS
921,F,13,2,CARDIOLOGY
922,F,1,5,CARDIOLOGY
923,M,12,3,GENERAL
924,F,10,4,CARDIOLOGY
925,M,1,5,ORTHOPEDICS
926,M,13,2,ORTHOPEDICS
927,F,13,2,CARDIOLOGY
928,F,1,5,SURGERY
929,F,10,4,CARDIOLOGY
930,M,13,3,SURGERY
931,F,1,5,SURGERY
932,F,1,5,CARDIOLOGY
933,F,10,4,GENERAL
934,M,13,2,GENERAL
935,M,1,5,CARDIOLOGY
936,F,1,5,ORTHOPEDICS
937,F,6,4,ORTHOPEDICS
938,M,6,4,ORTHOPEDICS
939,F,1,5,GENERAL
940,F,10,4,SURGERY
941,F,1,5,GENERAL
942,F,10,3,GENERAL
943,M,1,5,CARDIOLOGY
944,M,10,3,SURGERY
945,F,11,3,ORTHOPEDICS
946,F,6,4,GENERAL
947,F,6,4,ORTHOPEDICS
948,M,1,5,GENERAL
949,F,1,5,GENERAL
950,M,1,5,GENERAL
951,M,11,3,SURGERY
952,M,10,3,CARDIOLOGY
953,M,6,4,CARDIOLOGY
954,F,10,4,GENERAL
955,F,10,4,ORTHOPEDICS
956,M,6,4,ORTHOPEDICS
957,F,1,6,CARDIOLOGY
958,F,1,5,ORTHOPEDICS
959,F,1,6,GENERAL
960,M,10,4,GENERAL
961,F,10,4,CARDIOLOGY
962,F,1,5,GENERAL
963,F,1,6,SURGERY
964,M,1,5,CARDIOLOGY
965,M,1,5,SURGERY
966,M,1,5,ORTHOPEDICS
967,F,6,4,ORTHOPEDICS
968,M,1,5,GENERAL
969,F,13,1,GENERAL
970,F,13,1,CARDIOLOGY
971,M,6,4,ORTHOPEDICS
972,M,1,5,ORTHOPEDICS
973,M,6,4,GENERAL
974,F,6,4,SURGERY
975,F,1,5,GENERAL
976,F,13,3,SURGERY
977,M,1,5,SURGERY
978,F,10,4,GENERAL
979,M,10,3,SURGERY
980,M,6,4,GENERAL
981,F,11,3,SURGERY
982,M,13,2,SURGERY
983,F,1,5,SURGERY
984,F,6,4,GENERAL
985,M,1,5,CARDIOLOGY
986,F,6,4,ORTHOPEDICS
987,M,13,2,GENERAL
988,F,13,2,CARDIOLOGY
989,F,10,3,ORTHOPEDICS
990,F,6,4,GENERAL
991,M,1,5,CARDIOLOGY
992,M,10,3,GENERAL
993,M,1,5,GENERAL
994,M,6,4,CARDIOLOGY
995,M,10,3,SURGERY
996,F,6,4,GENERAL
997,M,10,3,ORTHOPEDICS
998,F,6,4,GENERAL
999,M,10,3,GENERAL
1000,M,6,5,SURGERY
1001,F,13,2,CARDIOLOGY
1002,M,13,1,CARDIOLOGY
1003,M,1,6,CARDIOLOGY
1004,M,1,6,ORTHOPEDICS
1005,F,10,3,GENERAL
1006,M,10,4,GENERAL
1007,F,10,4,CARDIOLOGY
1008,M,6,4,CARDIOLOGY
1009,F,11,3,CARDIOLOGY
1010,M,10,4,SURGERY
1011,M,1,7,SURGERY
1012,M,1,6,ORTHOPEDICS
1013,M,11,3,SURGERY
1014,F,10,4,CARDIOLOGY
1015,F,10,4,ORTHOPEDICS
1016,F,10,3,ORTHOPEDICS
1017,M,6,4,GENERAL
1018,F,6,4,GENERAL
1019,F,6,4,GENERAL
1020,F,6,4,GENERAL
1021,M,1,5,SURGERY
1022,F,13,2,CARDIOLOGY
1023,M,6,4,GENERAL
1024,M,1,5,GENERAL
1025,F,11,3,SURGERY
1026,M,1,5,CARDIOLOGY
1027,M,11,3,CARDIOLOGY
1028,M,6,4,CARDIOLOGY
1029,F,13,3,GENERAL
1030,F,6,4,CARDIOLOGY
1031,M,11,3,CARDIOLOGY
1032,F,1,5,GENERAL
1033,F,1,5,CARDIOLOGY
1034,M,1,6,ORTHOPEDICS
1035,M,1,5,CARDIOLOGY
1036,M,13,2,SURGERY
1037,M,1,5,SURGERY
1038,M,6,4,CARDIOLOGY
1039,M,6,4,CARDIOLOGY
1040,M,10,4,GENERAL
1041,M,13,3,ORTHOPEDICS
1042,F,1,5,ORTHOPEDICS
1043,F,11,3,GENERAL
1044,M,7,4,GENERAL
1045,M,1,5,SURGERY
1046,M,1,7,ORTHOPEDICS
1047,F,1,5,GENERAL
1048,F,7,4,GENERAL
1049,M,1,5,ORTHOPEDICS
1050,M,13,2,CARDIOLOGY
1051,M,1,5,GENERAL
1052,M,6,4,GENERAL
1053,F,1,5,GENERAL
1054,M,6,4,GENERAL
1055,M,6,4,SURGERY
1056,M,1,6,SURGERY
1057,F,1,5,GENERAL
1058,F,1,5,GENERAL
1059,F,6,4,SURGERY
1060,F,1,5,GENERAL
1061,M,6,4,GENERAL
1062,M,6,4,GENERAL
1063,F,10,4,GENERAL
1064,F,6,4,SURGERY
1065,M,11,3,SURGERY
1066,M,10,3,ORTHOPEDICS
1067,M,6,4,CARDIOLOGY
1068,M,13,1,SURGERY
1069,F,1,5,ORTHOPEDICS
1070,F,7,4,ORTHOPEDICS
1071,F,1,5,GENERAL
1072,F,11,3,CARDIOLOGY
1073,F,7,4,SURGERY
1074,F,6,4,GENERAL
1075,F,1,5,CARDIOLOGY
1076,F,13,2,GENERAL
1077,F,7,4,CARDIOLOGY
1078,F,6,4,GENERAL
1079,F,6,4,GENERAL
1080,F,10,4,GENERAL
1081,M,6,4,GENERAL
1082,F,7,4,SURGERY
1083,F,6,4,CARDIOLOGY
1084,M,1,5,SURGERY
1085,M,1,5,ORTHOPEDICS
1086,F,6,4,GENERAL
1087,M,1,6,SURGERY
1088,F,11,3,ORTHOPEDICS
1089,M,10,3,GENERAL
1090,F,7,4,SURGERY
1091,M,10,3,ORTHOPEDICS
1092,M,1,5,CARDIOLOGY
1093,F,10,3,SURGERY
1094,M,6,4,GENERAL
1095,M,6,4,GENERAL
1096,M,7,4,SURGERY
1097,F,6,4,GENERAL
1098,F,1,5,ORTHOPEDICS
1099,M,13,2,CARDIOLOGY
1100,M,10,3,ORTHOPEDICS
1101,M,6,4,CARDIOLOGY
1102,M,6,4,GENERAL
1103,M,6,4,ORTHOPEDICS
1104,F,6,4,ORTHOPEDICS
1105,F,10,4,GENERAL
1106,M,1,5,SURGERY
1107,M,1,5,GENERAL
1108,M,1,5,SURGERY
1109,M,11,3,GENERAL
1110,F,6,4,ORTHOPEDICS
1111,M,1,5,GENERAL
1112,F,10,3,ORTHOPEDICS
1113,M,11,3,SURGERY
1114,M,1,5,CARDIOLOGY
1115,M,1,6,GENERAL
1116,F,1,6,GENERAL
1117,F,10,3,CARDIOLOGY
1118,F,10,3,SURGERY
1119,M,1,5,CARDIOLOGY
1120,M,6,4,GENERAL
1121,F,10,3,CARDIOLOGY
1122,F,1,5,GENERAL
1123,M,10,3,GENERAL
1124,M,1,5,GENERAL
1125,M,6,4,CARDIOLOGY
1126,M,13,3,SURGERY
1127,F,11,3,GENERAL
1128,F,1,5,SURGERY
1129,F,11,3,GENERAL
1130,F,1,5,GENERAL
1131,M,6,4,GENERAL
1132,M,6,4,CARDIOLOGY
1133,M,13,3,GENERAL
1134,M,1,6,GENERAL
1135,M,1,5,GENERAL
1136,M,1,5,ORTHOPEDICS
1137,F,10,4,SURGERY
1138,F,11,3,SURGERY
1139,M,6,4,SURGERY
1140,F,10,4,GENERAL
1141,M,13,2,SURGERY
1142,M,1,6,GENERAL
1143,M,10,3,CARDIOLOGY
1144,F,6,4,ORTHOPEDICS
1145,M,11,3,ORTHOPEDICS
1146,M,1,6,GENERAL
1147,M,1,6,GENERAL
1148,F,13,3,SURGERY
1149,M,1,5,GENERAL
1150,F,1,5,GENERAL
1151,F,10,3,GENERAL
1152,F,10,4,ORTHOPEDICS
1153,M,10,4,ORTHOPEDICS
1154,M,6,4,GENERAL
1155,F,6,4,GENERAL
1156,F,13,2,GENERAL
1157,F,6,4,SURGERY
1158,M,10,3,GENERAL
1159,M,1,5,ORTHOPEDICS
1160,M,7,4,CARDIOLOGY
1161,M,11,3,GENERAL
1162,M,1,5,ORTHOPEDICS
1163,F,10,4,ORTHOPEDICS
1164,M,13,3,GENERAL
1165,F,1,6,ORTHOPEDICS
1166,M,10,3,CARDIOLOGY
1167,F,6,4,CARDIOLOGY
1168,F,1,6,GENERAL
1169,M,10,4,GENERAL
1170,M,6,4,ORTHOPEDICS
1171,M,1,5,GENERAL
1172,F,6,4,CARDIOLOGY
1173,M,13,3,GENERAL
1174,M,1,5,SURGERY
1175,F,13,3,CARDIOLOGY
1176,F,6,4,ORTHOPEDICS
1177,F,13,3,CARDIOLOGY
1178,F,6,4,GENERAL
1179,M,6,4,SURGERY
1180,F,1,7,GENERAL
1181,F,6,4,GENERAL
1182,F,1,5,SURGERY
1183,M,6,4,SURGERY
1184,F,6,4,CARDIOLOGY
1185,M,13,2,CARDIOLOGY
1186,M,10,3,ORTHOPEDICS
1187,M,10,4,GENERAL
1188,F,7,4,SURGERY
1189,F,1,5,GENERAL
1190,F,13,2,SURGERY
1191,F,1,5,ORTHOPEDICS
1192,M,6,4,CARDIOLOGY
1193,F,1,5,CARDIOLOGY
1194,M,10,4,GENERAL
1195,F,6,4,GENERAL
1196,F,1,5,CARDIOLOGY
1197,M,6,4,ORTHOPEDICS
1198,M,1,5,GENERAL
1199,M,11,3,CARDIOLOGY
1200,F,7,4,CARDIOLOGY
1201,M,1,5,GENERAL
1202,F,1,5,GENERAL
1203,F,11,3,GENERAL
1204,M,10,3,SURGERY
1205,F,7,4,GENERAL
1206,F,11,3,ORTHOPEDICS
1207,M,1,5,SURGERY
1208,F,1,6,CARDIOLOGY
1209,F,13,2,ORTHOPEDICS
1210,M,11,3,SURGERY
1211,M,13,2,ORTHOPEDICS
1212,M,10,3,SURGERY
1213,M,7,4,ORTHOPEDICS
1214,M,10,3,ORTHOPEDICS
1215,M,6,5,SURGERY
1216,M,1,5,GENERAL
1217,F,1,5,SURGERY
1218,F,11,3,SURGERY
1219,M,6,4,ORTHOPEDICS
1220,M,11,3,SURGERY
1221,M,6,4,GENERAL
1222,M,1,5,ORTHOPEDICS
1223,M,1,5,GENERAL
1224,F,13,2,ORTHOPEDICS
1225,F,11,3,CARDIOLOGY
1226,M,10,3,GENERAL
1227,M,12,3,ORTHOPEDICS
1228,F,10,3,SURGERY
1229,M,6,4,GENERAL
1230,F,10,3,GENERAL
1231,M,1,5,GENERAL
1232,F,10,3,SURGERY
1233,F,1,5,SURGERY
1234,F,1,5,CARDIOLOGY
1235,F,1,5,SURGERY
1236,M,11,3,ORTHOPEDICS
1237,F,13,2,ORTHOPEDICS
1238,M,13,3,GENERAL
1239,F,13,2,SURGERY
1240,M,13,3,SURGERY
1241,M,10,3,GENERAL
1242,F,1,5,GENERAL
1243,M,6,4,ORTHOPEDICS
1244,M,1,5,GENERAL
1245,M,1,5,GENERAL
1246,M,6,4,SURGERY
1247,M,6,4,SURGERY
1248,F,6,4,SURGERY
1249,M,10,3,SURGERY
1250,F,6,4,CARDIOLOGY
1251,F,1,5,CARDIOLOGY
1252,F,1,5,CARDIOLOGY
1253,M,6,4,CARDIOLOGY
1254,F,6,4,GENERAL
1255,M,13,2,CARDIOLOGY
1256,F,6,4,ORTHOPEDICS
1257,M,6,4,SURGERY
1258,M,1,5,ORTHOPEDICS
1259,F,1,5,CARDIOLOGY
1260,F,1,5,ORTHOPEDICS
1261,M,1,6,CARDIOLOGY
1262,M,10,4,SURGERY
1263,F,1,6,SURGERY
1264,F,10,4,SURGERY
1265,M,1,5,CARDIOLOGY
1266,M,6,4,ORTHOPEDICS
1267,M,7,4,CARDIOLOGY
1268,M,7,4,ORTHOPEDICS
1269,M,10,4,SURGERY
1270,F,1,5,GENERAL
1271,F,11,3,GENERAL
1272,M,6,4,CARDIOLOGY
1273,F,1,5,ORTHOPEDICS
1274,F,6,4,ORTHOPEDICS
1275,M,1,5,SURGERY
1276,F,6,4,ORTHOPEDICS
1277,F,13,2,CARDIOLOGY
1278,F,10,3,ORTHOPEDICS
1279,F,1,5,ORTHOPEDICS
1280,F,13,2,CARDIOLOGY
1281,F,6,4,GENERAL
1282,M,13,2,GENERAL
1283,M,6,4,GENERAL
1284,M,11,3,GENERAL
1285,M,1,5,GENERAL
1286,F,10,4,GENERAL
1287,F,6,4,CARDIOLOGY
1288,F,13,2,ORTHOPEDICS
1289,M,10,4,GENERAL
1290,F,7,4,ORTHOPEDICS
1291,F,1,5,CARDIOLOGY
1292,M,6,4,GENERAL
1293,F,10,3,GENERAL
1294,M,6,4,CARDIOLOGY
1295,F,7,4,SURGERY
1296,M,11,3,GENERAL
1297,M,1,5,ORTHOPEDICS
1298,M,1,6,ORTHOPEDICS
1299,M,11,3,GENERAL
1300,M,7,4,GENERAL
1301,F,1,5,SURGERY
1302,F,1,5,SURGERY
1303,F,1,5,GENERAL
1304,F,10,3,CARDIOLOGY
1305,M,1,5,GENERAL
1306,F,1,5,ORTHOPEDICS
1307,M,6,4,SURGERY
1308,F,8,4,CARDIOLOGY
1309,F,1,6,GENERAL
1310,M,13,2,ORTHOPEDICS
1311,M,13,3,GENERAL
1312,M,11,3,SURGERY
1313,M,11,3,CARDIOLOGY
1314,F,6,4,GENERAL
1315,F,1,5,ORTHOPEDICS
1316,F,6,4,SURGERY
1317,F,10,4,CARDIOLOGY
1318,F,1,5,SURGERY
1319,F,6,4,SURGERY
1320,M,10,4,GENERAL
1321,M,10,3,GENERAL
1322,F,6,4,GENERAL
1323,F,1,6,CARDIOLOGY
1324,F,1,5,GENERAL
1325,M,1,6,CARDIOLOGY
1326,F,10,3,CARDIOLOGY
1327,F,13,2,GENERAL
1328,F,1,5,CARDIOLOGY
1329,M,1,5,CARDIOLOGY
1330,F,13,3,GENERAL
1331,F,10,3,CARDIOLOGY
1332,M,7,4,GENERAL
1333,M,10,3,SURGERY
1334,F,13,3,CARDIOLOGY
1335,F,7,4,GENERAL
1336,F,1,5,ORTHOPEDICS
1337,F,1,5,CARDIOLOGY
1338,M,6,4,SURGERY
1339,M,1,6,SURGERY
1340,F,7,4,ORTHOPEDICS
1341,F,10,3,SURGERY
1342,M,1,5,SURGERY
1343,M,13,2,GENERAL
1344,F,1,5,ORTHOPEDICS
1345,M,6,4,GENERAL
1346,F,1,5,CARDIOLOGY
1347,M,10,4,SURGERY
1348,M,6,4,GENERAL
1349,F,1,6,CARDIOLOGY
1350,M,12,3,GENERAL
1351,F,6,4,SURGERY
1352,F,11,3,SURGERY
1353,M,10,3,GENERAL
1354,F,1,5,GENERAL
1355,F,7,4,ORTHOPEDICS
1356,M,6,4,SURGERY
1357,M,10,3,ORTHOPEDICS
1358,M,10,3,GENERAL
1359,M,1,5,SURGERY
1360,M,1,5,ORTHOPEDICS
1361,M,10,3,SURGERY
1362,F,10,4,GENERAL
1363,M,10,3,ORTHOPEDICS
1364,M,10,3,CARDIOLOGY
1365,F,10,3,CARDIOLOGY
1366,M,10,3,GENERAL
1367,F,10,3,GENERAL
1368,F,6,4,SURGERY
1369,M,10,4,GENERAL
1370,M,1,5,GENERAL
1371,F,10,3,ORTHOPEDICS
1372,F,10,3,GENERAL
1373,M,6,4,GENERAL
1374,F,10,3,GENERAL
1375,F,1,6,CARDIOLOGY
1376,F,7,4,CARDIOLOGY
1377,M,1,6,CARDIOLOGY
1378,M,1,5,ORTHOPEDICS
1379,M,6,4,ORTHOPEDICS
1380,F,13,3,GENERAL
1381,M,1,6,GENERAL
1382,M,1,6,GENERAL
1383,M,1,5,ORTHOPEDICS
1384,M,10,3,SURGERY
1385,F,13,2,GENERAL
1386,M,1,5,CARDIOLOGY
1387,M,13,3,ORTHOPEDICS
1388,M,6,4,CARDIOLOGY
1389,F,1,5,SURGERY
1390,M,1,5,GENERAL
1391,M,1,5,CARDIOLOGY
1392,M,10,3,ORTHOPEDICS
1393,M,13,1,SURGERY
1394,M,6,4,GENERAL
1395,F,6,4,ORTHOPEDICS
1396,M,1,5,GENERAL
1397,F,1,5,CARDIOLOGY
1398,M,11,3,ORTHOPEDICS
1399,M,1,5,ORTHOPEDICS
1400,F,1,5,CARDIOLOGY
1401,F,1,5,CARDIOLOGY
1402,M,1,5,GENERAL
1403,M,10,3,GENERAL
1404,F,6,4,GENERAL
1405,F,1,5,SURGERY
1406,M,7,4,SURGERY
1407,F,1,5,ORTHOPEDICS
1408,M,13,2,SURGERY
1409,F,11,3,GENERAL
1410,F,1,5,ORTHOPEDICS
1411,M,10,3,SURGERY
1412,F,13,2,CARDIOLOGY
1413,F,1,5,GENERAL
1414,F,6,4,GENERAL
1415,M,1,5,GENERAL
1416,M,1,5,GENERAL
1417,M,6,4,GENERAL
1418,M,10,4,GENERAL
1419,M,10,3,GENERAL
1420,F,11,3,SURGERY
1421,M,6,4,SURGERY
1422,F,10,4,ORTHOPEDICS
1423,M,10,4,ORTHOPEDICS
1424,M,7,4,ORTHOPEDICS
1425,M,6,4,CARDIOLOGY
1426,M,1,5,SURGERY
1427,M,1,5,ORTHOPEDICS
1428,M,10,4,GENERAL
1429,M,6,4,GENERAL
1430,F,13,3,SURGERY
1431,M,10,3,CARDIOLOGY
1432,F,6,4,GENERAL
1433,F,10,4,GENERAL
1434,F,6,4,CARDIOLOGY
1435,F,10,3,GENERAL
1436,F,6,4,ORTHOPEDICS
1437,M,11,3,CARDIOLOGY
1438,F,10,3,ORTHOPEDICS
1439,M,1,6,ORTHOPEDICS
1440,M,10,3,GENERAL
1441,F,6,4,GENERAL
1442,M,11,3,GENERAL
1443,M,1,5,CARDIOLOGY
1444,F,1,5,GENERAL
1445,M,1,5,SURGERY
1446,F,1,5,GENERAL
1447,F,1,5,GENERAL
1448,F,6,4,GENERAL
1449,F,10,3,GENERAL
1450,F,10,3,CARDIOLOGY
1451,F,1,6,GENERAL
1452,F,13,3,GENERAL
1453,F,10,4,CARDIOLOGY
1454,F,10,3,GENERAL
1455,M,6,4,GENERAL
1456,M,10,3,GENERAL
1457,M,1,6,SURGERY
1458,M,13,2,ORTHOPEDICS
1459,F,1,5,SURGERY
1460,M,10,3,SURGERY
1461,F,13,3,SURGERY
1462,F,1,5,ORTHOPEDICS
1463,M,13,2,SURGERY
1464,F,10,4,GENERAL
1465,M,6,4,GENERAL
1466,M,1,6,SURGERY
1467,F,10,4,ORTHOPEDICS
1468,M,6,4,SURGERY
1469,F,1,5,GENERAL
1470,F,6,4,ORTHOPEDICS
1471,F,7,4,CARDIOLOGY
1472,F,1,5,ORTHOPEDICS
1473,F,13,2,GENERAL
1474,M,11,3,CARDIOLOGY
1475,F,1,5,SURGERY
1476,F,10,3,GENERAL
1477,F,1,5,GENERAL
1478,F,13,2,CARDIOLOGY
1479,F,7,4,CARDIOLOGY
1480,F,7,4,GENERAL
1481,F,7,4,SURGERY
1482,M,10,4,ORTHOPEDICS
1483,F,6,4,GENERAL
1484,M,1,5,GENERAL
1485,F,1,6,CARDIOLOGY
1486,F,1,6,SURGERY
1487,M,10,3,SURGERY
1488,F,6,4,SURGERY
1489,M,13,1,ORTHOPEDICS
1490,M,1,5,ORTHOPEDICS
1491,M,6,4,GENERAL
1492,F,6,4,SURGERY
1493,F,6,4,ORTHOPEDICS
1494,F,1,5,GENERAL
1495,F,1,5,CARDIOLOGY
1496,M,1,5,GENERAL
1497,M,6,4,GENERAL
1498,F,1,6,CARDIOLOGY
1499,F,10,3,GENERAL
1500,M,10,3,CARDIOLOGY
1501,F,1,5,GENERAL
1502,F,6,4,GENERAL
1503,F,1,5,ORTHOPEDICS
1504,M,10,4,GENERAL
1505,M,13,2,SURGERY
1506,F,11,3,SURGERY
1507,M,6,4,GENERAL
1508,F,6,4,GENERAL
1509,F,10,3,SURGERY
1510,M,10,3,GENERAL
1511,F,10,3,GENERAL
1512,F,1,6,GENERAL
1513,M,6,4,ORTHOPEDICS
1514,M,10,3,CARDIOLOGY
1515,F,13,2,CARDIOLOGY
1516,M,6,4,ORTHOPEDICS
1517,M,10,3,GENERAL
1518,M,1,5,GENERAL
1519,M,6,4,SURGERY
1520,M,10,4,ORTHOPEDICS
1521,M,13,1,CARDIOLOGY
1522,M,11,3,GENERAL
1523,M,6,4,ORTHOPEDICS
1524,F,6,4,ORTHOPEDICS
1525,M,7,4,GENERAL
1526,F,6,4,ORTHOPEDICS
1527,M,10,3,GENERAL
1528,F,10,4,SURGERY
1529,M,6,4,ORTHOPEDICS
1530,F,13,2,CARDIOLOGY
1531,M,13,3,SURGERY
1532,F,6,4,CARDIOLOGY
1533,F,10,3,SURGERY
1534,F,7,4,ORTHOPEDICS
1535,F,11,3,ORTHOPEDICS
1536,M,6,4,CARDIOLOGY
1537,F,10,4,ORTHOPEDICS
1538,M,11,3,ORTHOPEDICS
1539,F,6,4,GENERAL
1540,M,6,4,GENERAL
1541,F,1,5,CARDIOLOGY
1542,F,10,4,SURGERY
1543,F,6,4,CARDIOLOGY
1544,M,6,4,GENERAL
1545,M,1,5,GENERAL
1546,M,11,3,GENERAL
1547,F,13,2,CARDIOLOGY
1548,F,11,3,GENERAL
1549,M,1,5,SURGERY
1550,F,13,2,GENERAL
1551,F,6,4,SURGERY
1552,M,1,6,ORTHOPEDICS
1553,F,1,5,SURGERY
1554,M,10,3,ORTHOPEDICS
1555,F,10,4,GENERAL
1556,M,7,4,CARDIOLOGY
1557,M,1,5,CARDIOLOGY
1558,F,1,5,SURGERY
1559,M,10,3,SURGERY
1560,F,1,5,SURGERY
1561,M,11,3,GENERAL
1562,M,6,4,GENERAL
1563,F,6,4,CARDIOLOGY
1564,M,1,5,ORTHOPEDICS
1565,M,13,2,GENERAL
1566,M,6,4,GENERAL
1567,M,13,2,SURGERY
1568,F,1,5,GENERAL
1569,M,10,3,SURGERY
1570,M,13,3,GENERAL
1571,F,1,5,ORTHOPEDICS
1572,M,10,3,GENERAL
1573,F,1,5,ORTHOPEDICS
1574,F,7,4,SURGERY
1575,M,6,4,GENERAL
1576,F,10,3,ORTHOPEDICS
1577,M,6,4,GENERAL
1578,M,11,3,ORTHOPEDICS
1579,M,10,3,GENERAL
1580,M,6,4,CARDIOLOGY
1581,M,10,4,CARDIOLOGY
1582,F,1,6,ORTHOPEDICS
1583,F,6,4,GENERAL
1584,M,13,3,ORTHOPEDICS
1585,F,1,5,ORTHOPEDICS
1586,F,10,4,CARDIOLOGY
1587,M,10,4,GENERAL
1588,F,7,4,SURGERY
1589,F,1,5,ORTHOPEDICS
1590,F,10,3,CARDIOLOGY
1591,F,6,4,GENERAL
1592,M,6,4,CARDIOLOGY
1593,F,13,2,ORTHOPEDICS
1594,F,10,3,GENERAL
1595,M,11,3,GENERAL
1596,M,1,5,SURGERY
1597,F,10,4,CARDIOLOGY
1598,F,6,4,GENERAL
1599,F,11,3,GENERAL
1600,M,1,5,CARDIOLOGY
1601,F,11,3,ORTHOPEDICS
1602,M,13,3,GENERAL
1603,M,1,5,CARDIOLOGY
1604,M,6,4,CARDIOLOGY
1605,M,6,4,GENERAL
1606,F,1,5,GENERAL
1607,M,7,4,CARDIOLOGY
1608,M,7,4,SURGERY
1609,M,6,4,SURGERY
1610,M,1,5,SURGERY
1611,M,1,6,ORTHOPEDICS
1612,F,1,5,SURGERY
1613,F,1,5,CARDIOLOGY
1614,M,11,3,GENERAL
1615,M,6,4,GENERAL
1616,F,13,2,CARDIOLOGY
1617,F,10,4,ORTHOPEDICS
1618,M,1,5,GENERAL
1619,F,13,1,CARDIOLOGY
1620,F,11,3,GENERAL
1621,M,7,4,GENERAL
1622,F,13,3,GENERAL
1623,F,13,3,CARDIOLOGY
1624,M,1,5,GENERAL
1625,M,6,4,CARDIOLOGY
1626,M,6,4,CARDIOLOGY
1627,F,13,2,ORTHOPEDICS
1628,M,1,5,ORTHOPEDICS
1629,M,1,5,GENERAL
1630,M,7,4,CARDIOLOGY
1631,F,11,3,SURGERY
1632,M,1,5,SURGERY
1633,M,1,6,CARDIOLOGY
1634,F,10,3,GENERAL
1635,M,1,6,GENERAL
1636,F,1,5,GENERAL
1637,M,1,5,SURGERY
1638,F,10,4,GENERAL
1639,M,1,6,CARDIOLOGY
1640,M,1,5,CARDIOLOGY
1641,F,1,5,GENERAL
1642,F,13,3,GENERAL
1643,F,10,3,SURGERY
1644,F,6,4,GENERAL
1645,F,6,5,ORTHOPEDICS
1646,F,7,4,GENERAL
1647,F,6,4,SURGERY
1648,M,6,4,GENERAL
1649,F,7,4,SURGERY
1650,F,11,3,SURGERY
1651,M,6,4,ORTHOPEDICS
1652,F,1,6,CARDIOLOGY
1653,F,1,5,SURGERY
1654,M,6,4,ORTHOPEDICS
1655,M,7,4,ORTHOPEDICS
1656,M,1,5,ORTHOPEDICS
1657,M,6,4,SURGERY
1658,F,10,4,SURGERY
1659,F,8,4,GENERAL
1660,M,1,5,GENERAL
1661,F,1,5,CARDIOLOGY
1662,F,6,4,SURGERY
1663,M,6,4,GENERAL
1664,M,1,5,GENERAL
1665,F,10,4,GENERAL
1666,F,6,4,GENERAL
1667,M,6,4,SURGERY
1668,M,10,3,GENERAL
1669,M,6,4,SURGERY
1670,M,6,4,GENERAL
1671,F,1,6,GENERAL
1672,M,10,3,CARDIOLOGY
1673,F,10,4,CARDIOLOGY
1674,M,11,3,GENERAL
1675,M,1,6,CARDIOLOGY
1676,F,11,3,GENERAL
1677,M,1,6,GENERAL
1678,F,10,3,ORTHOPEDICS
1679,M,7,4,CARDIOLOGY
1680,F,6,4,CARDIOLOGY
1681,M,6,4,SURGERY
1682,M,1,6,SURGERY
1683,F,6,4,GENERAL
1684,F,1,5,GENERAL
1685,F,8,4,GENERAL
1686,F,6,4,GENERAL
1687,F,6,4,CARDIOLOGY
1688,M,13,3,GENERAL
1689,F,10,3,GENERAL
1690,F,6,4,GENERAL
1691,M,10,3,GENERAL
1692,F,6,4,ORTHOPEDICS
1693,M,1,6,CARDIOLOGY
1694,M,7,4,GENERAL
1695,M,6,4,CARDIOLOGY
1696,F,10,3,ORTHOPEDICS
1697,M,1,5,GENERAL
1698,M,1,5,GENERAL
1699,F,6,4,GENERAL
1700,M,1,5,SURGERY
1701,M,10,4,GENERAL
1702,F,6,4,GENERAL
1703,M,6,4,ORTHOPEDICS
1704,F,6,4,GENERAL
1705,M,6,4,SURGERY
1706,F,13,2,GENERAL
1707,M,7,4,GENERAL
1708,F,6,4,GENERAL
1709,F,10,4,ORTHOPEDICS
1710,F,10,3,GENERAL
1711,M,6,4,CARDIOLOGY
1712,F,1,6,ORTHOPEDICS
1713,M,10,3,ORTHOPEDICS
1714,F,1,6,SURGERY
1715,F,6,5,ORTHOPEDICS
1716,M,11,3,GENERAL
1717,F,6,4,CARDIOLOGY
1718,M,1,5,GENERAL
1719,M,1,5,SURGERY
1720,F,13,2,SURGERY
1721,M,1,6,SURGERY
1722,F,1,5,GENERAL
1723,M,10,4,GENERAL
1724,F,6,4,GENERAL
1725,M,11,3,CARDIOLOGY
1726,F,13,3,SURGERY
1727,M,13,3,SURGERY
1728,F,6,4,GENERAL
1729,M,10,3,CARDIOLOGY
1730,M,1,5,SURGERY
1731,F,6,4,GENERAL
1732,F,1,5,ORTHOPEDICS
1733,F,6,4,SURGERY
1734,F,10,3,CARDIOLOGY
1735,F,1,6,SURGERY
1736,F,6,4,GENERAL
1737,F,6,4,SURGERY
1738,F,10,3,GENERAL
1739,F,1,5,ORTHOPEDICS
1740,F,13,2,SURGERY
1741,M,10,3,GENERAL
1742,F,1,6,SURGERY
1743,M,10,3,CARDIOLOGY
1744,M,6,4,GENERAL
1745,F,10,3,SURGERY
1746,F,10,3,CARDIOLOGY
1747,F,1,5,ORTHOPEDICS
1748,F,1,5,ORTHOPEDICS
1749,M,6,4,CARDIOLOGY
1750,F,6,4,CARDIOLOGY
1751,M,11,3,CARDIOLOGY
1752,M,1,5,CARDIOLOGY
1753,M,6,4,ORTHOPEDICS
1754,F,13,2,GENERAL
1755,M,7,4,ORTHOPEDICS
1756,M,10,3,ORTHOPEDICS
1757,M,10,3,SURGERY
1758,F,10,3,GENERAL
1759,M,1,5,SURGERY
1760,M,1,5,GENERAL
1761,M,7,4,CARDIOLOGY
1762,M,1,5,SURGERY
1763,F,1,6,ORTHOPEDICS
1764,M,6,4,CARDIOLOGY
1765,F,6,4,GENERAL
1766,M,1,5,CARDIOLOGY
1767,M,10,4,SURGERY
1768,M,1,5,SURGERY
1769,M,6,4,ORTHOPEDICS
1770,M,10,3,SURGERY
1771,M,6,4,SURGERY
1772,F,1,5,GENERAL
1773,M,1,6,ORTHOPEDICS
1774,F,10,3,SURGERY
1775,M,7,4,GENERAL
1776,M,11,3,ORTHOPEDICS
1777,M,10,3,ORTHOPEDICS
1778,M,11,3,CARDIOLOGY
1779,M,7,4,SURGERY
1780,F,13,2,CARDIOLOGY
1781,M,1,6,GENERAL
1782,F,6,4,GENERAL
1783,M,1,5,GENERAL
1784,M,1,5,ORTHOPEDICS
1785,F,7,4,SURGERY
1786,M,6,4,GENERAL
1787,F,6,4,GENERAL
1788,F,6,4,GENERAL
1789,F,6,4,ORTHOPEDICS
1790,M,13,2,CARDIOLOGY
1791,F,1,6,GENERAL
1792,M,1,5,CARDIOLOGY
1793,M,13,3,CARDIOLOGY
1794,F,10,3,ORTHOPEDICS
1795,F,11,3,GENERAL
1796,F,13,3,SURGERY
1797,F,13,2,GENERAL
1798,M,10,3,GENERAL
1799,F,10,3,GENERAL
1800,F,6,4,SURGERY
1801,F,1,5,ORTHOPEDICS
1802,M,1,6,GENERAL
1803,F,10,4,GENERAL
1804,M,1,5,GENERAL
1805,F,13,3,ORTHOPEDICS
1806,M,11,3,SURGERY
1807,F,1,6,ORTHOPEDICS
1808,F,10,3,SURGERY
1809,F,1,6,GENERAL
1810,F,11,3,ORTHOPEDICS
1811,M,1,5,ORTHOPEDICS
1812,F,6,4,GENERAL
1813,M,10,4,GENERAL
1814,F,1,5,GENERAL
1815,F,13,3,CARDIOLOGY
1816,M,10,4,GENERAL
1817,M,1,5,CARDIOLOGY
1818,F,1,5,GENERAL
1819,F,1,6,ORTHOPEDICS
1820,M,10,4,CARDIOLOGY
1821,M,13,2,GENERAL
1822,M,10,3,CARDIOLOGY
1823,M,10,3,ORTHOPEDICS
1824,M,13,2,SURGERY
1825,M,1,5,GENERAL
1826,M,6,4,GENERAL
1827,F,1,5,GENERAL
1828,F,10,3,SURGERY
1829,F,1,6,CARDIOLOGY
1830,F,10,3,SURGERY
1831,M,1,5,GENERAL
1832,M,7,4,ORTHOPEDICS
1833,M,11,3,SURGERY
1834,F,1,6,GENERAL
1835,F,6,4,GENERAL
1836,M,13,3,GENERAL
1837,M,7,4,GENERAL
1838,F,1,5,GENERAL
1839,M,1,6,SURGERY
1840,F,6,4,GENERAL
1841,F,10,3,ORTHOPEDICS
1842,F,10,3,SURGERY
1843,F,6,5,GENERAL
1844,F,1,5,CARDIOLOGY
1845,M,6,4,ORTHOPEDICS
1846,F,1,6,GENERAL
1847,F,8,4,ORTHOPEDICS
1848,M,6,4,GENERAL
1849,F,6,4,ORTHOPEDICS
1850,M,1,5,GENERAL
1851,M,6,4,SURGERY
1852,F,1,5,SURGERY
1853,F,11,3,CARDIOLOGY
1854,M,6,4,CARDIOLOGY
1855,M,1,5,GENERAL
1856,M,10,3,ORTHOPEDICS
1857,M,1,8,SURGERY
1858,M,6,4,GENERAL
1859,M,10,4,GENERAL
1860,F,6,4,GENERAL
1861,M,6,4,CARDIOLOGY
1862,M,11,3,GENERAL
1863,F,10,3,ORTHOPEDICS
1864,M,10,4,SURGERY
1865,M,10,4,GENERAL
1866,M,10,3,SURGERY
1867,M,10,4,GENERAL
1868,F,13,2,ORTHOPEDICS
1869,F,1,5,SURGERY
1870,M,10,3,ORTHOPEDICS
1871,F,1,5,GENERAL
1872,M,1,5,SURGERY
1873,F,1,5,CARDIOLOGY
1874,F,10,3,GENERAL
1875,F,6,4,CARDIOLOGY
1876,F,7,4,CARDIOLOGY
1877,F,7,4,GENERAL
1878,M,1,5,GENERAL
1879,M,1,6,ORTHOPEDICS
1880,F,11,3,CARDIOLOGY
1881,M,6,4,SURGERY
1882,M,6,4,GENERAL
1883,F,1,7,SURGERY
1884,F,6,4,ORTHOPEDICS
1885,M,13,3,CARDIOLOGY
1886,F,1,5,CARDIOLOGY
1887,F,10,3,GENERAL
1888,F,6,4,CARDIOLOGY
1889,F,6,4,GENERAL
1890,F,1,5,GENERAL
1891,M,6,4,GENERAL
1892,F,10,4,SURGERY
1893,M,10,4,CARDIOLOGY
1894,F,6,4,SURGERY
1895,F,11,3,SURGERY
1896,M,13,2,ORTHOPEDICS
1897,M,6,4,ORTHOPEDICS
1898,M,6,4,GENERAL
1899,F,6,4,CARDIOLOGY
1900,F,1,5,ORTHOPEDICS
1901,M,6,4,ORTHOPEDICS
1902,F,7,4,ORTHOPEDICS
1903,F,6,4,SURGERY
1904,F,10,4,GENERAL
1905,M,1,5,GENERAL
1906,M,7,4,SURGERY
1907,F,6,4,GENERAL
1908,F,10,3,ORTHOPEDICS
1909,F,7,4,GENERAL
1910,F,13,2,ORTHOPEDICS
1911,M,13,2,GENERAL
1912,F,6,4,ORTHOPEDICS
1913,F,10,4,SURGERY
1914,M,12,3,CARDIOLOGY
1915,F,6,4,CARDIOLOGY
1916,F,6,4,SURGERY
1917,F,10,3,ORTHOPEDICS
1918,F,10,3,ORTHOPEDICS
1919,M,6,4,ORTHOPEDICS
1920,F,1,5,ORTHOPEDICS
1921,F,6,4,GENERAL
1922,M,6,4,GENERAL
1923,F,11,3,CARDIOLOGY
1924,M,10,3,SURGERY
1925,F,10,4,GENERAL
1926,M,13,2,SURGERY
1927,M,1,5,GENERAL
1928,M,10,3,GENERAL
1929,M,1,5,ORTHOPEDICS
1930,F,11,3,ORTHOPEDICS
1931,F,1,5,SURGERY
1932,F,13,2,CARDIOLOGY
1933,M,13,3,SURGERY
1934,F,7,4,SURGERY
1935,M,1,5,GENERAL
1936,F,1,5,GENERAL
1937,F,6,4,SURGERY
1938,M,1,5,CARDIOLOGY
1939,F,10,3,ORTHOPEDICS
1940,F,11,3,SURGERY
1941,F,1,6,ORTHOPEDICS
1942,F,11,3,GENERAL
1943,M,7,4,CARDIOLOGY
1944,M,6,4,SURGERY
1945,F,10,4,GENERAL
1946,F,6,4,ORTHOPEDICS
1947,M,13,3,CARDIOLOGY
1948,F,1,5,ORTHOPEDICS
1949,F,1,5,SURGERY
1950,F,6,4,ORTHOPEDICS
1951,F,10,3,ORTHOPEDICS
1952,M,6,4,ORTHOPEDICS
1953,F,6,4,GENERAL
1954,M,6,4,SURGERY
1955,M,1,5,ORTHOPEDICS
1956,M,6,4,ORTHOPEDICS
1957,F,6,4,ORTHOPEDICS
1958,M,6,4,GENERAL
1959,F,10,4,SURGERY
1960,F,1,5,GENERAL
1961,M,1,5,GENERAL
1962,M,10,3,GENERAL
1963,F,10,3,GENERAL
1964,F,1,5,CARDIOLOGY
1965,M,10,3,CARDIOLOGY
1966,F,10,3,CARDIOLOGY
1967,F,11,3,CARDIOLOGY
1968,M,1,6,CARDIOLOGY
1969,M,1,5,SURGERY
1970,M,1,5,CARDIOLOGY
1971,M,1,7,SURGERY
1972,M,1,5,ORTHOPEDICS
1973,F,11,3,GENERAL
1974,F,13,1,CARDIOLOGY
1975,F,6,4,SURGERY
1976,F,1,5,ORTHOPEDICS
1977,F,11,3,GENERAL
1978,M,13,2,CARDIOLOGY
1979,M,1,6,GENERAL
1980,M,1,6,GENERAL
1981,F,1,5,ORTHOPEDICS
1982,F,6,4,GENERAL
1983,F,6,4,GENERAL
1984,M,13,3,GENERAL
1985,M,10,3,GENERAL
1986,M,6,4,CARDIOLOGY
1987,F,1,5,SURGERY
1988,F,6,4,SURGERY
1989,F,13,2,ORTHOPEDICS
1990,F,6,4,GENERAL
1991,F,6,4,GENERAL
1992,M,13,3,SURGERY
1993,M,10,4,ORTHOPEDICS
1994,M,7,4,CARDIOLOGY
1995,F,1,5,SURGERY
1996,F,1,6,SURGERY
1997,F,1,6,CARDIOLOGY
1998,F,13,3,SURGERY
1999,F,1,6,SURGERY
2000,M,10,4,ORTHOPEDICS
2001,F,7,4,ORTHOPEDICS
2002,M,6,4,GENERAL
2003,F,10,3,GENERAL
2004,M,10,3,GENERAL
2005,M,1,6,SURGERY
2006,M,13,3,ORTHOPEDICS
2007,F,13,2,GENERAL
2008,F,6,4,SURGERY
2009,M,1,5,GENERAL
2010,M,6,4,SURGERY
2011,M,6,4,GENERAL
2012,M,7,4,SURGERY
2013,F,6,4,ORTHOPEDICS
2014,F,9,4,CARDIOLOGY
2015,M,6,4,SURGERY
2016,M,6,4,SURGERY
2017,M,10,4,SURGERY
2018,M,10,3,SURGERY
2019,M,1,5,GENERAL
2020,M,6,4,SURGERY
2021,M,10,4,CARDIOLOGY
2022,F,1,5,GENERAL
2023,M,10,3,CARDIOLOGY
2024,M,13,3,SURGERY
2025,F,1,5,GENERAL
2026,M,6,4,GENERAL
2027,M,6,4,CARDIOLOGY
2028,M,6,4,SURGERY
2029,M,1,5,GENERAL
2030,M,10,3,GENERAL
2031,M,6,4,ORTHOPEDICS
2032,F,6,4,ORTHOPEDICS
2033,M,6,4,ORTHOPEDICS
2034,M,6,4,SURGERY
2035,M,1,5,GENERAL
2036,F,6,4,SURGERY
2037,F,1,5,ORTHOPEDICS
2038,M,13,2,CARDIOLOGY
2039,M,1,5,GENERAL
2040,F,10,4,ORTHOPEDICS
2041,F,13,2,CARDIOLOGY
2042,F,10,3,ORTHOPEDICS
2043,M,7,4,ORTHOPEDICS
2044,M,1,6,SURGERY
2045,F,6,4,SURGERY
2046,M,13,2,GENERAL
2047,F,1,5,GENERAL
2048,F,1,5,ORTHOPEDICS
2049,F,13,1,GENERAL
2050,M,6,4,ORTHOPEDICS
2051,M,1,5,ORTHOPEDICS
2052,F,13,2,CARDIOLOGY
2053,M,1,6,GENERAL
2054,M,11,3,GENERAL
2055,F,13,3,GENERAL
2056,M,6,4,ORTHOPEDICS
2057,M,1,5,SURGERY
2058,M,6,4,ORTHOPEDICS
2059,M,1,5,SURGERY
2060,F,13,1,CARDIOLOGY
2061,M,11,3,ORTHOPEDICS
2062,M,13,2,SURGERY
2063,F,1,5,ORTHOPEDICS
2064,M,7,4,SURGERY
2065,F,1,5,CARDIOLOGY
2066,M,8,4,SURGERY
2067,M,10,3,CARDIOLOGY
2068,M,13,3,GENERAL
2069,M,6,4,SURGERY
2070,F,10,3,SURGERY
2071,F,6,4,CARDIOLOGY
2072,M,13,2,GENERAL
2073,F,10,3,CARDIOLOGY
2074,M,6,4,ORTHOPEDICS
2075,M,6,4,GENERAL
2076,M,1,6,SURGERY
2077,F,1,6,GENERAL
2078,F,11,3,ORTHOPEDICS
2079,M,10,3,GENERAL
2080,F,13,2,CARDIOLOGY
2081,M,10,4,ORTHOPEDICS
2082,M,1,5,SURGERY
2083,F,6,4,ORTHOPEDICS
2084,M,10,3,CARDIOLOGY
2085,M,6,4,GENERAL
2086,M,10,3,GENERAL
2087,M,10,4,GENERAL
2088,F,10,3,GENERAL
2089,M,1,6,GENERAL
2090,M,13,3,ORTHOPEDICS
2091,F,1,5,SURGERY
2092,M,10,4,CARDIOLOGY
2093,F,1,5,GENERAL
2094,F,1,5,GENERAL
2095,M,1,5,ORTHOPEDICS
2096,F,10,4,ORTHOPEDICS
2097,F,10,3,SURGERY
2098,F,1,5,ORTHOPEDICS
2099,F,6,4,GENERAL
2100,M,1,5,ORTHOPEDICS
2101,M,6,4,GENERAL
2102,F,1,5,GENERAL
2103,M,1,5,ORTHOPEDICS
2104,M,6,4,GENERAL
2105,F,1,6,ORTHOPEDICS
2106,F,7,4,GENERAL
2107,F,6,4,GENERAL
2108,M,6,4,GENERAL
2109,F,6,4,CARDIOLOGY
2110,M,6,4,CARDIOLOGY
2111,M,10,3,SURGERY
2112,F,6,4,GENERAL
2113,F,11,3,CARDIOLOGY
2114,M,11,3,GENERAL
2115,F,6,4,SURGERY
2116,F,10,4,CARDIOLOGY
2117,M,10,3,ORTHOPEDICS
2118,M,12,3,CARDIOLOGY
2119,F,1,5,GENERAL
2120,F,6,4,ORTHOPEDICS
2121,M,10,3,ORTHOPEDICS
2122,F,6,4,CARDIOLOGY
2123,M,11,3,ORTHOPEDICS
2124,F,6,4,ORTHOPEDICS
2125,M,10,4,ORTHOPEDICS
2126,M,6,4,CARDIOLOGY
2127,M,1,5,ORTHOPEDICS
2128,F,1,5,ORTHOPEDICS
2129,M,1,5,SURGERY
2130,M,13,3,GENERAL
2131,F,6,4,SURGERY
2132,M,6,4,GENERAL
2133,M,1,5,GENERAL
2134,F,7,4,CARDIOLOGY
2135,F,1,5,CARDIOLOGY
2136,F,10,3,SURGERY
2137,F,10,3,SURGERY
2138,M,11,3,GENERAL
2139,M,10,4,CARDIOLOGY
2140,M,6,4,SURGERY
2141,M,10,3,ORTHOPEDICS
2142,M,7,4,SURGERY
2143,M,1,5,GENERAL
2144,M,6,4,GENERAL
2145,M,10,4,CARDIOLOGY
2146,F,10,3,GENERAL
2147,M,10,4,CARDIOLOGY
2148,M,6,4,GENERAL
2149,M,10,3,GENERAL
2150,F,1,5,CARDIOLOGY
2151,M,7,4,CARDIOLOGY
2152,F,13,2,SURGERY
2153,M,10,3,CARDIOLOGY
2154,F,13,3,SURGERY
2155,M,6,4,ORTHOPEDICS
2156,F,1,5,GENERAL
2157,F,6,4,SURGERY
2158,M,1,5,GENERAL
2159,F,7,4,SURGERY
2160,F,10,3,GENERAL
2161,M,1,5,CARDIOLOGY
2162,M,6,4,ORTHOPEDICS
2163,M,10,4,GENERAL
2164,F,10,3,GENERAL
2165,M,11,3,CARDIOLOGY
2166,F,1,5,GENERAL
2167,F,6,4,ORTHOPEDICS
2168,M,10,3,GENERAL
2169,F,12,3,GENERAL
2170,M,1,5,CARDIOLOGY
2171,F,7,4,SURGERY
2172,F,10,3,CARDIOLOGY
2173,F,7,4,SURGERY
2174,F,1,5,SURGERY
2175,F,10,3,ORTHOPEDICS
2176,M,13,2,SURGERY
2177,M,10,4,CARDIOLOGY
2178,M,6,4,GENERAL
2179,F,6,4,GENERAL
2180,M,13,2,CARDIOLOGY
2181,M,10,3,SURGERY
2182,M,1,5,CARDIOLOGY
2183,F,10,3,CARDIOLOGY
2184,F,13,3,ORTHOPEDICS
2185,M,6,4,GENERAL
2186,F,7,4,SURGERY
2187,F,1,5,GENERAL
2188,F,1,5,CARDIOLOGY
2189,M,13,3,GENERAL
2190,F,6,4,GENERAL
2191,F,11,3,SURGERY
2192,M,6,4,CARDIOLOGY
2193,M,13,2,ORTHOPEDICS
2194,F,6,4,CARDIOLOGY
2195,M,6,4,GENERAL
2196,M,10,3,GENERAL
2197,M,6,4,CARDIOLOGY
2198,F,1,5,CARDIOLOGY
2199,F,10,3,ORTHOPEDICS
2200,M,6,4,CARDIOLOGY
2201,F,13,3,GENERAL
2202,M,6,4,CARDIOLOGY
2203,F,6,4,SURGERY
2204,M,1,5,GENERAL
2205,M,7,4,GENERAL
2206,F,10,4,SURGERY
2207,M,6,4,GENERAL
2208,M,6,4,GENERAL
2209,F,1,6,ORTHOPEDICS
2210,F,1,5,GENERAL
2211,M,6,5,GENERAL
2212,F,10,3,SURGERY
2213,F,6,4,GENERAL
2214,M,1,5,SURGERY
2215,M,10,4,GENERAL
2216,M,1,6,GENERAL
2217,F,6,5,ORTHOPEDICS
2218,F,1,5,GENERAL
2219,F,1,5,GENERAL
2220,M,1,6,ORTHOPEDICS
2221,F,1,5,SURGERY
2222,M,1,6,GENERAL
2223,F,11,3,SURGERY
2224,M,13,3,GENERAL
2225,M,1,5,GENERAL
2226,F,1,6,ORTHOPEDICS
2227,M,1,6,GENERAL
2228,F,10,3,GENERAL
2229,F,6,4,GENERAL
2230,F,10,4,GENERAL
2231,M,10,3,ORTHOPEDICS
2232,F,1,6,GENERAL
2233,M,10,4,SURGERY
2234,F,1,5,CARDIOLOGY
2235,M,10,3,SURGERY
2236,M,1,5,ORTHOPEDICS
2237,M,1,5,GENERAL
2238,F,6,4,SURGERY
2239,M,6,4,GENERAL
2240,F,1,5,CARDIOLOGY
2241,F,6,4,GENERAL
2242,M,1,5,GENERAL
2243,F,10,4,ORTHOPEDICS
2244,F,6,4,GENERAL
2245,F,10,3,CARDIOLOGY
2246,M,11,3,ORTHOPEDICS
2247,F,13,2,GENERAL
2248,F,1,5,CARDIOLOGY
2249,M,1,5,GENERAL
2250,F,1,5,SURGERY
2251,M,1,5,ORTHOPEDICS
2252,F,10,4,ORTHOPEDICS
2253,M,7,4,SURGERY
2254,F,10,3,SURGERY
2255,F,6,4,GENERAL
2256,M,13,1,SURGERY
2257,F,11,3,GENERAL
2258,F,10,3,SURGERY
2259,M,6,4,GENERAL
2260,M,6,4,SURGERY
2261,F,6,4,SURGERY
2262,F,10,3,GENERAL
2263,F,10,3,CARDIOLOGY
2264,M,7,4,CARDIOLOGY
2265,M,6,4,GENERAL
2266,M,1,5,ORTHOPEDICS
2267,F,11,3,CARDIOLOGY
2268,F,6,4,GENERAL
2269,F,1,5,GENERAL
2270,M,6,4,GENERAL
2271,F,1,5,ORTHOPEDICS
2272,M,6,4,ORTHOPEDICS
2273,F,6,4,CARDIOLOGY
2274,F,1,5,ORTHOPEDICS
2275,M,10,3,ORTHOPEDICS
2276,M,1,5,GENERAL
2277,M,10,3,ORTHOPEDICS
2278,M,6,4,SURGERY
2279,F,6,4,CARDIOLOGY
2280,F,6,4,SURGERY
2281,M,6,4,SURGERY
2282,F,6,4,CARDIOLOGY
2283,M,13,3,GENERAL
2284,F,7,4,GENERAL
2285,F,1,5,GENERAL
2286,M,1,5,ORTHOPEDICS
2287,F,1,5,CARDIOLOGY
2288,M,13,2,GENERAL
2289,F,10,3,GENERAL
2290,M,13,1,SURGERY
2291,M,13,3,GENERAL
2292,M,6,4,GENERAL
2293,M,1,5,GENERAL
2294,F,6,4,SURGERY
2295,F,1,5,GENERAL
2296,M,11,3,GENERAL
2297,M,10,3,GENERAL
2298,M,1,5,GENERAL
2299,F,10,4,SURGERY
2300,F,6,4,ORTHOPEDICS
2301,M,10,3,SURGERY
2302,F,1,5,GENERAL
2303,M,10,4,CARDIOLOGY
2304,M,1,5,GENERAL
2305,M,7,4,GENERAL
2306,M,13,3,SURGERY
2307,F,6,4,ORTHOPEDICS
2308,F,6,4,GENERAL
2309,F,10,4,CARDIOLOGY
2310,M,13,3,ORTHOPEDICS
2311,F,10,3,GENERAL
2312,M,8,4,SURGERY
2313,M,11,3,GENERAL
2314,F,10,3,GENERAL
2315,M,6,4,GENERAL
2316,M,10,4,GENERAL
2317,F,6,4,GENERAL
2318,F,6,4,ORTHOPEDICS
2319,F,13,2,GENERAL
2320,F,10,4,GENERAL
2321,F,1,6,GENERAL
2322,M,6,4,GENERAL
2323,F,1,5,SURGERY
2324,M,6,4,CARDIOLOGY
2325,M,6,4,GENERAL
2326,M,6,4,ORTHOPEDICS
2327,M,10,3,ORTHOPEDICS
2328,M,13,3,GENERAL
2329,F,1,6,GENERAL
2330,M,11,3,ORTHOPEDICS
2331,F,1,6,SURGERY
2332,F,1,6,SURGERY
2333,F,1,5,GENERAL
2334,M,1,6,SURGERY
2335,M,11,3,ORTHOPEDICS
2336,M,1,6,CARDIOLOGY
2337,M,1,5,GENERAL
2338,F,6,4,SURGERY
2339,M,1,5,GENERAL
2340,M,11,3,CARDIOLOGY
2341,F,7,4,GENERAL
2342,M,7,4,GENERAL
2343,F,1,7,CARDIOLOGY
2344,F,6,4,CARDIOLOGY
2345,F,13,3,CARDIOLOGY
2346,F,10,3,SURGERY
2347,M,1,5,GENERAL
2348,F,1,5,CARDIOLOGY
2349,F,1,5,GENERAL
2350,M,10,4,SURGERY
2351,F,1,5,CARDIOLOGY
2352,M,10,3,GENERAL
2353,M,1,5,ORTHOPEDICS
2354,M,6,4,GENERAL
2355,M,10,4,SURGERY
2356,F,7,4,CARDIOLOGY
2357,M,6,4,ORTHOPEDICS
2358,M,10,4,ORTHOPEDICS
2359,F,6,4,CARDIOLOGY
2360,M,1,6,SURGERY
2361,F,1,7,ORTHOPEDICS
2362,M,1,5,CARDIOLOGY
2363,F,1,5,GENERAL
2364,F,1,5,ORTHOPEDICS
2365,F,6,4,ORTHOPEDICS
2366,F,10,3,CARDIOLOGY
2367,F,1,5,GENERAL
2368,M,6,4,GENERAL
2369,F,1,6,SURGERY
2370,M,6,4,GENERAL
2371,M,6,4,GENERAL
2372,M,7,4,CARDIOLOGY
2373,M,6,4,GENERAL
2374,F,6,4,CARDIOLOGY
2375,F,6,4,ORTHOPEDICS
2376,M,1,5,GENERAL
2377,F,13,2,CARDIOLOGY
2378,F,1,5,SURGERY
2379,F,6,4,GENERAL
2380,F,6,4,GENERAL
2381,F,7,4,GENERAL
2382,F,1,5,GENERAL
2383,M,10,4,GENERAL
2384,M,10,4,GENERAL
2385,M,6,4,GENERAL
2386,M,1,5,SURGERY
2387,M,1,5,SURGERY
2388,M,1,5,SURGERY
2389,F,6,4,GENERAL
2390,M,13,3,GENERAL
2391,M,1,5,GENERAL
2392,F,6,4,GENERAL
2393,F,6,4,SURGERY
2394,F,1,5,SURGERY
2395,M,6,4,SURGERY
2396,M,6,4,GENERAL
2397,F,10,3,SURGERY
2398,M,10,3,ORTHOPEDICS
2399,F,1,5,ORTHOPEDICS
2400,M,13,2,CARDIOLOGY
2401,M,10,3,SURGERY
2402,F,11,3,GENERAL
2403,F,1,5,GENERAL
2404,M,1,5,ORTHOPEDICS
2405,M,13,3,ORTHOPEDICS
2406,F,12,3,GENERAL
2407,M,1,5,CARDIOLOGY
2408,M,6,4,GENERAL
2409,M,1,5,ORTHOPEDICS
2410,F,1,5,ORTHOPEDICS
2411,F,10,3,CARDIOLOGY
2412,M,10,3,GENERAL
2413,F,7,4,GENERAL
2414,F,6,4,GENERAL
2415,F,6,4,GENERAL
2416,F,7,4,SURGERY
2417,M,10,4,SURGERY
2418,F,1,5,GENERAL
2419,M,10,3,GENERAL
2420,F,6,4,GENERAL
2421,F,6,4,SURGERY
2422,F,6,4,GENERAL
2423,F,10,3,ORTHOPEDICS
2424,F,10,3,ORTHOPEDICS
2425,M,6,4,ORTHOPEDICS
2426,M,7,4,ORTHOPEDICS
2427,M,1,5,ORTHOPEDICS
2428,F,1,6,GENERAL
2429,M,10,3,SURGERY
2430,M,6,4,GENERAL
2431,M,1,5,GENERAL
2432,F,13,3,CARDIOLOGY
2433,F,6,4,ORTHOPEDICS
2434,F,7,4,ORTHOPEDICS
2435,F,13,2,ORTHOPEDICS
2436,M,13,2,GENERAL
2437,F,10,3,GENERAL
2438,M,1,6,CARDIOLOGY
2439,M,1,5,GENERAL
2440,M,6,4,CARDIOLOGY
2441,M,1,5,SURGERY
2442,F,10,4,SURGERY
2443,F,10,3,GENERAL
2444,F,1,6,CARDIOLOGY
2445,M,11,3,ORTHOPEDICS
2446,M,6,4,GENERAL
2447,M,6,4,CARDIOLOGY
2448,F,1,6,GENERAL
2449,F,6,4,ORTHOPEDICS
2450,M,7,4,SURGERY
2451,F,10,3,GENERAL
2452,M,6,4,GENERAL
2453,M,10,3,CARDIOLOGY
2454,F,13,3,CARDIOLOGY
2455,M,1,5,GENERAL
2456,F,11,3,GENERAL
2457,F,6,4,SURGERY
2458,F,1,5,CARDIOLOGY
2459,M,1,5,GENERAL
2460,M,1,5,CARDIOLOGY
2461,M,7,4,GENERAL
2462,F,6,4,CARDIOLOGY
2463,F,1,5,SURGERY
2464,M,1,6,GENERAL
2465,F,6,4,GENERAL
2466,F,1,5,CARDIOLOGY
2467,M,1,5,ORTHOPEDICS
2468,F,10,3,CARDIOLOGY
2469,M,1,6,GENERAL
2470,M,1,5,GENERAL
2471,F,10,3,CARDIOLOGY
2472,M,1,5,ORTHOPEDICS
2473,M,1,5,CARDIOLOGY
2474,M,1,5,GENERAL
2475,F,13,2,GENERAL
2476,F,1,5,ORTHOPEDICS
2477,M,10,3,ORTHOPEDICS
2478,F,11,3,GENERAL
2479,M,6,4,ORTHOPEDICS
2480,M,6,4,ORTHOPEDICS
2481,M,1,5,GENERAL
2482,F,10,3,ORTHOPEDICS
2483,F,13,2,GENERAL
2484,F,11,3,SURGERY
2485,F,1,5,GENERAL
2486,M,6,4,CARDIOLOGY
2487,F,1,5,GENERAL
2488,F,6,4,SURGERY
2489,M,1,5,GENERAL
2490,M,13,3,CARDIOLOGY
2491,F,10,4,GENERAL
2492,F,1,5,GENERAL
2493,M,1,5,CARDIOLOGY
2494,M,7,4,GENERAL
2495,F,6,4,SURGERY
2496,F,1,5,SURGERY
2497,F,6,4,CARDIOLOGY
2498,M,13,3,SURGERY
2499,M,1,5,ORTHOPEDICS
2500,M,1,5,ORTHOPEDICS
2501,F,11,3,GENERAL
2502,F,13,3,CARDIOLOGY
2503,F,11,3,GENERAL
2504,M,11,3,ORTHOPEDICS
2505,M,7,4,SURGERY
2506,F,1,5,SURGERY
2507,M,7,4,CARDIOLOGY
2508,M,10,3,CARDIOLOGY
2509,F,10,3,GENERAL
2510,M,10,3,GENERAL
2511,M,6,4,SURGERY
2512,F,6,4,GENERAL
2513,F,13,2,CARDIOLOGY
2514,M,1,5,SURGERY
2515,F,6,4,GENERAL
2516,M,10,4,GENERAL
2517,F,10,3,CARDIOLOGY
2518,F,13,2,GENERAL
2519,M,6,4,CARDIOLOGY
2520,M,7,4,SURGERY
2521,M,10,4,GENERAL
2522,F,13,2,ORTHOPEDICS
2523,F,6,4,GENERAL
2524,F,11,3,SURGERY
2525,F,10,4,CARDIOLOGY
2526,M,1,8,SURGERY
2527,F,13,2,GENERAL
2528,F,1,5,ORTHOPEDICS
2529,F,7,4,GENERAL
2530,F,10,3,GENERAL
2531,F,6,4,ORTHOPEDICS
2532,F,6,4,GENERAL
2533,M,1,5,GENERAL
2534,F,10,3,CARDIOLOGY
2535,F,11,3,ORTHOPEDICS
2536,M,13,2,SURGERY
2537,M,1,6,CARDIOLOGY
2538,M,7,4,GENERAL
2539,F,10,3,GENERAL
2540,F,10,3,CARDIOLOGY
2541,F,6,4,GENERAL
2542,M,11,3,GENERAL
2543,M,7,4,SURGERY
2544,F,1,5,GENERAL
2545,F,6,4,GENERAL
2546,F,6,4,SURGERY
2547,M,13,2,GENERAL
2548,M,1,5,GENERAL
2549,F,11,3,CARDIOLOGY
2550,M,7,4,SURGERY
2551,F,6,4,ORTHOPEDICS
2552,F,10,4,SURGERY
2553,F,1,6,GENERAL
2554,F,1,5,SURGERY
2555,F,10,4,CARDIOLOGY
2556,F,1,6,ORTHOPEDICS
2557,F,6,4,GENERAL
2558,M,6,4,GENERAL
2559,M,1,5,ORTHOPEDICS
2560,F,11,3,GENERAL
2561,F,1,6,GENERAL
2562,F,10,4,GENERAL
2563,M,10,3,ORTHOPEDICS
2564,M,1,5,CARDIOLOGY
2565,M,1,5,GENERAL
2566,M,10,3,ORTHOPEDICS
2567,F,6,4,GENERAL
2568,F,11,3,GENERAL
2569,M,6,4,GENERAL
2570,F,1,5,GENERAL
2571,F,1,6,SURGERY
2572,F,13,2,CARDIOLOGY
2573,F,6,4,GENERAL
2574,M,11,3,GENERAL
2575,M,11,3,SURGERY
2576,F,11,3,ORTHOPEDICS
2577,F,1,6,GENERAL
2578,M,1,5,GENERAL
2579,F,11,3,GENERAL
2580,F,10,4,SURGERY
2581,M,6,4,SURGERY
2582,F,6,4,ORTHOPEDICS
2583,M,6,4,ORTHOPEDICS
2584,M,10,3,GENERAL
2585,M,6,4,GENERAL
2586,F,1,5,ORTHOPEDICS
2587,M,10,4,SURGERY
2588,M,10,4,SURGERY
2589,M,1,5,ORTHOPEDICS
2590,M,10,3,ORTHOPEDICS
2591,F,1,6,GENERAL
2592,F,1,5,GENERAL
2593,M,10,3,CARDIOLOGY
2594,M,6,4,GENERAL
2595,M,6,4,GENERAL
2596,F,13,1,GENERAL
2597,F,1,5,SURGERY
2598,M,1,5,GENERAL
2599,F,6,4,CARDIOLOGY
2600,M,7,4,CARDIOLOGY
2601,F,10,4,CARDIOLOGY
2602,F,1,5,CARDIOLOGY
2603,M,1,5,GENERAL
2604,F,6,4,ORTHOPEDICS
2605,F,6,4,CARDIOLOGY
2606,M,1,5,GENERAL
2607,F,11,3,ORTHOPEDICS
2608,F,10,3,CARDIOLOGY
2609,F,13,2,ORTHOPEDICS
2610,M,11,3,GENERAL
2611,F,7,4,ORTHOPEDICS
2612,M,10,3,SURGERY
2613,M,1,5,GENERAL
2614,F,1,6,CARDIOLOGY
2615,F,11,3,GENERAL
2616,M,1,5,ORTHOPEDICS
2617,F,10,3,CARDIOLOGY
2618,F,13,2,GENERAL
2619,M,10,4,SURGERY
2620,F,6,4,GENERAL
2621,F,13,3,GENERAL
2622,M,11,3,ORTHOPEDICS
2623,F,1,6,ORTHOPEDICS
2624,M,10,4,GENERAL
2625,M,10,4,GENERAL
2626,F,6,4,CARDIOLOGY
2627,F,11,3,CARDIOLOGY
2628,F,6,4,GENERAL
2629,M,1,5,CARDIOLOGY
2630,F,10,4,GENERAL
2631,F,6,4,ORTHOPEDICS
2632,M,10,3,ORTHOPEDICS
2633,F,1,5,GENERAL
2634,F,10,3,CARDIOLOGY
2635,F,10,4,GENERAL
2636,M,6,4,ORTHOPEDICS
2637,M,6,4,GENERAL
2638,M,13,2,GENERAL
2639,M,6,4,GENERAL
2640,M,6,4,SURGERY
2641,F,7,4,SURGERY
2642,M,13,2,CARDIOLOGY
2643,M,10,3,GENERAL
2644,M,11,3,GENERAL
2645,F,6,4,GENERAL
2646,F,1,5,SURGERY
2647,M,1,5,ORTHOPEDICS
2648,F,1,5,SURGERY
2649,M,1,5,CARDIOLOGY
2650,M,13,2,GENERAL
2651,M,10,3,GENERAL
2652,M,6,4,GENERAL
2653,F,10,3,SURGERY
2654,M,1,5,GENERAL
2655,F,6,4,GENERAL
2656,F,6,4,GENERAL
2657,F,11,3,SURGERY
2658,M,13,3,GENERAL
2659,F,1,5,ORTHOPEDICS
2660,M,6,4,GENERAL
2661,M,1,5,ORTHOPEDICS
2662,F,13,2,CARDIOLOGY
2663,M,10,4,SURGERY
2664,M,1,5,GENERAL
2665,M,1,5,CARDIOLOGY
2666,F,6,4,SURGERY
2667,F,6,4,GENERAL
2668,M,6,4,GENERAL
2669,F,13,2,GENERAL
2670,M,10,3,ORTHOPEDICS
2671,M,1,5,SURGERY
2672,F,6,4,ORTHOPEDICS
2673,M,13,3,GENERAL
2674,M,1,5,GENERAL
2675,F,11,3,SURGERY
2676,M,6,4,GENERAL
2677,F,6,4,CARDIOLOGY
2678,M,10,3,SURGERY
2679,F,13,2,ORTHOPEDICS
2680,M,6,4,GENERAL
2681,F,6,4,SURGERY
2682,M,13,3,GENERAL
2683,F,6,4,GENERAL
2684,F,13,2,GENERAL
2685,M,1,5,SURGERY
2686,F,1,5,SURGERY
2687,F,1,5,CARDIOLOGY
2688,F,10,4,GENERAL
2689,F,7,4,GENERAL
2690,F,10,3,SURGERY
2691,F,1,6,GENERAL
2692,M,1,5,CARDIOLOGY
2693,F,13,3,CARDIOLOGY
2694,M,13,3,SURGERY
2695,F,1,5,SURGERY
2696,F,1,5,GENERAL
2697,F,11,3,GENERAL
2698,F,10,4,SURGERY
2699,F,10,3,GENERAL
2700,M,13,2,CARDIOLOGY
2701,M,6,4,GENERAL
2702,F,13,2,ORTHOPEDICS
2703,M,6,4,GENERAL
2704,M,10,3,SURGERY
2705,F,13,3,CARDIOLOGY
2706,F,10,3,GENERAL
2707,M,13,3,GENERAL
2708,M,6,4,SURGERY
2709,F,10,3,ORTHOPEDICS
2710,M,1,6,GENERAL
2711,M,6,4,GENERAL
2712,F,6,4,SURGERY
2713,F,7,4,GENERAL
2714,F,10,3,CARDIOLOGY
2715,M,6,4,GENERAL
2716,M,1,6,SURGERY
2717,M,6,4,GENERAL
2718,M,13,3,GENERAL
2719,M,10,4,GENERAL
2720,F,6,4,GENERAL
2721,M,10,4,GENERAL
2722,F,10,3,GENERAL
2723,F,1,5,SURGERY
2724,M,7,4,CARDIOLOGY
2725,F,11,3,GENERAL
2726,F,1,5,CARDIOLOGY
2727,M,10,4,GENERAL
2728,M,1,5,ORTHOPEDICS
2729,M,10,4,GENERAL
2730,M,1,5,CARDIOLOGY
2731,F,1,6,CARDIOLOGY
2732,F,7,4,GENERAL
2733,M,1,6,CARDIOLOGY
2734,F,11,3,CARDIOLOGY
2735,F,6,4,SURGERY
2736,M,13,3,CARDIOLOGY
2737,F,10,3,ORTHOPEDICS
2738,F,1,5,GENERAL
2739,M,1,5,GENERAL
2740,F,6,4,SURGERY
2741,F,10,3,CARDIOLOGY
2742,M,6,4,CARDIOLOGY
2743,M,13,1,GENERAL
2744,F,6,4,ORTHOPEDICS
2745,M,1,5,ORTHOPEDICS
2746,M,10,3,GENERAL
2747,M,13,2,ORTHOPEDICS
2748,M,10,3,GENERAL
2749,F,1,5,GENERAL
2750,M,10,4,GENERAL
2751,F,10,3,ORTHOPEDICS
2752,F,10,4,CARDIOLOGY
2753,M,6,5,GENERAL
2754,M,7,4,SURGERY
2755,F,6,4,GENERAL
2756,F,1,5,SURGERY
2757,M,7,4,SURGERY
2758,F,10,4,ORTHOPEDICS
2759,M,6,4,CARDIOLOGY
2760,F,10,4,CARDIOLOGY
2761,M,1,6,GENERAL
2762,F,6,4,CARDIOLOGY
2763,M,11,3,GENERAL
2764,M,6,4,GENERAL
2765,F,10,4,GENERAL
2766,F,13,2,GENERAL
2767,F,6,4,GENERAL
2768,M,13,2,GENERAL
2769,F,10,3,SURGERY
2770,M,10,4,SURGERY
2771,F,1,5,SURGERY
2772,F,13,2,GENERAL
2773,M,13,2,GENERAL
2774,M,1,7,GENERAL
2775,M,6,5,GENERAL
2776,M,1,5,GENERAL
2777,M,10,4,SURGERY
2778,F,10,3,ORTHOPEDICS
2779,M,11,3,SURGERY
2780,F,10,4,GENERAL
2781,F,1,6,CARDIOLOGY
2782,F,1,5,GENERAL
2783,M,10,3,ORTHOPEDICS
2784,M,6,4,ORTHOPEDICS
2785,F,1,5,GENERAL
2786,F,6,4,ORTHOPEDICS
2787,M,10,4,GENERAL
2788,M,13,1,GENERAL
2789,F,1,5,GENERAL
2790,F,13,2,ORTHOPEDICS
2791,M,1,5,ORTHOPEDICS
2792,F,6,4,CARDIOLOGY
2793,M,1,5,GENERAL
2794,M,1,5,GENERAL
2795,F,6,5,SURGERY
2796,F,13,2,ORTHOPEDICS
2797,F,10,4,CARDIOLOGY
2798,M,10,3,SURGERY
2799,M,11,3,ORTHOPEDICS
2800,M,6,4,GENERAL
2801,M,10,3,GENERAL
2802,M,1,5,GENERAL
2803,M,1,5,SURGERY
2804,M,11,3,CARDIOLOGY
2805,M,12,3,SURGERY
2806,M,1,6,GENERAL
2807,F,6,4,CARDIOLOGY
2808,F,10,4,GENERAL
2809,M,6,4,ORTHOPEDICS
2810,M,1,5,GENERAL
2811,M,7,4,GENERAL
2812,F,13,2,GENERAL
2813,F,1,5,SURGERY
2814,F,1,5,GENERAL
2815,F,6,4,GENERAL
2816,F,1,6,CARDIOLOGY
2817,F,13,2,ORTHOPEDICS
2818,F,10,3,SURGERY
2819,F,1,5,GENERAL
2820,F,10,4,GENERAL
2821,F,11,3,GENERAL
2822,M,10,3,ORTHOPEDICS
2823,M,1,5,SURGERY
2824,M,6,4,SURGERY
2825,F,1,5,GENERAL
2826,F,6,4,SURGERY
2827,M,6,4,GENERAL
2828,M,6,4,SURGERY
2829,M,11,3,GENERAL
2830,M,10,3,CARDIOLOGY
2831,F,6,4,CARDIOLOGY
2832,M,10,4,SURGERY
2833,M,1,5,GENERAL
2834,M,9,4,ORTHOPEDICS
2835,F,1,5,GENERAL
2836,M,1,6,GENERAL
2837,F,10,3,ORTHOPEDICS
2838,M,1,6,SURGERY
2839,F,10,4,ORTHOPEDICS
2840,M,6,4,CARDIOLOGY
2841,M,1,5,SURGERY
2842,F,7,4,GENERAL
2843,F,10,4,CARDIOLOGY
2844,M,1,5,ORTHOPEDICS
2845,F,1,5,SURGERY
2846,M,10,4,ORTHOPEDICS
2847,F,1,5,CARDIOLOGY
2848,M,1,5,GENERAL
2849,F,6,4,GENERAL
2850,F,10,3,GENERAL
2851,M,11,3,SURGERY
2852,M,1,5,GENERAL
2853,F,11,3,CARDIOLOGY
2854,F,10,3,GENERAL
2855,M,13,2,SURGERY
2856,M,7,4,GENERAL
2857,F,7,4,CARDIOLOGY
2858,F,7,4,GENERAL
2859,F,1,5,SURGERY
2860,M,10,4,CARDIOLOGY
2861,M,1,5,GENERAL
2862,F,6,4,SURGERY
2863,M,6,4,CARDIOLOGY
2864,F,10,4,GENERAL
2865,F,1,5,ORTHOPEDICS
2866,M,1,5,SURGERY
2867,M,13,2,GENERAL
2868,F,1,6,GENERAL
2869,M,6,4,CARDIOLOGY
2870,F,1,6,CARDIOLOGY
2871,F,10,4,SURGERY
2872,M,6,4,GENERAL
2873,M,10,3,CARDIOLOGY
2874,F,1,5,GENERAL
2875,M,1,5,GENERAL
2876,M,13,2,CARDIOLOGY
2877,M,1,5,SURGERY
2878,F,1,5,CARDIOLOGY
2879,F,10,4,ORTHOPEDICS
2880,M,6,4,GENERAL
2881,M,6,4,ORTHOPEDICS
2882,M,6,4,GENERAL
2883,F,10,3,GENERAL
2884,F,11,3,GENERAL
2885,M,10,3,SURGERY
2886,F,7,4,CARDIOLOGY
2887,M,1,6,ORTHOPEDICS
2888,M,1,6,SURGERY
2889,M,10,3,SURGERY
2890,M,7,4,GENERAL
2891,F,10,4,ORTHOPEDICS
2892,F,1,5,CARDIOLOGY
2893,F,1,5,SURGERY
2894,F,13,3,GENERAL
2895,F,1,6,ORTHOPEDICS
2896,M,10,3,CARDIOLOGY
2897,F,6,4,GENERAL
2898,M,7,4,GENERAL
2899,F,1,5,ORTHOPEDICS
2900,M,6,5,GENERAL
2901,M,10,3,GENERAL
2902,M,8,4,GENERAL
2903,F,10,3,GENERAL
2904,F,13,3,SURGERY
2905,F,13,3,GENERAL
2906,F,1,5,SURGERY
2907,M,6,4,GENERAL
2908,M,1,5,SURGERY
2909,F,13,3,SURGERY
2910,F,6,4,CARDIOLOGY
2911,M,1,5,GENERAL
2912,F,1,5,CARDIOLOGY
2913,F,1,5,SURGERY
2914,M,13,2,GENERAL
2915,M,11,3,SURGERY
2916,F,10,3,SURGERY
2917,F,10,4,GENERAL
2918,M,11,3,GENERAL
2919,M,10,3,GENERAL
2920,F,13,2,SURGERY
2921,F,13,2,GENERAL
2922,M,10,3,CARDIOLOGY
2923,F,10,3,SURGERY
2924,F,1,5,GENERAL
2925,F,6,4,GENERAL
2926,M,1,5,ORTHOPEDICS
2927,F,13,3,GENERAL
2928,M,13,3,GENERAL
2929,F,6,4,GENERAL
2930,F,7,4,CARDIOLOGY
2931,M,1,5,ORTHOPEDICS
2932,M,1,5,GENERAL
2933,M,10,3,GENERAL
2934,M,12,3,SURGERY
2935,F,1,5,GENERAL
2936,M,11,3,GENERAL
2937,M,1,5,ORTHOPEDICS
2938,M,13,2,SURGERY
2939,M,13,2,CARDIOLOGY
2940,M,10,4,GENERAL
2941,F,1,5,GENERAL
2942,M,10,3,GENERAL
2943,M,13,2,GENERAL
2944,F,1,5,GENERAL
2945,M,10,3,SURGERY
2946,M,10,4,GENERAL
2947,F,11,3,CARDIOLOGY
2948,M,10,4,GENERAL
2949,F,6,4,ORTHOPEDICS
2950,F,6,4,ORTHOPEDICS
2951,F,7,4,ORTHOPEDICS
2952,F,13,2,ORTHOPEDICS
2953,M,1,6,ORTHOPEDICS
2954,M,6,4,ORTHOPEDICS
2955,F,1,5,ORTHOPEDICS
2956,M,1,5,SURGERY
2957,F,1,6,GENERAL
2958,F,6,4,SURGERY
2959,F,1,5,SURGERY
2960,M,10,3,GENERAL
2961,F,1,6,CARDIOLOGY
2962,F,10,3,ORTHOPEDICS
2963,F,1,5,GENERAL
2964,M,11,3,GENERAL
2965,F,1,6,CARDIOLOGY
2966,F,1,5,GENERAL
2967,M,1,5,GENERAL
2968,F,10,3,GENERAL
2969,M,7,4,ORTHOPEDICS
2970,F,10,4,CARDIOLOGY
2971,F,1,5,GENERAL
2972,M,1,5,GENERAL
2973,F,1,6,GENERAL
2974,F,6,4,ORTHOPEDICS
2975,F,13,3,GENERAL
2976,M,10,4,CARDIOLOGY
2977,F,1,5,CARDIOLOGY
2978,F,6,4,CARDIOLOGY
2979,M,11,3,ORTHOPEDICS
2980,M,13,2,GENERAL
2981,M,6,4,GENERAL
2982,F,6,4,SURGERY
2983,M,13,2,CARDIOLOGY
2984,M,1,5,ORTHOPEDICS
2985,F,6,4,GENERAL
2986,M,7,4,GENERAL
2987,M,1,6,GENERAL
2988,M,6,4,ORTHOPEDICS
2989,M,1,5,CARDIOLOGY
2990,F,13,2,CARDIOLOGY
2991,M,1,5,SURGERY
2992,M,6,4,SURGERY
2993,F,6,4,CARDIOLOGY
2994,M,10,3,GENERAL
2995,M,1,5,CARDIOLOGY
2996,M,1,6,GENERAL
2997,M,13,2,ORTHOPEDICS
2998,F,10,4,GENERAL
2999,F,7,4,GENERAL
3000,F,11,3,GENERAL
3001,F,10,3,GENERAL
3002,F,10,4,ORTHOPEDICS
3003,F,6,4,ORTHOPEDICS
3004,M,11,3,GENERAL
3005,F,10,3,CARDIOLOGY
3006,M,11,3,GENERAL
3007,M,6,4,GENERAL
3008,M,10,3,CARDIOLOGY
3009,M,1,5,CARDIOLOGY
3010,M,10,3,CARDIOLOGY
3011,F,13,2,SURGERY
3012,M,1,5,GENERAL
3013,M,10,3,GENERAL
3014,M,11,3,ORTHOPEDICS
3015,F,6,4,GENERAL
3016,F,6,4,GENERAL
3017,F,1,6,ORTHOPEDICS
3018,F,10,3,SURGERY
3019,F,7,4,CARDIOLOGY
3020,M,10,4,ORTHOPEDICS
3021,F,1,5,GENERAL
3022,F,6,4,SURGERY
3023,F,1,5,GENERAL
3024,M,10,4,ORTHOPEDICS
3025,M,10,4,GENERAL
3026,F,13,3,GENERAL
3027,F,13,2,GENERAL
3028,M,11,3,ORTHOPEDICS
3029,F,11,3,CARDIOLOGY
3030,F,6,4,GENERAL
3031,F,1,5,ORTHOPEDICS
3032,F,11,3,CARDIOLOGY
3033,F,10,3,CARDIOLOGY
3034,M,1,5,CARDIOLOGY
3035,F,1,5,GENERAL
3036,F,7,4,GENERAL
3037,M,10,3,SURGERY
3038,F,6,4,SURGERY
3039,M,10,3,GENERAL
3040,F,10,3,CARDIOLOGY
3041,F,7,4,GENERAL
3042,M,6,4,ORTHOPEDICS
3043,M,10,4,SURGERY
3044,F,13,3,GENERAL
3045,F,13,3,CARDIOLOGY
3046,M,6,4,CARDIOLOGY
3047,M,10,4,CARDIOLOGY
3048,M,6,4,GENERAL
3049,M,6,4,GENERAL
3050,M,6,5,SURGERY
3051,M,6,4,GENERAL
3052,M,6,4,SURGERY
3053,M,13,2,GENERAL
3054,M,13,3,SURGERY
3055,F,1,5,GENERAL
3056,M,1,5,ORTHOPEDICS
3057,F,1,5,GENERAL
3058,M,6,4,GENERAL
3059,F,6,4,ORTHOPEDICS
3060,F,7,4,GENERAL
3061,F,6,4,GENERAL
3062,M,6,4,SURGERY
3063,M,1,5,GENERAL
3064,F,10,3,GENERAL
3065,F,13,3,CARDIOLOGY
3066,M,7,4,GENERAL
3067,F,10,4,CARDIOLOGY
3068,F,10,3,GENERAL
3069,M,10,3,GENERAL
3070,F,10,3,SURGERY
3071,M,6,4,CARDIOLOGY
3072,M,6,4,ORTHOPEDICS
3073,M,1,5,CARDIOLOGY
3074,F,1,5,SURGERY
3075,M,6,4,CARDIOLOGY
3076,F,10,3,CARDIOLOGY
3077,M,10,4,SURGERY
3078,M,1,5,ORTHOPEDICS
3079,F,1,5,CARDIOLOGY
3080,F,10,4,GENERAL
3081,M,1,5,CARDIOLOGY
3082,M,1,7,CARDIOLOGY
3083,F,10,3,CARDIOLOGY
3084,M,1,5,GENERAL
3085,F,10,4,GENERAL
3086,M,1,5,CARDIOLOGY
3087,M,7,4,SURGERY
3088,M,1,5,CARDIOLOGY
3089,F,12,3,SURGERY
3090,M,6,4,SURGERY
3091,F,6,4,CARDIOLOGY
3092,M,10,3,ORTHOPEDICS
3093,M,1,5,CARDIOLOGY
3094,M,11,3,SURGERY
3095,F,1,5,GENERAL
3096,M,1,7,CARDIOLOGY
3097,M,7,4,ORTHOPEDICS
3098,M,1,6,ORTHOPEDICS
3099,F,1,5,ORTHOPEDICS
3100,M,11,3,GENERAL
3101,F,13,3,ORTHOPEDICS
3102,F,1,5,SURGERY
3103,F,7,4,GENERAL
3104,F,1,6,GENERAL
3105,M,10,4,SURGERY
3106,M,13,1,SURGERY
3107,M,1,5,GENERAL
3108,M,13,2,ORTHOPEDICS
3109,M,6,4,SURGERY
3110,M,10,3,GENERAL
3111,F,1,5,ORTHOPEDICS
3112,F,10,3,GENERAL
3113,M,11,3,GENERAL
3114,F,6,4,SURGERY
3115,M,13,2,ORTHOPEDICS
3116,F,1,5,GENERAL
3117,M,6,4,CARDIOLOGY
3118,F,10,3,ORTHOPEDICS
3119,M,7,4,ORTHOPEDICS
3120,F,11,3,ORTHOPEDICS
3121,F,1,5,CARDIOLOGY
3122,M,10,3,CARDIOLOGY
3123,M,6,4,GENERAL
3124,M,1,5,SURGERY
3125,M,6,4,ORTHOPEDICS
3126,M,6,4,CARDIOLOGY
3127,F,10,3,ORTHOPEDICS
3128,F,13,2,GENERAL
3129,F,1,6,ORTHOPEDICS
3130,M,10,3,GENERAL
3131,M,6,4,GENERAL
3132,F,6,4,ORTHOPEDICS
3133,M,11,3,CARDIOLOGY
3134,M,1,5,ORTHOPEDICS
3135,M,10,4,GENERAL
3136,M,13,3,GENERAL
3137,M,10,3,SURGERY
3138,M,1,6,GENERAL
3139,M,6,4,CARDIOLOGY
3140,F,1,5,ORTHOPEDICS
3141,M,11,3,CARDIOLOGY
3142,F,13,2,GENERAL
3143,F,6,4,SURGERY
3144,M,6,4,GENERAL
3145,M,13,1,CARDIOLOGY
3146,M,1,6,SURGERY
3147,F,13,2,GENERAL
3148,M,11,3,ORTHOPEDICS
3149,M,13,2,GENERAL
3150,M,6,4,GENERAL
3151,M,6,4,GENERAL
3152,M,1,5,GENERAL
3153,F,1,5,GENERAL
3154,M,1,5,GENERAL
3155,M,1,5,GENERAL
3156,M,6,5,SURGERY
3157,M,6,5,CARDIOLOGY
3158,F,13,2,ORTHOPEDICS
3159,F,1,5,ORTHOPEDICS
3160,F,13,2,ORTHOPEDICS
3161,F,1,5,CARDIOLOGY
3162,F,6,4,SURGERY
3163,M,1,5,SURGERY
3164,F,1,5,ORTHOPEDICS
3165,M,11,3,GENERAL
3166,F,10,4,GENERAL
3167,M,1,6,ORTHOPEDICS
3168,F,1,5,GENERAL
3169,M,13,1,CARDIOLOGY
3170,F,7,4,ORTHOPEDICS
3171,F,10,4,ORTHOPEDICS
3172,F,7,4,GENERAL
3173,M,1,5,GENERAL
3174,F,1,5,GENERAL
3175,M,6,4,ORTHOPEDICS
3176,M,1,5,CARDIOLOGY
3177,M,1,5,ORTHOPEDICS
3178,M,10,4,GENERAL
3179,F,1,5,ORTHOPEDICS
3180,M,7,4,GENERAL
3181,F,10,4,GENERAL
3182,F,10,3,CARDIOLOGY
3183,M,10,3,ORTHOPEDICS
3184,M,10,4,GENERAL
3185,F,1,5,GENERAL
3186,M,6,4,CARDIOLOGY
3187,M,1,6,GENERAL
3188,M,10,4,CARDIOLOGY
3189,M,1,5,CARDIOLOGY
3190,F,6,4,ORTHOPEDICS
3191,M,1,6,ORTHOPEDICS
3192,F,13,2,ORTHOPEDICS
3193,M,10,4,ORTHOPEDICS
3194,F,1,5,ORTHOPEDICS
3195,F,1,6,ORTHOPEDICS
3196,M,1,5,ORTHOPEDICS
3197,F,7,4,GENERAL
3198,M,1,6,ORTHOPEDICS
3199,M,1,5,CARDIOLOGY
3200,M,6,4,GENERAL
3201,M,1,5,CARDIOLOGY
3202,F,13,2,GENERAL
3203,F,1,5,SURGERY
3204,M,6,4,SURGERY
3205,M,13,2,SURGERY
3206,M,1,5,ORTHOPEDICS
3207,F,1,5,ORTHOPEDICS
3208,F,10,4,GENERAL
3209,M,1,5,CARDIOLOGY
3210,M,10,4,ORTHOPEDICS
3211,F,6,4,ORTHOPEDICS
3212,F,6,4,CARDIOLOGY
3213,F,6,4,GENERAL
3214,M,1,5,GENERAL
3215,F,6,4,ORTHOPEDICS
3216,M,7,4,CARDIOLOGY
3217,F,6,4,SURGERY
3218,M,10,3,CARDIOLOGY
3219,F,10,4,CARDIOLOGY
3220,F,1,5,CARDIOLOGY
3221,F,1,5,CARDIOLOGY
3222,F,11,3,ORTHOPEDICS
3223,F,6,5,GENERAL
3224,F,7,4,ORTHOPEDICS
3225,M,6,4,GENERAL
3226,M,13,2,CARDIOLOGY
3227,M,13,1,ORTHOPEDICS
3228,M,11,3,ORTHOPEDICS
3229,F,6,5,CARDIOLOGY
3230,F,6,4,CARDIOLOGY
3231,M,10,4,ORTHOPEDICS
3232,F,13,3,SURGERY
3233,F,10,4,CARDIOLOGY
3234,M,10,3,GENERAL
3235,M,1,5,ORTHOPEDICS
3236,M,13,2,GENERAL
3237,F,7,4,GENERAL
3238,F,7,4,ORTHOPEDICS
3239,F,1,5,CARDIOLOGY
3240,M,10,4,CARDIOLOGY
3241,F,10,3,CARDIOLOGY
3242,F,11,3,GENERAL
3243,M,6,4,SURGERY
3244,F,7,4,CARDIOLOGY
3245,F,10,3,CARDIOLOGY
3246,M,10,4,GENERAL
3247,F,10,3,ORTHOPEDICS
3248,F,1,5,GENERAL
3249,M,6,4,ORTHOPEDICS
3250,F,10,4,CARDIOLOGY
3251,M,10,3,GENERAL
3252,F,1,5,SURGERY
3253,M,1,5,CARDIOLOGY
3254,F,7,4,CARDIOLOGY
3255,F,7,4,SURGERY
3256,F,1,6,ORTHOPEDICS
3257,F,12,3,GENERAL
3258,M,1,5,CARDIOLOGY
3259,M,1,5,SURGERY
3260,M,6,4,GENERAL
3261,M,10,4,GENERAL
3262,F,6,4,GENERAL
3263,M,10,3,GENERAL
3264,M,10,3,GENERAL
3265,M,8,4,GENERAL
3266,F,1,5,ORTHOPEDICS
3267,F,6,4,ORTHOPEDICS
3268,M,11,3,GENERAL
3269,F,10,4,ORTHOPEDICS
3270,M,7,4,ORTHOPEDICS
3271,M,1,5,GENERAL
3272,M,1,5,GENERAL
3273,F,7,4,ORTHOPEDICS
3274,F,10,3,SURGERY
3275,M,10,4,SURGERY
3276,F,13,3,ORTHOPEDICS
3277,F,1,5,SURGERY
3278,F,6,4,GENERAL
3279,F,7,4,ORTHOPEDICS
3280,M,10,4,CARDIOLOGY
3281,F,11,3,GENERAL
3282,M,6,4,SURGERY
3283,M,10,4,ORTHOPEDICS
3284,F,1,6,GENERAL
3285,F,6,4,CARDIOLOGY
3286,M,10,3,ORTHOPEDICS
3287,F,1,6,SURGERY
3288,M,6,4,CARDIOLOGY
3289,M,7,4,CARDIOLOGY
3290,M,10,3,ORTHOPEDICS
3291,M,11,3,GENERAL
3292,F,10,3,CARDIOLOGY
3293,F,10,4,GENERAL
3294,M,13,3,ORTHOPEDICS
3295,M,7,4,GENERAL
3296,F,1,5,CARDIOLOGY
3297,F,10,3,GENERAL
3298,F,11,3,SURGERY
3299,M,10,3,GENERAL
3300,F,1,5,SURGERY
3301,M,11,3,GENERAL
3302,F,1,5,ORTHOPEDICS
3303,M,6,4,CARDIOLOGY
3304,M,10,4,SURGERY
3305,M,7,4,GENERAL
3306,F,1,5,SURGERY
3307,F,6,4,GENERAL
3308,M,6,4,GENERAL
3309,F,10,3,ORTHOPEDICS
3310,F,6,4,GENERAL
3311,F,10,3,ORTHOPEDICS
3312,F,10,4,SURGERY
3313,F,11,3,CARDIOLOGY
3314,M,1,5,CARDIOLOGY
3315,M,1,5,CARDIOLOGY
3316,M,1,5,GENERAL
3317,M,1,5,ORTHOPEDICS
3318,F,1,6,GENERAL
3319,F,1,5,SURGERY
3320,M,7,4,SURGERY
3321,F,1,6,SURGERY
3322,M,1,6,GENERAL
3323,F,1,5,CARDIOLOGY
3324,M,1,6,ORTHOPEDICS
3325,M,1,5,ORTHOPEDICS
3326,M,11,3,CARDIOLOGY
3327,F,6,4,CARDIOLOGY
3328,F,10,3,GENERAL
3329,M,6,4,GENERAL
3330,M,10,4,GENERAL
3331,F,10,3,GENERAL
3332,F,10,4,ORTHOPEDICS
3333,M,7,4,ORTHOPEDICS
3334,M,1,5,GENERAL
3335,M,13,2,CARDIOLOGY
3336,M,6,4,CARDIOLOGY
3337,F,6,4,ORTHOPEDICS
3338,M,13,2,GENERAL
3339,F,1,5,CARDIOLOGY
3340,F,10,3,ORTHOPEDICS
3341,M,6,4,SURGERY
3342,M,1,5,GENERAL
3343,F,1,5,ORTHOPEDICS
3344,M,10,3,GENERAL
3345,F,13,3,CARDIOLOGY
3346,M,7,4,GENERAL
3347,F,6,4,SURGERY
3348,M,1,5,ORTHOPEDICS
3349,M,6,4,ORTHOPEDICS
3350,M,1,6,GENERAL
3351,F,6,4,CARDIOLOGY
3352,F,10,4,SURGERY
3353,M,12,3,ORTHOPEDICS
3354,M,13,2,GENERAL
3355,F,1,5,GENERAL
3356,F,10,3,ORTHOPEDICS
3357,M,1,5,CARDIOLOGY
3358,F,1,5,GENERAL
3359,M,6,4,ORTHOPEDICS
3360,F,13,2,ORTHOPEDICS
3361,F,6,4,GENERAL
3362,F,6,4,ORTHOPEDICS
3363,M,1,5,ORTHOPEDICS
3364,M,7,4,GENERAL
3365,M,1,5,GENERAL
3366,M,11,3,CARDIOLOGY
3367,M,6,4,SURGERY
3368,F,10,3,GENERAL
3369,M,13,2,GENERAL
3370,M,7,4,CARDIOLOGY
3371,F,11,3,CARDIOLOGY
3372,M,1,5,GENERAL
3373,M,11,3,ORTHOPEDICS
3374,M,6,4,CARDIOLOGY
3375,F,1,5,GENERAL
3376,M,10,3,SURGERY
3377,M,1,5,SURGERY
3378,M,6,4,GENERAL
3379,F,7,4,ORTHOPEDICS
3380,M,13,1,GENERAL
3381,M,7,4,GENERAL
3382,M,10,4,CARDIOLOGY
3383,M,1,5,CARDIOLOGY
3384,F,1,5,GENERAL
3385,M,6,4,ORTHOPEDICS
3386,F,11,3,ORTHOPEDICS
3387,F,6,4,SURGERY
3388,M,1,5,SURGERY
3389,F,6,4,GENERAL
3390,M,10,4,GENERAL
3391,F,6,4,GENERAL
3392,F,1,5,GENERAL
3393,M,6,4,GENERAL
3394,F,1,5,SURGERY
3395,F,10,3,SURGERY
3396,F,6,4,SURGERY
3397,M,10,4,GENERAL
3398,M,1,5,SURGERY
3399,M,1,5,GENERAL
3400,M,1,5,ORTHOPEDICS
3401,F,10,3,GENERAL
3402,F,1,6,CARDIOLOGY
3403,F,1,5,ORTHOPEDICS
3404,M,10,3,ORTHOPEDICS
3405,F,10,4,ORTHOPEDICS
3406,F,10,3,GENERAL
3407,M,1,5,GENERAL
3408,F,1,5,GENERAL
3409,M,6,4,CARDIOLOGY
3410,F,13,1,SURGERY
3411,F,13,2,GENERAL
3412,M,13,2,GENERAL
3413,M,11,3,ORTHOPEDICS
3414,M,13,3,GENERAL
3415,F,1,6,CARDIOLOGY
3416,F,10,4,CARDIOLOGY
3417,M,10,3,CARDIOLOGY
3418,F,10,4,CARDIOLOGY
3419,F,11,3,SURGERY
3420,M,13,2,SURGERY
3421,M,1,5,ORTHOPEDICS
3422,F,1,5,ORTHOPEDICS
3423,F,1,5,GENERAL
3424,M,10,3,CARDIOLOGY
3425,M,10,3,CARDIOLOGY
3426,M,6,4,CARDIOLOGY
3427,F,6,4,SURGERY
3428,M,13,3,CARDIOLOGY
3429,M,10,4,ORTHOPEDICS
3430,F,10,3,GENERAL
3431,F,1,5,GENERAL
3432,F,6,4,CARDIOLOGY
3433,M,13,3,ORTHOPEDICS
3434,F,1,5,GENERAL
3435,M,10,4,GENERAL
3436,M,1,5,SURGERY
3437,F,10,3,CARDIOLOGY
3438,M,13,3,CARDIOLOGY
3439,F,6,4,ORTHOPEDICS
3440,F,1,6,ORTHOPEDICS
3441,M,10,3,GENERAL
3442,F,1,5,GENERAL
3443,F,7,4,ORTHOPEDICS
3444,M,10,3,ORTHOPEDICS
3445,M,1,6,GENERAL
3446,M,10,4,SURGERY
3447,M,6,4,ORTHOPEDICS
3448,M,10,3,ORTHOPEDICS
3449,F,6,4,GENERAL
3450,M,10,3,SURGERY
3451,M,13,2,SURGERY
3452,M,6,4,CARDIOLOGY
3453,F,10,3,ORTHOPEDICS
3454,F,10,3,CARDIOLOGY
3455,M,1,5,SURGERY
3456,F,6,4,GENERAL
3457,F,6,4,SURGERY
3458,M,10,4,GENERAL
3459,M,6,4,CARDIOLOGY
3460,F,6,4,GENERAL
3461,F,1,6,GENERAL
3462,M,10,3,ORTHOPEDICS
3463,M,6,4,ORTHOPEDICS
3464,M,1,5,GENERAL
3465,F,10,3,CARDIOLOGY
3466,F,7,4,SURGERY
3467,F,6,4,ORTHOPEDICS
3468,F,11,3,GENERAL
3469,M,6,4,SURGERY
3470,F,11,3,CARDIOLOGY
3471,F,1,5,GENERAL
3472,F,11,3,GENERAL
3473,M,1,6,GENERAL
3474,F,10,3,GENERAL
3475,M,1,5,ORTHOPEDICS
3476,M,6,4,ORTHOPEDICS
3477,M,13,3,CARDIOLOGY
3478,M,1,6,SURGERY
3479,F,11,3,ORTHOPEDICS
3480,F,1,6,GENERAL
3481,M,11,3,GENERAL
3482,M,7,4,SURGERY
3483,M,1,6,SURGERY
3484,M,12,3,SURGERY
3485,M,6,4,CARDIOLOGY
3486,M,6,4,CARDIOLOGY
3487,M,10,3,GENERAL
3488,M,6,4,ORTHOPEDICS
3489,M,13,2,CARDIOLOGY
3490,M,10,3,GENERAL
3491,M,6,4,GENERAL
3492,F,13,3,CARDIOLOGY
3493,F,13,3,ORTHOPEDICS
3494,F,10,3,ORTHOPEDICS
3495,F,6,4,CARDIOLOGY
3496,M,11,3,GENERAL
3497,F,10,3,SURGERY
3498,M,1,5,CARDIOLOGY
3499,M,6,4,GENERAL
3500,F,6,4,CARDIOLOGY
3501,M,10,3,CARDIOLOGY
3502,F,6,4,GENERAL
3503,F,1,5,GENERAL
3504,M,1,5,ORTHOPEDICS
3505,M,1,5,GENERAL
3506,F,11,3,CARDIOLOGY
3507,M,10,3,CARDIOLOGY
3508,F,10,4,ORTHOPEDICS
3509,F,11,3,GENERAL
3510,F,1,5,GENERAL
3511,F,7,4,CARDIOLOGY
3512,F,10,3,GENERAL
3513,M,8,4,ORTHOPEDICS
3514,M,10,3,GENERAL
3515,M,6,4,CARDIOLOGY
3516,M,6,4,GENERAL
3517,M,10,4,ORTHOPEDICS
3518,M,7,4,ORTHOPEDICS
3519,F,1,5,GENERAL
3520,F,1,5,ORTHOPEDICS
3521,F,10,3,GENERAL
3522,M,11,3,GENERAL
3523,M,6,4,SURGERY
3524,F,1,5,GENERAL
3525,M,13,3,GENERAL
3526,F,1,5,GENERAL
3527,F,6,5,CARDIOLOGY
3528,F,1,5,ORTHOPEDICS
3529,M,10,3,SURGERY
3530,M,10,4,ORTHOPEDICS
3531,F,10,4,SURGERY
3532,F,1,5,GENERAL
3533,F,1,6,GENERAL
3534,M,10,3,GENERAL
3535,F,6,4,GENERAL
3536,F,10,4,GENERAL
3537,M,6,4,GENERAL
3538,M,6,4,CARDIOLOGY
3539,F,7,4,SURGERY
3540,M,11,3,ORTHOPEDICS
3541,F,11,3,SURGERY
3542,F,6,4,GENERAL
3543,F,6,4,CARDIOLOGY
3544,F,11,3,SURGERY
3545,F,6,4,CARDIOLOGY
3546,F,6,4,ORTHOPEDICS
3547,M,1,5,GENERAL
3548,F,1,5,CARDIOLOGY
3549,M,1,5,GENERAL
3550,F,6,4,GENERAL
3551,F,1,5,ORTHOPEDICS
3552,F,1,5,GENERAL
3553,M,7,4,CARDIOLOGY
3554,M,6,4,CARDIOLOGY
3555,M,1,5,GENERAL
3556,F,10,3,SURGERY
3557,M,10,3,ORTHOPEDICS
3558,M,6,4,GENERAL
3559,F,1,5,GENERAL
3560,M,10,3,GENERAL
3561,M,1,5,CARDIOLOGY
3562,M,11,3,SURGERY
3563,M,1,5,SURGERY
3564,M,13,2,SURGERY
3565,F,6,4,GENERAL
3566,M,10,3,GENERAL
3567,F,11,3,SURGERY
3568,M,13,2,ORTHOPEDICS
3569,F,10,3,GENERAL
3570,M,10,4,SURGERY
3571,F,10,3,SURGERY
3572,M,13,2,SURGERY
3573,F,1,5,SURGERY
3574,M,10,3,GENERAL
3575,F,1,5,ORTHOPEDICS
3576,F,1,5,GENERAL
3577,F,1,5,CARDIOLOGY
3578,F,6,4,ORTHOPEDICS
3579,M,7,4,GENERAL
3580,M,10,4,CARDIOLOGY
3581,M,1,5,ORTHOPEDICS
3582,M,10,3,ORTHOPEDICS
3583,M,7,4,ORTHOPEDICS
3584,F,1,5,CARDIOLOGY
3585,M,7,4,CARDIOLOGY
3586,F,11,3,CARDIOLOGY
3587,F,8,4,ORTHOPEDICS
3588,M,6,4,ORTHOPEDICS
3589,F,11,3,ORTHOPEDICS
3590,M,1,5,GENERAL
3591,F,10,3,SURGERY
3592,F,1,5,GENERAL
3593,M,11,3,CARDIOLOGY
3594,M,6,4,CARDIOLOGY
3595,M,13,1,GENERAL
3596,M,6,4,ORTHOPEDICS
3597,F,10,3,SURGERY
3598,F,10,4,SURGERY
3599,F,10,4,GENERAL
3600,F,7,4,GENERAL
3601,F,7,4,CARDIOLOGY
3602,M,11,3,GENERAL
3603,M,13,1,GENERAL
3604,M,6,4,GENERAL
3605,M,6,4,GENERAL
3606,F,1,5,SURGERY
3607,M,10,4,GENERAL
3608,F,6,4,GENERAL
3609,F,1,5,ORTHOPEDICS
3610,M,6,4,CARDIOLOGY
3611,F,13,3,SURGERY
3612,F,7,4,GENERAL
3613,M,6,4,GENERAL
3614,F,1,5,ORTHOPEDICS
3615,F,10,3,CARDIOLOGY
3616,F,13,3,GENERAL
3617,M,6,4,SURGERY
3618,M,6,4,ORTHOPEDICS
3619,M,6,4,CARDIOLOGY
3620,F,10,3,ORTHOPEDICS
3621,M,13,2,GENERAL
3622,F,1,5,GENERAL
3623,M,1,5,CARDIOLOGY
3624,M,10,3,ORTHOPEDICS
3625,F,6,4,GENERAL
3626,M,10,3,GENERAL
3627,F,1,5,SURGERY
3628,M,1,5,GENERAL
3629,M,1,5,GENERAL
3630,F,10,4,SURGERY
3631,M,13,2,ORTHOPEDICS
3632,F,1,5,ORTHOPEDICS
3633,F,10,3,CARDIOLOGY
3634,M,6,4,GENERAL
3635,F,13,3,SURGERY
3636,M,6,4,SURGERY
3637,M,8,4,CARDIOLOGY
3638,M,13,3,ORTHOPEDICS
3639,M,6,4,GENERAL
3640,M,1,6,ORTHOPEDICS
3641,M,11,3,GENERAL
3642,F,6,4,ORTHOPEDICS
3643,M,13,2,ORTHOPEDICS
3644,F,1,6,CARDIOLOGY
3645,M,7,4,ORTHOPEDICS
3646,F,6,4,SURGERY
3647,M,1,5,CARDIOLOGY
3648,M,13,2,GENERAL
3649,F,1,6,GENERAL
3650,M,10,4,SURGERY
3651,M,6,4,CARDIOLOGY
3652,F,1,5,ORTHOPEDICS
3653,F,6,4,GENERAL
3654,M,6,4,ORTHOPEDICS
3655,F,6,4,CARDIOLOGY
3656,F,10,4,GENERAL
3657,M,10,4,GENERAL
3658,F,7,4,CARDIOLOGY
3659,F,6,4,GENERAL
3660,F,11,3,GENERAL
3661,F,1,5,GENERAL
3662,M,1,5,SURGERY
3663,F,6,4,SURGERY
3664,F,1,5,GENERAL
3665,M,10,3,ORTHOPEDICS
3666,F,13,3,ORTHOPEDICS
3667,M,13,3,CARDIOLOGY
3668,F,6,4,GENERAL
3669,M,1,5,SURGERY
3670,M,1,5,GENERAL
3671,M,1,5,ORTHOPEDICS
3672,M,6,4,GENERAL
3673,M,10,3,GENERAL
3674,M,7,4,CARDIOLOGY
3675,M,1,5,ORTHOPEDICS
3676,F,1,5,GENERAL
3677,F,13,3,SURGERY
3678,F,1,5,GENERAL
3679,M,1,5,SURGERY
3680,M,10,3,GENERAL
3681,M,7,4,ORTHOPEDICS
3682,F,1,6,CARDIOLOGY
3683,M,1,5,ORTHOPEDICS
3684,F,6,4,SURGERY
3685,F,11,3,ORTHOPEDICS
3686,F,6,4,CARDIOLOGY
3687,F,6,4,GENERAL
3688,M,1,5,ORTHOPEDICS
3689,M,6,4,ORTHOPEDICS
3690,M,1,5,ORTHOPEDICS
3691,F,6,4,CARDIOLOGY
3692,F,13,3,GENERAL
3693,F,6,4,CARDIOLOGY
3694,F,6,4,GENERAL
3695,F,10,4,GENERAL
3696,F,13,2,GENERAL
3697,F,7,4,GENERAL
3698,F,1,5,GENERAL
3699,F,6,4,SURGERY
3700,M,1,5,SURGERY
3701,M,1,5,CARDIOLOGY
3702,M,13,3,GENERAL
3703,F,10,4,GENERAL
3704,F,10,4,GENERAL
3705,M,10,3,GENERAL
3706,F,6,4,SURGERY
3707,F,13,3,GENERAL
3708,F,7,4,SURGERY
3709,F,6,4,GENERAL
3710,M,10,3,SURGERY
3711,M,10,4,GENERAL
3712,M,6,4,SURGERY
3713,F,10,4,SURGERY
3714,F,10,3,GENERAL
3715,M,11,3,GENERAL
3716,M,1,6,SURGERY
3717,M,1,5,GENERAL
3718,M,10,3,GENERAL
3719,F,11,3,SURGERY
3720,F,10,4,CARDIOLOGY
3721,M,11,3,SURGERY
3722,F,1,6,GENERAL
3723,M,6,4,GENERAL
3724,F,11,3,CARDIOLOGY
3725,F,13,2,SURGERY
3726,M,7,4,SURGERY
3727,F,1,5,SURGERY
3728,M,10,3,SURGERY
3729,F,13,3,SURGERY
3730,F,12,3,CARDIOLOGY
3731,F,1,5,GENERAL
3732,F,1,5,SURGERY
3733,M,1,5,GENERAL
3734,F,6,4,CARDIOLOGY
3735,F,11,3,GENERAL
3736,F,1,6,CARDIOLOGY
3737,M,1,5,GENERAL
3738,F,6,4,ORTHOPEDICS
3739,F,10,3,CARDIOLOGY
3740,M,10,4,GENERAL
3741,M,6,4,ORTHOPEDICS
3742,M,13,3,CARDIOLOGY
3743,M,1,6,GENERAL
3744,F,11,3,GENERAL
3745,M,11,3,SURGERY
3746,M,1,5,GENERAL
3747,M,1,5,CARDIOLOGY
3748,F,10,4,ORTHOPEDICS
3749,F,13,3,GENERAL
3750,M,1,5,CARDIOLOGY
3751,F,1,5,CARDIOLOGY
3752,M,1,6,SURGERY
3753,F,1,6,SURGERY
3754,M,13,3,SURGERY
3755,F,10,3,ORTHOPEDICS
3756,M,6,4,GENERAL
3757,F,1,5,CARDIOLOGY
3758,M,6,4,SURGERY
3759,F,6,4,SURGERY
3760,F,1,5,CARDIOLOGY
3761,F,10,4,GENERAL
3762,M,10,3,ORTHOPEDICS
3763,F,11,3,GENERAL
3764,M,13,2,SURGERY
3765,M,6,4,GENERAL
3766,M,11,3,ORTHOPEDICS
3767,M,10,3,GENERAL
3768,M,7,4,GENERAL
3769,M,12,3,SURGERY
3770,F,1,5,CARDIOLOGY
3771,M,10,3,SURGERY
3772,F,6,4,SURGERY
3773,F,13,3,SURGERY
3774,F,11,3,GENERAL
3775,F,1,5,SURGERY
3776,M,1,5,ORTHOPEDICS
3777,F,13,3,SURGERY
3778,M,13,2,GENERAL
3779,F,10,3,CARDIOLOGY
3780,F,1,5,SURGERY
3781,F,10,3,CARDIOLOGY
3782,M,6,4,ORTHOPEDICS
3783,M,10,3,GENERAL
3784,F,11,3,SURGERY
3785,F,13,3,SURGERY
3786,M,6,4,ORTHOPEDICS
3787,F,1,5,GENERAL
3788,M,10,4,SURGERY
3789,F,1,5,GENERAL
3790,M,6,4,SURGERY
3791,M,1,5,SURGERY
3792,F,1,5,GENERAL
3793,F,1,5,SURGERY
3794,F,10,4,SURGERY
3795,F,6,4,SURGERY
3796,F,10,4,GENERAL
3797,F,1,5,ORTHOPEDICS
3798,M,6,4,GENERAL
3799,M,6,4,SURGERY
3800,M,10,3,SURGERY
3801,F,7,4,GENERAL
3802,M,7,4,GENERAL
3803,F,1,7,SURGERY
3804,M,6,4,ORTHOPEDICS
3805,M,1,5,GENERAL
3806,M,10,3,SURGERY
3807,F,1,5,CARDIOLOGY
3808,M,1,5,CARDIOLOGY
3809,F,13,2,GENERAL
3810,F,6,4,CARDIOLOGY
3811,M,6,4,CARDIOLOGY
3812,M,10,3,ORTHOPEDICS
3813,M,6,4,GENERAL
3814,F,13,3,SURGERY
3815,F,10,4,CARDIOLOGY
3816,F,6,4,ORTHOPEDICS
3817,F,13,3,SURGERY
3818,F,10,4,GENERAL
3819,M,6,4,ORTHOPEDICS
3820,F,10,3,GENERAL
3821,M,1,6,CARDIOLOGY
3822,F,10,4,GENERAL
3823,M,10,3,SURGERY
3824,F,13,2,GENERAL
3825,F,1,5,GENERAL
3826,F,6,4,CARDIOLOGY
3827,M,10,3,CARDIOLOGY
3828,M,13,3,ORTHOPEDICS
3829,F,6,4,SURGERY
3830,F,7,4,GENERAL
3831,M,11,3,GENERAL
3832,M,1,6,CARDIOLOGY
3833,M,10,3,CARDIOLOGY
3834,F,10,4,CARDIOLOGY
3835,M,6,4,SURGERY
3836,F,11,3,GENERAL
3837,F,6,4,CARDIOLOGY
3838,F,11,3,CARDIOLOGY
3839,M,10,3,GENERAL
3840,M,6,4,GENERAL
3841,M,7,4,GENERAL
3842,F,10,3,SURGERY
3843,F,13,3,ORTHOPEDICS
3844,F,7,4,CARDIOLOGY
3845,F,11,3,GENERAL
3846,M,13,2,SURGERY
3847,M,6,4,GENERAL
3848,M,6,4,GENERAL
3849,F,11,3,SURGERY
3850,F,7,4,GENERAL
3851,M,13,2,SURGERY
3852,F,6,4,ORTHOPEDICS
3853,M,11,3,SURGERY
3854,F,1,5,SURGERY
3855,F,10,4,GENERAL
3856,M,1,6,ORTHOPEDICS
3857,M,6,4,GENERAL
3858,F,1,5,SURGERY
3859,F,1,5,GENERAL
3860,F,13,1,SURGERY
3861,M,1,5,ORTHOPEDICS
3862,F,10,3,SURGERY
3863,M,1,5,CARDIOLOGY
3864,M,10,4,GENERAL
3865,M,10,3,ORTHOPEDICS
3866,F,6,4,GENERAL
3867,M,6,4,ORTHOPEDICS
3868,F,6,4,CARDIOLOGY
3869,M,11,3,SURGERY
3870,M,6,4,GENERAL
3871,M,10,4,ORTHOPEDICS
3872,M,1,5,GENERAL
3873,F,1,5,CARDIOLOGY
3874,F,10,4,GENERAL
3875,F,11,3,CARDIOLOGY
3876,F,1,5,CARDIOLOGY
3877,M,13,2,CARDIOLOGY
3878,M,1,5,GENERAL
3879,F,10,3,ORTHOPEDICS
3880,F,10,4,CARDIOLOGY
3881,M,1,5,GENERAL
3882,F,10,3,GENERAL
3883,M,6,4,GENERAL
3884,M,10,4,CARDIOLOGY
3885,F,11,3,GENERAL
3886,F,6,4,GENERAL
3887,F,12,3,GENERAL
3888,M,13,3,GENERAL
3889,M,1,5,CARDIOLOGY
3890,F,6,4,GENERAL
3891,M,10,3,GENERAL
3892,M,10,3,GENERAL
3893,M,1,5,GENERAL
3894,M,10,3,GENERAL
3895,F,7,4,GENERAL
3896,F,6,4,SURGERY
3897,F,1,5,GENERAL
3898,F,11,3,CARDIOLOGY
3899,M,1,7,GENERAL
3900,M,6,4,SURGERY
3901,F,6,4,GENERAL
3902,F,1,5,CARDIOLOGY
3903,M,11,3,SURGERY
3904,M,10,4,GENERAL
3905,M,6,4,ORTHOPEDICS
3906,M,10,3,ORTHOPEDICS
3907,M,7,4,GENERAL
3908,M,10,3,ORTHOPEDICS
3909,F,1,6,SURGERY
3910,M,10,4,CARDIOLOGY
3911,F,1,5,CARDIOLOGY
3912,M,6,4,GENERAL
3913,F,1,6,ORTHOPEDICS
3914,F,1,6,SURGERY
3915,F,1,6,GENERAL
3916,F,10,3,SURGERY
3917,F,6,4,GENERAL
3918,F,6,4,GENERAL
3919,F,10,3,CARDIOLOGY
3920,M,13,2,GENERAL
3921,F,1,5,SURGERY
3922,F,10,4,GENERAL
3923,F,10,3,CARDIOLOGY
3924,F,10,4,SURGERY
3925,F,11,3,SURGERY
3926,F,1,5,ORTHOPEDICS
3927,F,1,5,CARDIOLOGY
3928,F,6,4,CARDIOLOGY
3929,M,10,3,GENERAL
3930,F,1,5,ORTHOPEDICS
3931,F,6,4,GENERAL
3932,M,1,5,ORTHOPEDICS
3933,M,1,5,GENERAL
3934,F,10,3,ORTHOPEDICS
3935,F,6,4,GENERAL
3936,F,7,4,CARDIOLOGY
3937,F,6,4,SURGERY
3938,M,11,3,GENERAL
3939,M,1,5,GENERAL
3940,M,10,3,GENERAL
3941,M,10,3,ORTHOPEDICS
3942,F,1,5,CARDIOLOGY
3943,F,6,4,SURGERY
3944,M,11,3,ORTHOPEDICS
3945,F,10,4,GENERAL
3946,F,6,4,ORTHOPEDICS
3947,M,7,4,GENERAL
3948,F,1,5,CARDIOLOGY
3949,M,1,6,SURGERY
3950,M,10,4,SURGERY
3951,M,6,4,ORTHOPEDICS
3952,F,1,5,SURGERY
3953,M,6,4,GENERAL
3954,F,11,3,ORTHOPEDICS
3955,F,1,6,GENERAL
3956,M,10,3,CARDIOLOGY
3957,F,13,2,GENERAL
3958,M,11,3,SURGERY
3959,M,6,4,ORTHOPEDICS
3960,M,1,5,GENERAL
3961,M,6,4,GENERAL
3962,F,1,5,SURGERY
3963,F,10,4,GENERAL
3964,M,1,6,CARDIOLOGY
3965,F,6,4,GENERAL
3966,M,6,4,CARDIOLOGY
3967,F,1,5,ORTHOPEDICS
3968,F,6,4,CARDIOLOGY
3969,F,6,4,GENERAL
3970,M,6,4,ORTHOPEDICS
3971,F,7,4,GENERAL
3972,M,6,4,ORTHOPEDICS
3973,M,1,5,GENERAL
3974,M,6,4,CARDIOLOGY
3975,M,10,3,GENERAL
3976,F,1,5,ORTHOPEDICS
3977,M,10,4,SURGERY
3978,M,10,3,GENERAL
3979,M,7,4,SURGERY
3980,F,13,2,SURGERY
3981,F,10,3,GENERAL
3982,M,10,3,ORTHOPEDICS
3983,F,10,4,SURGERY
3984,F,6,4,ORTHOPEDICS
3985,M,10,3,SURGERY
3986,F,6,4,ORTHOPEDICS
3987,F,1,5,GENERAL
3988,F,1,6,ORTHOPEDICS
3989,M,6,4,GENERAL
3990,M,11,3,GENERAL
3991,M,13,2,GENERAL
3992,M,10,3,SURGERY
3993,F,10,3,GENERAL
3994,M,6,4,SURGERY
3995,F,10,4,CARDIOLOGY
3996,M,10,3,GENERAL
3997,M,6,4,SURGERY
3998,M,6,4,GENERAL
3999,F,11,3,GENERAL
4000,M,10,4,GENERAL
4001,M,10,3,GENERAL
4002,F,1,5,GENERAL
4003,F,10,4,ORTHOPEDICS
4004,F,1,5,CARDIOLOGY
4005,M,1,5,CARDIOLOGY
4006,F,6,4,GENERAL
4007,F,11,3,GENERAL
4008,M,1,6,GENERAL
4009,M,10,3,CARDIOLOGY
4010,M,10,4,ORTHOPEDICS
4011,F,10,3,SURGERY
4012,F,6,4,GENERAL
4013,M,6,4,GENERAL
4014,F,10,4,GENERAL
4015,F,1,6,SURGERY
4016,F,6,4,SURGERY
4017,M,1,5,GENERAL
4018,F,1,5,CARDIOLOGY
4019,M,6,4,SURGERY
4020,F,13,3,GENERAL
4021,M,10,3,ORTHOPEDICS
4022,M,1,5,CARDIOLOGY
4023,F,10,3,SURGERY
4024,F,11,3,GENERAL
4025,F,6,4,ORTHOPEDICS
4026,M,6,4,CARDIOLOGY
4027,F,10,4,GENERAL
4028,M,10,3,ORTHOPEDICS
4029,F,6,4,GENERAL
4030,F,6,4,SURGERY
4031,F,1,6,GENERAL
4032,F,10,4,ORTHOPEDICS
4033,M,6,4,CARDIOLOGY
4034,M,1,5,GENERAL
4035,F,13,3,CARDIOLOGY
4036,M,1,5,ORTHOPEDICS
4037,M,11,3,SURGERY
4038,F,10,3,GENERAL
4039,M,10,3,GENERAL
4040,M,10,3,GENERAL
4041,F,6,4,ORTHOPEDICS
4042,F,1,5,SURGERY
4043,M,7,4,GENERAL
4044,F,7,4,CARDIOLOGY
4045,F,1,5,GENERAL
4046,M,10,3,SURGERY
4047,M,10,3,SURGERY
4048,F,10,3,ORTHOPEDICS
4049,M,6,4,GENERAL
4050,M,6,4,GENERAL
4051,M,6,4,SURGERY
4052,F,1,5,CARDIOLOGY
4053,M,10,3,GENERAL
4054,M,1,5,ORTHOPEDICS
4055,M,13,3,GENERAL
4056,M,10,3,ORTHOPEDICS
4057,F,10,3,GENERAL
4058,F,1,5,SURGERY
4059,M,7,4,SURGERY
4060,F,6,4,CARDIOLOGY
4061,F,1,5,GENERAL
4062,M,7,4,GENERAL
4063,M,11,3,ORTHOPEDICS
4064,M,6,4,CARDIOLOGY
4065,M,10,3,GENERAL
4066,F,1,5,GENERAL
4067,M,10,3,ORTHOPEDICS
4068,M,10,4,ORTHOPEDICS
4069,M,1,5,ORTHOPEDICS
4070,M,6,4,GENERAL
4071,M,7,4,CARDIOLOGY
4072,M,6,4,CARDIOLOGY
4073,F,6,4,ORTHOPEDICS
4074,F,1,5,SURGERY
4075,F,6,4,SURGERY
4076,F,8,4,SURGERY
4077,F,1,5,GENERAL
4078,F,6,4,GENERAL
4079,F,10,4,ORTHOPEDICS
4080,M,6,5,GENERAL
4081,F,1,5,GENERAL
4082,M,10,4,GENERAL
4083,M,6,4,GENERAL
4084,M,1,5,ORTHOPEDICS
4085,F,6,4,SURGERY
4086,M,11,3,ORTHOPEDICS
4087,M,10,3,ORTHOPEDICS
4088,F,10,3,SURGERY
4089,M,10,4,CARDIOLOGY
4090,F,10,3,GENERAL
4091,F,10,4,GENERAL
4092,M,10,3,GENERAL
4093,M,1,5,ORTHOPEDICS
4094,M,6,4,GENERAL
4095,M,10,3,GENERAL
4096,F,10,3,CARDIOLOGY
4097,M,10,3,CARDIOLOGY
4098,M,6,4,GENERAL
4099,F,1,5,CARDIOLOGY
4100,F,13,2,ORTHOPEDICS
4101,F,10,3,GENERAL
4102,F,1,5,CARDIOLOGY
4103,M,6,4,ORTHOPEDICS
4104,F,10,4,CARDIOLOGY
4105,F,1,5,GENERAL
4106,F,6,4,GENERAL
4107,F,13,2,CARDIOLOGY
4108,F,11,3,SURGERY
4109,M,1,5,GENERAL
4110,F,1,5,CARDIOLOGY
4111,M,1,5,CARDIOLOGY
4112,F,1,6,ORTHOPEDICS
4113,M,1,6,GENERAL
4114,F,1,5,GENERAL
4115,F,10,4,GENERAL
4116,M,10,3,CARDIOLOGY
4117,M,1,5,GENERAL
4118,M,6,4,CARDIOLOGY
4119,M,10,4,GENERAL
4120,F,6,4,ORTHOPEDICS
4121,F,1,5,SURGERY
4122,M,10,3,SURGERY
4123,F,1,5,SURGERY
4124,F,1,5,CARDIOLOGY
4125,M,10,3,CARDIOLOGY
4126,M,10,3,SURGERY
4127,M,11,3,GENERAL
4128,M,6,4,SURGERY
4129,F,11,3,SURGERY
4130,F,13,1,GENERAL
4131,F,7,4,ORTHOPEDICS
4132,F,6,4,GENERAL
4133,F,10,3,SURGERY
4134,M,7,4,ORTHOPEDICS
4135,F,6,4,SURGERY
4136,M,1,5,GENERAL
4137,F,1,5,ORTHOPEDICS
4138,F,1,5,SURGERY
4139,M,10,3,ORTHOPEDICS
4140,F,1,6,SURGERY
4141,F,6,4,SURGERY
4142,M,1,5,ORTHOPEDICS
4143,M,6,4,ORTHOPEDICS
4144,M,13,3,GENERAL
4145,M,10,3,SURGERY
4146,F,6,4,SURGERY
4147,F,1,7,GENERAL
4148,F,6,4,GENERAL
4149,F,10,4,ORTHOPEDICS
4150,F,10,3,GENERAL
4151,F,10,4,ORTHOPEDICS
4152,M,10,3,GENERAL
4153,F,6,4,GENERAL
4154,M,7,4,GENERAL
4155,F,6,4,ORTHOPEDICS
4156,F,6,4,GENERAL
4157,M,11,3,CARDIOLOGY
4158,F,1,5,ORTHOPEDICS
4159,F,10,3,GENERAL
4160,F,6,4,GENERAL
4161,M,10,3,SURGERY
4162,M,10,3,ORTHOPEDICS
4163,M,6,4,GENERAL
4164,F,10,3,ORTHOPEDICS
4165,M,6,4,ORTHOPEDICS
4166,F,12,3,GENERAL
4167,F,1,5,SURGERY
4168,M,6,4,SURGERY
4169,F,13,3,GENERAL
4170,M,1,5,GENERAL
4171,M,6,4,CARDIOLOGY
4172,M,10,3,CARDIOLOGY
4173,F,6,4,GENERAL
4174,F,1,6,SURGERY
4175,M,11,3,CARDIOLOGY
4176,M,1,5,CARDIOLOGY
4177,F,1,5,GENERAL
4178,M,10,4,GENERAL
4179,M,1,6,CARDIOLOGY
4180,F,1,6,GENERAL
4181,M,10,3,GENERAL
4182,M,6,4,GENERAL
4183,F,6,4,CARDIOLOGY
4184,F,1,6,CARDIOLOGY
4185,M,6,4,GENERAL
4186,M,10,3,ORTHOPEDICS
4187,M,1,5,GENERAL
4188,M,1,5,GENERAL
4189,F,1,5,GENERAL
4190,M,6,4,ORTHOPEDICS
4191,F,10,3,GENERAL
4192,M,10,4,GENERAL
4193,M,13,1,SURGERY
4194,F,13,3,SURGERY
4195,F,1,6,ORTHOPEDICS
4196,M,1,5,SURGERY
4197,F,1,6,SURGERY
4198,F,11,3,ORTHOPEDICS
4199,M,10,3,CARDIOLOGY
4200,M,1,5,GENERAL
4201,F,13,2,GENERAL
4202,M,1,5,CARDIOLOGY
4203,M,10,3,ORTHOPEDICS
4204,F,10,4,SURGERY
4205,M,1,5,SURGERY
4206,M,1,5,CARDIOLOGY
4207,M,10,4,CARDIOLOGY
4208,M,10,4,SURGERY
4209,M,10,3,GENERAL
4210,F,10,3,GENERAL
4211,F,6,4,CARDIOLOGY
4212,M,6,4,ORTHOPEDICS
4213,M,11,3,GENERAL
4214,M,13,1,GENERAL
4215,F,10,4,GENERAL
4216,M,13,2,CARDIOLOGY
4217,M,10,4,GENERAL
4218,F,1,5,ORTHOPEDICS
4219,F,1,5,GENERAL
4220,F,6,4,CARDIOLOGY
4221,M,1,5,CARDIOLOGY
4222,F,1,5,ORTHOPEDICS
4223,M,10,3,ORTHOPEDICS
4224,M,1,5,SURGERY
4225,F,6,4,GENERAL
4226,F,1,5,GENERAL
4227,M,1,5,ORTHOPEDICS
4228,F,6,4,SURGERY
4229,M,10,3,SURGERY
4230,M,6,4,SURGERY
4231,M,1,5,GENERAL
4232,F,10,3,GENERAL
4233,F,10,3,GENERAL
4234,F,1,6,CARDIOLOGY
4235,M,13,2,GENERAL
4236,M,1,5,GENERAL
4237,M,1,5,CARDIOLOGY
4238,M,11,3,ORTHOPEDICS
4239,M,6,4,GENERAL
4240,F,6,4,CARDIOLOGY
4241,M,10,3,ORTHOPEDICS
4242,M,1,5,GENERAL
4243,F,1,5,ORTHOPEDICS
4244,M,6,4,ORTHOPEDICS
4245,F,1,5,GENERAL
4246,M,6,4,SURGERY
4247,F,1,5,CARDIOLOGY
4248,M,1,5,SURGERY
4249,M,10,3,CARDIOLOGY
4250,M,6,4,GENERAL
4251,F,1,5,SURGERY
4252,M,11,3,SURGERY
4253,M,13,2,SURGERY
4254,F,10,4,GENERAL
4255,F,13,2,GENERAL
4256,M,1,5,GENERAL
4257,M,6,4,ORTHOPEDICS
4258,M,10,3,SURGERY
4259,F,7,4,CARDIOLOGY
4260,F,6,4,GENERAL
4261,M,6,4,ORTHOPEDICS
4262,M,10,3,GENERAL
4263,M,7,4,GENERAL
4264,F,6,4,ORTHOPEDICS
4265,M,1,5,CARDIOLOGY
4266,M,13,2,ORTHOPEDICS
4267,M,10,3,GENERAL
4268,F,10,4,CARDIOLOGY
4269,F,6,4,GENERAL
4270,F,7,4,GENERAL
4271,M,6,4,GENERAL
4272,M,6,4,SURGERY
4273,F,6,4,ORTHOPEDICS
4274,F,13,2,GENERAL
4275,F,1,5,SURGERY
4276,F,11,3,ORTHOPEDICS
4277,M,1,5,ORTHOPEDICS
4278,F,11,3,CARDIOLOGY
4279,M,6,4,SURGERY
4280,M,6,4,GENERAL
4281,M,6,4,GENERAL
4282,F,1,5,CARDIOLOGY
4283,F,1,5,GENERAL
4284,F,1,5,GENERAL
4285,M,6,4,SURGERY
4286,F,10,3,GENERAL
4287,M,10,4,GENERAL
4288,M,10,4,GENERAL
4289,M,8,4,GENERAL
4290,F,10,4,CARDIOLOGY
4291,F,1,5,CARDIOLOGY
4292,M,1,6,SURGERY
4293,M,1,6,ORTHOPEDICS
4294,F,7,4,GENERAL
4295,F,10,3,ORTHOPEDICS
4296,M,10,4,SURGERY
4297,M,10,3,SURGERY
4298,F,1,5,ORTHOPEDICS
4299,F,1,5,GENERAL
4300,F,1,5,GENERAL
4301,M,1,5,CARDIOLOGY
4302,F,10,3,GENERAL
4303,F,6,4,SURGERY
4304,M,6,4,CARDIOLOGY
4305,F,6,4,GENERAL
4306,M,13,3,ORTHOPEDICS
4307,M,10,3,SURGERY
4308,M,1,5,GENERAL
4309,F,13,2,CARDIOLOGY
4310,F,10,4,GENERAL
4311,M,6,4,ORTHOPEDICS
4312,F,13,1,GENERAL
4313,F,6,4,GENERAL
4314,F,1,5,ORTHOPEDICS
4315,F,1,6,CARDIOLOGY
4316,F,6,4,SURGERY
4317,F,1,5,GENERAL
4318,M,6,4,ORTHOPEDICS
4319,F,1,6,GENERAL
4320,M,10,3,ORTHOPEDICS
4321,M,11,3,ORTHOPEDICS
4322,F,6,4,SURGERY
4323,F,1,6,GENERAL
4324,M,1,5,ORTHOPEDICS
4325,M,1,5,GENERAL
4326,F,1,5,GENERAL
4327,M,10,4,SURGERY
4328,M,11,3,GENERAL
4329,F,6,4,ORTHOPEDICS
4330,F,10,3,ORTHOPEDICS
4331,F,13,2,SURGERY
4332,M,6,4,GENERAL
4333,F,1,5,CARDIOLOGY
4334,M,6,4,GENERAL
4335,F,1,5,SURGERY
4336,M,10,4,GENERAL
4337,F,1,5,CARDIOLOGY
4338,F,10,3,GENERAL
4339,F,1,6,SURGERY
4340,F,1,5,ORTHOPEDICS
4341,F,1,5,GENERAL
4342,F,10,3,GENERAL
4343,M,1,5,CARDIOLOGY
4344,M,10,4,GENERAL
4345,M,7,4,GENERAL
4346,M,6,4,CARDIOLOGY
4347,F,1,5,ORTHOPEDICS
4348,M,11,3,GENERAL
4349,M,7,4,CARDIOLOGY
4350,F,6,4,GENERAL
4351,F,1,6,ORTHOPEDICS
4352,F,1,5,SURGERY
4353,F,7,4,GENERAL
4354,F,6,4,GENERAL
4355,F,10,3,GENERAL
4356,M,6,4,SURGERY
4357,F,1,5,GENERAL
4358,M,1,5,CARDIOLOGY
4359,F,6,4,ORTHOPEDICS
4360,F,1,6,ORTHOPEDICS
4361,F,6,4,GENERAL
4362,F,1,5,SURGERY
4363,F,11,3,ORTHOPEDICS
4364,F,6,4,GENERAL
4365,F,6,4,ORTHOPEDICS
4366,M,10,3,GENERAL
4367,F,6,4,ORTHOPEDICS
4368,F,13,2,GENERAL
4369,F,1,6,CARDIOLOGY
4370,F,6,4,CARDIOLOGY
4371,M,10,3,GENERAL
4372,M,13,2,ORTHOPEDICS
4373,M,6,4,GENERAL
4374,F,6,4,CARDIOLOGY
4375,F,7,4,ORTHOPEDICS
4376,M,1,6,ORTHOPEDICS
4377,F,6,4,ORTHOPEDICS
4378,M,1,5,CARDIOLOGY
4379,M,10,3,GENERAL
4380,F,6,4,ORTHOPEDICS
4381,M,10,3,GENERAL
4382,M,6,4,GENERAL
4383,M,7,4,ORTHOPEDICS
4384,F,10,4,CARDIOLOGY
4385,M,6,4,GENERAL
4386,M,1,5,SURGERY
4387,M,6,5,CARDIOLOGY
4388,F,6,4,GENERAL
4389,M,10,4,ORTHOPEDICS
4390,F,1,6,CARDIOLOGY
4391,F,6,4,SURGERY
4392,F,13,3,ORTHOPEDICS
4393,M,11,3,CARDIOLOGY
4394,F,10,3,SURGERY
4395,M,1,5,ORTHOPEDICS
4396,M,6,4,GENERAL
4397,M,1,5,GENERAL
4398,F,1,5,GENERAL
4399,F,10,4,CARDIOLOGY
4400,M,6,4,GENERAL
4401,M,11,3,ORTHOPEDICS
4402,F,1,5,CARDIOLOGY
4403,F,1,5,CARDIOLOGY
4404,F,10,3,SURGERY
4405,M,6,4,GENERAL
4406,M,13,3,CARDIOLOGY
4407,M,10,3,SURGERY
4408,F,13,2,CARDIOLOGY
4409,F,1,5,GENERAL
4410,M,10,3,GENERAL
4411,F,6,4,CARDIOLOGY
4412,M,10,3,SURGERY
4413,F,13,1,SURGERY
4414,M,10,4,GENERAL
4415,F,10,4,ORTHOPEDICS
4416,F,10,4,GENERAL
4417,M,1,5,ORTHOPEDICS
4418,F,10,4,CARDIOLOGY
4419,M,1,5,GENERAL
4420,M,10,4,GENERAL
4421,M,13,2,CARDIOLOGY
4422,F,13,2,GENERAL
4423,M,10,4,SURGERY
4424,F,11,3,GENERAL
4425,M,6,4,GENERAL
4426,F,13,2,SURGERY
4427,F,10,4,GENERAL
4428,M,13,1,GENERAL
4429,M,6,4,CARDIOLOGY
4430,M,6,4,CARDIOLOGY
4431,M,13,2,SURGERY
4432,M,1,5,SURGERY
4433,M,13,1,GENERAL
4434,F,1,5,ORTHOPEDICS
4435,M,6,4,GENERAL
4436,F,13,2,GENERAL
4437,M,13,3,ORTHOPEDICS
4438,M,10,3,ORTHOPEDICS
4439,M,1,7,GENERAL
4440,M,10,3,GENERAL
4441,M,6,4,GENERAL
4442,M,13,3,ORTHOPEDICS
4443,M,10,4,GENERAL
4444,M,6,4,ORTHOPEDICS
4445,M,13,3,CARDIOLOGY
4446,F,11,3,GENERAL
4447,F,1,5,GENERAL
4448,M,1,5,SURGERY
4449,F,1,5,SURGERY
4450,F,1,5,GENERAL
4451,F,13,3,CARDIOLOGY
4452,F,6,4,ORTHOPEDICS
4453,M,1,5,GENERAL
4454,M,1,7,CARDIOLOGY
4455,M,10,3,ORTHOPEDICS
4456,F,1,5,ORTHOPEDICS
4457,M,1,5,GENERAL
4458,M,10,3,GENERAL
4459,F,10,4,GENERAL
4460,F,11,3,CARDIOLOGY
4461,M,6,4,CARDIOLOGY
4462,M,1,6,SURGERY
4463,F,1,5,CARDIOLOGY
4464,F,6,4,GENERAL
4465,F,6,4,GENERAL
4466,F,1,5,GENERAL
4467,F,10,3,GENERAL
4468,F,6,4,CARDIOLOGY
4469,M,1,5,CARDIOLOGY
4470,M,6,4,CARDIOLOGY
4471,M,1,5,CARDIOLOGY
4472,M,7,4,ORTHOPEDICS
4473,F,7,4,SURGERY
4474,M,7,4,CARDIOLOGY
4475,M,1,6,SURGERY
4476,M,10,4,ORTHOPEDICS
4477,M,13,2,SURGERY
4478,F,6,4,CARDIOLOGY
4479,M,6,5,GENERAL
4480,M,6,4,GENERAL
4481,M,6,4,GENERAL
4482,F,11,3,CARDIOLOGY
4483,M,1,5,GENERAL
4484,F,13,1,GENERAL
4485,F,6,4,GENERAL
4486,F,6,4,GENERAL
4487,M,11,3,SURGERY
4488,M,10,3,SURGERY
4489,F,13,3,GENERAL
4490,M,1,5,GENERAL
4491,M,1,5,SURGERY
4492,M,1,5,GENERAL
4493,M,13,2,SURGERY
4494,M,10,4,ORTHOPEDICS
4495,F,6,4,GENERAL
4496,M,6,4,CARDIOLOGY
4497,F,1,6,ORTHOPEDICS
4498,F,6,4,GENERAL
4499,F,13,1,GENERAL
4500,F,7,4,SURGERY
4501,M,6,4,GENERAL
4502,F,13,1,CARDIOLOGY
4503,F,1,5,SURGERY
4504,F,10,3,ORTHOPEDICS
4505,M,1,5,GENERAL
4506,F,13,3,GENERAL
4507,F,1,5,ORTHOPEDICS
4508,M,10,4,CARDIOLOGY
4509,M,1,5,CARDIOLOGY
4510,M,7,4,SURGERY
4511,F,10,3,GENERAL
4512,M,13,2,ORTHOPEDICS
4513,M,10,3,CARDIOLOGY
4514,F,10,3,ORTHOPEDICS
4515,M,6,4,SURGERY
4516,F,10,3,ORTHOPEDICS
4517,M,10,3,ORTHOPEDICS
4518,F,6,4,GENERAL
4519,M,10,3,ORTHOPEDICS
4520,M,10,3,GENERAL
4521,F,1,5,CARDIOLOGY
4522,F,1,5,SURGERY
4523,F,6,4,SURGERY
4524,F,1,5,ORTHOPEDICS
4525,F,11,3,SURGERY
4526,M,6,4,ORTHOPEDICS
4527,F,7,4,CARDIOLOGY
4528,M,10,4,CARDIOLOGY
4529,F,1,6,GENERAL
4530,F,10,3,GENERAL
4531,F,1,5,SURGERY
4532,M,10,3,GENERAL
4533,F,1,5,GENERAL
4534,F,11,3,CARDIOLOGY
4535,M,1,5,GENERAL
4536,M,1,5,ORTHOPEDICS
4537,M,6,4,ORTHOPEDICS
4538,F,10,3,GENERAL
4539,M,10,4,GENERAL
4540,F,1,6,GENERAL
4541,M,1,5,GENERAL
4542,F,10,4,GENERAL
4543,F,6,4,GENERAL
4544,F,6,4,GENERAL
4545,M,1,5,GENERAL
4546,M,6,4,CARDIOLOGY
4547,M,1,5,GENERAL
4548,F,11,3,CARDIOLOGY
4549,M,10,4,CARDIOLOGY
4550,F,7,4,CARDIOLOGY
4551,F,1,5,ORTHOPEDICS
4552,M,6,4,SURGERY
4553,F,11,3,CARDIOLOGY
4554,M,1,5,GENERAL
4555,F,1,5,SURGERY
4556,M,6,4,GENERAL
4557,M,1,5,ORTHOPEDICS
4558,M,6,4,ORTHOPEDICS
4559,M,1,5,GENERAL
4560,F,7,4,GENERAL
4561,M,1,6,SURGERY
4562,F,10,4,SURGERY
4563,M,1,5,SURGERY
4564,M,1,5,GENERAL
4565,F,11,3,GENERAL
4566,F,13,2,ORTHOPEDICS
4567,F,7,4,GENERAL
4568,F,6,4,GENERAL
4569,M,6,4,GENERAL
4570,M,10,3,ORTHOPEDICS
4571,M,1,5,GENERAL
4572,M,10,4,GENERAL
4573,F,10,3,ORTHOPEDICS
4574,M,10,3,ORTHOPEDICS
4575,F,1,5,GENERAL
4576,M,7,4,GENERAL
4577,M,1,5,GENERAL
4578,F,1,6,CARDIOLOGY
4579,M,6,4,GENERAL
4580,F,13,2,CARDIOLOGY
4581,M,12,3,SURGERY
4582,M,10,3,CARDIOLOGY
4583,M,1,6,GENERAL
4584,M,6,4,ORTHOPEDICS
4585,F,6,4,SURGERY
4586,F,1,5,CARDIOLOGY
4587,M,6,4,SURGERY
4588,F,6,4,CARDIOLOGY
4589,F,7,4,ORTHOPEDICS
4590,M,6,4,GENERAL
4591,M,1,6,GENERAL
4592,F,6,4,GENERAL
4593,M,6,4,GENERAL
4594,M,13,2,GENERAL
4595,M,6,4,GENERAL
4596,M,1,5,GENERAL
4597,F,13,2,GENERAL
4598,M,1,6,GENERAL
4599,F,11,3,GENERAL
4600,M,1,5,GENERAL
4601,F,6,4,ORTHOPEDICS
4602,M,10,3,GENERAL
4603,M,13,3,SURGERY
4604,M,1,5,GENERAL
4605,F,6,4,ORTHOPEDICS
4606,F,6,4,GENERAL
4607,F,6,4,GENERAL
4608,F,6,4,SURGERY
4609,F,1,5,GENERAL
4610,F,6,4,GENERAL
4611,M,6,4,GENERAL
4612,F,10,3,SURGERY
4613,M,10,3,CARDIOLOGY
4614,M,10,4,CARDIOLOGY
4615,M,6,4,GENERAL
4616,F,6,4,CARDIOLOGY
4617,F,6,4,CARDIOLOGY
4618,M,1,5,GENERAL
4619,F,1,5,GENERAL
4620,F,6,4,CARDIOLOGY
4621,F,1,5,ORTHOPEDICS
4622,F,7,4,ORTHOPEDICS
4623,F,10,4,SURGERY
4624,F,1,5,GENERAL
4625,M,1,6,ORTHOPEDICS
4626,F,6,4,CARDIOLOGY
4627,F,6,4,SURGERY
4628,F,8,4,SURGERY
4629,M,10,3,GENERAL
4630,M,6,5,ORTHOPEDICS
4631,F,6,4,GENERAL
4632,M,6,4,ORTHOPEDICS
4633,F,6,4,CARDIOLOGY
4634,F,10,3,CARDIOLOGY
4635,M,1,5,CARDIOLOGY
4636,F,10,3,GENERAL
4637,F,6,4,CARDIOLOGY
4638,F,1,6,CARDIOLOGY
4639,M,10,3,ORTHOPEDICS
4640,M,7,4,ORTHOPEDICS
4641,F,10,3,CARDIOLOGY
4642,M,7,4,GENERAL
4643,F,1,5,CARDIOLOGY
4644,M,10,4,SURGERY
4645,F,13,2,GENERAL
4646,F,1,5,CARDIOLOGY
4647,M,13,2,SURGERY
4648,F,7,4,GENERAL
4649,F,6,4,ORTHOPEDICS
4650,F,10,3,ORTHOPEDICS
4651,F,1,6,ORTHOPEDICS
4652,F,1,5,GENERAL
4653,F,1,5,SURGERY
4654,F,1,5,ORTHOPEDICS
4655,M,11,3,GENERAL
4656,M,1,5,CARDIOLOGY
4657,M,10,3,SURGERY
4658,M,1,6,ORTHOPEDICS
4659,M,10,3,ORTHOPEDICS
4660,M,1,5,SURGERY
4661,F,11,3,ORTHOPEDICS
4662,F,1,5,GENERAL
4663,M,11,3,GENERAL
4664,F,1,5,ORTHOPEDICS
4665,F,1,5,ORTHOPEDICS
4666,M,1,5,GENERAL
4667,F,1,5,SURGERY
4668,M,10,3,GENERAL
4669,M,1,5,ORTHOPEDICS
4670,M,1,5,GENERAL
4671,M,1,6,GENERAL
4672,M,10,3,GENERAL
4673,M,6,4,SURGERY
4674,F,10,3,GENERAL
4675,M,1,5,SURGERY
4676,M,11,3,CARDIOLOGY
4677,M,10,4,ORTHOPEDICS
4678,M,13,3,CARDIOLOGY
4679,F,11,3,GENERAL
4680,M,10,3,ORTHOPEDICS
4681,F,10,4,ORTHOPEDICS
4682,M,7,4,CARDIOLOGY
4683,F,6,4,GENERAL
4684,M,1,5,SURGERY
4685,M,1,7,GENERAL
4686,M,11,3,SURGERY
4687,F,6,4,ORTHOPEDICS
4688,M,1,5,CARDIOLOGY
4689,M,6,4,CARDIOLOGY
4690,M,1,5,ORTHOPEDICS
4691,F,6,4,GENERAL
4692,M,10,4,GENERAL
4693,F,6,4,SURGERY
4694,M,1,5,CARDIOLOGY
4695,F,1,6,GENERAL
4696,F,6,4,CARDIOLOGY
4697,M,1,5,CARDIOLOGY
4698,F,1,5,GENERAL
4699,F,10,3,ORTHOPEDICS
4700,F,10,4,GENERAL
4701,M,13,3,ORTHOPEDICS
4702,F,1,6,GENERAL
4703,F,10,4,GENERAL
4704,F,1,6,CARDIOLOGY
4705,M,10,4,SURGERY
4706,M,11,3,SURGERY
4707,M,6,4,ORTHOPEDICS
4708,F,1,5,GENERAL
4709,F,1,5,GENERAL
4710,M,6,4,GENERAL
4711,M,6,4,SURGERY
4712,F,10,4,ORTHOPEDICS
4713,M,10,3,CARDIOLOGY
4714,M,13,2,ORTHOPEDICS
4715,F,1,5,GENERAL
4716,M,10,3,GENERAL
4717,F,6,4,GENERAL
4718,F,1,5,GENERAL
4719,F,10,3,GENERAL
4720,F,10,3,GENERAL
4721,M,6,4,ORTHOPEDICS
4722,F,6,4,GENERAL
4723,F,11,3,GENERAL
4724,M,10,4,GENERAL
4725,F,13,2,CARDIOLOGY
4726,F,10,4,GENERAL
4727,F,7,4,CARDIOLOGY
4728,F,1,6,GENERAL
4729,M,6,4,SURGERY
4730,M,10,3,GENERAL
4731,M,10,3,GENERAL
4732,F,10,3,SURGERY
4733,F,10,3,GENERAL
4734,F,1,5,GENERAL
4735,M,1,6,CARDIOLOGY
4736,M,6,4,ORTHOPEDICS
4737,M,11,3,ORTHOPEDICS
4738,M,10,3,CARDIOLOGY
4739,M,11,3,GENERAL
4740,M,1,5,CARDIOLOGY
4741,F,10,4,SURGERY
4742,M,1,7,ORTHOPEDICS
4743,F,10,3,CARDIOLOGY
4744,F,13,2,SURGERY
4745,F,13,1,ORTHOPEDICS
4746,M,1,5,ORTHOPEDICS
4747,F,1,5,GENERAL
4748,M,10,4,ORTHOPEDICS
4749,M,1,5,GENERAL
4750,M,13,3,GENERAL
4751,M,6,4,SURGERY
4752,F,1,5,ORTHOPEDICS
4753,M,13,1,SURGERY
4754,M,6,4,SURGERY
4755,F,13,2,CARDIOLOGY
4756,M,13,2,CARDIOLOGY
4757,M,11,3,GENERAL
4758,M,13,1,ORTHOPEDICS
4759,M,1,6,GENERAL
4760,M,6,4,ORTHOPEDICS
4761,M,13,2,SURGERY
4762,F,10,3,GENERAL
4763,M,6,4,GENERAL
4764,M,1,6,CARDIOLOGY
4765,M,10,3,GENERAL
4766,M,1,5,SURGERY
4767,M,10,4,ORTHOPEDICS
4768,M,10,4,GENERAL
4769,F,11,3,CARDIOLOGY
4770,F,1,5,GENERAL
4771,F,7,4,SURGERY
4772,F,6,4,GENERAL
4773,F,7,4,GENERAL
4774,M,10,4,ORTHOPEDICS
4775,M,1,5,SURGERY
4776,F,6,4,CARDIOLOGY
4777,M,1,6,GENERAL
4778,F,10,3,ORTHOPEDICS
4779,M,13,1,ORTHOPEDICS
4780,F,1,6,ORTHOPEDICS
4781,M,6,4,GENERAL
4782,F,13,3,CARDIOLOGY
4783,F,13,3,CARDIOLOGY
4784,M,13,2,SURGERY
4785,M,13,2,ORTHOPEDICS
4786,F,13,2,SURGERY
4787,M,6,4,GENERAL
4788,M,11,3,GENERAL
4789,M,6,4,GENERAL
4790,M,6,4,GENERAL
4791,M,13,1,ORTHOPEDICS
4792,F,7,4,CARDIOLOGY
4793,F,10,3,ORTHOPEDICS
4794,F,10,4,SURGERY
4795,M,1,5,CARDIOLOGY
4796,M,13,3,ORTHOPEDICS
4797,F,10,3,GENERAL
4798,M,13,2,GENERAL
4799,M,6,4,ORTHOPEDICS
4800,F,1,5,ORTHOPEDICS
4801,F,13,2,SURGERY
4802,F,11,3,CARDIOLOGY
4803,M,10,3,SURGERY
4804,F,10,3,ORTHOPEDICS
4805,M,6,4,GENERAL
4806,M,13,2,SURGERY
4807,F,7,4,CARDIOLOGY
4808,M,6,4,GENERAL
4809,M,7,4,CARDIOLOGY
4810,M,1,5,GENERAL
4811,F,10,3,CARDIOLOGY
4812,M,1,5,SURGERY
4813,F,10,3,CARDIOLOGY
4814,F,13,2,GENERAL
4815,M,6,4,GENERAL
4816,M,13,2,GENERAL
4817,M,1,5,SURGERY
4818,F,11,3,SURGERY
4819,M,1,5,GENERAL
4820,M,6,4,CARDIOLOGY
4821,M,13,2,GENERAL
4822,M,10,3,SURGERY
4823,F,11,3,GENERAL
4824,F,13,2,SURGERY
4825,M,10,3,ORTHOPEDICS
4826,F,7,4,GENERAL
4827,F,10,3,CARDIOLOGY
4828,M,10,3,CARDIOLOGY
4829,F,10,3,CARDIOLOGY
4830,F,10,4,ORTHOPEDICS
4831,F,6,4,GENERAL
4832,M,6,4,CARDIOLOGY
4833,M,1,5,GENERAL
4834,F,10,4,GENERAL
4835,M,6,4,CARDIOLOGY
4836,M,13,3,GENERAL
4837,M,1,5,ORTHOPEDICS
4838,M,1,5,GENERAL
4839,F,6,4,SURGERY
4840,F,6,4,ORTHOPEDICS
4841,M,13,2,ORTHOPEDICS
4842,M,6,4,SURGERY
4843,M,1,5,ORTHOPEDICS
4844,M,10,4,SURGERY
4845,M,1,6,ORTHOPEDICS
4846,M,1,6,SURGERY
4847,F,10,4,GENERAL
4848,F,1,5,GENERAL
4849,F,7,4,GENERAL
4850,M,1,5,SURGERY
4851,F,1,6,GENERAL
4852,F,10,3,GENERAL
4853,F,11,3,GENERAL
4854,F,1,5,GENERAL
4855,F,10,3,SURGERY
4856,F,13,3,SURGERY
4857,F,10,3,ORTHOPEDICS
4858,M,1,5,CARDIOLOGY
4859,F,13,1,GENERAL
4860,F,11,3,GENERAL
4861,M,10,4,CARDIOLOGY
4862,M,6,4,GENERAL
4863,F,1,5,GENERAL
4864,M,13,2,GENERAL
4865,F,6,4,GENERAL
4866,M,11,3,SURGERY
4867,M,11,3,SURGERY
4868,F,10,3,CARDIOLOGY
4869,F,10,4,SURGERY
4870,F,6,4,CARDIOLOGY
4871,F,1,6,CARDIOLOGY
4872,F,13,2,GENERAL
4873,F,6,4,GENERAL
4874,F,10,3,CARDIOLOGY
4875,M,1,5,GENERAL
4876,F,7,4,GENERAL
4877,F,11,3,SURGERY
4878,F,10,3,SURGERY
4879,M,7,4,SURGERY
4880,F,11,3,ORTHOPEDICS
4881,M,1,6,GENERAL
4882,M,10,3,GENERAL
4883,F,1,5,GENERAL
4884,M,10,3,CARDIOLOGY
4885,M,10,4,ORTHOPEDICS
4886,M,1,5,CARDIOLOGY
4887,F,6,4,ORTHOPEDICS
4888,M,10,3,SURGERY
4889,M,1,5,CARDIOLOGY
4890,F,1,5,SURGERY
4891,M,6,4,GENERAL
4892,F,10,3,GENERAL
4893,M,7,4,CARDIOLOGY
4894,F,1,6,ORTHOPEDICS
4895,M,6,4,ORTHOPEDICS
4896,M,1,5,GENERAL
4897,F,10,4,ORTHOPEDICS
4898,F,7,4,SURGERY
4899,M,1,5,ORTHOPEDICS
4900,M,10,4,CARDIOLOGY
4901,M,6,4,GENERAL
4902,M,6,4,SURGERY
4903,M,1,5,ORTHOPEDICS
4904,M,10,4,SURGERY
4905,F,11,3,CARDIOLOGY
4906,M,1,5,GENERAL
4907,F,1,6,SURGERY
4908,M,1,5,CARDIOLOGY
4909,F,6,4,ORTHOPEDICS
4910,M,1,6,ORTHOPEDICS
4911,M,6,4,CARDIOLOGY
4912,M,1,5,GENERAL
4913,F,10,3,GENERAL
4914,M,1,5,ORTHOPEDICS
4915,F,1,6,CARDIOLOGY
4916,F,1,5,GENERAL
4917,M,10,3,GENERAL
4918,M,6,4,CARDIOLOGY
4919,M,10,3,CARDIOLOGY
4920,F,1,6,ORTHOPEDICS
4921,M,1,5,GENERAL
4922,M,10,3,ORTHOPEDICS
4923,F,10,4,SURGERY
4924,M,7,4,ORTHOPEDICS
4925,F,7,4,SURGERY
4926,F,11,3,CARDIOLOGY
4927,M,1,6,GENERAL
4928,M,1,5,SURGERY
4929,M,1,5,SURGERY
4930,F,10,3,SURGERY
4931,M,10,3,GENERAL
4932,M,13,2,GENERAL
4933,M,6,4,GENERAL
4934,F,1,6,SURGERY
4935,F,10,4,ORTHOPEDICS
4936,F,7,4,GENERAL
4937,F,10,4,SURGERY
4938,M,1,5,ORTHOPEDICS
4939,F,10,3,GENERAL
4940,F,6,4,GENERAL
4941,M,10,3,CARDIOLOGY
4942,F,1,6,GENERAL
4943,M,6,4,GENERAL
4944,M,1,5,SURGERY
4945,M,1,6,GENERAL
4946,F,7,4,GENERAL
4947,M,7,4,ORTHOPEDICS
4948,M,10,4,GENERAL
4949,M,10,3,GENERAL
4950,M,1,5,CARDIOLOGY
4951,F,13,2,ORTHOPEDICS
4952,M,6,4,ORTHOPEDICS
4953,F,1,5,GENERAL
4954,M,10,4,GENERAL
4955,F,6,4,CARDIOLOGY
4956,M,10,3,ORTHOPEDICS
4957,M,1,6,ORTHOPEDICS
4958,M,6,4,SURGERY
4959,F,11,3,GENERAL
4960,F,7,4,GENERAL
4961,M,13,3,SURGERY
4962,F,13,3,CARDIOLOGY
4963,M,1,5,SURGERY
4964,M,6,4,CARDIOLOGY
4965,F,10,3,CARDIOLOGY
4966,M,1,7,SURGERY
4967,F,6,4,CARDIOLOGY
4968,F,1,6,CARDIOLOGY
4969,M,1,5,CARDIOLOGY
4970,F,7,4,GENERAL
4971,M,10,3,CARDIOLOGY
4972,F,1,5,CARDIOLOGY
4973,M,10,3,SURGERY
4974,M,10,4,ORTHOPEDICS
4975,F,1,5,SURGERY
4976,F,6,4,GENERAL
4977,F,6,4,GENERAL
4978,F,6,4,GENERAL
4979,F,10,3,CARDIOLOGY
4980,F,6,4,ORTHOPEDICS
4981,F,1,5,CARDIOLOGY
4982,M,10,4,SURGERY
4983,M,7,4,SURGERY
4984,F,1,5,ORTHOPEDICS
4985,M,6,4,CARDIOLOGY
4986,F,10,3,GENERAL
4987,M,11,3,SURGERY
4988,M,13,3,CARDIOLOGY
4989,M,1,5,GENERAL
4990,M,10,3,GENERAL
4991,M,11,3,CARDIOLOGY
4992,M,1,5,GENERAL
4993,F,6,4,GENERAL
4994,F,1,5,CARDIOLOGY
4995,M,8,4,CARDIOLOGY
4996,F,1,6,GENERAL
4997,M,8,4,ORTHOPEDICS
4998,M,10,3,SURGERY
4999,M,6,4,GENERAL
5000,F,10,3,ORTHOPEDICS
5001,M,1,5,SURGERY
5002,M,1,5,SURGERY
5003,M,1,5,ORTHOPEDICS
5004,F,6,4,GENERAL
5005,M,6,4,SURGERY
5006,F,6,4,CARDIOLOGY
5007,M,1,6,CARDIOLOGY
5008,F,6,4,GENERAL
5009,M,6,4,GENERAL
5010,F,10,3,CARDIOLOGY
5011,F,6,4,GENERAL
5012,F,10,3,SURGERY
5013,M,1,5,GENERAL
5014,F,1,5,GENERAL
5015,F,6,4,SURGERY
5016,F,6,4,CARDIOLOGY
5017,M,11,3,GENERAL
5018,F,6,4,CARDIOLOGY
5019,M,10,4,GENERAL
5020,F,10,3,CARDIOLOGY
5021,F,10,3,SURGERY
5022,F,10,3,CARDIOLOGY
5023,M,1,5,CARDIOLOGY
5024,M,10,3,GENERAL
5025,M,13,2,GENERAL
5026,F,1,5,GENERAL
5027,M,6,4,CARDIOLOGY
5028,F,1,5,GENERAL
5029,F,1,5,GENERAL
5030,M,1,6,ORTHOPEDICS
5031,M,1,6,CARDIOLOGY
5032,M,8,4,GENERAL
5033,F,10,3,SURGERY
5034,F,10,3,SURGERY
5035,F,10,3,ORTHOPEDICS
5036,M,10,4,GENERAL
5037,M,10,3,ORTHOPEDICS
5038,F,10,4,GENERAL
5039,F,10,3,ORTHOPEDICS
5040,F,10,3,GENERAL
5041,F,1,6,GENERAL
5042,M,10,4,GENERAL
5043,M,10,4,SURGERY
5044,F,10,3,CARDIOLOGY
5045,M,10,4,CARDIOLOGY
5046,F,10,4,GENERAL
5047,F,10,4,CARDIOLOGY
5048,F,13,1,GENERAL
5049,F,1,5,ORTHOPEDICS
5050,M,1,6,GENERAL
5051,M,7,4,CARDIOLOGY
5052,M,1,5,SURGERY
5053,F,1,6,CARDIOLOGY
5054,M,6,4,CARDIOLOGY
5055,M,6,4,ORTHOPEDICS
5056,F,13,2,ORTHOPEDICS
5057,M,13,1,SURGERY
5058,M,11,3,ORTHOPEDICS
5059,F,6,4,GENERAL
5060,M,1,5,GENERAL
5061,F,6,4,CARDIOLOGY
5062,F,6,4,GENERAL
5063,M,6,4,SURGERY
5064,M,1,5,SURGERY
5065,M,10,3,SURGERY
5066,M,12,3,GENERAL
5067,M,1,5,GENERAL
5068,M,6,4,ORTHOPEDICS
5069,F,10,3,SURGERY
5070,F,7,4,CARDIOLOGY
5071,F,7,4,GENERAL
5072,F,1,5,SURGERY
5073,M,10,4,SURGERY
5074,M,7,4,GENERAL
5075,M,11,3,GENERAL
5076,M,10,3,CARDIOLOGY
5077,M,1,5,GENERAL
5078,F,1,5,GENERAL
5079,F,10,4,CARDIOLOGY
5080,F,13,2,GENERAL
5081,F,1,5,SURGERY
5082,F,1,5,CARDIOLOGY
5083,M,10,4,ORTHOPEDICS
5084,M,1,5,GENERAL
5085,F,13,1,CARDIOLOGY
5086,M,6,4,GENERAL
5087,M,1,5,SURGERY
5088,F,1,5,SURGERY
5089,F,13,3,CARDIOLOGY
5090,M,10,3,SURGERY
5091,M,10,3,ORTHOPEDICS
5092,F,1,7,SURGERY
5093,F,1,5,CARDIOLOGY
5094,M,7,4,GENERAL
5095,M,6,5,GENERAL
5096,M,10,3,GENERAL
5097,M,11,3,CARDIOLOGY
5098,F,6,4,SURGERY
5099,F,1,5,ORTHOPEDICS
5100,M,10,3,SURGERY
5101,F,6,4,CARDIOLOGY
5102,M,7,4,ORTHOPEDICS
5103,M,10,4,ORTHOPEDICS
5104,M,1,5,CARDIOLOGY
5105,F,1,5,SURGERY
5106,F,6,4,SURGERY
5107,F,10,4,CARDIOLOGY
5108,M,10,3,CARDIOLOGY
5109,F,1,5,GENERAL
5110,F,6,4,GENERAL
5111,F,13,3,ORTHOPEDICS
5112,M,1,6,ORTHOPEDICS
5113,M,1,6,CARDIOLOGY
5114,F,6,4,SURGERY
5115,F,1,5,GENERAL
5116,F,1,5,ORTHOPEDICS
5117,M,7,4,GENERAL
5118,F,11,3,SURGERY
5119,F,12,3,GENERAL
5120,F,7,4,GENERAL
5121,M,10,4,GENERAL
5122,M,1,5,CARDIOLOGY
5123,F,6,4,CARDIOLOGY
5124,M,1,5,GENERAL
5125,M,1,5,SURGERY
5126,F,10,3,GENERAL
5127,F,10,3,CARDIOLOGY
5128,M,11,3,SURGERY
5129,F,10,4,ORTHOPEDICS
5130,F,10,4,GENERAL
5131,F,1,5,GENERAL
5132,M,13,2,GENERAL
5133,M,10,4,GENERAL
5134,F,6,4,CARDIOLOGY
5135,M,6,4,ORTHOPEDICS
5136,M,6,4,ORTHOPEDICS
5137,F,10,3,CARDIOLOGY
5138,M,11,3,GENERAL
5139,F,1,5,GENERAL
5140,M,10,3,GENERAL
5141,F,1,5,GENERAL
5142,F,10,4,GENERAL
5143,F,1,5,CARDIOLOGY
5144,F,1,5,SURGERY
5145,M,1,5,SURGERY
5146,F,1,5,ORTHOPEDICS
5147,M,13,3,GENERAL
5148,M,13,3,ORTHOPEDICS
5149,M,1,5,SURGERY
5150,F,10,4,ORTHOPEDICS
5151,F,6,4,SURGERY
5152,M,1,6,GENERAL
5153,F,10,4,GENERAL
5154,M,13,3,GENERAL
5155,M,11,3,CARDIOLOGY
5156,M,6,4,GENERAL
5157,M,6,4,GENERAL
5158,F,11,3,CARDIOLOGY
5159,M,6,4,ORTHOPEDICS
5160,M,10,3,GENERAL
5161,F,6,4,ORTHOPEDICS
5162,F,6,4,CARDIOLOGY
5163,M,10,3,CARDIOLOGY
5164,F,1,5,ORTHOPEDICS
5165,M,1,5,SURGERY
5166,F,10,3,GENERAL
5167,F,6,4,SURGERY
5168,M,10,3,ORTHOPEDICS
5169,F,6,4,SURGERY
5170,F,10,3,CARDIOLOGY
5171,F,7,4,SURGERY
5172,F,6,4,GENERAL
5173,M,10,3,SURGERY
5174,M,7,4,SURGERY
5175,F,1,5,ORTHOPEDICS
5176,M,1,6,CARDIOLOGY
5177,F,13,3,GENERAL
5178,F,1,5,ORTHOPEDICS
5179,F,6,4,CARDIOLOGY
5180,M,10,3,SURGERY
5181,M,10,3,SURGERY
5182,M,1,5,ORTHOPEDICS
5183,F,11,3,ORTHOPEDICS
5184,F,13,2,CARDIOLOGY
5185,F,10,3,SURGERY
5186,F,1,5,GENERAL
5187,M,6,4,CARDIOLOGY
5188,M,10,4,CARDIOLOGY
5189,F,6,4,CARDIOLOGY
5190,F,10,4,GENERAL
5191,F,10,3,GENERAL
5192,M,10,3,GENERAL
5193,M,10,3,CARDIOLOGY
5194,M,1,5,GENERAL
5195,M,6,4,GENERAL
5196,M,1,5,CARDIOLOGY
5197,F,10,3,CARDIOLOGY
5198,M,6,4,ORTHOPEDICS
5199,M,10,4,GENERAL
5200,F,1,5,GENERAL
5201,F,13,2,SURGERY
5202,F,6,4,CARDIOLOGY
5203,F,6,4,GENERAL
5204,F,10,3,GENERAL
5205,F,1,6,GENERAL
5206,F,7,4,GENERAL
5207,M,1,5,ORTHOPEDICS
5208,M,1,5,GENERAL
5209,F,1,5,ORTHOPEDICS
5210,M,1,5,SURGERY
5211,M,10,3,CARDIOLOGY
5212,F,11,3,SURGERY
5213,F,1,5,SURGERY
5214,F,1,5,SURGERY
5215,F,10,3,SURGERY
5216,F,6,4,ORTHOPEDICS
5217,F,1,5,GENERAL
5218,F,13,2,GENERAL
5219,M,1,5,CARDIOLOGY
5220,M,13,2,GENERAL
5221,M,11,3,ORTHOPEDICS
5222,F,6,4,GENERAL
5223,F,6,4,ORTHOPEDICS
5224,M,13,2,SURGERY
5225,F,6,4,SURGERY
5226,M,13,2,ORTHOPEDICS
5227,M,1,5,GENERAL
5228,M,10,3,GENERAL
5229,F,11,3,SURGERY
5230,M,1,5,CARDIOLOGY
5231,M,1,5,GENERAL
5232,F,13,3,CARDIOLOGY
5233,M,10,4,GENERAL
5234,F,10,4,SURGERY
5235,M,7,4,CARDIOLOGY
5236,F,13,2,SURGERY
5237,F,7,4,GENERAL
5238,F,1,5,CARDIOLOGY
5239,M,1,5,SURGERY
5240,M,6,4,SURGERY
5241,F,13,3,CARDIOLOGY
5242,M,10,4,SURGERY
5243,M,13,3,GENERAL
5244,F,6,4,GENERAL
5245,F,10,3,ORTHOPEDICS
5246,M,1,5,GENERAL
5247,F,1,5,SURGERY
5248,F,11,3,SURGERY
5249,F,6,4,GENERAL
5250,M,10,4,GENERAL
5251,F,6,4,CARDIOLOGY
5252,M,11,3,GENERAL
5253,F,6,4,CARDIOLOGY
5254,M,6,4,GENERAL
5255,F,1,5,SURGERY
5256,F,10,3,SURGERY
5257,M,6,4,GENERAL
5258,F,11,3,GENERAL
5259,M,10,3,ORTHOPEDICS
5260,M,11,3,CARDIOLOGY
5261,M,13,2,GENERAL
5262,F,1,6,SURGERY
5263,M,1,5,GENERAL
5264,M,10,4,GENERAL
5265,M,10,3,GENERAL
5266,M,13,2,GENERAL
5267,M,1,5,ORTHOPEDICS
5268,M,10,4,ORTHOPEDICS
5269,M,1,5,SURGERY
5270,M,1,5,SURGERY
5271,F,10,4,CARDIOLOGY
5272,M,6,4,CARDIOLOGY
5273,F,6,4,CARDIOLOGY
5274,F,7,4,GENERAL
5275,F,1,5,SURGERY
5276,F,10,3,SURGERY
5277,F,6,4,GENERAL
5278,M,7,4,SURGERY
5279,F,10,3,ORTHOPEDICS
5280,M,1,5,GENERAL
5281,F,11,3,SURGERY
5282,F,1,5,ORTHOPEDICS
5283,M,10,3,SURGERY
5284,M,1,5,GENERAL
5285,F,6,4,CARDIOLOGY
5286,F,1,5,SURGERY
5287,F,6,4,SURGERY
5288,M,10,4,GENERAL
5289,F,6,4,SURGERY
5290,M,10,4,CARDIOLOGY
5291,M,1,5,GENERAL
5292,F,10,4,ORTHOPEDICS
5293,F,10,4,GENERAL
5294,F,1,5,GENERAL
5295,M,11,3,GENERAL
5296,F,10,3,GENERAL
5297,M,10,3,GENERAL
5298,M,1,5,GENERAL
5299,M,6,4,GENERAL
5300,M,10,4,GENERAL
5301,M,1,6,CARDIOLOGY
5302,M,6,4,SURGERY
5303,F,6,4,ORTHOPEDICS
5304,M,1,5,ORTHOPEDICS
5305,M,1,5,GENERAL
5306,M,10,4,GENERAL
5307,M,1,5,GENERAL
5308,M,1,5,ORTHOPEDICS
5309,F,10,3,SURGERY
5310,F,6,4,GENERAL
5311,F,6,4,GENERAL
5312,F,1,5,CARDIOLOGY
5313,F,13,2,GENERAL
5314,F,10,3,GENERAL
5315,F,6,4,ORTHOPEDICS
5316,F,10,3,GENERAL
5317,F,1,5,SURGERY
5318,F,7,4,GENERAL
5319,F,1,5,ORTHOPEDICS
5320,M,6,4,CARDIOLOGY
5321,F,6,5,ORTHOPEDICS
5322,F,13,3,SURGERY
5323,M,1,5,SURGERY
5324,M,1,5,GENERAL
5325,M,10,3,ORTHOPEDICS
5326,F,10,3,GENERAL
5327,F,6,4,ORTHOPEDICS
5328,M,1,5,ORTHOPEDICS
5329,M,1,5,GENERAL
5330,M,1,5,GENERAL
5331,M,10,4,CARDIOLOGY
5332,M,10,4,ORTHOPEDICS
5333,F,6,4,GENERAL
5334,F,10,3,CARDIOLOGY
5335,F,10,3,ORTHOPEDICS
5336,F,7,4,GENERAL
5337,F,6,4,GENERAL
5338,M,8,4,GENERAL
5339,F,1,5,ORTHOPEDICS
5340,F,7,4,CARDIOLOGY
5341,F,6,4,GENERAL
5342,F,1,5,GENERAL
5343,F,13,2,CARDIOLOGY
5344,M,10,3,ORTHOPEDICS
5345,F,10,4,CARDIOLOGY
5346,F,1,6,SURGERY
5347,M,13,3,ORTHOPEDICS
5348,M,1,5,GENERAL
5349,M,11,3,GENERAL
5350,M,11,3,ORTHOPEDICS
5351,M,1,5,GENERAL
5352,F,1,5,GENERAL
5353,M,10,3,SURGERY
5354,F,6,4,GENERAL
5355,F,1,5,ORTHOPEDICS
5356,F,10,3,CARDIOLOGY
5357,F,6,4,CARDIOLOGY
5358,M,1,5,GENERAL
5359,M,1,6,ORTHOPEDICS
5360,F,13,2,CARDIOLOGY
5361,F,6,4,ORTHOPEDICS
5362,M,6,4,GENERAL
5363,M,1,5,GENERAL
5364,M,1,6,ORTHOPEDICS
5365,F,6,4,ORTHOPEDICS
5366,F,1,5,GENERAL
5367,F,7,4,ORTHOPEDICS
5368,F,1,5,ORTHOPEDICS
5369,M,10,4,SURGERY
5370,M,6,5,ORTHOPEDICS
5371,F,6,4,GENERAL
5372,F,6,4,GENERAL
5373,F,6,5,GENERAL
5374,M,13,2,CARDIOLOGY
5375,M,6,4,CARDIOLOGY
5376,F,1,5,CARDIOLOGY
5377,F,1,5,SURGERY
5378,M,10,3,GENERAL
5379,M,7,4,GENERAL
5380,F,6,4,SURGERY
5381,M,13,2,GENERAL
5382,M,13,2,ORTHOPEDICS
5383,F,6,4,CARDIOLOGY
5384,M,1,6,CARDIOLOGY
5385,F,7,4,GENERAL
5386,F,10,3,SURGERY
5387,F,13,2,CARDIOLOGY
5388,M,13,1,GENERAL
5389,M,13,3,GENERAL
5390,F,1,5,CARDIOLOGY
5391,F,6,4,ORTHOPEDICS
5392,M,10,4,ORTHOPEDICS
5393,M,10,4,CARDIOLOGY
5394,M,6,4,GENERAL
5395,M,7,4,GENERAL
5396,F,11,3,CARDIOLOGY
5397,F,10,3,ORTHOPEDICS
5398,M,10,4,ORTHOPEDICS
5399,M,11,3,SURGERY
5400,F,1,6,GENERAL
5401,F,10,4,ORTHOPEDICS
5402,M,13,3,CARDIOLOGY
5403,F,6,4,SURGERY
5404,F,10,4,CARDIOLOGY
5405,M,11,3,ORTHOPEDICS
5406,M,11,3,ORTHOPEDICS
5407,F,1,5,CARDIOLOGY
5408,M,11,3,ORTHOPEDICS
5409,F,6,4,SURGERY
5410,M,1,6,GENERAL
5411,F,10,3,GENERAL
5412,M,6,4,SURGERY
5413,M,1,6,GENERAL
5414,M,6,4,SURGERY
5415,F,10,3,ORTHOPEDICS
5416,F,6,4,GENERAL
5417,M,7,4,ORTHOPEDICS
5418,F,1,5,SURGERY
5419,F,1,5,GENERAL
5420,F,1,5,CARDIOLOGY
5421,M,6,4,GENERAL
5422,F,10,3,GENERAL
5423,M,6,4,SURGERY
5424,M,1,5,CARDIOLOGY
5425,F,6,4,CARDIOLOGY
5426,F,10,3,GENERAL
5427,F,11,3,GENERAL
5428,F,1,6,GENERAL
5429,F,10,4,SURGERY
5430,M,10,3,SURGERY
5431,M,10,3,GENERAL
5432,M,6,4,GENERAL
5433,F,6,4,GENERAL
5434,M,7,4,ORTHOPEDICS
5435,M,6,4,ORTHOPEDICS
5436,F,6,4,ORTHOPEDICS
5437,M,1,5,GENERAL
5438,M,1,5,GENERAL
5439,F,13,1,GENERAL
5440,M,6,4,CARDIOLOGY
5441,M,10,3,ORTHOPEDICS
5442,M,10,3,GENERAL
5443,F,13,3,ORTHOPEDICS
5444,M,6,4,GENERAL
5445,F,1,5,GENERAL
5446,M,10,3,SURGERY
5447,F,1,5,GENERAL
5448,M,7,4,ORTHOPEDICS
5449,F,13,2,SURGERY
5450,M,1,6,CARDIOLOGY
5451,F,1,5,ORTHOPEDICS
5452,M,1,5,CARDIOLOGY
5453,F,1,5,ORTHOPEDICS
5454,F,1,5,GENERAL
5455,F,10,3,SURGERY
5456,M,10,4,GENERAL
5457,M,1,6,ORTHOPEDICS
5458,M,13,2,SURGERY
5459,M,6,4,ORTHOPEDICS
5460,F,10,4,ORTHOPEDICS
5461,F,13,3,SURGERY
5462,M,1,5,CARDIOLOGY
5463,F,6,5,GENERAL
5464,F,1,5,CARDIOLOGY
5465,M,1,6,SURGERY
5466,F,6,4,GENERAL
5467,F,10,3,ORTHOPEDICS
5468,F,10,3,ORTHOPEDICS
5469,F,1,5,GENERAL
5470,M,13,3,GENERAL
5471,M,7,4,GENERAL
5472,M,6,4,ORTHOPEDICS
5473,M,6,4,ORTHOPEDICS
5474,M,6,4,ORTHOPEDICS
5475,M,1,5,GENERAL
5476,F,7,4,GENERAL
5477,F,7,4,ORTHOPEDICS
5478,F,1,5,GENERAL
5479,F,13,2,GENERAL
5480,M,10,3,CARDIOLOGY
5481,M,1,5,GENERAL
5482,M,11,3,SURGERY
5483,F,6,4,ORTHOPEDICS
5484,M,1,5,GENERAL
5485,F,1,5,GENERAL
5486,M,1,6,CARDIOLOGY
5487,M,13,3,GENERAL
5488,F,6,4,ORTHOPEDICS
5489,F,10,4,SURGERY
5490,M,10,3,ORTHOPEDICS
5491,F,6,4,GENERAL
5492,F,1,5,CARDIOLOGY
5493,F,13,2,ORTHOPEDICS
5494,M,11,3,SURGERY
5495,F,6,4,SURGERY
5496,M,10,4,ORTHOPEDICS
5497,F,13,2,ORTHOPEDICS
5498,M,10,3,CARDIOLOGY
5499,F,1,5,ORTHOPEDICS
5500,M,11,3,CARDIOLOGY
5501,F,1,5,ORTHOPEDICS
5502,M,12,3,GENERAL
5503,M,7,4,GENERAL
5504,M,11,3,CARDIOLOGY
5505,F,6,4,CARDIOLOGY
5506,M,6,4,GENERAL
5507,M,1,6,CARDIOLOGY
5508,F,10,4,SURGERY
5509,F,6,4,GENERAL
5510,F,10,4,GENERAL
5511,F,10,4,GENERAL
5512,M,10,4,SURGERY
5513,F,6,4,GENERAL
5514,M,1,5,ORTHOPEDICS
5515,M,10,3,ORTHOPEDICS
5516,F,10,3,ORTHOPEDICS
5517,M,7,4,CARDIOLOGY
5518,M,6,4,GENERAL
5519,F,10,3,GENERAL
5520,F,6,4,SURGERY
5521,M,6,4,GENERAL
5522,M,13,3,GENERAL
5523,F,1,5,GENERAL
5524,F,1,5,SURGERY
5525,F,6,4,SURGERY
5526,F,10,3,ORTHOPEDICS
5527,M,13,2,CARDIOLOGY
5528,F,1,5,SURGERY
5529,F,13,2,GENERAL
5530,M,10,3,GENERAL
5531,M,6,4,CARDIOLOGY
5532,M,10,3,SURGERY
5533,M,1,5,ORTHOPEDICS
5534,F,11,3,GENERAL
5535,M,7,4,SURGERY
5536,M,11,3,CARDIOLOGY
5537,F,6,4,GENERAL
5538,F,1,6,GENERAL
5539,M,6,4,CARDIOLOGY
5540,M,6,4,CARDIOLOGY
5541,M,1,5,SURGERY
5542,F,1,5,GENERAL
5543,F,6,4,SURGERY
5544,M,10,3,SURGERY
5545,F,6,4,GENERAL
5546,F,6,4,SURGERY
5547,F,6,4,ORTHOPEDICS
5548,M,13,2,GENERAL
5549,F,13,3,CARDIOLOGY
5550,F,1,6,ORTHOPEDICS
5551,M,1,5,CARDIOLOGY
5552,F,10,3,GENERAL
5553,M,10,3,GENERAL
5554,M,6,4,CARDIOLOGY
5555,F,7,4,ORTHOPEDICS
5556,F,11,3,ORTHOPEDICS
5557,F,1,5,ORTHOPEDICS
5558,M,13,3,GENERAL
5559,F,10,3,ORTHOPEDICS
5560,F,13,3,SURGERY
5561,F,1,5,CARDIOLOGY
5562,M,1,6,GENERAL
5563,M,1,6,SURGERY
5564,F,10,3,GENERAL
5565,F,1,6,SURGERY
5566,F,7,4,ORTHOPEDICS
5567,M,10,4,ORTHOPEDICS
5568,M,10,4,GENERAL
5569,M,10,3,SURGERY
5570,M,1,5,SURGERY
5571,F,10,3,GENERAL
5572,F,1,5,ORTHOPEDICS
5573,M,11,3,GENERAL
5574,M,1,5,CARDIOLOGY
5575,F,10,3,GENERAL
5576,M,11,3,GENERAL
5577,F,1,5,SURGERY
5578,M,1,6,SURGERY
5579,M,10,4,GENERAL
5580,M,13,2,GENERAL
5581,M,10,3,GENERAL
5582,F,13,1,SURGERY
5583,F,13,3,SURGERY
5584,F,10,3,ORTHOPEDICS
5585,F,6,4,SURGERY
5586,F,6,4,ORTHOPEDICS
5587,F,6,4,GENERAL
5588,M,6,4,GENERAL
5589,M,6,4,GENERAL
5590,F,13,2,GENERAL
5591,F,6,4,CARDIOLOGY
5592,M,1,5,SURGERY
5593,M,13,3,CARDIOLOGY
5594,M,6,4,GENERAL
5595,M,6,4,GENERAL
5596,M,11,3,GENERAL
5597,M,1,5,ORTHOPEDICS
5598,M,1,5,ORTHOPEDICS
5599,M,7,4,SURGERY
5600,M,1,5,SURGERY
5601,M,10,3,GENERAL
5602,M,6,4,GENERAL
5603,F,1,5,CARDIOLOGY
5604,F,1,5,CARDIOLOGY
5605,M,6,4,SURGERY
5606,M,1,6,GENERAL
5607,M,1,5,ORTHOPEDICS
5608,M,10,4,GENERAL
5609,F,1,5,ORTHOPEDICS
5610,F,1,5,CARDIOLOGY
5611,M,1,5,ORTHOPEDICS
5612,M,1,5,SURGERY
5613,F,6,4,SURGERY
5614,F,6,4,GENERAL
5615,M,6,4,SURGERY
5616,F,1,6,GENERAL
5617,F,6,5,GENERAL
5618,F,6,4,GENERAL
5619,M,13,2,CARDIOLOGY
5620,M,11,3,SURGERY
5621,M,10,3,ORTHOPEDICS
5622,F,6,4,CARDIOLOGY
5623,M,11,3,CARDIOLOGY
5624,F,1,5,ORTHOPEDICS
5625,F,7,4,ORTHOPEDICS
5626,M,6,4,GENERAL
5627,F,1,6,SURGERY
5628,M,1,6,ORTHOPEDICS
5629,M,6,4,SURGERY
5630,F,13,3,CARDIOLOGY
5631,F,7,4,GENERAL
5632,M,1,5,GENERAL
5633,F,10,3,SURGERY
5634,M,1,5,SURGERY
5635,M,1,5,GENERAL
5636,M,10,3,ORTHOPEDICS
5637,M,1,6,GENERAL
5638,F,6,4,GENERAL
5639,M,10,3,GENERAL
5640,M,10,3,GENERAL
5641,F,10,3,GENERAL
5642,M,10,4,GENERAL
5643,F,10,4,GENERAL
5644,M,1,5,ORTHOPEDICS
5645,F,6,4,ORTHOPEDICS
5646,F,6,4,GENERAL
5647,M,6,4,CARDIOLOGY
5648,M,6,4,GENERAL
5649,F,13,1,SURGERY
5650,M,1,5,GENERAL
5651,M,11,3,GENERAL
5652,F,13,2,CARDIOLOGY
5653,M,10,3,CARDIOLOGY
5654,F,10,4,ORTHOPEDICS
5655,F,7,4,GENERAL
5656,M,10,3,GENERAL
5657,F,8,4,CARDIOLOGY
5658,M,10,3,GENERAL
5659,M,10,4,GENERAL
5660,F,10,3,GENERAL
5661,M,10,4,ORTHOPEDICS
5662,M,1,6,GENERAL
5663,M,1,5,CARDIOLOGY
5664,M,10,3,GENERAL
5665,F,10,4,ORTHOPEDICS
5666,F,11,3,GENERAL
5667,M,6,4,CARDIOLOGY
5668,F,1,5,GENERAL
5669,F,10,4,SURGERY
5670,F,13,2,GENERAL
5671,F,6,4,GENERAL
5672,F,7,4,GENERAL
5673,F,10,3,GENERAL
5674,F,6,4,GENERAL
5675,F,6,4,ORTHOPEDICS
5676,F,1,5,ORTHOPEDICS
5677,F,10,4,GENERAL
5678,M,6,4,CARDIOLOGY
5679,F,6,4,SURGERY
5680,M,10,3,GENERAL
5681,M,7,4,CARDIOLOGY
5682,F,6,4,ORTHOPEDICS
5683,F,10,3,CARDIOLOGY
5684,F,6,4,SURGERY
5685,M,11,3,GENERAL
5686,M,6,4,ORTHOPEDICS
5687,M,7,4,CARDIOLOGY
5688,M,7,4,GENERAL
5689,F,10,3,GENERAL
5690,M,6,4,CARDIOLOGY
5691,F,10,3,GENERAL
5692,F,1,5,GENERAL
5693,F,10,3,CARDIOLOGY
5694,F,6,4,GENERAL
5695,M,10,4,GENERAL
5696,M,10,4,ORTHOPEDICS
5697,F,1,6,GENERAL
5698,F,10,3,GENERAL
5699,F,1,5,CARDIOLOGY
5700,M,11,3,CARDIOLOGY
5701,M,11,3,GENERAL
5702,M,10,3,CARDIOLOGY
5703,M,1,5,GENERAL
5704,M,13,3,SURGERY
5705,F,6,4,ORTHOPEDICS
5706,M,6,4,GENERAL
5707,F,1,5,CARDIOLOGY
5708,M,6,4,CARDIOLOGY
5709,M,11,3,GENERAL
5710,M,10,4,SURGERY
5711,F,10,4,GENERAL
5712,F,1,5,GENERAL
5713,M,6,4,SURGERY
5714,F,1,5,CARDIOLOGY
5715,F,6,4,GENERAL
5716,M,10,3,SURGERY
5717,M,1,5,ORTHOPEDICS
5718,M,10,3,SURGERY
5719,M,7,4,GENERAL
5720,F,1,5,GENERAL
5721,F,10,3,GENERAL
5722,F,6,4,ORTHOPEDICS
5723,F,7,4,GENERAL
5724,M,6,4,GENERAL
5725,F,6,4,GENERAL
5726,F,1,6,ORTHOPEDICS
5727,M,1,6,GENERAL
5728,M,10,4,GENERAL
5729,F,13,3,GENERAL
5730,M,10,3,GENERAL
5731,F,10,3,SURGERY
5732,M,10,3,GENERAL
5733,F,10,4,CARDIOLOGY
5734,F,12,3,SURGERY
5735,F,1,5,SURGERY
5736,M,10,3,GENERAL
5737,F,6,4,ORTHOPEDICS
5738,F,6,4,GENERAL
5739,F,10,4,CARDIOLOGY
5740,M,1,5,CARDIOLOGY
5741,F,6,4,GENERAL
5742,M,6,4,CARDIOLOGY
5743,M,6,4,GENERAL
5744,F,11,3,GENERAL
5745,F,1,7,ORTHOPEDICS
5746,M,6,4,GENERAL
5747,F,1,6,SURGERY
5748,M,10,4,GENERAL
5749,F,10,4,SURGERY
5750,M,6,4,SURGERY
5751,M,13,2,CARDIOLOGY
5752,M,1,5,GENERAL
5753,F,10,4,ORTHOPEDICS
5754,M,11,3,ORTHOPEDICS
5755,F,6,4,SURGERY
5756,F,13,2,GENERAL
5757,F,6,4,GENERAL
5758,F,6,4,ORTHOPEDICS
5759,F,6,4,ORTHOPEDICS
5760,M,10,3,GENERAL
5761,M,6,4,GENERAL
5762,M,1,5,SURGERY
5763,F,1,5,ORTHOPEDICS
5764,M,10,4,GENERAL
5765,F,6,4,GENERAL
5766,M,13,2,ORTHOPEDICS
5767,M,1,6,SURGERY
5768,M,6,4,GENERAL
5769,M,13,3,CARDIOLOGY
5770,F,10,4,GENERAL
5771,F,6,4,CARDIOLOGY
5772,M,6,4,ORTHOPEDICS
5773,M,7,4,GENERAL
5774,F,7,4,SURGERY
5775,F,13,3,GENERAL
5776,F,7,4,GENERAL
5777,F,6,4,GENERAL
5778,M,6,4,GENERAL
5779,F,13,2,GENERAL
5780,F,10,3,GENERAL
5781,M,1,5,GENERAL
5782,F,1,5,CARDIOLOGY
5783,F,1,6,CARDIOLOGY
5784,F,1,5,GENERAL
5785,M,10,3,GENERAL
5786,F,1,5,GENERAL
5787,M,1,5,CARDIOLOGY
5788,M,13,2,CARDIOLOGY
5789,M,10,3,GENERAL
5790,M,10,4,CARDIOLOGY
5791,F,13,2,ORTHOPEDICS
5792,M,13,3,GENERAL
5793,M,1,5,CARDIOLOGY
5794,M,6,4,ORTHOPEDICS
5795,F,6,4,GENERAL
5796,F,13,3,ORTHOPEDICS
5797,M,6,5,GENERAL
5798,M,1,5,GENERAL
5799,F,10,4,GENERAL
5800,M,10,3,SURGERY
5801,F,7,4,GENERAL
5802,F,1,5,GENERAL
5803,M,1,5,ORTHOPEDICS
5804,M,13,2,GENERAL
5805,F,1,5,CARDIOLOGY
5806,M,1,5,GENERAL
5807,M,6,4,SURGERY
5808,F,6,4,GENERAL
5809,M,10,4,CARDIOLOGY
5810,M,6,4,ORTHOPEDICS
5811,F,10,3,GENERAL
5812,M,6,4,ORTHOPEDICS
5813,M,1,6,GENERAL
5814,M,6,4,CARDIOLOGY
5815,F,1,5,ORTHOPEDICS
5816,M,10,4,CARDIOLOGY
5817,F,1,5,GENERAL
5818,M,1,5,CARDIOLOGY
5819,M,10,3,ORTHOPEDICS
5820,M,1,5,ORTHOPEDICS
5821,F,7,4,GENERAL
5822,M,11,3,SURGERY
5823,F,1,5,ORTHOPEDICS
5824,M,10,3,SURGERY
5825,M,1,5,GENERAL
5826,M,1,5,ORTHOPEDICS
5827,F,6,4,CARDIOLOGY
5828,M,1,5,GENERAL
5829,M,6,4,CARDIOLOGY
5830,M,6,4,GENERAL
5831,M,13,3,SURGERY
5832,M,1,5,GENERAL
5833,M,10,4,CARDIOLOGY
5834,M,13,3,GENERAL
5835,M,8,4,GENERAL
5836,F,13,2,GENERAL
5837,F,6,4,CARDIOLOGY
5838,F,11,3,GENERAL
5839,M,6,4,ORTHOPEDICS
5840,M,1,7,ORTHOPEDICS
5841,F,1,5,GENERAL
5842,M,10,3,GENERAL
5843,M,1,6,GENERAL
5844,F,10,4,GENERAL
5845,M,6,4,CARDIOLOGY
5846,M,1,5,GENERAL
5847,M,1,5,ORTHOPEDICS
5848,F,13,3,GENERAL
5849,F,7,4,SURGERY
5850,F,1,6,SURGERY
5851,M,10,3,SURGERY
5852,M,10,3,SURGERY
5853,M,6,4,SURGERY
5854,F,7,4,GENERAL
5855,F,13,2,CARDIOLOGY
5856,F,13,2,CARDIOLOGY
5857,M,1,5,CARDIOLOGY
5858,M,8,4,SURGERY
5859,F,11,3,GENERAL
5860,F,1,5,ORTHOPEDICS
5861,M,10,3,CARDIOLOGY
5862,F,6,4,SURGERY
5863,F,11,3,SURGERY
5864,M,13,2,SURGERY
5865,M,10,4,GENERAL
5866,F,6,4,GENERAL
5867,F,13,2,GENERAL
5868,F,6,4,ORTHOPEDICS
5869,F,7,4,ORTHOPEDICS
5870,F,11,3,GENERAL
5871,M,7,4,GENERAL
5872,F,1,6,GENERAL
5873,F,10,4,CARDIOLOGY
5874,F,11,3,GENERAL
5875,M,10,3,CARDIOLOGY
5876,F,10,3,GENERAL
5877,M,6,4,SURGERY
5878,F,7,4,GENERAL
5879,M,1,7,ORTHOPEDICS
5880,M,10,4,GENERAL
5881,F,1,5,GENERAL
5882,F,6,4,CARDIOLOGY
5883,F,11,3,CARDIOLOGY
5884,F,13,2,SURGERY
5885,M,1,6,ORTHOPEDICS
5886,F,13,2,SURGERY
5887,M,6,4,GENERAL
5888,F,6,4,CARDIOLOGY
5889,F,1,5,SURGERY
5890,M,10,3,GENERAL
5891,F,11,3,SURGERY
5892,M,10,3,SURGERY
5893,F,1,5,GENERAL
5894,M,1,6,GENERAL
5895,F,10,3,GENERAL
5896,F,1,5,GENERAL
5897,F,11,3,GENERAL
5898,F,6,4,GENERAL
5899,M,11,3,SURGERY
5900,M,6,4,ORTHOPEDICS
5901,F,1,5,GENERAL
5902,M,1,5,ORTHOPEDICS
5903,M,8,4,GENERAL
5904,F,7,4,SURGERY
5905,M,10,4,ORTHOPEDICS
5906,F,10,4,ORTHOPEDICS
5907,F,1,5,GENERAL
5908,F,6,5,GENERAL
5909,F,6,4,ORTHOPEDICS
5910,F,7,4,ORTHOPEDICS
5911,M,7,4,GENERAL
5912,M,10,3,SURGERY
5913,M,1,5,GENERAL
5914,M,6,4,GENERAL
5915,F,1,5,ORTHOPEDICS
5916,M,1,5,CARDIOLOGY
5917,M,13,3,GENERAL
5918,M,10,4,SURGERY
5919,F,6,4,GENERAL
5920,F,7,4,SURGERY
5921,F,1,5,GENERAL
5922,F,10,3,ORTHOPEDICS
5923,F,13,2,CARDIOLOGY
5924,F,6,4,CARDIOLOGY
5925,M,6,4,ORTHOPEDICS
5926,F,11,3,SURGERY
5927,M,1,6,ORTHOPEDICS
5928,F,1,6,GENERAL
5929,F,1,5,GENERAL
5930,F,11,3,SURGERY
5931,M,1,5,GENERAL
5932,F,1,5,CARDIOLOGY
5933,F,10,4,GENERAL
5934,M,1,5,GENERAL
5935,M,10,4,ORTHOPEDICS
5936,F,10,4,ORTHOPEDICS
5937,F,10,3,ORTHOPEDICS
5938,M,1,5,CARDIOLOGY
5939,M,6,4,ORTHOPEDICS
5940,F,6,4,GENERAL
5941,M,10,3,CARDIOLOGY
5942,M,1,5,ORTHOPEDICS
5943,F,11,3,ORTHOPEDICS
5944,F,10,3,CARDIOLOGY
5945,M,13,2,CARDIOLOGY
5946,M,11,3,GENERAL
5947,F,10,3,GENERAL
5948,F,13,2,CARDIOLOGY
5949,F,6,4,ORTHOPEDICS
5950,M,10,3,GENERAL
5951,F,10,4,CARDIOLOGY
5952,F,7,4,ORTHOPEDICS
5953,F,13,2,GENERAL
5954,F,1,6,GENERAL
5955,F,13,2,GENERAL
5956,F,1,5,CARDIOLOGY
5957,M,1,5,GENERAL
5958,M,10,3,CARDIOLOGY
5959,F,1,6,ORTHOPEDICS
5960,M,10,3,ORTHOPEDICS
5961,M,7,4,SURGERY
5962,F,6,4,GENERAL
5963,F,6,4,GENERAL
5964,M,1,5,GENERAL
5965,F,10,3,GENERAL
5966,M,10,3,SURGERY
5967,F,13,3,SURGERY
5968,M,1,5,CARDIOLOGY
5969,F,11,3,SURGERY
5970,F,10,3,SURGERY
5971,M,1,5,GENERAL
5972,M,6,4,GENERAL
5973,M,13,2,GENERAL
5974,M,10,3,ORTHOPEDICS
5975,M,6,5,GENERAL
5976,M,6,4,GENERAL
5977,F,6,4,GENERAL
5978,F,11,3,ORTHOPEDICS
5979,F,1,5,ORTHOPEDICS
5980,M,6,4,CARDIOLOGY
5981,F,1,5,ORTHOPEDICS
5982,F,1,5,CARDIOLOGY
5983,F,6,4,CARDIOLOGY
5984,F,1,5,GENERAL
5985,F,13,2,GENERAL
5986,F,13,2,ORTHOPEDICS
5987,M,6,4,CARDIOLOGY
5988,F,1,5,GENERAL
5989,M,13,3,GENERAL
5990,M,10,3,SURGERY
5991,M,6,4,SURGERY
5992,F,6,4,SURGERY
5993,F,10,4,CARDIOLOGY
5994,M,10,4,CARDIOLOGY
5995,M,11,3,ORTHOPEDICS
5996,M,10,3,SURGERY
5997,M,6,4,SURGERY
5998,F,6,4,SURGERY
5999,F,11,3,GENERAL
6000,F,10,3,GENERAL
6001,F,10,3,GENERAL
6002,F,6,4,GENERAL
6003,M,1,5,GENERAL
6004,F,1,5,ORTHOPEDICS
6005,M,13,1,GENERAL
6006,F,10,3,CARDIOLOGY
6007,M,1,5,CARDIOLOGY
6008,F,6,4,GENERAL
6009,M,1,5,ORTHOPEDICS
6010,M,6,4,CARDIOLOGY
6011,F,1,5,GENERAL
6012,M,1,5,GENERAL
6013,M,10,3,GENERAL
6014,M,1,5,CARDIOLOGY
6015,M,1,6,CARDIOLOGY
6016,F,6,4,GENERAL
6017,M,13,3,GENERAL
6018,M,6,4,GENERAL
6019,M,1,5,ORTHOPEDICS
6020,M,13,1,CARDIOLOGY
6021,F,1,5,GENERAL
6022,F,6,5,GENERAL
6023,F,6,4,SURGERY
6024,M,8,4,CARDIOLOGY
6025,M,11,3,ORTHOPEDICS
6026,F,6,4,GENERAL
6027,M,10,4,GENERAL
6028,M,11,3,CARDIOLOGY
6029,F,1,5,CARDIOLOGY
6030,M,7,4,CARDIOLOGY
6031,F,1,5,SURGERY
6032,M,1,5,GENERAL
6033,F,1,6,SURGERY
6034,F,6,4,SURGERY
6035,M,6,4,GENERAL
6036,F,1,5,ORTHOPEDICS
6037,F,7,4,SURGERY
6038,F,1,5,GENERAL
6039,F,6,4,GENERAL
6040,M,11,3,GENERAL
6041,F,6,4,GENERAL
6042,F,1,5,GENERAL
6043,M,13,2,ORTHOPEDICS
6044,F,10,4,GENERAL
6045,F,1,5,GENERAL
6046,M,11,3,ORTHOPEDICS
6047,F,1,5,CARDIOLOGY
6048,F,6,4,GENERAL
6049,F,1,5,GENERAL
6050,M,1,5,CARDIOLOGY
6051,M,11,3,CARDIOLOGY
6052,M,1,5,CARDIOLOGY
6053,M,10,3,GENERAL
6054,F,6,4,CARDIOLOGY
6055,F,10,4,GENERAL
6056,M,10,3,CARDIOLOGY
6057,M,10,3,ORTHOPEDICS
6058,F,6,4,SURGERY
6059,M,13,2,GENERAL
6060,M,1,5,SURGERY
6061,M,6,4,GENERAL
6062,M,1,5,CARDIOLOGY
6063,M,10,3,CARDIOLOGY
6064,M,1,5,ORTHOPEDICS
6065,F,1,5,SURGERY
6066,M,1,5,ORTHOPEDICS
6067,F,1,5,GENERAL
6068,F,6,4,SURGERY
6069,M,6,4,SURGERY
6070,F,10,3,GENERAL
6071,M,6,4,ORTHOPEDICS
6072,M,1,6,GENERAL
6073,M,1,5,GENERAL
6074,M,13,3,GENERAL
6075,M,6,4,CARDIOLOGY
6076,F,1,5,GENERAL
6077,M,13,2,CARDIOLOGY
6078,F,10,3,ORTHOPEDICS
6079,F,1,6,GENERAL
6080,F,10,3,ORTHOPEDICS
6081,F,6,4,GENERAL
6082,M,7,4,CARDIOLOGY
6083,F,1,5,ORTHOPEDICS
6084,M,1,5,SURGERY
6085,F,1,6,ORTHOPEDICS
6086,M,6,4,CARDIOLOGY
6087,M,6,4,GENERAL
6088,M,1,6,GENERAL
6089,F,1,5,CARDIOLOGY
6090,M,1,5,ORTHOPEDICS
6091,F,6,4,CARDIOLOGY
6092,F,11,3,CARDIOLOGY
6093,F,10,3,CARDIOLOGY
6094,M,6,4,SURGERY
6095,M,7,4,ORTHOPEDICS
6096,M,6,4,GENERAL
6097,M,6,4,SURGERY
6098,M,1,6,CARDIOLOGY
6099,M,1,6,GENERAL
6100,F,13,2,GENERAL
6101,M,1,5,GENERAL
6102,M,1,6,SURGERY
6103,F,6,4,GENERAL
6104,M,8,4,SURGERY
6105,M,1,5,GENERAL
6106,M,10,3,ORTHOPEDICS
6107,F,1,5,GENERAL
6108,M,1,5,GENERAL
6109,F,10,4,SURGERY
6110,F,6,4,GENERAL
6111,F,7,4,CARDIOLOGY
6112,F,12,3,GENERAL
6113,M,1,6,GENERAL
6114,F,1,5,GENERAL
6115,F,1,5,SURGERY
6116,F,11,3,SURGERY
6117,F,10,3,SURGERY
6118,F,13,3,SURGERY
6119,F,1,5,ORTHOPEDICS
6120,M,10,3,SURGERY
6121,F,12,3,CARDIOLOGY
6122,F,6,4,GENERAL
6123,F,10,3,GENERAL
6124,F,1,5,GENERAL
6125,M,6,4,GENERAL
6126,M,1,5,SURGERY
6127,F,6,4,GENERAL
6128,F,11,3,SURGERY
6129,M,1,5,ORTHOPEDICS
6130,M,6,4,SURGERY
6131,M,10,3,SURGERY
6132,M,6,4,GENERAL
6133,M,11,3,CARDIOLOGY
6134,M,1,5,ORTHOPEDICS
6135,F,6,4,CARDIOLOGY
6136,F,6,4,SURGERY
6137,M,10,3,GENERAL
6138,F,6,4,ORTHOPEDICS
6139,F,1,5,ORTHOPEDICS
6140,F,1,5,ORTHOPEDICS
6141,F,13,2,GENERAL
6142,M,11,3,CARDIOLOGY
6143,F,6,4,GENERAL
6144,M,8,4,SURGERY
6145,M,7,4,CARDIOLOGY
6146,F,13,2,GENERAL
6147,F,7,4,ORTHOPEDICS
6148,M,10,4,ORTHOPEDICS
6149,F,1,5,GENERAL
6150,F,6,4,SURGERY
6151,F,6,4,CARDIOLOGY
6152,F,1,5,CARDIOLOGY
6153,M,10,4,ORTHOPEDICS
6154,F,13,2,GENERAL
6155,F,10,3,CARDIOLOGY
6156,M,13,2,SURGERY
6157,F,7,4,ORTHOPEDICS
6158,F,13,3,SURGERY
6159,M,1,5,ORTHOPEDICS
6160,M,6,4,ORTHOPEDICS
6161,F,6,4,GENERAL
6162,F,13,3,GENERAL
6163,M,6,4,CARDIOLOGY
6164,F,10,4,GENERAL
6165,F,1,5,GENERAL
6166,M,1,6,SURGERY
6167,F,1,5,GENERAL
6168,F,13,2,GENERAL
6169,F,11,3,GENERAL
6170,F,6,4,GENERAL
6171,F,11,3,GENERAL
6172,F,1,5,GENERAL
6173,F,11,3,ORTHOPEDICS
6174,F,6,5,SURGERY
6175,F,10,3,SURGERY
6176,F,7,4,CARDIOLOGY
6177,M,10,3,GENERAL
6178,M,1,5,GENERAL
6179,F,1,5,SURGERY
6180,F,10,3,GENERAL
6181,M,1,5,ORTHOPEDICS
6182,M,13,2,ORTHOPEDICS
6183,F,12,3,ORTHOPEDICS
6184,F,7,4,SURGERY
6185,F,6,4,SURGERY
6186,M,10,3,GENERAL
6187,F,13,3,CARDIOLOGY
6188,M,1,5,GENERAL
6189,M,6,5,GENERAL
6190,F,13,3,GENERAL
6191,F,10,3,GENERAL
6192,F,10,4,CARDIOLOGY
6193,F,10,3,ORTHOPEDICS
6194,M,10,3,GENERAL
6195,F,1,6,GENERAL
6196,F,6,4,GENERAL
6197,F,1,6,SURGERY
6198,F,10,4,GENERAL
6199,M,1,5,SURGERY
6200,M,1,5,GENERAL
6201,M,1,5,CARDIOLOGY
6202,F,6,4,ORTHOPEDICS
6203,F,1,5,GENERAL
6204,M,1,6,GENERAL
6205,F,1,5,CARDIOLOGY
6206,F,10,3,GENERAL
6207,M,1,5,SURGERY
6208,F,10,4,CARDIOLOGY
6209,M,10,3,ORTHOPEDICS
6210,F,6,4,CARDIOLOGY
6211,F,1,5,SURGERY
6212,M,10,3,GENERAL
6213,M,1,5,GENERAL
6214,M,6,4,SURGERY
6215,F,1,5,ORTHOPEDICS
6216,F,6,5,GENERAL
6217,M,7,4,ORTHOPEDICS
6218,M,1,6,GENERAL
6219,F,6,4,ORTHOPEDICS
6220,F,6,4,GENERAL
6221,F,6,4,CARDIOLOGY
6222,F,1,5,SURGERY
6223,M,1,5,SURGERY
6224,F,13,2,GENERAL
6225,F,10,3,GENERAL
6226,F,10,4,ORTHOPEDICS
6227,M,1,5,CARDIOLOGY
6228,F,10,3,ORTHOPEDICS
6229,F,10,3,SURGERY
6230,M,12,3,ORTHOPEDICS
6231,F,1,6,SURGERY
6232,F,1,5,ORTHOPEDICS
6233,F,6,4,GENERAL
6234,F,6,4,ORTHOPEDICS
6235,F,6,4,ORTHOPEDICS
6236,F,10,4,SURGERY
6237,F,11,3,CARDIOLOGY
6238,M,10,3,GENERAL
6239,M,6,4,GENERAL
6240,F,13,3,ORTHOPEDICS
6241,F,1,6,SURGERY
6242,M,12,3,GENERAL
6243,M,1,6,GENERAL
6244,M,11,3,ORTHOPEDICS
6245,M,13,2,SURGERY
6246,M,1,5,CARDIOLOGY
6247,F,7,4,GENERAL
6248,M,1,5,SURGERY
6249,F,6,4,GENERAL
6250,F,13,2,ORTHOPEDICS
6251,F,6,4,GENERAL
6252,M,10,4,GENERAL
6253,M,6,4,GENERAL
6254,F,11,3,GENERAL
6255,M,11,3,SURGERY
6256,M,6,4,GENERAL
6257,M,1,5,CARDIOLOGY
6258,F,10,4,CARDIOLOGY
6259,M,1,5,CARDIOLOGY
6260,F,10,3,GENERAL
6261,F,10,4,GENERAL
6262,F,1,5,CARDIOLOGY
6263,M,11,3,ORTHOPEDICS
6264,F,1,5,SURGERY
6265,M,1,5,GENERAL
6266,M,10,3,SURGERY
6267,M,13,2,GENERAL
6268,M,1,5,ORTHOPEDICS
6269,F,1,6,SURGERY
6270,F,6,4,ORTHOPEDICS
6271,F,10,3,ORTHOPEDICS
6272,F,6,4,SURGERY
6273,F,1,5,GENERAL
6274,M,13,3,GENERAL
6275,F,6,4,CARDIOLOGY
6276,M,1,5,ORTHOPEDICS
6277,M,6,4,GENERAL
6278,M,1,5,SURGERY
6279,M,1,6,CARDIOLOGY
6280,M,7,4,SURGERY
6281,M,7,4,GENERAL
6282,M,1,6,SURGERY
6283,F,1,6,CARDIOLOGY
6284,M,10,4,GENERAL
6285,F,1,5,SURGERY
6286,M,1,7,CARDIOLOGY
6287,M,10,3,SURGERY
6288,F,11,3,GENERAL
6289,F,11,3,GENERAL
6290,F,10,3,SURGERY
6291,M,13,2,CARDIOLOGY
6292,F,10,4,GENERAL
6293,M,1,5,GENERAL
6294,F,13,3,CARDIOLOGY
6295,F,11,3,GENERAL
6296,F,10,3,GENERAL
6297,M,1,6,SURGERY
6298,M,10,3,GENERAL
6299,F,1,7,GENERAL
6300,M,6,4,GENERAL
6301,M,13,2,ORTHOPEDICS
6302,F,10,3,GENERAL
6303,F,6,4,ORTHOPEDICS
6304,M,6,4,SURGERY
6305,F,7,4,SURGERY
6306,F,13,2,ORTHOPEDICS
6307,M,13,2,SURGERY
6308,F,11,3,ORTHOPEDICS
6309,M,13,1,CARDIOLOGY
6310,M,11,3,CARDIOLOGY
6311,M,1,5,GENERAL
6312,F,6,4,GENERAL
6313,M,1,5,SURGERY
6314,F,6,4,ORTHOPEDICS
6315,M,10,3,CARDIOLOGY
6316,M,10,3,SURGERY
6317,M,1,5,GENERAL
6318,M,11,3,SURGERY
6319,F,12,3,CARDIOLOGY
6320,F,6,4,SURGERY
6321,M,10,3,CARDIOLOGY
6322,M,7,4,SURGERY
6323,M,10,3,SURGERY
6324,F,1,5,SURGERY
6325,F,10,4,GENERAL
6326,M,1,5,CARDIOLOGY
6327,F,6,4,ORTHOPEDICS
6328,F,6,4,ORTHOPEDICS
6329,M,6,4,SURGERY
6330,F,6,4,GENERAL
6331,M,7,4,CARDIOLOGY
6332,F,6,4,GENERAL
6333,M,7,4,CARDIOLOGY
6334,M,10,3,ORTHOPEDICS
6335,M,1,6,GENERAL
6336,M,13,2,GENERAL
6337,M,1,6,CARDIOLOGY
6338,M,1,5,ORTHOPEDICS
6339,F,1,5,SURGERY
6340,F,6,4,ORTHOPEDICS
6341,F,1,5,SURGERY
6342,M,7,4,GENERAL
6343,M,6,4,GENERAL
6344,M,1,5,GENERAL
6345,M,1,5,SURGERY
6346,F,1,5,SURGERY
6347,M,7,4,CARDIOLOGY
6348,F,10,3,ORTHOPEDICS
6349,F,6,4,GENERAL
6350,M,10,4,CARDIOLOGY
6351,F,1,6,CARDIOLOGY
6352,F,6,4,CARDIOLOGY
6353,M,6,4,SURGERY
6354,M,1,6,GENERAL
6355,M,10,4,SURGERY
6356,M,10,3,GENERAL
6357,F,6,4,CARDIOLOGY
6358,M,10,3,SURGERY
6359,F,13,2,GENERAL
6360,F,10,4,GENERAL
6361,M,1,5,GENERAL
6362,F,6,4,CARDIOLOGY
6363,M,13,2,SURGERY
6364,M,10,3,ORTHOPEDICS
6365,F,1,6,GENERAL
6366,M,6,4,GENERAL
6367,F,10,3,GENERAL
6368,M,1,5,ORTHOPEDICS
6369,F,1,5,ORTHOPEDICS
6370,F,1,5,CARDIOLOGY
6371,F,10,3,SURGERY
6372,F,1,5,GENERAL
6373,F,10,4,SURGERY
6374,M,1,6,GENERAL
6375,M,10,3,GENERAL
6376,M,10,3,CARDIOLOGY
6377,M,10,4,CARDIOLOGY
6378,M,11,3,SURGERY
6379,F,13,2,GENERAL
6380,F,6,4,CARDIOLOGY
6381,M,1,7,GENERAL
6382,F,7,4,CARDIOLOGY
6383,F,7,4,GENERAL
6384,M,13,2,SURGERY
6385,F,1,6,GENERAL
6386,M,1,6,ORTHOPEDICS
6387,M,13,2,GENERAL
6388,F,10,4,GENERAL
6389,F,1,6,GENERAL
6390,F,6,4,ORTHOPEDICS
6391,F,13,2,CARDIOLOGY
6392,F,1,6,SURGERY
6393,M,11,3,SURGERY
6394,M,13,2,CARDIOLOGY
6395,M,1,5,GENERAL
6396,M,13,2,SURGERY
6397,M,10,3,CARDIOLOGY
6398,M,13,2,SURGERY
6399,M,10,3,GENERAL
6400,M,6,4,ORTHOPEDICS
