patient_id,gender,admission_day,los,required_specialty
1,F,1,6,SURGERY
2,M,7,4,SURGERY
3,F,11,3,GENERAL
4,M,1,5,CARDIOLOGY
5,F,6,4,GENERAL
6,F,6,4,SURGERY
7,F,6,4,GENERAL
8,M,13,3,GENERAL
9,M,10,3,ORTHOPEDICS
10,M,13,3,GENERAL
11,F,6,4,GENERAL
12,F,7,4,SURGERY
13,M,1,5,GENERAL
14,F,12,3,ORTHOPEDICS
15,F,13,3,ORTHOPEDICS
16,F,1,6,CARDIOLOGY
17,F,10,3,GENERAL
18,M,13,3,ORTHOPEDICS
19,M,10,3,GENERAL
20,M,10,3,GENERAL
21,F,1,5,GENERAL
22,M,1,5,GENERAL
23,F,1,5,SURGERY
24,M,7,4,ORTHOPEDICS
25,F,1,5,ORTHOPEDICS
26,F,7,4,SURGERY
27,M,10,4,GENERAL
28,M,6,4,ORTHOPEDICS
29,M,6,4,GENERAL
30,M,1,5,SURGERY
31,M,10,3,SURGERY
32,M,10,3,GENERAL
33,M,11,3,SURGERY
34,F,6,4,ORTHOPEDICS
35,M,1,6,GENERAL
36,F,10,4,ORTHOPEDICS
37,M,6,4,SURGERY
38,F,10,3,SURGERY
39,M,10,3,GENERAL
40,M,1,5,CARDIOLOGY
41,F,10,3,GENERAL
42,M,6,4,ORTHOPEDICS
43,M,1,6,GENERAL
44,M,1,5,GENERAL
45,F,10,4,SURGERY
46,M,10,4,SURGERY
47,M,1,5,GENERAL
48,M,10,3,CARDIOLOGY
49,M,1,6,GENERAL
50,M,1,6,GENERAL
51,F,1,5,ORTHOPEDICS
52,M,10,3,GENERAL
53,M,11,3,GENERAL
54,F,10,3,GENERAL
55,M,6,4,CARDIOLOGY
56,F,1,5,GENERAL
57,F,7,4,SURGERY
58,F,1,5,GENERAL
59,F,10,3,ORTHOPEDICS
60,F,1,5,CARDIOLOGY
61,M,13,2,ORTHOPEDICS
62,M,1,6,SURGERY
63,M,10,4,ORTHOPEDICS
64,M,1,6,GENERAL
65,M,6,4,CARDIOLOGY
66,M,8,4,CARDIOLOGY
67,M,11,3,GENERAL
68,F,11,3,GENERAL
69,F,11,3,CARDIOLOGY
70,F,1,5,GENERAL
71,M,10,3,ORTHOPEDICS
72,F,10,4,GENERAL
73,F,10,4,GENERAL
74,M,1,5,GENERAL
75,M,7,4,GENERAL
76,F,1,5,SURGERY
77,M,13,2,SURGERY
78,F,6,4,GENERAL
79,F,1,5,GENERAL
80,F,1,5,CARDIOLOGY
81,F,10,3,ORTHOPEDICS
82,M,1,5,GENERAL
83,M,10,3,GENERAL
84,M,10,4,SURGERY
85,M,10,3,SURGERY
86,F,10,4,GENERAL
87,M,10,3,SURGERY
88,F,6,4,GENERAL
89,F,10,3,SURGERY
90,F,10,3,CARDIOLOGY
91,M,1,6,GENERAL
92,F,1,6,ORTHOPEDICS
93,M,1,5,CARDIOLOGY
94,M,13,3,GENERAL
95,F,1,5,SURGERY
96,M,13,3,SURGERY
97,F,10,3,ORTHOPEDICS
98,M,7,4,GENERAL
99,F,11,3,GENERAL
100,M,6,4,ORTHOPEDICS
101,M,1,5,GENERAL
102,M,11,3,ORTHOPEDICS
103,F,6,4,ORTHOPEDICS
104,M,6,4,GENERAL
105,M,6,4,CARDIOLOGY
106,F,13,3,SURGERY
107,F,6,4,ORTHOPEDICS
108,F,13,2,ORTHOPEDICS
109,M,10,3,GENERAL
110,M,13,2,ORTHOPEDICS
111,M,11,3,SURGERY
112,M,13,3,ORTHOPEDICS
113,M,1,5,ORTHOPEDICS
114,M,10,3,GENERAL
115,F,10,3,GENERAL
116,M,1,6,GENERAL
117,M,10,3,SURGERY
118,M,1,5,GENERAL
119,F,11,3,GENERAL
120,F,6,4,GENERAL
121,M,1,5,ORTHOPEDICS
122,F,10,3,CARDIOLOGY
123,M,6,4,SURGERY
124,F,6,4,ORTHOPEDICS
125,M,13,3,SURGERY
126,M,10,3,SURGERY
127,F,1,5,GENERAL
128,M,1,5,SURGERY
129,F,11,3,SURGERY
130,M,6,4,CARDIOLOGY
131,F,11,3,CARDIOLOGY
132,F,13,2,GENERAL
133,F,6,4,ORTHOPEDICS
134,M,1,5,GENERAL
135,F,6,4,CARDIOLOGY
136,F,10,3,CARDIOLOGY
137,F,7,4,SURGERY
138,F,1,7,SURGERY
139,M,8,4,GENERAL
140,M,11,3,CARDIOLOGY
141,M,10,4,GENERAL
142,F,10,3,GENERAL
143,F,6,4,GENERAL
144,M,10,3,ORTHOPEDICS
145,F,8,4,GENERAL
146,F,11,3,GENERAL
147,F,1,5,GENERAL
148,M,6,4,CARDIOLOGY
149,F,10,3,SURGERY
150,M,10,4,GENERAL
151,M,7,4,CARDIOLOGY
152,M,1,5,GENERAL
153,M,13,2,GENERAL
154,F,13,2,SURGERY
155,F,10,3,GENERAL
156,M,1,5,CARDIOLOGY
157,M,6,4,GENERAL
158,M,6,4,ORTHOPEDICS
159,M,13,3,GENERAL
160,F,1,5,CARDIOLOGY
161,F,1,5,SURGERY
162,M,1,5,GENERAL
163,M,6,4,ORTHOPEDICS
164,F,1,5,GENERAL
165,F,1,5,SURGERY
166,F,6,4,GENERAL
167,M,10,4,GENERAL
168,M,6,4,GENERAL
169,M,1,5,CARDIOLOGY
170,F,1,5,GENERAL
171,F,6,4,SURGERY
172,F,1,5,CARDIOLOGY
173,F,7,4,CARDIOLOGY
174,M,7,4,GENERAL
175,F,6,4,GENERAL
176,F,1,5,CARDIOLOGY
177,F,10,4,CARDIOLOGY
178,F,7,4,ORTHOPEDICS
179,F,11,3,CARDIOLOGY
180,M,10,4,GENERAL
181,F,1,5,ORTHOPEDICS
182,M,10,4,SURGERY
183,M,6,4,CARDIOLOGY
184,M,1,5,SURGERY
185,M,10,3,CARDIOLOGY
186,M,1,5,GENERAL
187,F,7,4,GENERAL
188,M,13,2,GENERAL
189,F,10,4,ORTHOPEDICS
190,M,6,4,ORTHOPEDICS
191,F,13,2,GENERAL
192,F,13,3,GENERAL
193,M,6,4,GENERAL
194,M,1,6,GENERAL
195,M,7,4,ORTHOPEDICS
196,F,10,3,GENERAL
197,F,6,4,GENERAL
198,M,10,3,CARDIOLOGY
199,M,12,3,GENERAL
200,F,10,3,GENERAL
201,M,6,4,CARDIOLOGY
202,M,10,3,GENERAL
203,M,7,4,ORTHOPEDICS
204,M,10,4,ORTHOPEDICS
205,M,1,5,GENERAL
206,F,13,2,GENERAL
207,M,10,3,GENERAL
208,F,10,3,CARDIOLOGY
209,M,1,5,SURGERY
210,M,1,5,ORTHOPEDICS
211,F,10,4,SURGERY
212,F,10,3,GENERAL
213,F,1,5,CARDIOLOGY
214,M,6,4,ORTHOPEDICS
215,M,13,2,CARDIOLOGY
216,M,13,2,CARDIOLOGY
217,F,6,4,CARDIOLOGY
218,F,11,3,GENERAL
219,M,1,5,ORTHOPEDICS
220,M,10,3,CARDIOLOGY
221,F,1,5,CARDIOLOGY
222,M,13,2,SURGERY
223,M,6,4,SURGERY
224,M,10,4,ORTHOPEDICS
225,M,10,3,ORTHOPEDICS
226,F,10,4,SURGERY
227,F,1,5,GENERAL
228,M,6,4,CARDIOLOGY
229,M,6,4,CARDIOLOGY
230,F,13,3,GENERAL
231,M,13,3,GENERAL
232,F,6,4,SURGERY
233,F,10,4,GENERAL
234,F,6,4,SURGERY
235,F,10,3,GENERAL
236,F,10,3,ORTHOPEDICS
237,M,12,3,CARDIOLOGY
238,F,7,4,CARDIOLOGY
239,F,6,4,CARDIOLOGY
240,M,13,3,GENERAL
241,M,1,5,ORTHOPEDICS
242,M,1,6,SURGERY
243,F,13,3,SURGERY
244,M,11,3,CARDIOLOGY
245,F,1,5,GENERAL
246,M,10,4,ORTHOPEDICS
247,M,13,2,GENERAL
248,F,1,6,GENERAL
249,M,1,5,ORTHOPEDICS
250,F,10,3,GENERAL
251,F,7,4,SURGERY
252,F,1,5,CARDIOLOGY
253,F,10,3,GENERAL
254,M,10,3,ORTHOPEDICS
255,M,1,5,CARDIOLOGY
256,M,6,4,CARDIOLOGY
257,M,6,4,GENERAL
258,F,11,3,ORTHOPEDICS
259,F,6,4,CARDIOLOGY
260,F,1,6,CARDIOLOGY
261,F,1,5,CARDIOLOGY
262,M,1,5,ORTHOPEDICS
263,M,11,3,CARDIOLOGY
264,M,1,5,CARDIOLOGY
265,M,6,4,ORTHOPEDICS
266,F,7,4,GENERAL
267,F,10,4,SURGERY
268,M,7,4,GENERAL
269,F,10,3,ORTHOPEDICS
270,M,13,2,GENERAL
271,F,1,5,SURGERY
272,M,7,4,GENERAL
273,M,6,4,SURGERY
274,F,1,6,ORTHOPEDICS
275,F,1,5,ORTHOPEDICS
276,F,10,4,CARDIOLOGY
277,F,1,5,ORTHOPEDICS
278,M,10,3,GENERAL
279,M,13,3,SURGERY
280,F,1,5,GENERAL
281,F,6,4,GENERAL
282,F,6,4,ORTHOPEDICS
283,M,7,4,CARDIOLOGY
284,F,1,5,CARDIOLOGY
285,M,1,5,GENERAL
286,M,1,5,SURGERY
287,M,10,4,GENERAL
288,M,6,4,SURGERY
289,F,1,5,GENERAL
290,M,6,4,CARDIOLOGY
291,M,13,2,CARDIOLOGY
292,F,6,4,GENERAL
293,F,1,5,GENERAL
294,F,10,3,ORTHOPEDICS
295,M,10,4,SURGERY
296,F,10,3,ORTHOPEDICS
297,F,6,4,GENERAL
298,M,1,5,GENERAL
299,F,10,3,SURGERY
300,M,10,4,CARDIOLOGY
301,M,10,4,CARDIOLOGY
302,F,1,5,GENERAL
303,M,10,4,GENERAL
304,F,10,3,GENERAL
305,M,1,6,CARDIOLOGY
306,F,1,5,ORTHOPEDICS
307,M,6,4,SURGERY
308,F,10,3,ORTHOPEDICS
309,F,8,4,ORTHOPEDICS
310,M,1,5,GENERAL
311,M,1,5,GENERAL
312,F,10,3,GENERAL
313,F,10,3,CARDIOLOGY
314,M,10,4,GENERAL
315,F,10,3,SURGERY
316,F,11,3,SURGERY
317,F,1,5,GENERAL
318,M,6,4,GENERAL
319,F,6,4,ORTHOPEDICS
320,M,1,6,ORTHOPEDICS
321,M,10,4,SURGERY
322,F,1,5,GENERAL
323,F,11,3,GENERAL
324,F,10,4,GENERAL
325,M,6,4,SURGERY
326,F,10,3,ORTHOPEDICS
327,M,10,4,GENERAL
328,F,7,4,GENERAL
329,M,1,5,CARDIOLOGY
330,M,11,3,GENERAL
331,M,7,4,CARDIOLOGY
332,M,10,4,SURGERY
333,M,6,4,GENERAL
334,M,10,3,GENERAL
335,M,1,6,SURGERY
336,F,10,3,ORTHOPEDICS
337,M,6,4,ORTHOPEDICS
338,M,10,4,GENERAL
339,F,7,4,GENERAL
340,F,10,4,ORTHOPEDICS
341,M,7,4,ORTHOPEDICS
342,F,1,5,CARDIOLOGY
343,F,6,4,CARDIOLOGY
344,F,1,5,SURGERY
345,M,6,4,GENERAL
346,F,1,5,GENERAL
347,M,1,5,ORTHOPEDICS
348,F,1,5,GENERAL
349,M,10,3,CARDIOLOGY
350,F,1,6,CARDIOLOGY
351,M,10,4,CARDIOLOGY
352,M,10,3,ORTHOPEDICS
353,F,10,3,GENERAL
354,F,1,5,ORTHOPEDICS
355,M,6,4,GENERAL
356,M,11,3,GENERAL
357,F,13,3,SURGERY
358,M,7,4,GENERAL
359,F,10,3,CARDIOLOGY
360,F,10,4,GENERAL
361,M,6,4,SURGERY
362,F,11,3,ORTHOPEDICS
363,F,1,5,ORTHOPEDICS
364,M,1,5,ORTHOPEDICS
365,M,7,4,GENERAL
366,F,10,3,GENERAL
367,M,10,3,SURGERY
368,F,6,4,CARDIOLOGY
369,M,10,4,GENERAL
370,F,13,2,GENERAL
371,M,1,6,GENERAL
372,F,7,4,GENERAL
373,M,1,5,GENERAL
374,F,1,5,CARDIOLOGY
375,F,1,5,ORTHOPEDICS
376,F,10,4,ORTHOPEDICS
377,F,1,5,ORTHOPEDICS
378,M,6,4,SURGERY
379,F,10,4,CARDIOLOGY
380,F,10,4,SURGERY
381,F,6,4,CARDIOLOGY
382,M,13,3,SURGERY
383,F,13,3,ORTHOPEDICS
384,F,1,6,GENERAL
385,M,6,4,GENERAL
386,M,10,4,GENERAL
387,F,10,4,GENERAL
388,F,10,4,CARDIOLOGY
389,F,13,2,SURGERY
390,F,10,3,GENERAL
391,F,6,4,GENERAL
392,M,6,4,ORTHOPEDICS
393,M,11,3,ORTHOPEDICS
394,F,6,4,GENERAL
395,F,1,5,SURGERY
396,M,13,2,SURGERY
397,M,1,6,CARDIOLOGY
398,F,6,4,ORTHOPEDICS
399,M,1,5,GENERAL
400,M,10,4,SURGERY
401,M,10,4,CARDIOLOGY
402,F,13,3,ORTHOPEDICS
403,M,11,3,GENERAL
404,M,1,5,SURGERY
405,M,7,4,ORTHOPEDICS
406,M,6,4,GENERAL
407,M,8,4,GENERAL
408,F,1,6,GENERAL
409,F,1,5,CARDIOLOGY
410,F,11,3,GENERAL
411,F,1,6,CARDIOLOGY
412,F,12,3,GENERAL
413,F,7,4,GENERAL
414,F,6,4,GENERAL
415,F,10,3,SURGERY
416,F,11,3,GENERAL
417,F,7,4,SURGERY
418,M,13,2,SURGERY
419,F,1,6,SURGERY
420,F,10,4,SURGERY
421,M,6,4,CARDIOLOGY
422,M,1,6,CARDIOLOGY
423,M,10,3,CARDIOLOGY
424,F,6,4,GENERAL
425,F,7,4,GENERAL
426,M,7,4,GENERAL
427,M,13,2,CARDIOLOGY
428,F,10,3,GENERAL
429,F,6,4,SURGERY
430,F,10,3,GENERAL
431,F,6,4,CARDIOLOGY
432,M,6,4,GENERAL
433,M,10,3,CARDIOLOGY
434,M,6,4,CARDIOLOGY
435,M,10,3,GENERAL
436,M,10,3,CARDIOLOGY
437,F,6,4,CARDIOLOGY
438,F,13,2,SURGERY
439,F,7,4,GENERAL
440,F,6,4,CARDIOLOGY
441,F,6,4,ORTHOPEDICS
442,M,1,5,ORTHOPEDICS
443,F,10,4,SURGERY
444,F,6,4,SURGERY
445,M,6,4,GENERAL
446,F,1,5,CARDIOLOGY
447,M,1,5,CARDIOLOGY
448,F,1,5,GENERAL
449,F,6,4,SURGERY
450,F,13,2,CARDIOLOGY
451,F,10,3,CARDIOLOGY
452,M,8,4,ORTHOPEDICS
453,M,10,3,CARDIOLOGY
454,M,6,4,CARDIOLOGY
455,M,6,4,GENERAL
456,F,12,3,GENERAL
457,M,13,1,CARDIOLOGY
458,F,10,4,CARDIOLOGY
459,F,6,4,ORTHOPEDICS
460,F,1,5,CARDIOLOGY
461,M,1,5,SURGERY
462,F,11,3,SURGERY
463,M,10,4,ORTHOPEDICS
464,M,10,4,GENERAL
465,F,6,4,SURGERY
466,F,13,2,GENERAL
467,M,10,3,GENERAL
468,M,6,4,ORTHOPEDICS
469,M,13,2,GENERAL
470,F,7,4,CARDIOLOGY
471,M,6,4,ORTHOPEDICS
472,F,10,4,CARDIOLOGY
473,M,13,2,CARDIOLOGY
474,M,13,2,ORTHOPEDICS
475,M,6,4,ORTHOPEDICS
476,M,10,4,CARDIOLOGY
477,M,6,4,ORTHOPEDICS
478,F,6,4,GENERAL
479,F,11,3,CARDIOLOGY
480,F,10,3,ORTHOPEDICS
481,M,13,2,GENERAL
482,F,1,5,GENERAL
483,M,6,4,ORTHOPEDICS
484,F,13,3,SURGERY
485,F,13,3,CARDIOLOGY
486,F,10,3,GENERAL
487,F,10,4,SURGERY
488,M,7,4,GENERAL
489,F,1,5,CARDIOLOGY
490,F,7,4,GENERAL
491,M,10,3,SURGERY
492,F,13,2,ORTHOPEDICS
493,M,1,5,CARDIOLOGY
494,F,6,4,SURGERY
495,M,13,2,ORTHOPEDICS
496,F,10,3,SURGERY
497,F,10,4,CARDIOLOGY
498,M,6,4,CARDIOLOGY
499,F,8,4,GENERAL
500,M,6,4,GENERAL
501,M,6,4,GENERAL
502,F,1,5,GENERAL
503,F,6,4,CARDIOLOGY
504,F,6,4,GENERAL
505,M,13,2,GENERAL
506,M,1,5,GENERAL
507,M,6,4,GENERAL
508,M,10,4,ORTHOPEDICS
509,F,1,5,SURGERY
510,M,6,4,GENERAL
511,F,6,4,CARDIOLOGY
512,F,10,3,CARDIOLOGY
513,M,7,4,SURGERY
514,M,6,4,GENERAL
515,M,1,5,SURGERY
516,F,1,5,CARDIOLOGY
517,F,7,4,GENERAL
518,F,11,3,SURGERY
519,M,10,4,ORTHOPEDICS
520,F,6,4,ORTHOPEDICS
521,F,7,4,SURGERY
522,M,11,3,GENERAL
523,F,1,6,GENERAL
524,M,1,5,ORTHOPEDICS
525,F,1,5,GENERAL
526,M,1,6,GENERAL
527,M,6,4,GENERAL
528,M,6,4,GENERAL
529,F,1,5,ORTHOPEDICS
530,M,1,5,ORTHOPEDICS
531,F,6,4,ORTHOPEDICS
532,F,6,4,ORTHOPEDICS
533,M,7,4,SURGERY
534,F,10,3,SURGERY
535,M,13,2,SURGERY
536,M,6,4,CARDIOLOGY
537,M,13,3,GENERAL
538,M,6,4,ORTHOPEDICS
539,M,1,5,GENERAL
540,F,10,3,SURGERY
541,M,10,4,GENERAL
542,M,11,3,GENERAL
543,F,13,3,GENERAL
544,M,6,4,GENERAL
545,F,6,5,CARDIOLOGY
546,M,6,4,ORTHOPEDICS
547,F,1,5,GENERAL
548,F,1,5,SURGERY
549,F,1,6,CARDIOLOGY
550,F,7,4,SURGERY
551,M,1,6,CARDIOLOGY
552,F,1,5,GENERAL
553,F,1,5,CARDIOLOGY
554,F,1,6,GENERAL
555,F,1,6,ORTHOPEDICS
556,M,1,5,GENERAL
557,F,10,3,CARDIOLOGY
558,M,10,3,SURGERY
559,M,10,3,CARDIOLOGY
560,F,13,3,SURGERY
561,F,1,5,ORTHOPEDICS
562,M,1,5,ORTHOPEDICS
563,M,1,6,GENERAL
564,F,10,3,CARDIOLOGY
565,F,10,3,GENERAL
566,F,6,4,CARDIOLOGY
567,M,13,2,CARDIOLOGY
568,M,7,4,ORTHOPEDICS
569,F,1,5,CARDIOLOGY
570,M,1,5,CARDIOLOGY
571,M,6,4,ORTHOPEDICS
572,M,6,4,ORTHOPEDICS
573,F,1,5,ORTHOPEDICS
574,F,1,5,GENERAL
575,M,10,4,GENERAL
576,F,1,5,GENERAL
577,F,1,5,CARDIOLOGY
578,M,1,5,GENERAL
579,F,1,5,CARDIOLOGY
580,F,11,3,CARDIOLOGY
581,M,6,4,ORTHOPEDICS
582,F,10,4,CARDIOLOGY
583,M,1,6,SURGERY
584,M,10,4,SURGERY
585,F,1,5,GENERAL
586,F,12,3,GENERAL
587,M,1,5,ORTHOPEDICS
588,M,10,3,ORTHOPEDICS
589,F,1,5,GENERAL
590,F,6,4,ORTHOPEDICS
591,M,11,3,GENERAL
592,M,6,4,SURGERY
593,F,6,4,GENERAL
594,F,6,4,CARDIOLOGY
595,M,13,2,CARDIOLOGY
596,F,10,3,GENERAL
597,M,10,3,ORTHOPEDICS
598,M,6,4,CARDIOLOGY
599,F,10,4,GENERAL
600,M,6,4,ORTHOPEDICS
601,M,10,3,SURGERY
602,M,1,5,ORTHOPEDICS
603,F,10,3,ORTHOPEDICS
604,F,1,5,GENERAL
605,F,1,6,SURGERY
606,M,1,6,GENERAL
607,F,6,4,CARDIOLOGY
608,M,11,3,CARDIOLOGY
609,M,6,4,GENERAL
610,F,10,3,CARDIOLOGY
611,M,10,3,GENERAL
612,F,6,4,GENERAL
613,M,6,4,GENERAL
614,M,7,4,ORTHOPEDICS
615,F,10,3,GENERAL
616,M,6,4,CARDIOLOGY
617,M,1,6,CARDIOLOGY
618,F,11,3,CARDIOLOGY
619,M,10,4,CARDIOLOGY
620,F,1,5,SURGERY
621,F,10,4,CARDIOLOGY
622,F,1,6,CARDIOLOGY
623,F,6,4,SURGERY
624,F,13,3,CARDIOLOGY
625,F,1,5,GENERAL
626,M,6,4,CARDIOLOGY
627,F,1,5,SURGERY
628,F,1,5,GENERAL
629,M,1,5,GENERAL
630,M,6,4,ORTHOPEDICS
631,M,1,5,CARDIOLOGY
632,F,13,2,GENERAL
633,M,7,4,GENERAL
634,M,6,4,CARDIOLOGY
635,F,6,4,GENERAL
636,M,6,4,SURGERY
637,M,7,4,CARDIOLOGY
638,F,10,4,SURGERY
639,F,6,4,GENERAL
640,M,10,3,GENERAL
641,F,10,3,ORTHOPEDICS
642,M,7,4,SURGERY
643,M,8,4,GENERAL
644,F,1,5,GENERAL
645,M,1,5,GENERAL
646,M,13,2,ORTHOPEDICS
647,F,7,4,CARDIOLOGY
648,F,10,3,SURGERY
649,F,10,3,CARDIOLOGY
650,M,1,5,GENERAL
651,M,10,3,SURGERY
652,F,10,4,SURGERY
653,F,10,4,SURGERY
654,M,13,2,SURGERY
655,M,1,6,GENERAL
656,F,1,5,SURGERY
657,M,6,4,SURGERY
658,F,6,4,ORTHOPEDICS
659,F,6,4,GENERAL
660,F,1,5,CARDIOLOGY
661,F,1,5,GENERAL
662,M,1,5,ORTHOPEDICS
663,F,1,6,ORTHOPEDICS
664,M,1,5,ORTHOPEDICS
665,F,10,3,ORTHOPEDICS
666,F,1,5,SURGERY
667,M,10,3,CARDIOLOGY
668,F,13,3,ORTHOPEDICS
669,F,6,4,GENERAL
670,F,7,4,GENERAL
671,F,10,3,GENERAL
672,F,11,3,ORTHOPEDICS
673,M,6,4,CARDIOLOGY
674,F,1,5,GENERAL
675,M,6,4,GENERAL
676,F,1,6,ORTHOPEDICS
677,F,13,3,GENERAL
678,F,10,4,GENERAL
679,F,6,4,GENERAL
680,F,10,3,GENERAL
681,M,13,1,GENERAL
682,F,6,4,ORTHOPEDICS
683,M,6,4,CARDIOLOGY
684,M,1,6,SURGERY
685,M,10,4,ORTHOPEDICS
686,M,1,5,GENERAL
687,F,10,4,SURGERY
688,F,6,4,CARDIOLOGY
689,M,6,4,SURGERY
690,F,1,5,SURGERY
691,M,11,3,CARDIOLOGY
692,M,1,5,ORTHOPEDICS
693,F,6,4,ORTHOPEDICS
694,F,7,4,SURGERY
695,F,1,5,ORTHOPEDICS
696,F,1,5,SURGERY
697,F,1,5,CARDIOLOGY
698,F,6,4,ORTHOPEDICS
699,F,1,5,GENERAL
700,F,10,4,GENERAL
701,M,6,4,GENERAL
702,M,7,4,SURGERY
703,M,1,5,CARDIOLOGY
704,F,1,5,GENERAL
705,M,6,4,GENERAL
706,F,6,4,GENERAL
707,F,10,4,SURGERY
708,M,10,3,GENERAL
709,F,11,3,GENERAL
710,F,10,3,ORTHOPEDICS
711,F,1,5,CARDIOLOGY
712,M,10,4,ORTHOPEDICS
713,M,6,4,ORTHOPEDICS
714,M,6,4,GENERAL
715,M,7,4,GENERAL
716,F,1,5,GENERAL
717,F,1,5,SURGERY
718,F,10,4,GENERAL
719,F,6,4,SURGERY
720,F,1,5,GENERAL
721,F,13,2,CARDIOLOGY
722,M,1,7,CARDIOLOGY
723,F,1,7,GENERAL
724,F,10,3,ORTHOPEDICS
725,F,10,4,GENERAL
726,F,1,5,SURGERY
727,M,7,4,ORTHOPEDICS
728,M,6,4,CARDIOLOGY
729,M,10,3,SURGERY
730,F,13,2,CARDIOLOGY
731,F,1,5,SURGERY
732,F,1,6,GENERAL
733,M,1,5,CARDIOLOGY
734,M,6,4,CARDIOLOGY
735,M,6,4,ORTHOPEDICS
736,F,1,5,ORTHOPEDICS
737,M,1,5,GENERAL
738,F,1,6,SURGERY
739,M,11,3,ORTHOPEDICS
740,F,1,5,SURGERY
741,M,10,3,GENERAL
742,M,1,5,GENERAL
743,M,6,4,SURGERY
744,F,1,5,SURGERY
745,M,6,4,CARDIOLOGY
746,F,1,5,CARDIOLOGY
747,F,1,6,GENERAL
748,F,1,6,CARDIOLOGY
749,F,8,4,CARDIOLOGY
750,F,10,3,ORTHOPEDICS
751,M,1,5,GENERAL
752,F,6,4,SURGERY
753,M,6,4,GENERAL
754,F,1,6,CARDIOLOGY
755,M,6,4,ORTHOPEDICS
756,M,1,6,CARDIOLOGY
757,M,1,5,GENERAL
758,M,6,4,GENERAL
759,F,11,3,GENERAL
760,F,12,3,ORTHOPEDICS
761,M,11,3,CARDIOLOGY
762,F,10,3,SURGERY
763,F,1,5,GENERAL
764,M,10,3,GENERAL
765,M,1,5,GENERAL
766,F,10,3,GENERAL
767,M,6,4,GENERAL
768,F,10,4,CARDIOLOGY
769,F,1,5,CARDIOLOGY
770,M,10,4,CARDIOLOGY
771,M,10,3,GENERAL
772,F,1,5,GENERAL
773,M,6,4,SURGERY
774,M,10,3,CARDIOLOGY
775,M,11,3,GENERAL
776,M,13,2,GENERAL
777,M,6,4,SURGERY
778,F,10,3,GENERAL
779,F,1,5,GENERAL
780,F,1,5,GENERAL
781,M,10,3,CARDIOLOGY
782,F,10,4,ORTHOPEDICS
783,F,11,3,GENERAL
784,M,6,4,CARDIOLOGY
785,M,11,3,CARDIOLOGY
786,M,6,4,GENERAL
787,F,10,3,SURGERY
788,M,6,4,GENERAL
789,M,1,5,CARDIOLOGY
790,M,6,4,CARDIOLOGY
791,F,1,5,ORTHOPEDICS
792,M,6,4,SURGERY
793,F,7,4,ORTHOPEDICS
794,F,1,5,GENERAL
795,M,1,5,GENERAL
796,F,6,4,GENERAL
797,F,1,5,GENERAL
798,F,10,3,CARDIOLOGY
799,F,6,4,GENERAL
800,M,8,4,GENERAL
801,M,1,5,ORTHOPEDICS
802,F,13,3,GENERAL
803,M,13,3,GENERAL
804,F,10,3,GENERAL
805,F,6,4,ORTHOPEDICS
806,F,10,4,ORTHOPEDICS
807,M,1,5,CARDIOLOGY
808,F,6,4,GENERAL
809,F,11,3,GENERAL
810,F,13,3,CARDIOLOGY
811,F,10,4,CARDIOLOGY
812,M,10,3,ORTHOPEDICS
813,F,1,5,ORTHOPEDICS
814,F,1,5,GENERAL
815,F,1,5,CARDIOLOGY
816,M,1,5,ORTHOPEDICS
817,M,1,6,ORTHOPEDICS
818,F,10,4,CARDIOLOGY
819,M,10,4,SURGERY
820,M,1,6,SURGERY
821,F,6,4,GENERAL
822,M,1,5,SURGERY
823,M,10,3,GENERAL
824,F,10,3,SURGERY
825,F,13,3,SURGERY
826,M,11,3,SURGERY
827,F,6,4,GENERAL
828,F,8,4,ORTHOPEDICS
829,F,1,5,CARDIOLOGY
830,F,10,3,GENERAL
831,M,10,4,GENERAL
832,F,6,4,ORTHOPEDICS
833,M,6,4,GENERAL
834,F,1,5,CARDIOLOGY
835,F,6,4,GENERAL
836,F,11,3,ORTHOPEDICS
837,M,10,3,SURGERY
838,F,13,2,ORTHOPEDICS
839,M,10,4,GENERAL
840,F,10,4,SURGERY
841,M,10,4,GENERAL
842,M,1,6,ORTHOPEDICS
843,F,11,3,CARDIOLOGY
844,M,10,3,SURGERY
845,F,6,4,CARDIOLOGY
846,M,6,4,SURGERY
847,F,10,3,SURGERY
848,F,13,3,ORTHOPEDICS
849,M,6,4,ORTHOPEDICS
850,M,6,4,GENERAL
851,M,1,7,SURGERY
852,F,10,4,SURGERY
853,M,10,3,GENERAL
854,M,1,5,SURGERY
855,F,6,4,CARDIOLOGY
856,F,7,4,GENERAL
857,M,10,3,GENERAL
858,M,1,5,GENERAL
859,F,10,3,GENERAL
860,M,7,4,SURGERY
861,M,6,4,GENERAL
862,F,7,4,GENERAL
863,M,10,3,SURGERY
864,M,1,6,SURGERY
865,M,1,5,ORTHOPEDICS
866,M,1,7,SURGERY
867,F,13,2,ORTHOPEDICS
868,M,13,1,SURGERY
869,F,11,3,GENERAL
870,M,13,3,GENERAL
871,M,11,3,SURGERY
872,M,11,3,GENERAL
873,M,7,4,GENERAL
874,M,10,4,ORTHOPEDICS
875,F,13,2,GENERAL
876,M,13,3,GENERAL
877,M,1,5,ORTHOPEDICS
878,M,6,4,ORTHOPEDICS
879,F,1,6,SURGERY
880,F,10,4,GENERAL
881,F,1,5,ORTHOPEDICS
882,F,10,3,SURGERY
883,F,1,5,CARDIOLOGY
884,F,10,4,SURGERY
885,F,7,4,GENERAL
886,M,6,4,GENERAL
887,F,10,3,ORTHOPEDICS
888,M,1,5,SURGERY
889,F,11,3,CARDIOLOGY
890,F,6,4,GENERAL
891,M,7,4,CARDIOLOGY
892,M,1,5,ORTHOPEDICS
893,M,7,4,SURGERY
894,M,1,5,GENERAL
895,F,6,4,CARDIOLOGY
896,F,10,3,GENERAL
897,F,10,3,ORTHOPEDICS
898,F,8,4,SURGERY
899,F,1,5,GENERAL
900,M,1,5,GENERAL
901,M,6,4,GENERAL
902,M,1,5,ORTHOPEDICS
903,F,10,3,GENERAL
904,M,13,2,GENERAL
905,M,6,4,GENERAL
906,F,1,7,CARDIOLOGY
907,F,6,4,CARDIOLOGY
908,F,12,3,GENERAL
909,M,1,5,CARDIOLOGY
910,M,7,4,SURGERY
911,M,10,3,GENERAL
912,M,6,4,SURGERY
913,M,10,3,CARDIOLOGY
914,F,1,6,SURGERY
915,M,13,2,SURGERY
916,M,1,6,SURGERY
917,F,6,4,SURGERY
918,F,1,5,CARDIOLOGY
919,M,1,5,GENERAL
920,F,10,3,GENERAL
921,F,1,6,ORTHOPEDICS
922,F,1,5,CARDIOLOGY
923,M,6,4,GENERAL
924,F,10,4,ORTHOPEDICS
925,F,13,3,ORTHOPEDICS
926,M,13,3,GENERAL
927,F,13,2,ORTHOPEDICS
928,M,13,2,GENERAL
929,M,1,5,CARDIOLOGY
930,F,1,5,SURGERY
931,M,1,6,GENERAL
932,F,13,2,CARDIOLOGY
933,F,13,1,SURGERY
934,F,13,2,ORTHOPEDICS
935,M,1,5,ORTHOPEDICS
936,M,13,3,GENERAL
937,F,6,4,GENERAL
938,M,10,4,GENERAL
939,M,6,4,GENERAL
940,F,10,3,CARDIOLOGY
941,M,10,4,CARDIOLOGY
942,M,6,4,GENERAL
943,F,13,2,SURGERY
944,F,1,5,GENERAL
945,M,10,4,GENERAL
946,F,1,5,CARDIOLOGY
947,F,1,5,CARDIOLOGY
948,F,13,3,ORTHOPEDICS
949,F,10,3,SURGERY
950,M,1,5,ORTHOPEDICS
951,M,6,4,GENERAL
952,F,10,4,CARDIOLOGY
953,M,1,5,CARDIOLOGY
954,F,6,4,GENERAL
955,M,8,4,GENERAL
956,F,13,3,GENERAL
957,M,11,3,GENERAL
958,M,10,4,GENERAL
959,M,7,4,SURGERY
960,M,10,3,GENERAL
961,M,1,6,CARDIOLOGY
962,M,11,3,GENERAL
963,F,1,5,ORTHOPEDICS
964,F,13,2,CARDIOLOGY
965,M,6,4,GENERAL
966,M,13,2,CARDIOLOGY
967,M,10,4,GENERAL
968,M,6,4,CARDIOLOGY
969,F,1,6,GENERAL
970,M,10,3,GENERAL
971,M,6,4,ORTHOPEDICS
972,F,13,2,GENERAL
973,F,7,4,SURGERY
974,F,10,3,ORTHOPEDICS
975,F,10,3,GENERAL
976,M,1,5,CARDIOLOGY
977,F,1,5,SURGERY
978,F,10,4,GENERAL
979,F,6,4,GENERAL
980,F,10,4,GENERAL
981,F,1,6,GENERAL
982,F,13,3,CARDIOLOGY
983,M,13,3,GENERAL
984,F,6,4,GENERAL
985,F,10,4,GENERAL
986,F,7,4,GENERAL
987,M,1,5,CARDIOLOGY
988,M,6,4,GENERAL
989,M,6,4,GENERAL
990,F,6,4,GENERAL
991,M,10,3,ORTHOPEDICS
992,F,10,3,CARDIOLOGY
993,M,1,5,GENERAL
994,M,1,5,GENERAL
995,F,10,3,CARDIOLOGY
996,F,1,5,GENERAL
997,F,6,4,GENERAL
998,F,6,4,ORTHOPEDICS
999,F,13,2,GENERAL
1000,F,6,4,CARDIOLOGY
1001,M,6,4,CARDIOLOGY
1002,F,6,4,ORTHOPEDICS
1003,F,6,4,GENERAL
1004,M,7,4,GENERAL
1005,M,6,4,ORTHOPEDICS
1006,M,11,3,GENERAL
1007,M,10,4,CARDIOLOGY
1008,F,6,4,ORTHOPEDICS
1009,M,10,3,CARDIOLOGY
1010,M,6,4,GENERAL
1011,F,6,4,ORTHOPEDICS
1012,M,1,5,GENERAL
1013,M,1,5,GENERAL
1014,M,1,5,GENERAL
1015,M,6,4,ORTHOPEDICS
1016,M,6,4,CARDIOLOGY
1017,M,6,4,GENERAL
1018,M,13,2,CARDIOLOGY
1019,F,7,4,GENERAL
1020,M,1,5,CARDIOLOGY
1021,F,6,4,CARDIOLOGY
1022,F,7,4,GENERAL
1023,M,13,3,GENERAL
1024,F,1,5,ORTHOPEDICS
1025,M,10,3,GENERAL
1026,F,11,3,CARDIOLOGY
1027,M,6,4,ORTHOPEDICS
1028,F,7,4,SURGERY
1029,M,1,5,GENERAL
1030,M,7,4,CARDIOLOGY
1031,F,1,7,CARDIOLOGY
1032,M,13,2,GENERAL
1033,F,10,3,GENERAL
1034,F,1,6,SURGERY
1035,F,10,4,GENERAL
1036,F,1,5,ORTHOPEDICS
1037,F,13,2,SURGERY
1038,F,10,4,CARDIOLOGY
1039,F,1,5,SURGERY
1040,F,10,3,GENERAL
1041,M,10,3,ORTHOPEDICS
1042,F,10,3,GENERAL
1043,M,1,6,SURGERY
1044,F,7,4,ORTHOPEDICS
1045,F,1,5,GENERAL
1046,M,1,6,CARDIOLOGY
1047,M,11,3,ORTHOPEDICS
1048,M,10,3,ORTHOPEDICS
1049,F,10,4,GENERAL
1050,M,10,3,GENERAL
1051,M,10,3,GENERAL
1052,F,7,4,GENERAL
1053,F,7,4,GENERAL
1054,F,6,4,SURGERY
1055,F,1,6,GENERAL
1056,F,6,4,GENERAL
1057,F,1,5,CARDIOLOGY
1058,M,1,5,ORTHOPEDICS
1059,F,6,4,CARDIOLOGY
1060,F,6,4,CARDIOLOGY
1061,F,13,1,CARDIOLOGY
1062,M,6,4,GENERAL
1063,M,6,4,SURGERY
1064,F,1,5,GENERAL
1065,M,13,3,GENERAL
1066,M,12,3,CARDIOLOGY
1067,F,12,3,GENERAL
1068,M,1,6,SURGERY
1069,F,6,4,GENERAL
1070,F,6,4,ORTHOPEDICS
1071,M,10,3,GENERAL
1072,M,6,4,GENERAL
1073,M,6,4,GENERAL
1074,F,6,4,SURGERY
1075,M,7,4,SURGERY
1076,M,11,3,CARDIOLOGY
1077,M,1,5,ORTHOPEDICS
1078,M,13,2,GENERAL
1079,F,10,4,CARDIOLOGY
1080,F,6,4,CARDIOLOGY
1081,F,10,3,GENERAL
1082,F,1,5,GENERAL
1083,M,1,6,GENERAL
1084,M,1,6,CARDIOLOGY
1085,M,1,5,GENERAL
1086,F,13,3,CARDIOLOGY
1087,F,1,5,GENERAL
1088,M,13,2,CARDIOLOGY
1089,M,13,3,ORTHOPEDICS
1090,M,1,5,SURGERY
1091,M,10,3,GENERAL
1092,F,6,4,GENERAL
1093,F,11,3,ORTHOPEDICS
1094,M,6,4,ORTHOPEDICS
1095,F,1,5,CARDIOLOGY
1096,M,10,3,GENERAL
1097,F,6,4,CARDIOLOGY
1098,F,10,4,GENERAL
1099,M,13,2,ORTHOPEDICS
1100,F,1,5,ORTHOPEDICS
1101,F,6,4,GENERAL
1102,F,10,4,GENERAL
1103,M,11,3,GENERAL
1104,F,6,4,CARDIOLOGY
1105,M,8,4,GENERAL
1106,F,10,3,SURGERY
1107,F,10,4,GENERAL
1108,F,10,3,ORTHOPEDICS
1109,F,6,4,GENERAL
1110,F,11,3,GENERAL
1111,F,13,2,GENERAL
1112,F,1,5,GENERAL
1113,F,7,4,ORTHOPEDICS
1114,F,13,3,ORTHOPEDICS
1115,M,1,5,ORTHOPEDICS
1116,M,1,5,ORTHOPEDICS
1117,M,6,4,GENERAL
1118,M,6,4,GENERAL
1119,M,10,3,CARDIOLOGY
1120,M,11,3,GENERAL
1121,F,6,4,ORTHOPEDICS
1122,M,1,6,GENERAL
1123,M,1,5,ORTHOPEDICS
1124,M,10,3,CARDIOLOGY
1125,M,7,4,ORTHOPEDICS
1126,F,6,4,SURGERY
1127,M,11,3,SURGERY
1128,M,10,3,ORTHOPEDICS
1129,F,13,2,ORTHOPEDICS
1130,F,10,3,ORTHOPEDICS
1131,F,11,3,CARDIOLOGY
1132,F,10,3,CARDIOLOGY
1133,F,6,4,GENERAL
1134,F,7,4,SURGERY
1135,F,1,5,CARDIOLOGY
1136,M,1,5,CARDIOLOGY
1137,M,1,5,GENERAL
1138,M,1,5,SURGERY
1139,F,10,3,ORTHOPEDICS
1140,M,1,6,SURGERY
1141,M,1,5,CARDIOLOGY
1142,M,10,4,GENERAL
1143,M,1,5,SURGERY
1144,F,1,6,CARDIOLOGY
1145,F,13,2,GENERAL
1146,M,11,3,CARDIOLOGY
1147,M,7,4,GENERAL
1148,F,1,6,CARDIOLOGY
1149,M,6,4,CARDIOLOGY
1150,F,1,5,ORTHOPEDICS
1151,F,13,2,SURGERY
1152,M,1,5,CARDIOLOGY
1153,F,10,3,GENERAL
1154,M,1,5,GENERAL
1155,M,6,4,GENERAL
1156,F,1,5,GENERAL
1157,F,10,4,GENERAL
1158,M,10,4,GENERAL
1159,F,10,3,SURGERY
1160,M,11,3,ORTHOPEDICS
1161,F,6,4,ORTHOPEDICS
1162,F,1,5,GENERAL
1163,M,1,6,CARDIOLOGY
1164,M,13,2,GENERAL
1165,F,6,4,ORTHOPEDICS
1166,M,10,4,CARDIOLOGY
1167,M,6,4,GENERAL
1168,M,10,3,ORTHOPEDICS
1169,F,10,3,SURGERY
1170,M,1,5,GENERAL
1171,F,10,3,GENERAL
1172,F,6,4,SURGERY
1173,F,10,3,ORTHOPEDICS
1174,F,6,4,CARDIOLOGY
1175,F,1,5,CARDIOLOGY
1176,F,6,4,CARDIOLOGY
1177,F,1,6,GENERAL
1178,F,1,5,GENERAL
1179,M,6,4,CARDIOLOGY
1180,M,1,6,GENERAL
1181,F,6,4,CARDIOLOGY
1182,M,6,4,GENERAL
1183,M,13,3,GENERAL
1184,M,10,4,ORTHOPEDICS
1185,F,1,5,CARDIOLOGY
1186,M,10,3,ORTHOPEDICS
1187,F,1,5,CARDIOLOGY
1188,F,6,4,CARDIOLOGY
1189,M,13,1,CARDIOLOGY
1190,F,13,2,GENERAL
1191,M,10,3,SURGERY
1192,F,7,4,GENERAL
1193,M,6,4,CARDIOLOGY
1194,M,7,4,GENERAL
1195,F,6,4,SURGERY
1196,F,1,5,GENERAL
1197,M,6,4,GENERAL
1198,F,6,4,CARDIOLOGY
1199,M,1,5,SURGERY
1200,F,1,6,GENERAL
1201,F,11,3,GENERAL
1202,M,10,3,ORTHOPEDICS
1203,M,1,5,GENERAL
1204,M,1,5,ORTHOPEDICS
1205,M,10,4,GENERAL
1206,M,1,7,GENERAL
1207,F,11,3,SURGERY
1208,F,6,4,CARDIOLOGY
1209,M,1,6,GENERAL
1210,M,6,4,GENERAL
1211,M,6,4,GENERAL
1212,F,1,6,GENERAL
1213,M,1,5,SURGERY
1214,M,13,2,GENERAL
1215,F,1,6,CARDIOLOGY
1216,F,6,4,GENERAL
1217,F,1,5,ORTHOPEDICS
1218,M,1,6,ORTHOPEDICS
1219,F,13,2,GENERAL
1220,M,13,2,ORTHOPEDICS
1221,F,7,4,CARDIOLOGY
1222,F,6,4,GENERAL
1223,F,6,4,ORTHOPEDICS
1224,M,10,4,GENERAL
1225,M,1,5,CARDIOLOGY
1226,M,10,3,CARDIOLOGY
1227,F,1,5,SURGERY
1228,M,11,3,CARDIOLOGY
1229,F,1,5,ORTHOPEDICS
1230,F,6,4,CARDIOLOGY
1231,F,1,5,ORTHOPEDICS
1232,M,10,4,CARDIOLOGY
1233,F,6,4,SURGERY
1234,F,11,3,GENERAL
1235,F,10,3,CARDIOLOGY
1236,F,12,3,ORTHOPEDICS
1237,F,10,3,ORTHOPEDICS
1238,F,1,5,GENERAL
1239,F,10,3,GENERAL
1240,M,1,6,ORTHOPEDICS
1241,F,10,3,GENERAL
1242,F,6,4,CARDIOLOGY
1243,M,1,5,CARDIOLOGY
1244,F,1,6,GENERAL
1245,M,10,4,GENERAL
1246,F,10,3,CARDIOLOGY
1247,M,7,4,GENERAL
1248,M,10,4,ORTHOPEDICS
1249,F,13,2,GENERAL
1250,F,1,5,SURGERY
1251,F,1,5,SURGERY
1252,M,10,3,GENERAL
1253,M,10,3,SURGERY
1254,M,10,3,ORTHOPEDICS
1255,M,1,5,CARDIOLOGY
1256,F,7,4,SURGERY
1257,F,6,4,GENERAL
1258,M,10,3,GENERAL
1259,F,1,5,GENERAL
1260,M,11,3,CARDIOLOGY
1261,M,6,4,SURGERY
1262,F,10,3,CARDIOLOGY
1263,M,10,4,SURGERY
1264,F,1,6,GENERAL
1265,M,13,3,GENERAL
1266,F,10,3,ORTHOPEDICS
1267,M,1,6,ORTHOPEDICS
1268,F,1,5,SURGERY
1269,F,10,4,GENERAL
1270,M,1,5,SURGERY
1271,F,6,4,GENERAL
1272,F,1,5,SURGERY
1273,M,6,4,CARDIOLOGY
1274,F,1,6,GENERAL
1275,F,13,1,GENERAL
1276,M,10,4,SURGERY
1277,M,13,3,ORTHOPEDICS
1278,F,11,3,GENERAL
1279,M,10,3,SURGERY
1280,F,1,6,GENERAL
1281,M,11,3,CARDIOLOGY
1282,M,1,6,GENERAL
1283,F,6,4,CARDIOLOGY
1284,F,6,4,ORTHOPEDICS
1285,F,10,3,SURGERY
1286,M,1,8,CARDIOLOGY
1287,M,11,3,CARDIOLOGY
1288,M,10,3,ORTHOPEDICS
1289,F,6,4,ORTHOPEDICS
1290,F,13,3,GENERAL
1291,F,1,5,SURGERY
1292,M,6,4,GENERAL
1293,M,6,4,CARDIOLOGY
1294,M,1,6,GENERAL
1295,F,13,2,GENERAL
1296,M,1,5,CARDIOLOGY
1297,F,1,7,GENERAL
1298,M,11,3,GENERAL
1299,F,10,3,GENERAL
1300,F,6,4,ORTHOPEDICS
1301,M,11,3,SURGERY
1302,F,1,5,GENERAL
1303,M,1,5,GENERAL
1304,M,7,4,ORTHOPEDICS
1305,F,10,4,SURGERY
1306,F,13,2,CARDIOLOGY
1307,F,6,4,GENERAL
1308,F,6,4,GENERAL
1309,M,6,4,GENERAL
1310,M,7,4,GENERAL
1311,M,1,5,GENERAL
1312,F,10,4,GENERAL
1313,F,1,6,CARDIOLOGY
1314,F,10,3,ORTHOPEDICS
1315,F,6,4,ORTHOPEDICS
1316,M,6,4,GENERAL
1317,M,6,4,GENERAL
1318,M,10,3,GENERAL
1319,M,12,3,GENERAL
1320,M,6,4,CARDIOLOGY
1321,F,1,5,ORTHOPEDICS
1322,M,6,4,SURGERY
1323,M,10,3,SURGERY
1324,F,1,5,GENERAL
1325,F,7,4,ORTHOPEDICS
1326,M,1,6,SURGERY
1327,M,1,5,ORTHOPEDICS
1328,F,1,5,CARDIOLOGY
1329,M,10,4,SURGERY
1330,F,1,5,GENERAL
1331,F,10,3,CARDIOLOGY
1332,F,10,3,CARDIOLOGY
1333,F,13,3,ORTHOPEDICS
1334,F,1,5,GENERAL
1335,M,10,3,CARDIOLOGY
1336,M,13,3,CARDIOLOGY
1337,M,10,4,ORTHOPEDICS
1338,M,13,2,GENERAL
1339,F,6,4,GENERAL
1340,M,13,3,GENERAL
1341,M,13,2,CARDIOLOGY
1342,M,1,5,ORTHOPEDICS
1343,M,6,4,GENERAL
1344,M,13,3,GENERAL
1345,F,1,6,ORTHOPEDICS
1346,M,6,4,GENERAL
1347,M,1,6,GENERAL
1348,M,1,5,ORTHOPEDICS
1349,F,11,3,GENERAL
1350,F,6,4,GENERAL
1351,F,10,3,GENERAL
1352,M,13,3,ORTHOPEDICS
1353,F,6,4,GENERAL
1354,F,1,5,SURGERY
1355,F,13,3,SURGERY
1356,F,7,4,GENERAL
1357,M,10,4,GENERAL
1358,M,1,5,GENERAL
1359,M,10,4,GENERAL
1360,F,1,5,ORTHOPEDICS
1361,M,12,3,CARDIOLOGY
1362,M,1,6,CARDIOLOGY
1363,M,10,3,ORTHOPEDICS
1364,F,6,4,GENERAL
1365,F,7,4,ORTHOPEDICS
1366,F,10,3,GENERAL
1367,M,10,4,CARDIOLOGY
1368,M,10,3,SURGERY
1369,F,6,4,GENERAL
1370,F,10,4,GENERAL
1371,M,6,4,GENERAL
1372,M,1,6,ORTHOPEDICS
1373,M,10,3,ORTHOPEDICS
1374,M,8,4,ORTHOPEDICS
1375,M,1,6,GENERAL
1376,F,6,4,GENERAL
1377,M,1,6,SURGERY
1378,M,1,5,CARDIOLOGY
1379,F,1,5,GENERAL
1380,F,7,4,ORTHOPEDICS
1381,M,1,5,CARDIOLOGY
1382,M,1,6,GENERAL
1383,F,1,5,ORTHOPEDICS
1384,F,13,2,CARDIOLOGY
1385,F,6,4,GENERAL
1386,M,6,4,GENERAL
1387,M,1,5,CARDIOLOGY
1388,M,10,3,CARDIOLOGY
1389,M,1,5,GENERAL
1390,M,6,4,SURGERY
1391,M,1,5,ORTHOPEDICS
1392,F,1,5,GENERAL
1393,F,10,3,SURGERY
1394,F,6,4,GENERAL
1395,M,10,3,SURGERY
1396,F,10,3,SURGERY
1397,F,6,4,GENERAL
1398,M,6,4,CARDIOLOGY
1399,F,10,3,SURGERY
1400,M,6,4,GENERAL
1401,F,6,4,CARDIOLOGY
1402,M,10,3,GENERAL
1403,F,6,4,GENERAL
1404,F,12,3,CARDIOLOGY
1405,M,13,3,SURGERY
1406,M,10,4,CARDIOLOGY
1407,F,10,3,ORTHOPEDICS
1408,M,7,4,GENERAL
1409,M,7,4,GENERAL
1410,M,11,3,SURGERY
1411,F,1,5,GENERAL
1412,F,10,3,CARDIOLOGY
1413,F,1,5,CARDIOLOGY
1414,M,1,6,CARDIOLOGY
1415,F,6,4,GENERAL
1416,M,1,5,CARDIOLOGY
1417,F,1,5,CARDIOLOGY
1418,M,1,6,ORTHOPEDICS
1419,F,7,4,CARDIOLOGY
1420,M,1,5,SURGERY
1421,F,8,4,GENERAL
1422,M,6,4,ORTHOPEDICS
1423,F,6,4,GENERAL
1424,F,7,4,ORTHOPEDICS
1425,F,11,3,ORTHOPEDICS
1426,F,1,7,SURGERY
1427,F,1,5,GENERAL
1428,F,10,3,SURGERY
1429,F,6,4,CARDIOLOGY
1430,M,1,5,GENERAL
1431,M,10,3,GENERAL
1432,F,1,5,GENERAL
1433,F,1,5,SURGERY
1434,M,6,4,CARDIOLOGY
1435,F,10,3,CARDIOLOGY
1436,F,10,3,CARDIOLOGY
1437,M,13,2,GENERAL
1438,F,1,5,GENERAL
1439,F,7,4,GENERAL
1440,F,7,4,CARDIOLOGY
1441,M,10,3,GENERAL
1442,F,1,6,ORTHOPEDICS
1443,M,6,4,CARDIOLOGY
1444,F,6,4,CARDIOLOGY
1445,M,13,2,CARDIOLOGY
1446,F,6,4,SURGERY
1447,M,1,5,ORTHOPEDICS
1448,F,10,3,GENERAL
1449,F,13,3,SURGERY
1450,M,13,2,SURGERY
1451,M,1,5,CARDIOLOGY
1452,M,1,5,ORTHOPEDICS
1453,M,1,5,GENERAL
1454,F,1,5,CARDIOLOGY
1455,F,6,4,ORTHOPEDICS
1456,F,1,5,GENERAL
1457,M,1,5,CARDIOLOGY
1458,M,10,3,GENERAL
1459,M,6,4,CARDIOLOGY
1460,M,10,4,CARDIOLOGY
1461,M,1,5,GENERAL
1462,F,1,5,GENERAL
1463,F,1,6,CARDIOLOGY
1464,F,6,4,SURGERY
1465,M,10,3,ORTHOPEDICS
1466,M,7,4,SURGERY
1467,F,1,6,SURGERY
1468,F,10,3,ORTHOPEDICS
1469,M,10,4,SURGERY
1470,M,1,5,GENERAL
1471,F,6,4,SURGERY
1472,F,11,3,GENERAL
1473,M,10,4,ORTHOPEDICS
1474,M,8,4,GENERAL
1475,F,10,3,ORTHOPEDICS
1476,M,1,6,CARDIOLOGY
1477,M,10,3,SURGERY
1478,M,1,5,ORTHOPEDICS
1479,M,13,2,ORTHOPEDICS
1480,F,6,4,GENERAL
1481,M,6,4,SURGERY
1482,M,1,5,GENERAL
1483,F,6,4,ORTHOPEDICS
1484,F,6,4,CARDIOLOGY
1485,F,6,4,SURGERY
1486,F,13,2,GENERAL
1487,M,13,2,SURGERY
1488,M,10,4,GENERAL
1489,M,10,3,GENERAL
1490,M,6,4,ORTHOPEDICS
1491,M,13,2,CARDIOLOGY
1492,M,10,4,CARDIOLOGY
1493,F,1,5,SURGERY
1494,M,1,5,GENERAL
1495,M,1,5,ORTHOPEDICS
1496,F,6,4,GENERAL
1497,M,10,4,GENERAL
1498,F,11,3,GENERAL
1499,F,6,4,GENERAL
1500,M,10,3,ORTHOPEDICS
1501,F,6,4,SURGERY
1502,F,1,5,SURGERY
1503,F,6,4,ORTHOPEDICS
1504,M,10,3,GENERAL
1505,F,1,5,ORTHOPEDICS
1506,F,11,3,GENERAL
1507,M,6,4,GENERAL
1508,F,6,4,CARDIOLOGY
1509,M,1,5,SURGERY
1510,F,10,4,ORTHOPEDICS
1511,M,1,5,SURGERY
1512,F,6,4,ORTHOPEDICS
1513,F,13,2,ORTHOPEDICS
1514,M,10,3,CARDIOLOGY
1515,M,12,3,ORTHOPEDICS
1516,M,10,3,CARDIOLOGY
1517,M,1,5,SURGERY
1518,M,6,4,ORTHOPEDICS
1519,F,6,4,SURGERY
1520,M,1,5,ORTHOPEDICS
1521,F,10,3,GENERAL
1522,M,10,3,GENERAL
1523,M,1,6,CARDIOLOGY
1524,F,10,3,GENERAL
1525,M,10,3,CARDIOLOGY
1526,F,6,4,SURGERY
1527,F,6,4,SURGERY
1528,F,1,6,GENERAL
1529,F,6,4,ORTHOPEDICS
1530,F,10,3,ORTHOPEDICS
1531,M,1,5,SURGERY
1532,M,7,4,GENERAL
1533,F,6,4,SURGERY
1534,M,6,4,SURGERY
1535,M,6,4,GENERAL
1536,M,6,4,SURGERY
1537,F,1,5,CARDIOLOGY
1538,F,13,1,GENERAL
1539,F,1,6,ORTHOPEDICS
1540,F,1,5,SURGERY
1541,M,6,4,CARDIOLOGY
1542,F,6,4,GENERAL
1543,M,1,5,CARDIOLOGY
1544,M,6,4,SURGERY
1545,F,6,4,CARDIOLOGY
1546,M,1,5,SURGERY
1547,F,6,4,GENERAL
1548,M,1,5,GENERAL
1549,F,1,5,ORTHOPEDICS
1550,F,1,5,ORTHOPEDICS
1551,M,6,4,GENERAL
1552,M,13,2,GENERAL
1553,F,6,4,GENERAL
1554,M,6,4,GENERAL
1555,F,10,3,GENERAL
1556,F,10,4,SURGERY
1557,F,6,4,ORTHOPEDICS
1558,M,8,4,SURGERY
1559,F,6,4,SURGERY
1560,F,7,4,ORTHOPEDICS
1561,F,13,3,ORTHOPEDICS
1562,F,7,4,GENERAL
1563,M,11,3,ORTHOPEDICS
1564,M,1,6,CARDIOLOGY
1565,M,13,3,SURGERY
1566,F,11,3,GENERAL
1567,F,10,3,CARDIOLOGY
1568,F,10,3,SURGERY
1569,M,11,3,CARDIOLOGY
1570,F,1,5,GENERAL
1571,F,10,4,GENERAL
1572,F,10,4,GENERAL
1573,F,7,4,GENERAL
1574,M,1,6,CARDIOLOGY
1575,M,1,6,ORTHOPEDICS
1576,M,10,3,SURGERY
1577,F,10,4,CARDIOLOGY
1578,F,1,5,SURGERY
1579,M,1,5,SURGERY
1580,F,1,5,GENERAL
1581,M,10,3,CARDIOLOGY
1582,F,13,2,ORTHOPEDICS
1583,F,1,5,GENERAL
1584,M,10,3,CARDIOLOGY
1585,F,10,3,GENERAL
1586,M,10,4,CARDIOLOGY
1587,F,6,4,SURGERY
1588,M,10,3,GENERAL
1589,F,6,4,CARDIOLOGY
1590,M,1,7,SURGERY
1591,F,6,4,GENERAL
1592,M,10,4,GENERAL
1593,M,13,3,SURGERY
1594,F,6,4,SURGERY
1595,F,1,6,CARDIOLOGY
1596,F,1,5,GENERAL
1597,M,10,3,CARDIOLOGY
1598,M,6,4,CARDIOLOGY
1599,F,6,4,SURGERY
1600,M,10,3,SURGERY
1601,M,1,6,GENERAL
1602,M,6,4,CARDIOLOGY
1603,F,1,5,GENERAL
1604,M,1,5,SURGERY
1605,M,10,3,GENERAL
1606,F,10,3,ORTHOPEDICS
1607,M,1,5,CARDIOLOGY
1608,F,11,3,GENERAL
1609,F,6,4,GENERAL
1610,M,10,3,SURGERY
1611,M,10,4,GENERAL
1612,F,10,3,CARDIOLOGY
1613,F,6,4,SURGERY
1614,F,6,4,SURGERY
1615,M,6,4,ORTHOPEDICS
1616,F,10,4,SURGERY
1617,M,1,5,SURGERY
1618,F,6,4,SURGERY
1619,F,6,4,GENERAL
1620,M,1,5,ORTHOPEDICS
1621,M,10,3,GENERAL
1622,F,10,3,CARDIOLOGY
1623,F,10,3,GENERAL
1624,F,1,5,CARDIOLOGY
1625,M,6,4,GENERAL
1626,M,11,3,GENERAL
1627,F,1,6,SURGERY
1628,F,13,3,SURGERY
1629,M,1,6,CARDIOLOGY
1630,M,6,4,CARDIOLOGY
1631,F,1,5,SURGERY
1632,M,10,3,GENERAL
1633,F,1,6,GENERAL
1634,F,11,3,GENERAL
1635,F,6,4,GENERAL
1636,M,1,5,GENERAL
1637,F,11,3,CARDIOLOGY
1638,M,10,3,CARDIOLOGY
1639,M,6,4,GENERAL
1640,F,6,4,GENERAL
1641,F,6,4,CARDIOLOGY
1642,M,10,4,GENERAL
1643,F,11,3,CARDIOLOGY
1644,F,1,5,GENERAL
1645,F,7,4,SURGERY
1646,F,7,4,ORTHOPEDICS
1647,M,13,2,CARDIOLOGY
1648,F,1,5,CARDIOLOGY
1649,F,1,5,ORTHOPEDICS
1650,M,6,4,CARDIOLOGY
1651,M,10,3,GENERAL
1652,F,10,3,SURGERY
1653,M,6,4,GENERAL
1654,M,7,4,SURGERY
1655,M,6,4,CARDIOLOGY
1656,M,10,4,ORTHOPEDICS
1657,M,6,4,GENERAL
1658,M,1,5,CARDIOLOGY
1659,F,6,4,CARDIOLOGY
1660,M,12,3,GENERAL
1661,M,1,5,SURGERY
1662,M,10,3,SURGERY
1663,M,1,5,CARDIOLOGY
1664,M,1,6,GENERAL
1665,F,6,4,ORTHOPEDICS
1666,F,10,4,CARDIOLOGY
1667,M,6,4,GENERAL
1668,M,1,5,SURGERY
1669,F,10,4,ORTHOPEDICS
1670,M,10,3,ORTHOPEDICS
1671,F,1,5,GENERAL
1672,M,11,3,GENERAL
1673,M,7,4,ORTHOPEDICS
1674,M,10,3,CARDIOLOGY
1675,M,1,5,GENERAL
1676,F,1,5,GENERAL
1677,M,10,4,SURGERY
1678,F,6,4,CARDIOLOGY
1679,M,6,4,SURGERY
1680,F,6,4,GENERAL
1681,F,6,4,SURGERY
1682,M,6,4,GENERAL
1683,F,10,4,SURGERY
1684,F,10,4,SURGERY
1685,M,1,5,ORTHOPEDICS
1686,F,1,5,CARDIOLOGY
1687,F,1,5,CARDIOLOGY
1688,M,1,5,SURGERY
1689,F,1,5,SURGERY
1690,M,6,4,GENERAL
1691,M,1,6,GENERAL
1692,M,11,3,GENERAL
1693,M,6,4,ORTHOPEDICS
1694,M,10,3,ORTHOPEDICS
1695,M,6,4,ORTHOPEDICS
1696,M,10,3,ORTHOPEDICS
1697,F,1,6,GENERAL
1698,M,1,5,ORTHOPEDICS
1699,F,10,3,ORTHOPEDICS
1700,F,1,6,CARDIOLOGY
1701,M,10,3,GENERAL
1702,F,10,3,ORTHOPEDICS
1703,M,10,3,GENERAL
1704,F,6,4,SURGERY
1705,M,10,4,CARDIOLOGY
1706,M,6,4,CARDIOLOGY
1707,F,7,4,SURGERY
1708,F,1,6,GENERAL
1709,F,10,4,SURGERY
1710,F,1,5,GENERAL
1711,F,10,3,CARDIOLOGY
1712,F,13,2,GENERAL
1713,M,1,5,ORTHOPEDICS
1714,F,10,4,GENERAL
1715,M,6,4,CARDIOLOGY
1716,M,1,5,GENERAL
1717,F,1,6,ORTHOPEDICS
1718,F,13,2,GENERAL
1719,F,10,3,CARDIOLOGY
1720,F,10,3,SURGERY
1721,M,10,4,GENERAL
1722,F,10,3,CARDIOLOGY
1723,F,10,3,GENERAL
1724,M,6,4,GENERAL
1725,M,1,5,ORTHOPEDICS
1726,F,1,5,CARDIOLOGY
1727,M,1,5,CARDIOLOGY
1728,M,10,3,CARDIOLOGY
1729,F,1,5,GENERAL
1730,M,10,4,ORTHOPEDICS
1731,F,6,4,CARDIOLOGY
1732,M,13,2,GENERAL
1733,M,1,5,SURGERY
1734,M,10,3,GENERAL
1735,F,10,4,GENERAL
1736,F,1,7,SURGERY
1737,M,6,4,SURGERY
1738,F,6,4,GENERAL
1739,F,7,4,GENERAL
1740,F,1,5,CARDIOLOGY
1741,M,6,4,GENERAL
1742,M,7,4,CARDIOLOGY
1743,M,6,4,CARDIOLOGY
1744,M,6,4,GENERAL
1745,F,10,3,SURGERY
1746,F,7,4,GENERAL
1747,F,6,4,GENERAL
1748,M,1,5,CARDIOLOGY
1749,F,10,4,GENERAL
1750,F,10,4,CARDIOLOGY
1751,F,7,4,GENERAL
1752,M,1,5,GENERAL
1753,F,6,4,GENERAL
1754,F,10,3,GENERAL
1755,M,6,4,ORTHOPEDICS
1756,M,6,4,GENERAL
1757,M,10,4,GENERAL
1758,F,1,6,CARDIOLOGY
1759,F,1,5,ORTHOPEDICS
1760,M,1,5,SURGERY
1761,F,10,3,GENERAL
1762,F,10,3,GENERAL
1763,M,1,5,ORTHOPEDICS
1764,F,1,5,CARDIOLOGY
1765,F,6,4,SURGERY
1766,F,11,3,GENERAL
1767,F,12,3,CARDIOLOGY
1768,F,6,4,CARDIOLOGY
1769,M,10,3,CARDIOLOGY
1770,F,6,4,ORTHOPEDICS
1771,F,10,3,SURGERY
1772,F,1,5,GENERAL
1773,F,7,4,CARDIOLOGY
1774,F,10,3,GENERAL
1775,F,6,4,GENERAL
1776,F,10,3,GENERAL
1777,M,1,6,GENERAL
1778,F,10,4,ORTHOPEDICS
1779,F,1,5,SURGERY
1780,F,1,6,CARDIOLOGY
1781,F,11,3,SURGERY
1782,F,13,2,GENERAL
1783,F,10,4,SURGERY
1784,F,11,3,CARDIOLOGY
1785,F,7,4,SURGERY
1786,M,6,4,GENERAL
1787,F,13,2,SURGERY
1788,F,1,5,GENERAL
1789,F,13,2,SURGERY
1790,M,10,3,CARDIOLOGY
1791,F,1,5,CARDIOLOGY
1792,F,7,4,CARDIOLOGY
1793,M,10,4,CARDIOLOGY
1794,M,6,4,CARDIOLOGY
1795,F,11,3,ORTHOPEDICS
1796,F,10,4,GENERAL
1797,M,7,4,GENERAL
1798,M,1,5,ORTHOPEDICS
1799,M,11,3,CARDIOLOGY
1800,M,11,3,CARDIOLOGY
1801,M,10,3,ORTHOPEDICS
1802,F,6,4,GENERAL
1803,M,6,4,GENERAL
1804,F,11,3,CARDIOLOGY
1805,M,10,3,ORTHOPEDICS
1806,M,1,6,GENERAL
1807,F,13,1,ORTHOPEDICS
1808,F,6,4,CARDIOLOGY
1809,M,11,3,GENERAL
1810,M,7,4,GENERAL
1811,F,10,4,GENERAL
1812,F,1,6,GENERAL
1813,M,10,4,GENERAL
1814,M,6,4,GENERAL
1815,F,1,5,CARDIOLOGY
1816,F,13,3,ORTHOPEDICS
1817,F,1,5,CARDIOLOGY
1818,M,7,4,GENERAL
1819,F,6,4,GENERAL
1820,M,1,5,ORTHOPEDICS
1821,M,10,4,CARDIOLOGY
1822,F,13,2,GENERAL
1823,M,13,2,CARDIOLOGY
1824,M,1,5,GENERAL
1825,F,7,4,ORTHOPEDICS
1826,F,1,5,CARDIOLOGY
1827,F,6,4,GENERAL
1828,F,6,4,GENERAL
1829,F,1,5,GENERAL
1830,F,13,2,CARDIOLOGY
1831,M,1,5,ORTHOPEDICS
1832,M,6,4,CARDIOLOGY
1833,M,10,4,GENERAL
1834,M,10,3,ORTHOPEDICS
1835,F,1,5,CARDIOLOGY
1836,M,10,3,GENERAL
1837,F,10,4,GENERAL
1838,F,13,2,GENERAL
1839,F,13,2,CARDIOLOGY
1840,F,6,4,GENERAL
1841,F,7,4,SURGERY
1842,F,6,4,ORTHOPEDICS
1843,F,6,4,CARDIOLOGY
1844,M,13,2,CARDIOLOGY
1845,M,6,4,CARDIOLOGY
1846,F,13,3,ORTHOPEDICS
1847,M,6,4,SURGERY
1848,F,1,5,CARDIOLOGY
1849,F,10,3,CARDIOLOGY
1850,F,1,5,GENERAL
1851,F,6,4,CARDIOLOGY
1852,M,10,4,GENERAL
1853,F,7,4,CARDIOLOGY
1854,M,6,4,SURGERY
1855,F,1,5,GENERAL
1856,M,13,2,CARDIOLOGY
1857,M,10,4,ORTHOPEDICS
1858,F,1,6,GENERAL
1859,M,10,3,GENERAL
1860,M,12,3,ORTHOPEDICS
1861,F,1,5,ORTHOPEDICS
1862,M,13,2,GENERAL
1863,F,11,3,ORTHOPEDICS
1864,M,6,4,GENERAL
1865,M,11,3,GENERAL
1866,M,13,2,SURGERY
1867,F,6,4,SURGERY
1868,M,1,5,GENERAL
1869,M,10,3,GENERAL
1870,F,10,3,ORTHOPEDICS
1871,F,10,4,CARDIOLOGY
1872,F,10,4,SURGERY
1873,M,1,5,CARDIOLOGY
1874,M,11,3,CARDIOLOGY
1875,M,1,5,GENERAL
1876,F,1,5,ORTHOPEDICS
1877,M,13,2,ORTHOPEDICS
1878,F,10,3,ORTHOPEDICS
1879,F,6,4,CARDIOLOGY
1880,M,11,3,ORTHOPEDICS
1881,F,10,3,SURGERY
1882,F,1,5,CARDIOLOGY
1883,M,1,6,GENERAL
1884,F,1,5,GENERAL
1885,M,1,5,GENERAL
1886,F,1,6,SURGERY
1887,F,6,4,ORTHOPEDICS
1888,M,13,2,ORTHOPEDICS
1889,M,13,1,SURGERY
1890,F,1,5,GENERAL
1891,F,13,2,CARDIOLOGY
1892,F,1,6,SURGERY
1893,M,1,5,GENERAL
1894,F,13,1,GENERAL
1895,M,1,6,GENERAL
1896,F,1,6,SURGERY
1897,F,6,4,SURGERY
1898,M,10,4,GENERAL
1899,F,10,4,SURGERY
1900,M,1,6,GENERAL
1901,M,1,5,GENERAL
1902,M,6,4,GENERAL
1903,F,10,3,CARDIOLOGY
1904,M,6,4,ORTHOPEDICS
1905,F,10,3,CARDIOLOGY
1906,M,6,4,ORTHOPEDICS
1907,M,1,5,GENERAL
1908,M,6,4,ORTHOPEDICS
1909,F,6,4,SURGERY
1910,M,6,4,SURGERY
1911,M,1,5,GENERAL
1912,M,13,1,GENERAL
1913,F,11,3,ORTHOPEDICS
1914,M,6,4,CARDIOLOGY
1915,M,1,5,CARDIOLOGY
1916,F,1,5,CARDIOLOGY
1917,F,10,3,GENERAL
1918,M,10,4,GENERAL
1919,F,1,5,GENERAL
1920,F,10,3,SURGERY
1921,M,1,5,ORTHOPEDICS
1922,F,6,4,SURGERY
1923,F,10,4,CARDIOLOGY
1924,F,10,3,GENERAL
1925,M,1,5,CARDIOLOGY
1926,F,1,6,ORTHOPEDICS
1927,M,1,6,SURGERY
1928,M,1,5,SURGERY
1929,M,1,5,GENERAL
1930,M,6,4,GENERAL
1931,F,10,4,ORTHOPEDICS
1932,M,6,4,GENERAL
1933,F,1,5,SURGERY
1934,M,13,3,CARDIOLOGY
1935,M,13,3,GENERAL
1936,F,13,2,SURGERY
1937,F,11,3,ORTHOPEDICS
1938,F,1,5,ORTHOPEDICS
1939,F,10,4,SURGERY
1940,F,1,5,GENERAL
1941,F,13,3,CARDIOLOGY
1942,F,6,4,CARDIOLOGY
1943,M,1,5,SURGERY
1944,M,6,4,GENERAL
1945,M,10,3,ORTHOPEDICS
1946,F,13,2,GENERAL
1947,M,10,3,ORTHOPEDICS
1948,M,10,3,SURGERY
1949,F,10,4,ORTHOPEDICS
1950,F,6,4,GENERAL
1951,F,6,4,GENERAL
1952,M,1,5,CARDIOLOGY
1953,F,6,4,CARDIOLOGY
1954,F,7,4,GENERAL
1955,F,6,4,GENERAL
1956,M,1,5,CARDIOLOGY
1957,F,6,4,GENERAL
1958,M,1,6,GENERAL
1959,F,1,5,ORTHOPEDICS
1960,M,7,4,GENERAL
1961,F,1,5,GENERAL
1962,M,7,4,CARDIOLOGY
1963,F,7,4,ORTHOPEDICS
1964,M,1,6,ORTHOPEDICS
1965,F,1,5,ORTHOPEDICS
1966,F,13,2,GENERAL
1967,M,1,5,SURGERY
1968,F,7,4,CARDIOLOGY
1969,F,11,3,GENERAL
1970,M,10,3,GENERAL
1971,F,13,2,GENERAL
1972,M,13,2,GENERAL
1973,M,10,4,SURGERY
1974,M,1,6,ORTHOPEDICS
1975,F,1,5,SURGERY
1976,F,1,5,GENERAL
1977,F,1,6,GENERAL
1978,M,1,6,CARDIOLOGY
1979,F,13,3,SURGERY
1980,F,6,4,SURGERY
1981,M,6,4,GENERAL
1982,M,6,4,SURGERY
1983,M,13,2,SURGERY
1984,M,1,6,CARDIOLOGY
1985,F,6,4,GENERAL
1986,F,13,2,ORTHOPEDICS
1987,M,1,7,CARDIOLOGY
1988,M,10,3,SURGERY
1989,M,1,5,SURGERY
1990,F,1,7,ORTHOPEDICS
1991,F,1,5,SURGERY
1992,M,6,4,GENERAL
1993,F,1,5,GENERAL
1994,M,10,4,CARDIOLOGY
1995,M,6,4,GENERAL
1996,F,10,4,GENERAL
1997,F,6,4,CARDIOLOGY
1998,M,11,3,GENERAL
1999,M,1,6,GENERAL
2000,M,6,4,CARDIOLOGY
2001,F,1,5,CARDIOLOGY
2002,M,10,3,CARDIOLOGY
2003,F,6,4,GENERAL
2004,F,10,3,CARDIOLOGY
2005,M,1,5,GENERAL
2006,F,13,2,CARDIOLOGY
2007,M,11,3,SURGERY
2008,M,6,4,SURGERY
2009,F,10,3,CARDIOLOGY
2010,M,11,3,CARDIOLOGY
2011,M,6,4,SURGERY
2012,M,1,5,GENERAL
2013,F,6,4,CARDIOLOGY
2014,F,13,2,GENERAL
2015,F,11,3,ORTHOPEDICS
2016,M,1,5,GENERAL
2017,M,10,3,GENERAL
2018,M,10,4,SURGERY
2019,M,10,4,CARDIOLOGY
2020,F,1,7,CARDIOLOGY
2021,F,6,4,SURGERY
2022,F,1,5,GENERAL
2023,M,6,4,ORTHOPEDICS
2024,M,11,3,SURGERY
2025,F,1,5,GENERAL
2026,M,6,4,ORTHOPEDICS
2027,M,13,2,SURGERY
2028,M,7,4,CARDIOLOGY
2029,M,6,4,GENERAL
2030,M,10,4,GENERAL
2031,M,13,3,CARDIOLOGY
2032,M,10,4,GENERAL
2033,F,13,2,SURGERY
2034,F,10,4,ORTHOPEDICS
2035,F,10,4,CARDIOLOGY
2036,F,10,3,SURGERY
2037,F,1,5,CARDIOLOGY
2038,F,13,1,ORTHOPEDICS
2039,M,10,3,GENERAL
2040,M,1,5,GENERAL
2041,M,6,4,CARDIOLOGY
2042,M,1,6,GENERAL
2043,F,13,3,GENERAL
2044,F,13,2,CARDIOLOGY
2045,F,10,3,GENERAL
2046,F,13,2,CARDIOLOGY
2047,F,1,5,ORTHOPEDICS
2048,F,11,3,GENERAL
2049,M,1,5,ORTHOPEDICS
2050,M,13,2,ORTHOPEDICS
2051,M,13,2,SURGERY
2052,F,6,4,SURGERY
2053,M,1,7,GENERAL
2054,F,1,7,CARDIOLOGY
2055,F,7,4,GENERAL
2056,F,10,3,GENERAL
2057,M,10,4,CARDIOLOGY
2058,F,6,4,GENERAL
2059,F,11,3,SURGERY
2060,F,7,4,SURGERY
2061,F,11,3,ORTHOPEDICS
2062,F,1,5,CARDIOLOGY
2063,M,13,3,CARDIOLOGY
2064,F,6,4,CARDIOLOGY
2065,F,6,4,CARDIOLOGY
2066,F,11,3,GENERAL
2067,M,7,4,ORTHOPEDICS
2068,M,6,4,GENERAL
2069,M,6,4,SURGERY
2070,M,6,4,GENERAL
2071,F,13,3,GENERAL
2072,M,1,6,CARDIOLOGY
2073,M,1,5,GENERAL
2074,M,1,5,SURGERY
2075,M,13,2,GENERAL
2076,F,1,5,GENERAL
2077,F,1,5,GENERAL
2078,F,10,3,GENERAL
2079,M,6,4,ORTHOPEDICS
2080,F,11,3,GENERAL
2081,M,10,3,CARDIOLOGY
2082,F,6,4,SURGERY
2083,M,6,4,ORTHOPEDICS
2084,M,1,5,ORTHOPEDICS
2085,F,11,3,GENERAL
2086,M,10,4,GENERAL
2087,M,10,4,CARDIOLOGY
2088,F,1,6,CARDIOLOGY
2089,F,1,5,GENERAL
2090,M,1,5,GENERAL
2091,M,6,4,CARDIOLOGY
2092,M,13,2,ORTHOPEDICS
2093,F,1,5,ORTHOPEDICS
2094,M,13,2,ORTHOPEDICS
2095,M,13,3,SURGERY
2096,M,6,4,GENERAL
2097,M,1,5,SURGERY
2098,F,10,4,CARDIOLOGY
2099,F,10,3,CARDIOLOGY
2100,M,10,3,CARDIOLOGY
2101,F,10,3,ORTHOPEDICS
2102,M,11,3,SURGERY
2103,F,1,5,CARDIOLOGY
2104,F,6,4,ORTHOPEDICS
2105,F,6,4,SURGERY
2106,F,11,3,CARDIOLOGY
2107,F,10,4,GENERAL
2108,M,10,3,ORTHOPEDICS
2109,F,1,5,SURGERY
2110,F,6,4,SURGERY
2111,M,1,5,ORTHOPEDICS
2112,F,1,6,CARDIOLOGY
2113,M,1,5,GENERAL
2114,M,6,4,ORTHOPEDICS
2115,F,1,5,GENERAL
2116,F,7,4,SURGERY
2117,M,1,5,GENERAL
2118,M,10,4,CARDIOLOGY
2119,F,1,5,GENERAL
2120,F,1,5,ORTHOPEDICS
2121,F,1,5,ORTHOPEDICS
2122,F,1,5,SURGERY
2123,F,1,5,GENERAL
2124,M,1,5,GENERAL
2125,F,11,3,GENERAL
2126,F,6,4,GENERAL
2127,M,10,3,GENERAL
2128,M,10,4,ORTHOPEDICS
2129,M,12,3,GENERAL
2130,F,6,4,GENERAL
2131,F,1,5,SURGERY
2132,M,1,5,GENERAL
2133,F,7,4,GENERAL
2134,M,10,4,CARDIOLOGY
2135,M,6,4,CARDIOLOGY
2136,M,1,5,GENERAL
2137,M,11,3,GENERAL
2138,F,6,4,ORTHOPEDICS
2139,M,13,3,GENERAL
2140,M,6,4,CARDIOLOGY
2141,F,6,4,SURGERY
2142,F,10,3,SURGERY
2143,M,10,3,SURGERY
2144,F,10,3,GENERAL
2145,M,1,5,CARDIOLOGY
2146,F,1,5,GENERAL
2147,M,1,6,GENERAL
2148,F,10,3,GENERAL
2149,M,1,5,GENERAL
2150,M,1,5,ORTHOPEDICS
2151,F,1,5,SURGERY
2152,M,13,3,GENERAL
2153,F,7,4,GENERAL
2154,M,1,6,GENERAL
2155,M,13,2,ORTHOPEDICS
2156,M,6,4,GENERAL
2157,F,1,5,SURGERY
2158,F,13,2,CARDIOLOGY
2159,F,11,3,GENERAL
2160,F,13,2,GENERAL
2161,M,1,5,GENERAL
2162,F,11,3,ORTHOPEDICS
2163,F,11,3,GENERAL
2164,F,1,5,GENERAL
2165,M,10,3,GENERAL
2166,F,10,4,CARDIOLOGY
2167,M,10,4,CARDIOLOGY
2168,M,1,5,ORTHOPEDICS
2169,F,6,4,CARDIOLOGY
2170,M,6,4,ORTHOPEDICS
2171,M,1,5,CARDIOLOGY
2172,F,1,5,GENERAL
2173,F,1,5,ORTHOPEDICS
2174,F,10,3,GENERAL
2175,M,10,4,GENERAL
2176,F,1,5,CARDIOLOGY
2177,F,10,4,CARDIOLOGY
2178,M,7,4,CARDIOLOGY
2179,F,10,4,SURGERY
2180,F,10,3,GENERAL
2181,M,11,3,ORTHOPEDICS
2182,M,1,5,GENERAL
2183,F,10,3,GENERAL
2184,F,6,4,GENERAL
2185,F,1,5,GENERAL
2186,F,10,4,CARDIOLOGY
2187,M,13,2,GENERAL
2188,M,13,2,GENERAL
2189,F,1,6,GENERAL
2190,F,1,5,GENERAL
2191,M,1,5,GENERAL
2192,M,11,3,GENERAL
2193,M,1,5,GENERAL
2194,M,1,5,SURGERY
2195,M,6,4,CARDIOLOGY
2196,F,1,5,SURGERY
2197,F,7,4,SURGERY
2198,F,1,5,SURGERY
2199,M,1,5,ORTHOPEDICS
2200,F,10,3,GENERAL
2201,M,1,5,GENERAL
2202,F,10,3,ORTHOPEDICS
2203,F,6,4,GENERAL
2204,M,6,4,ORTHOPEDICS
2205,F,10,4,SURGERY
2206,F,10,3,SURGERY
2207,F,6,4,CARDIOLOGY
2208,F,13,2,GENERAL
2209,F,1,5,ORTHOPEDICS
2210,F,1,5,CARDIOLOGY
2211,M,1,5,GENERAL
2212,F,1,5,GENERAL
2213,M,10,4,CARDIOLOGY
2214,F,10,4,CARDIOLOGY
2215,F,1,5,GENERAL
2216,F,10,4,SURGERY
2217,M,11,3,SURGERY
2218,M,7,4,SURGERY
2219,M,6,4,CARDIOLOGY
2220,M,1,5,CARDIOLOGY
2221,F,6,4,GENERAL
2222,M,10,3,GENERAL
2223,M,6,4,SURGERY
2224,M,7,4,GENERAL
2225,F,6,4,GENERAL
2226,F,13,2,GENERAL
2227,M,10,3,ORTHOPEDICS
2228,M,13,2,SURGERY
2229,M,10,4,ORTHOPEDICS
2230,M,1,5,ORTHOPEDICS
2231,M,7,4,ORTHOPEDICS
2232,M,7,4,CARDIOLOGY
2233,M,1,5,CARDIOLOGY
2234,M,11,3,ORTHOPEDICS
2235,F,10,3,CARDIOLOGY
2236,F,1,5,SURGERY
2237,M,1,5,GENERAL
2238,M,6,4,GENERAL
2239,M,7,4,GENERAL
2240,M,1,5,ORTHOPEDICS
2241,M,10,3,CARDIOLOGY
2242,F,6,4,GENERAL
2243,F,13,3,SURGERY
2244,F,1,5,GENERAL
2245,F,1,5,CARDIOLOGY
2246,M,7,4,ORTHOPEDICS
2247,F,1,5,CARDIOLOGY
2248,M,6,4,ORTHOPEDICS
2249,F,10,3,GENERAL
2250,M,6,4,SURGERY
2251,F,1,5,CARDIOLOGY
2252,F,6,4,GENERAL
2253,F,10,3,CARDIOLOGY
2254,F,13,2,GENERAL
2255,F,1,6,SURGERY
2256,M,10,4,ORTHOPEDICS
2257,M,11,3,ORTHOPEDICS
2258,F,10,4,CARDIOLOGY
2259,F,10,4,CARDIOLOGY
2260,M,1,5,ORTHOPEDICS
2261,M,1,5,GENERAL
2262,M,1,6,GENERAL
2263,M,10,3,CARDIOLOGY
2264,F,1,5,ORTHOPEDICS
2265,F,7,4,GENERAL
2266,M,1,5,GENERAL
2267,M,6,4,GENERAL
2268,M,11,3,SURGERY
2269,F,1,5,CARDIOLOGY
2270,F,7,4,GENERAL
2271,F,1,5,GENERAL
2272,F,1,5,SURGERY
2273,M,6,4,ORTHOPEDICS
2274,M,13,2,ORTHOPEDICS
2275,F,1,5,SURGERY
2276,M,6,4,ORTHOPEDICS
2277,M,10,3,GENERAL
2278,M,1,5,SURGERY
2279,F,1,5,SURGERY
2280,M,11,3,GENERAL
2281,M,6,4,GENERAL
2282,F,6,4,GENERAL
2283,F,7,4,ORTHOPEDICS
2284,F,13,2,GENERAL
2285,F,6,4,SURGERY
2286,M,6,4,CARDIOLOGY
2287,M,6,4,CARDIOLOGY
2288,M,13,2,SURGERY
2289,F,1,5,CARDIOLOGY
2290,F,7,4,CARDIOLOGY
2291,F,10,3,ORTHOPEDICS
2292,M,7,4,CARDIOLOGY
2293,M,10,4,SURGERY
2294,M,11,3,SURGERY
2295,M,10,4,SURGERY
2296,F,1,6,ORTHOPEDICS
2297,M,10,3,ORTHOPEDICS
2298,F,13,2,CARDIOLOGY
2299,F,1,5,SURGERY
2300,M,1,5,GENERAL
2301,M,1,5,SURGERY
2302,F,1,7,SURGERY
2303,M,1,5,GENERAL
2304,M,10,3,ORTHOPEDICS
2305,F,10,4,GENERAL
2306,M,6,4,GENERAL
2307,F,10,4,GENERAL
2308,F,1,5,ORTHOPEDICS
2309,F,10,4,GENERAL
2310,M,6,4,SURGERY
2311,M,1,5,CARDIOLOGY
2312,M,10,3,GENERAL
2313,M,13,3,SURGERY
2314,F,11,3,SURGERY
2315,M,13,2,GENERAL
2316,F,1,5,ORTHOPEDICS
2317,M,6,4,GENERAL
2318,F,1,5,GENERAL
2319,M,1,5,GENERAL
2320,M,10,3,SURGERY
2321,F,13,2,GENERAL
2322,F,10,3,CARDIOLOGY
2323,F,6,4,GENERAL
2324,F,1,6,ORTHOPEDICS
2325,M,1,5,CARDIOLOGY
2326,M,1,5,ORTHOPEDICS
2327,F,13,3,ORTHOPEDICS
2328,M,12,3,GENERAL
2329,M,1,5,CARDIOLOGY
2330,F,7,4,GENERAL
2331,M,6,4,CARDIOLOGY
2332,M,11,3,GENERAL
2333,M,13,3,GENERAL
2334,F,6,4,GENERAL
2335,M,1,5,CARDIOLOGY
2336,M,6,4,ORTHOPEDICS
2337,F,6,4,ORTHOPEDICS
2338,M,7,4,SURGERY
2339,M,1,6,GENERAL
2340,F,10,3,CARDIOLOGY
2341,F,1,6,SURGERY
2342,M,1,5,CARDIOLOGY
2343,F,6,4,GENERAL
2344,M,1,6,CARDIOLOGY
2345,M,10,3,ORTHOPEDICS
2346,M,10,3,GENERAL
2347,F,6,4,GENERAL
2348,F,1,5,ORTHOPEDICS
2349,F,1,6,GENERAL
2350,F,1,5,CARDIOLOGY
2351,M,1,5,CARDIOLOGY
2352,M,10,4,ORTHOPEDICS
2353,F,1,5,SURGERY
2354,M,7,4,CARDIOLOGY
2355,M,1,5,GENERAL
2356,M,10,3,ORTHOPEDICS
2357,M,1,6,GENERAL
2358,F,10,4,SURGERY
2359,M,6,4,GENERAL
2360,M,1,5,GENERAL
2361,F,10,3,GENERAL
2362,M,10,3,GENERAL
2363,M,6,4,GENERAL
2364,M,13,2,SURGERY
2365,F,1,5,GENERAL
2366,M,11,3,SURGERY
2367,M,6,4,GENERAL
2368,F,13,3,GENERAL
2369,M,13,2,CARDIOLOGY
2370,M,6,4,CARDIOLOGY
2371,M,10,4,CARDIOLOGY
2372,M,13,3,SURGERY
2373,M,6,4,SURGERY
2374,M,10,4,SURGERY
2375,F,1,5,ORTHOPEDICS
2376,M,13,3,SURGERY
2377,M,13,2,ORTHOPEDICS
2378,F,13,2,SURGERY
2379,F,13,2,GENERAL
2380,F,6,4,ORTHOPEDICS
2381,F,6,4,ORTHOPEDICS
2382,M,1,5,GENERAL
2383,F,10,3,GENERAL
2384,F,6,4,GENERAL
2385,F,10,3,GENERAL
2386,F,6,4,GENERAL
2387,M,10,4,CARDIOLOGY
2388,M,6,4,GENERAL
2389,M,7,4,CARDIOLOGY
2390,F,1,5,ORTHOPEDICS
2391,F,1,5,ORTHOPEDICS
2392,F,11,3,ORTHOPEDICS
2393,M,6,4,ORTHOPEDICS
2394,M,1,5,GENERAL
2395,M,6,4,CARDIOLOGY
2396,F,6,4,ORTHOPEDICS
2397,M,7,4,GENERAL
2398,M,10,4,SURGERY
2399,F,11,3,SURGERY
2400,F,6,4,GENERAL
2401,M,6,4,CARDIOLOGY
2402,M,1,5,ORTHOPEDICS
2403,F,10,3,GENERAL
2404,F,1,5,ORTHOPEDICS
2405,M,6,4,ORTHOPEDICS
2406,F,7,4,ORTHOPEDICS
2407,F,1,5,GENERAL
2408,F,11,3,ORTHOPEDICS
2409,F,11,3,SURGERY
2410,F,10,4,ORTHOPEDICS
2411,M,10,3,GENERAL
2412,F,10,4,CARDIOLOGY
2413,F,10,3,CARDIOLOGY
2414,M,1,5,SURGERY
2415,F,13,3,GENERAL
2416,F,6,4,SURGERY
2417,M,10,3,CARDIOLOGY
2418,F,6,4,GENERAL
2419,F,1,5,CARDIOLOGY
2420,F,10,3,SURGERY
2421,F,6,4,ORTHOPEDICS
2422,M,6,4,ORTHOPEDICS
2423,F,6,4,GENERAL
2424,M,7,4,ORTHOPEDICS
2425,F,13,2,GENERAL
2426,M,1,5,ORTHOPEDICS
2427,M,1,5,GENERAL
2428,F,1,5,CARDIOLOGY
2429,M,1,5,GENERAL
2430,F,1,5,ORTHOPEDICS
2431,F,1,5,ORTHOPEDICS
2432,M,11,3,GENERAL
2433,F,1,5,GENERAL
2434,F,13,3,GENERAL
2435,M,13,1,GENERAL
2436,M,7,4,ORTHOPEDICS
2437,M,1,5,GENERAL
2438,F,1,5,GENERAL
2439,F,1,5,GENERAL
2440,F,1,5,ORTHOPEDICS
2441,F,10,4,ORTHOPEDICS
2442,M,10,3,ORTHOPEDICS
2443,M,6,4,SURGERY
2444,F,11,3,GENERAL
2445,F,1,5,SURGERY
2446,F,6,4,CARDIOLOGY
2447,F,10,3,ORTHOPEDICS
2448,M,1,5,SURGERY
2449,F,6,4,GENERAL
2450,F,6,4,GENERAL
2451,F,1,5,ORTHOPEDICS
2452,M,6,4,CARDIOLOGY
2453,M,10,4,GENERAL
2454,M,11,3,CARDIOLOGY
2455,F,10,3,ORTHOPEDICS
2456,M,1,5,CARDIOLOGY
2457,M,7,4,ORTHOPEDICS
2458,M,10,3,ORTHOPEDICS
2459,M,10,3,CARDIOLOGY
2460,F,11,3,CARDIOLOGY
2461,M,13,2,SURGERY
2462,F,10,3,CARDIOLOGY
2463,M,6,4,ORTHOPEDICS
2464,F,7,4,ORTHOPEDICS
2465,M,6,4,GENERAL
2466,M,10,3,ORTHOPEDICS
2467,M,1,5,GENERAL
2468,M,10,4,SURGERY
2469,M,6,4,ORTHOPEDICS
2470,F,7,4,GENERAL
2471,F,1,6,CARDIOLOGY
2472,F,1,6,SURGERY
2473,F,1,5,ORTHOPEDICS
2474,M,6,4,ORTHOPEDICS
2475,F,1,5,GENERAL
2476,F,10,3,CARDIOLOGY
2477,F,1,5,SURGERY
2478,M,6,4,GENERAL
2479,M,10,4,CARDIOLOGY
2480,F,13,2,CARDIOLOGY
2481,F,6,4,CARDIOLOGY
2482,F,11,3,CARDIOLOGY
2483,M,6,4,SURGERY
2484,F,13,2,CARDIOLOGY
2485,M,11,3,ORTHOPEDICS
2486,F,10,4,SURGERY
2487,M,1,5,ORTHOPEDICS
2488,M,10,4,ORTHOPEDICS
2489,F,10,4,ORTHOPEDICS
2490,M,10,3,ORTHOPEDICS
2491,M,1,6,ORTHOPEDICS
2492,F,11,3,CARDIOLOGY
2493,F,10,3,GENERAL
2494,F,13,2,SURGERY
2495,M,13,2,GENERAL
2496,F,10,3,GENERAL
2497,F,10,3,CARDIOLOGY
2498,M,13,3,GENERAL
2499,F,10,3,GENERAL
2500,F,8,4,GENERAL
2501,M,10,4,SURGERY
2502,F,10,4,SURGERY
2503,F,1,6,GENERAL
2504,F,1,5,CARDIOLOGY
2505,M,6,4,GENERAL
2506,M,13,2,SURGERY
2507,M,1,5,GENERAL
2508,M,7,4,GENERAL
2509,F,1,6,ORTHOPEDICS
2510,M,6,4,GENERAL
2511,M,1,5,ORTHOPEDICS
2512,F,1,5,SURGERY
2513,F,8,4,SURGERY
2514,M,1,5,SURGERY
2515,F,1,5,SURGERY
2516,F,1,5,ORTHOPEDICS
2517,M,13,3,CARDIOLOGY
2518,F,6,4,ORTHOPEDICS
2519,M,6,4,SURGERY
2520,M,10,3,GENERAL
2521,F,7,4,GENERAL
2522,F,11,3,GENERAL
2523,F,6,4,CARDIOLOGY
2524,M,1,5,GENERAL
2525,M,13,2,SURGERY
2526,F,1,5,SURGERY
2527,F,6,4,ORTHOPEDICS
2528,F,10,3,ORTHOPEDICS
2529,M,13,3,ORTHOPEDICS
2530,M,11,3,SURGERY
2531,M,1,5,GENERAL
2532,F,6,4,GENERAL
2533,M,10,3,ORTHOPEDICS
2534,F,1,5,SURGERY
2535,F,1,6,GENERAL
2536,F,1,5,ORTHOPEDICS
2537,F,6,4,ORTHOPEDICS
2538,F,1,5,SURGERY
2539,M,10,4,SURGERY
2540,M,6,4,ORTHOPEDICS
2541,M,1,5,CARDIOLOGY
2542,F,1,5,GENERAL
2543,F,13,2,SURGERY
2544,F,1,6,ORTHOPEDICS
2545,M,1,5,ORTHOPEDICS
2546,M,10,3,GENERAL
2547,F,6,4,SURGERY
2548,F,1,5,CARDIOLOGY
2549,F,1,5,CARDIOLOGY
2550,M,1,5,SURGERY
2551,M,1,6,CARDIOLOGY
2552,F,10,3,SURGERY
2553,M,11,3,GENERAL
2554,M,10,4,CARDIOLOGY
2555,M,1,5,ORTHOPEDICS
2556,M,1,5,CARDIOLOGY
2557,F,1,6,SURGERY
2558,M,6,4,GENERAL
2559,F,11,3,ORTHOPEDICS
2560,F,1,5,GENERAL
2561,M,6,4,GENERAL
2562,M,6,4,SURGERY
2563,F,1,6,ORTHOPEDICS
2564,F,6,4,CARDIOLOGY
2565,F,10,3,GENERAL
2566,M,6,4,CARDIOLOGY
2567,M,6,4,GENERAL
2568,M,10,3,GENERAL
2569,F,13,3,GENERAL
2570,M,10,4,GENERAL
2571,F,6,4,SURGERY
2572,F,1,5,SURGERY
2573,F,10,4,CARDIOLOGY
2574,M,6,4,SURGERY
2575,F,1,5,GENERAL
2576,M,10,3,GENERAL
2577,F,1,6,CARDIOLOGY
2578,M,1,5,GENERAL
2579,F,6,4,ORTHOPEDICS
2580,M,1,5,ORTHOPEDICS
2581,F,1,5,GENERAL
2582,M,1,6,GENERAL
2583,F,10,3,CARDIOLOGY
2584,F,11,3,SURGERY
2585,F,10,3,GENERAL
2586,F,11,3,CARDIOLOGY
2587,F,10,4,CARDIOLOGY
2588,F,8,4,GENERAL
2589,M,6,4,CARDIOLOGY
2590,F,10,3,CARDIOLOGY
2591,M,1,6,GENERAL
2592,M,11,3,GENERAL
2593,F,10,3,GENERAL
2594,F,10,3,ORTHOPEDICS
2595,M,6,4,CARDIOLOGY
2596,F,10,3,GENERAL
2597,F,10,3,GENERAL
2598,F,11,3,GENERAL
2599,M,13,2,ORTHOPEDICS
2600,F,6,4,GENERAL
2601,M,6,4,ORTHOPEDICS
2602,F,11,3,SURGERY
2603,M,6,4,SURGERY
2604,F,10,4,GENERAL
2605,M,6,4,CARDIOLOGY
2606,M,1,5,ORTHOPEDICS
2607,M,6,4,GENERAL
2608,M,1,5,CARDIOLOGY
2609,F,1,5,SURGERY
2610,M,13,2,SURGERY
2611,M,13,3,CARDIOLOGY
2612,F,1,5,CARDIOLOGY
2613,M,10,4,SURGERY
2614,M,10,4,CARDIOLOGY
2615,F,10,3,SURGERY
2616,F,6,4,ORTHOPEDICS
2617,F,11,3,SURGERY
2618,M,12,3,GENERAL
2619,M,1,5,ORTHOPEDICS
2620,F,10,4,CARDIOLOGY
2621,M,10,4,GENERAL
2622,F,10,3,GENERAL
2623,M,11,3,GENERAL
2624,M,10,4,CARDIOLOGY
2625,F,6,4,GENERAL
2626,F,1,5,SURGERY
2627,M,7,4,SURGERY
2628,M,6,4,CARDIOLOGY
2629,F,1,6,SURGERY
2630,M,10,3,GENERAL
2631,M,1,5,SURGERY
2632,F,11,3,GENERAL
2633,F,1,5,ORTHOPEDICS
2634,F,6,4,SURGERY
2635,M,10,4,CARDIOLOGY
2636,F,1,5,GENERAL
2637,M,10,4,SURGERY
2638,M,1,5,SURGERY
2639,F,10,4,ORTHOPEDICS
2640,F,6,4,GENERAL
2641,M,6,4,GENERAL
2642,F,8,4,GENERAL
2643,M,6,4,SURGERY
2644,M,11,3,SURGERY
2645,F,11,3,GENERAL
2646,M,10,3,SURGERY
2647,F,1,5,GENERAL
2648,F,1,5,ORTHOPEDICS
2649,F,6,4,CARDIOLOGY
2650,M,6,4,GENERAL
2651,F,1,5,GENERAL
2652,M,6,4,SURGERY
2653,F,7,4,GENERAL
2654,F,10,4,SURGERY
2655,M,6,4,ORTHOPEDICS
2656,F,13,2,GENERAL
2657,F,1,5,CARDIOLOGY
2658,M,10,4,ORTHOPEDICS
2659,F,10,3,GENERAL
2660,F,1,5,GENERAL
2661,F,6,4,GENERAL
2662,M,6,4,SURGERY
2663,M,10,3,SURGERY
2664,M,7,4,SURGERY
2665,M,13,2,SURGERY
2666,F,10,3,CARDIOLOGY
2667,M,10,3,SURGERY
2668,M,10,3,GENERAL
2669,M,6,4,SURGERY
2670,F,1,5,ORTHOPEDICS
2671,F,10,3,ORTHOPEDICS
2672,F,1,5,SURGERY
2673,F,10,3,SURGERY
2674,M,13,2,GENERAL
2675,F,7,4,SURGERY
2676,F,13,2,SURGERY
2677,F,1,5,GENERAL
2678,F,10,3,CARDIOLOGY
2679,M,13,3,CARDIOLOGY
2680,M,1,5,CARDIOLOGY
2681,M,1,6,GENERAL
2682,M,10,3,GENERAL
2683,F,6,4,GENERAL
2684,M,13,2,GENERAL
2685,F,10,4,ORTHOPEDICS
2686,M,13,2,SURGERY
2687,M,1,6,CARDIOLOGY
2688,F,1,5,GENERAL
2689,F,1,5,CARDIOLOGY
2690,M,6,4,CARDIOLOGY
2691,M,1,6,ORTHOPEDICS
2692,F,10,4,ORTHOPEDICS
2693,M,13,3,ORTHOPEDICS
2694,M,12,3,GENERAL
2695,F,13,2,GENERAL
2696,F,1,5,GENERAL
2697,F,6,4,GENERAL
2698,F,1,5,ORTHOPEDICS
2699,F,1,5,CARDIOLOGY
2700,F,1,5,GENERAL
2701,M,1,5,GENERAL
2702,F,6,4,GENERAL
2703,M,10,3,GENERAL
2704,M,1,5,ORTHOPEDICS
2705,M,11,3,GENERAL
2706,M,11,3,GENERAL
2707,M,1,5,GENERAL
2708,F,1,5,CARDIOLOGY
2709,M,10,3,GENERAL
2710,F,1,5,GENERAL
2711,M,13,3,ORTHOPEDICS
2712,F,7,4,CARDIOLOGY
2713,F,1,5,ORTHOPEDICS
2714,M,1,5,ORTHOPEDICS
2715,F,1,6,GENERAL
2716,M,10,3,SURGERY
2717,F,1,6,ORTHOPEDICS
2718,F,1,5,GENERAL
2719,F,1,5,SURGERY
2720,F,1,5,CARDIOLOGY
2721,F,13,2,GENERAL
2722,F,1,6,GENERAL
2723,F,13,3,GENERAL
2724,M,6,4,GENERAL
2725,M,1,6,ORTHOPEDICS
2726,M,1,6,GENERAL
2727,F,6,4,SURGERY
2728,F,10,3,GENERAL
2729,F,1,5,ORTHOPEDICS
2730,F,10,3,SURGERY
2731,M,1,5,ORTHOPEDICS
2732,M,6,4,GENERAL
2733,F,1,5,CARDIOLOGY
2734,M,13,2,SURGERY
2735,F,11,3,GENERAL
2736,F,10,3,CARDIOLOGY
2737,M,10,4,ORTHOPEDICS
2738,F,1,5,GENERAL
2739,F,6,4,SURGERY
2740,F,10,4,GENERAL
2741,F,10,3,GENERAL
2742,F,10,3,GENERAL
2743,M,13,2,GENERAL
2744,F,13,1,SURGERY
2745,F,10,4,GENERAL
2746,M,7,4,SURGERY
2747,M,1,5,GENERAL
2748,F,6,4,CARDIOLOGY
2749,M,11,3,GENERAL
2750,F,7,4,GENERAL
2751,F,1,5,ORTHOPEDICS
2752,F,1,5,CARDIOLOGY
2753,F,6,4,SURGERY
2754,M,10,4,GENERAL
2755,M,1,5,GENERAL
2756,F,6,4,GENERAL
2757,M,11,3,ORTHOPEDICS
2758,F,6,4,CARDIOLOGY
2759,F,10,4,CARDIOLOGY
2760,F,7,4,CARDIOLOGY
2761,F,6,4,SURGERY
2762,F,10,4,GENERAL
2763,F,6,4,SURGERY
2764,F,6,4,ORTHOPEDICS
2765,M,13,3,CARDIOLOGY
2766,F,1,5,GENERAL
2767,F,6,4,ORTHOPEDICS
2768,F,7,4,SURGERY
2769,M,13,2,GENERAL
2770,M,1,5,SURGERY
2771,M,13,2,SURGERY
2772,M,1,5,GENERAL
2773,M,7,4,ORTHOPEDICS
2774,F,11,3,CARDIOLOGY
2775,M,6,4,GENERAL
2776,F,1,5,CARDIOLOGY
2777,F,1,5,GENERAL
2778,F,1,5,CARDIOLOGY
2779,F,6,4,GENERAL
2780,F,6,4,SURGERY
2781,F,1,5,SURGERY
2782,F,6,4,SURGERY
2783,F,6,4,CARDIOLOGY
2784,F,1,5,CARDIOLOGY
2785,F,1,5,GENERAL
2786,F,1,5,SURGERY
2787,F,10,3,ORTHOPEDICS
2788,M,6,4,ORTHOPEDICS
2789,M,10,3,SURGERY
2790,M,6,4,CARDIOLOGY
2791,M,1,5,GENERAL
2792,M,11,3,ORTHOPEDICS
2793,M,10,3,SURGERY
2794,M,1,5,CARDIOLOGY
2795,M,10,4,GENERAL
2796,M,6,4,GENERAL
2797,M,11,3,CARDIOLOGY
2798,M,10,3,SURGERY
2799,M,13,2,GENERAL
2800,M,11,3,ORTHOPEDICS
2801,M,10,4,SURGERY
2802,M,11,3,GENERAL
2803,F,10,4,SURGERY
2804,F,1,5,GENERAL
2805,F,6,4,GENERAL
2806,F,1,5,SURGERY
2807,M,11,3,ORTHOPEDICS
2808,M,6,4,CARDIOLOGY
2809,F,1,5,GENERAL
2810,M,10,3,SURGERY
2811,M,10,4,SURGERY
2812,F,6,4,GENERAL
2813,F,1,5,SURGERY
2814,F,6,4,GENERAL
2815,M,6,4,GENERAL
2816,F,1,5,GENERAL
2817,F,6,4,ORTHOPEDICS
2818,M,10,3,ORTHOPEDICS
2819,M,10,3,GENERAL
2820,F,1,5,CARDIOLOGY
2821,F,10,4,SURGERY
2822,F,11,3,ORTHOPEDICS
2823,M,1,5,GENERAL
2824,F,10,3,ORTHOPEDICS
2825,M,13,3,GENERAL
2826,F,1,5,CARDIOLOGY
2827,F,11,3,ORTHOPEDICS
2828,F,6,4,CARDIOLOGY
2829,F,6,4,ORTHOPEDICS
2830,F,1,6,ORTHOPEDICS
2831,M,10,3,GENERAL
2832,F,10,3,CARDIOLOGY
2833,M,7,4,GENERAL
2834,F,10,3,SURGERY
2835,M,1,5,ORTHOPEDICS
2836,M,1,6,ORTHOPEDICS
2837,M,6,4,CARDIOLOGY
2838,M,6,4,SURGERY
2839,F,1,5,CARDIOLOGY
2840,F,6,4,GENERAL
2841,F,1,6,ORTHOPEDICS
2842,F,1,5,CARDIOLOGY
2843,M,7,4,GENERAL
2844,F,10,3,GENERAL
2845,F,11,3,SURGERY
2846,M,1,5,GENERAL
2847,F,6,4,SURGERY
2848,F,13,3,GENERAL
2849,M,10,4,GENERAL
2850,F,6,4,GENERAL
2851,M,10,3,CARDIOLOGY
2852,F,1,5,GENERAL
2853,M,10,4,ORTHOPEDICS
2854,M,11,3,CARDIOLOGY
2855,F,10,3,ORTHOPEDICS
2856,F,6,4,GENERAL
2857,M,11,3,SURGERY
2858,F,7,4,SURGERY
2859,M,13,3,CARDIOLOGY
2860,M,6,4,SURGERY
2861,F,6,4,GENERAL
2862,M,6,4,SURGERY
2863,F,6,4,SURGERY
2864,F,6,4,ORTHOPEDICS
2865,M,7,4,CARDIOLOGY
2866,F,1,5,GENERAL
2867,F,6,4,GENERAL
2868,M,1,5,GENERAL
2869,F,10,3,CARDIOLOGY
2870,M,11,3,GENERAL
2871,F,1,7,GENERAL
2872,M,1,5,CARDIOLOGY
2873,F,13,3,GENERAL
2874,M,12,3,CARDIOLOGY
2875,F,10,4,SURGERY
2876,F,7,4,ORTHOPEDICS
2877,M,10,3,GENERAL
2878,M,6,4,GENERAL
2879,M,12,3,GENERAL
2880,F,1,5,CARDIOLOGY
2881,M,6,4,GENERAL
2882,F,11,3,SURGERY
2883,F,1,5,GENERAL
2884,F,6,4,GENERAL
2885,F,7,4,CARDIOLOGY
2886,F,1,5,SURGERY
2887,M,6,4,CARDIOLOGY
2888,M,7,4,ORTHOPEDICS
2889,F,10,3,SURGERY
2890,F,7,4,CARDIOLOGY
2891,F,1,5,GENERAL
2892,M,1,6,SURGERY
2893,M,1,5,GENERAL
2894,M,6,4,ORTHOPEDICS
2895,M,10,3,GENERAL
2896,M,10,3,GENERAL
2897,M,10,3,GENERAL
2898,M,1,5,GENERAL
2899,F,1,5,ORTHOPEDICS
2900,F,10,3,GENERAL
2901,M,1,5,CARDIOLOGY
2902,M,1,5,ORTHOPEDICS
2903,M,1,5,CARDIOLOGY
2904,M,10,3,CARDIOLOGY
2905,M,11,3,ORTHOPEDICS
2906,M,6,4,GENERAL
2907,M,11,3,CARDIOLOGY
2908,F,13,3,GENERAL
2909,F,1,6,GENERAL
2910,F,1,5,GENERAL
2911,F,13,2,CARDIOLOGY
2912,M,10,3,ORTHOPEDICS
2913,F,10,4,ORTHOPEDICS
2914,F,1,5,SURGERY
2915,F,1,5,SURGERY
2916,F,6,4,CARDIOLOGY
2917,M,1,5,ORTHOPEDICS
2918,M,6,4,SURGERY
2919,F,10,3,ORTHOPEDICS
2920,M,11,3,CARDIOLOGY
2921,M,1,5,CARDIOLOGY
2922,M,13,3,GENERAL
2923,F,1,5,CARDIOLOGY
2924,F,10,4,GENERAL
2925,F,6,4,CARDIOLOGY
2926,M,11,3,ORTHOPEDICS
2927,F,10,3,CARDIOLOGY
2928,F,1,6,SURGERY
2929,M,6,4,CARDIOLOGY
2930,F,1,5,GENERAL
2931,M,1,5,ORTHOPEDICS
2932,F,7,4,CARDIOLOGY
2933,F,1,5,GENERAL
2934,F,10,4,ORTHOPEDICS
2935,M,7,4,GENERAL
2936,M,6,4,GENERAL
2937,F,1,5,GENERAL
2938,M,6,4,GENERAL
2939,M,6,4,GENERAL
2940,F,1,5,GENERAL
2941,F,13,2,GENERAL
2942,M,1,5,ORTHOPEDICS
2943,M,6,4,CARDIOLOGY
2944,M,7,4,GENERAL
2945,F,6,4,GENERAL
2946,M,6,4,ORTHOPEDICS
2947,M,7,4,CARDIOLOGY
2948,F,7,4,GENERAL
2949,F,7,4,ORTHOPEDICS
2950,F,10,4,CARDIOLOGY
2951,M,10,3,ORTHOPEDICS
2952,F,10,4,GENERAL
2953,F,8,4,GENERAL
2954,F,10,3,SURGERY
2955,M,7,4,GENERAL
2956,F,6,4,GENERAL
2957,F,1,5,GENERAL
2958,M,13,2,GENERAL
2959,F,1,5,GENERAL
2960,M,11,3,GENERAL
2961,M,6,4,CARDIOLOGY
2962,M,10,3,SURGERY
2963,M,13,2,ORTHOPEDICS
2964,F,1,5,CARDIOLOGY
2965,F,6,4,GENERAL
2966,M,1,5,GENERAL
2967,F,13,3,SURGERY
2968,F,10,4,SURGERY
2969,F,10,4,SURGERY
2970,F,1,5,GENERAL
2971,M,13,2,GENERAL
2972,M,10,3,GENERAL
2973,F,1,5,CARDIOLOGY
2974,M,6,4,GENERAL
2975,M,1,5,CARDIOLOGY
2976,F,6,4,SURGERY
2977,F,6,4,ORTHOPEDICS
2978,M,6,4,CARDIOLOGY
2979,M,10,3,CARDIOLOGY
2980,F,1,5,SURGERY
2981,F,1,5,ORTHOPEDICS
2982,F,13,3,GENERAL
2983,M,6,4,GENERAL
2984,F,10,3,GENERAL
2985,M,1,6,GENERAL
2986,M,1,5,SURGERY
2987,M,13,2,SURGERY
2988,F,11,3,GENERAL
2989,F,10,4,GENERAL
2990,F,6,4,ORTHOPEDICS
2991,F,11,3,SURGERY
2992,M,1,5,GENERAL
2993,M,6,4,GENERAL
2994,M,10,3,CARDIOLOGY
2995,M,13,3,ORTHOPEDICS
2996,M,10,3,CARDIOLOGY
2997,F,10,3,SURGERY
2998,F,1,5,SURGERY
2999,F,10,4,ORTHOPEDICS
3000,M,6,4,CARDIOLOGY
3001,F,10,3,SURGERY
3002,F,13,3,CARDIOLOGY
3003,M,6,4,SURGERY
3004,F,6,4,SURGERY
3005,F,1,5,GENERAL
3006,F,1,5,ORTHOPEDICS
3007,F,10,3,CARDIOLOGY
3008,M,10,4,ORTHOPEDICS
3009,F,6,4,GENERAL
3010,M,1,5,SURGERY
3011,M,13,2,SURGERY
3012,F,10,4,CARDIOLOGY
3013,F,6,4,ORTHOPEDICS
3014,M,7,4,GENERAL
3015,M,10,3,CARDIOLOGY
3016,F,10,3,SURGERY
3017,F,1,6,GENERAL
3018,F,6,4,GENERAL
3019,M,1,6,SURGERY
3020,F,13,3,GENERAL
3021,F,1,5,GENERAL
3022,F,11,3,GENERAL
3023,F,11,3,CARDIOLOGY
3024,M,10,4,SURGERY
3025,M,11,3,ORTHOPEDICS
3026,F,7,4,GENERAL
3027,M,10,4,CARDIOLOGY
3028,M,1,5,GENERAL
3029,M,10,4,GENERAL
3030,M,10,3,ORTHOPEDICS
3031,F,6,4,CARDIOLOGY
3032,F,6,4,GENERAL
3033,M,10,4,GENERAL
3034,M,1,5,ORTHOPEDICS
3035,M,10,3,GENERAL
3036,M,10,3,GENERAL
3037,M,10,3,GENERAL
3038,F,6,4,ORTHOPEDICS
3039,M,6,4,GENERAL
3040,M,1,6,CARDIOLOGY
3041,F,10,3,SURGERY
3042,F,11,3,CARDIOLOGY
3043,M,6,4,ORTHOPEDICS
3044,F,7,4,SURGERY
3045,M,1,6,SURGERY
3046,M,10,3,CARDIOLOGY
3047,F,13,2,ORTHOPEDICS
3048,F,6,4,GENERAL
3049,F,13,2,SURGERY
3050,F,1,5,CARDIOLOGY
3051,M,6,4,GENERAL
3052,F,11,3,CARDIOLOGY
3053,F,7,4,GENERAL
3054,M,10,3,GENERAL
3055,F,7,4,SURGERY
3056,F,6,4,SURGERY
3057,F,10,3,GENERAL
3058,F,1,5,GENERAL
3059,F,1,6,ORTHOPEDICS
3060,M,10,3,GENERAL
3061,M,10,3,SURGERY
3062,F,6,4,GENERAL
3063,F,6,4,GENERAL
3064,M,6,4,GENERAL
3065,M,6,4,GENERAL
3066,M,6,4,ORTHOPEDICS
3067,F,10,3,ORTHOPEDICS
3068,F,1,5,SURGERY
3069,F,6,4,SURGERY
3070,M,10,3,GENERAL
3071,F,6,4,SURGERY
3072,F,7,4,ORTHOPEDICS
3073,M,1,5,ORTHOPEDICS
3074,M,6,4,GENERAL
3075,F,11,3,CARDIOLOGY
3076,M,1,5,GENERAL
3077,M,10,3,ORTHOPEDICS
3078,F,1,5,SURGERY
3079,F,10,4,GENERAL
3080,F,1,6,SURGERY
3081,F,1,5,ORTHOPEDICS
3082,F,10,4,GENERAL
3083,F,6,4,ORTHOPEDICS
3084,F,1,5,CARDIOLOGY
3085,F,10,3,SURGERY
3086,F,1,6,SURGERY
3087,F,6,4,SURGERY
3088,M,6,4,SURGERY
3089,M,6,4,GENERAL
3090,M,10,4,GENERAL
3091,F,10,3,CARDIOLOGY
3092,F,6,4,GENERAL
3093,M,1,6,ORTHOPEDICS
3094,F,10,4,GENERAL
3095,F,10,4,ORTHOPEDICS
3096,F,6,4,GENERAL
3097,M,10,4,GENERAL
3098,F,6,4,ORTHOPEDICS
3099,M,10,3,CARDIOLOGY
3100,M,10,4,SURGERY
3101,F,1,5,SURGERY
3102,M,7,4,SURGERY
3103,F,11,3,CARDIOLOGY
3104,M,10,3,ORTHOPEDICS
3105,M,6,4,CARDIOLOGY
3106,F,1,5,ORTHOPEDICS
3107,F,10,3,GENERAL
3108,M,6,4,GENERAL
3109,M,10,3,GENERAL
3110,M,1,5,SURGERY
3111,F,10,4,SURGERY
3112,F,10,3,CARDIOLOGY
3113,M,1,6,GENERAL
3114,F,6,4,GENERAL
3115,F,1,5,GENERAL
3116,F,13,2,SURGERY
3117,F,1,5,GENERAL
3118,M,1,6,SURGERY
3119,M,10,3,SURGERY
3120,F,1,6,ORTHOPEDICS
3121,M,13,1,SURGERY
3122,F,6,4,SURGERY
3123,F,6,4,ORTHOPEDICS
3124,F,1,5,ORTHOPEDICS
3125,M,13,2,ORTHOPEDICS
3126,F,6,4,GENERAL
3127,M,1,5,GENERAL
3128,M,10,3,GENERAL
3129,M,10,3,ORTHOPEDICS
3130,F,6,4,ORTHOPEDICS
3131,M,1,6,ORTHOPEDICS
3132,M,1,5,GENERAL
3133,M,10,4,GENERAL
3134,F,10,3,GENERAL
3135,F,6,4,CARDIOLOGY
3136,M,10,3,ORTHOPEDICS
3137,M,6,4,GENERAL
3138,M,11,3,ORTHOPEDICS
3139,M,1,5,SURGERY
3140,M,13,2,ORTHOPEDICS
3141,F,1,6,CARDIOLOGY
3142,F,10,3,GENERAL
3143,M,10,3,CARDIOLOGY
3144,F,12,3,ORTHOPEDICS
3145,F,1,6,GENERAL
3146,M,1,5,GENERAL
3147,F,10,4,ORTHOPEDICS
3148,M,11,3,CARDIOLOGY
3149,F,10,3,CARDIOLOGY
3150,M,1,5,SURGERY
3151,M,1,6,SURGERY
3152,F,13,3,GENERAL
3153,F,10,3,GENERAL
3154,F,1,5,CARDIOLOGY
3155,F,13,3,ORTHOPEDICS
3156,M,6,4,ORTHOPEDICS
3157,M,1,5,CARDIOLOGY
3158,F,7,4,GENERAL
3159,F,11,3,GENERAL
3160,F,13,2,ORTHOPEDICS
3161,M,13,2,GENERAL
3162,M,10,4,GENERAL
3163,F,10,3,CARDIOLOGY
3164,M,10,4,GENERAL
3165,M,11,3,CARDIOLOGY
3166,F,9,4,CARDIOLOGY
3167,M,10,3,GENERAL
3168,M,1,5,ORTHOPEDICS
3169,F,1,5,SURGERY
3170,F,1,5,ORTHOPEDICS
3171,F,1,5,SURGERY
3172,F,13,2,CARDIOLOGY
3173,F,1,5,GENERAL
3174,M,13,2,GENERAL
3175,F,1,5,ORTHOPEDICS
3176,F,6,4,SURGERY
3177,F,6,4,ORTHOPEDICS
3178,M,1,6,GENERAL
3179,M,10,3,SURGERY
3180,F,6,4,SURGERY
3181,M,10,3,CARDIOLOGY
3182,F,6,4,GENERAL
3183,F,13,2,ORTHOPEDICS
3184,F,10,3,ORTHOPEDICS
3185,M,1,6,SURGERY
3186,F,11,3,ORTHOPEDICS
3187,F,6,4,GENERAL
3188,F,10,3,GENERAL
3189,M,6,4,ORTHOPEDICS
3190,F,1,5,GENERAL
3191,F,1,5,GENERAL
3192,M,1,5,SURGERY
3193,F,13,2,GENERAL
3194,M,6,4,GENERAL
3195,M,7,4,CARDIOLOGY
3196,F,6,4,SURGERY
3197,M,13,2,GENERAL
3198,M,10,3,GENERAL
3199,F,6,4,ORTHOPEDICS
3200,F,1,5,SURGERY
3201,M,1,5,GENERAL
3202,F,7,4,GENERAL
3203,F,13,3,SURGERY
3204,F,6,4,GENERAL
3205,M,10,4,GENERAL
3206,M,1,6,GENERAL
3207,M,1,5,SURGERY
3208,F,1,6,GENERAL
3209,F,10,4,ORTHOPEDICS
3210,F,1,5,GENERAL
3211,M,1,5,GENERAL
3212,M,11,3,GENERAL
3213,M,13,2,SURGERY
3214,M,6,4,GENERAL
3215,F,1,5,SURGERY
3216,M,10,3,GENERAL
3217,F,11,3,CARDIOLOGY
3218,F,10,4,GENERAL
3219,F,1,5,SURGERY
3220,F,11,3,CARDIOLOGY
3221,F,10,4,GENERAL
3222,F,11,3,GENERAL
3223,M,6,4,ORTHOPEDICS
3224,F,1,5,SURGERY
3225,F,11,3,ORTHOPEDICS
3226,F,1,5,GENERAL
3227,M,1,5,GENERAL
3228,F,11,3,GENERAL
3229,M,6,4,ORTHOPEDICS
3230,F,11,3,SURGERY
3231,F,1,5,CARDIOLOGY
3232,M,1,5,SURGERY
3233,F,13,2,GENERAL
3234,F,6,4,SURGERY
3235,F,6,4,SURGERY
3236,F,6,4,GENERAL
3237,M,10,3,ORTHOPEDICS
3238,F,13,3,CARDIOLOGY
3239,F,6,4,ORTHOPEDICS
3240,M,1,5,GENERAL
3241,F,10,3,GENERAL
3242,F,13,2,ORTHOPEDICS
3243,F,6,4,GENERAL
3244,M,6,4,GENERAL
3245,M,6,4,GENERAL
3246,M,1,5,GENERAL
3247,M,10,4,ORTHOPEDICS
3248,M,1,5,ORTHOPEDICS
3249,M,10,3,CARDIOLOGY
3250,F,13,3,GENERAL
3251,F,1,5,ORTHOPEDICS
3252,F,13,3,GENERAL
3253,M,13,3,SURGERY
3254,M,1,5,SURGERY
3255,M,10,3,GENERAL
3256,M,10,4,ORTHOPEDICS
3257,F,10,3,ORTHOPEDICS
3258,F,6,4,GENERAL
3259,M,10,4,GENERAL
3260,F,10,3,SURGERY
3261,M,7,4,ORTHOPEDICS
3262,M,13,2,GENERAL
3263,F,11,3,SURGERY
3264,F,6,4,SURGERY
3265,M,7,4,GENERAL
3266,M,6,4,ORTHOPEDICS
3267,M,11,3,CARDIOLOGY
3268,M,13,2,SURGERY
3269,F,1,5,SURGERY
3270,F,7,4,GENERAL
3271,M,6,4,ORTHOPEDICS
3272,F,1,5,GENERAL
3273,F,1,5,GENERAL
3274,F,6,4,CARDIOLOGY
3275,M,6,4,SURGERY
3276,F,10,3,SURGERY
3277,M,6,4,ORTHOPEDICS
3278,F,6,4,GENERAL
3279,F,6,4,ORTHOPEDICS
3280,M,7,4,GENERAL
3281,F,10,4,CARDIOLOGY
3282,F,6,4,GENERAL
3283,F,10,3,GENERAL
3284,M,1,6,GENERAL
3285,F,13,3,SURGERY
3286,F,1,5,SURGERY
3287,M,6,4,GENERAL
3288,F,1,5,SURGERY
3289,F,6,4,GENERAL
3290,F,1,5,CARDIOLOGY
3291,M,11,3,ORTHOPEDICS
3292,F,13,3,SURGERY
3293,M,1,5,SURGERY
3294,M,10,3,ORTHOPEDICS
3295,F,13,2,CARDIOLOGY
3296,M,6,4,GENERAL
3297,F,6,4,ORTHOPEDICS
3298,M,13,2,CARDIOLOGY
3299,F,10,3,GENERAL
3300,M,11,3,CARDIOLOGY
3301,M,6,4,GENERAL
3302,M,1,5,GENERAL
3303,M,1,5,ORTHOPEDICS
3304,F,8,4,ORTHOPEDICS
3305,M,10,3,SURGERY
3306,F,13,2,ORTHOPEDICS
3307,F,10,3,GENERAL
3308,F,10,4,GENERAL
3309,M,1,6,ORTHOPEDICS
3310,M,7,4,ORTHOPEDICS
3311,M,13,1,GENERAL
3312,M,6,4,ORTHOPEDICS
3313,M,10,3,ORTHOPEDICS
3314,M,6,4,SURGERY
3315,F,13,3,GENERAL
3316,F,13,2,SURGERY
3317,F,10,4,GENERAL
3318,M,11,3,SURGERY
3319,F,1,5,SURGERY
3320,M,1,6,CARDIOLOGY
3321,F,1,5,ORTHOPEDICS
3322,M,13,3,GENERAL
3323,F,11,3,GENERAL
3324,M,6,4,ORTHOPEDICS
3325,F,11,3,CARDIOLOGY
3326,M,10,4,GENERAL
3327,F,13,2,GENERAL
3328,M,1,5,GENERAL
3329,M,1,5,GENERAL
3330,F,1,5,SURGERY
3331,F,10,3,SURGERY
3332,F,10,3,CARDIOLOGY
3333,M,1,5,GENERAL
3334,M,11,3,GENERAL
3335,F,1,5,SURGERY
3336,F,1,5,SURGERY
3337,M,10,3,GENERAL
3338,F,10,3,CARDIOLOGY
3339,M,8,4,CARDIOLOGY
3340,F,7,4,CARDIOLOGY
3341,M,11,3,CARDIOLOGY
3342,M,6,4,ORTHOPEDICS
3343,M,1,6,CARDIOLOGY
3344,F,6,4,CARDIOLOGY
3345,F,7,4,GENERAL
3346,F,6,4,GENERAL
3347,F,6,4,ORTHOPEDICS
3348,M,1,6,GENERAL
3349,F,11,3,GENERAL
3350,F,7,4,GENERAL
3351,F,1,5,GENERAL
3352,M,13,3,GENERAL
3353,F,1,5,GENERAL
3354,M,6,4,CARDIOLOGY
3355,M,11,3,GENERAL
3356,F,6,4,ORTHOPEDICS
3357,M,10,3,SURGERY
3358,M,1,5,ORTHOPEDICS
3359,M,6,4,GENERAL
3360,F,11,3,GENERAL
3361,M,11,3,CARDIOLOGY
3362,M,1,5,SURGERY
3363,F,1,5,SURGERY
3364,M,10,3,CARDIOLOGY
3365,M,13,3,CARDIOLOGY
3366,M,13,3,GENERAL
3367,M,6,4,ORTHOPEDICS
3368,F,10,3,ORTHOPEDICS
3369,F,10,3,ORTHOPEDICS
3370,M,7,4,GENERAL
3371,M,1,6,SURGERY
3372,F,6,4,ORTHOPEDICS
3373,F,1,5,ORTHOPEDICS
3374,F,6,4,GENERAL
3375,M,1,5,GENERAL
3376,M,1,5,CARDIOLOGY
3377,M,10,3,CARDIOLOGY
3378,F,6,4,SURGERY
3379,M,10,4,ORTHOPEDICS
3380,F,10,3,GENERAL
3381,F,1,6,CARDIOLOGY
3382,M,1,5,GENERAL
3383,F,13,2,GENERAL
3384,F,6,4,SURGERY
3385,F,1,5,CARDIOLOGY
3386,F,6,4,GENERAL
3387,F,10,4,ORTHOPEDICS
3388,M,13,2,ORTHOPEDICS
3389,M,1,5,CARDIOLOGY
3390,F,7,4,SURGERY
3391,M,6,4,GENERAL
3392,M,10,3,ORTHOPEDICS
3393,M,6,4,SURGERY
3394,F,13,2,GENERAL
3395,M,10,3,CARDIOLOGY
3396,M,6,4,ORTHOPEDICS
3397,F,1,5,CARDIOLOGY
3398,F,10,3,GENERAL
3399,M,1,7,CARDIOLOGY
3400,F,13,3,GENERAL
3401,F,1,5,CARDIOLOGY
3402,M,7,4,CARDIOLOGY
3403,M,1,5,GENERAL
3404,F,1,5,ORTHOPEDICS
3405,M,1,5,SURGERY
3406,M,7,4,CARDIOLOGY
3407,F,6,4,CARDIOLOGY
3408,M,6,4,SURGERY
3409,F,1,6,GENERAL
3410,F,10,4,ORTHOPEDICS
3411,M,10,3,ORTHOPEDICS
3412,F,1,5,GENERAL
3413,F,10,4,GENERAL
3414,F,6,4,CARDIOLOGY
3415,M,6,4,ORTHOPEDICS
3416,F,10,3,SURGERY
3417,M,7,4,ORTHOPEDICS
3418,M,10,4,SURGERY
3419,F,10,3,GENERAL
3420,M,1,6,ORTHOPEDICS
3421,F,10,4,GENERAL
3422,F,1,5,ORTHOPEDICS
3423,M,1,6,CARDIOLOGY
3424,F,13,2,ORTHOPEDICS
3425,M,1,5,SURGERY
3426,M,1,6,SURGERY
3427,M,1,5,ORTHOPEDICS
3428,F,10,4,ORTHOPEDICS
3429,M,7,4,SURGERY
3430,F,1,5,GENERAL
3431,F,13,2,ORTHOPEDICS
3432,F,10,4,SURGERY
3433,F,11,3,CARDIOLOGY
3434,F,6,4,SURGERY
3435,F,10,4,GENERAL
3436,F,6,4,GENERAL
3437,F,10,3,CARDIOLOGY
3438,M,1,5,GENERAL
3439,M,10,4,ORTHOPEDICS
3440,F,6,4,GENERAL
3441,M,1,5,GENERAL
3442,F,6,4,SURGERY
3443,F,6,4,GENERAL
3444,F,1,5,GENERAL
3445,F,10,3,CARDIOLOGY
3446,F,10,3,GENERAL
3447,M,1,5,CARDIOLOGY
3448,M,6,4,GENERAL
3449,F,6,4,CARDIOLOGY
3450,M,6,4,GENERAL
3451,F,1,5,SURGERY
3452,F,7,4,SURGERY
3453,F,6,4,ORTHOPEDICS
3454,F,1,6,GENERAL
3455,M,7,4,SURGERY
3456,M,6,4,GENERAL
3457,F,10,3,SURGERY
3458,M,10,3,GENERAL
3459,F,13,3,GENERAL
3460,F,6,4,ORTHOPEDICS
3461,M,10,3,CARDIOLOGY
3462,M,7,4,GENERAL
3463,M,6,4,GENERAL
3464,M,1,5,ORTHOPEDICS
3465,F,7,4,SURGERY
3466,F,10,4,GENERAL
3467,M,6,4,ORTHOPEDICS
3468,F,6,4,SURGERY
3469,M,7,4,ORTHOPEDICS
3470,M,6,4,SURGERY
3471,M,6,4,SURGERY
3472,M,1,5,CARDIOLOGY
3473,M,6,4,ORTHOPEDICS
3474,M,10,3,CARDIOLOGY
3475,M,1,6,ORTHOPEDICS
3476,M,6,4,GENERAL
3477,F,1,5,GENERAL
3478,M,1,6,GENERAL
3479,F,1,5,ORTHOPEDICS
3480,M,1,6,SURGERY
3481,F,6,4,SURGERY
3482,F,10,4,ORTHOPEDICS
3483,M,6,4,ORTHOPEDICS
3484,F,11,3,GENERAL
3485,M,1,5,GENERAL
3486,M,10,3,GENERAL
3487,F,6,4,CARDIOLOGY
3488,M,1,7,GENERAL
3489,F,1,5,CARDIOLOGY
3490,M,6,4,ORTHOPEDICS
3491,M,10,4,ORTHOPEDICS
3492,M,10,3,CARDIOLOGY
3493,F,10,3,GENERAL
3494,F,1,5,SURGERY
3495,M,1,5,GENERAL
3496,F,6,4,GENERAL
3497,M,7,4,ORTHOPEDICS
3498,M,13,3,SURGERY
3499,F,13,2,ORTHOPEDICS
3500,F,7,4,GENERAL
3501,F,13,2,GENERAL
3502,F,1,5,GENERAL
3503,F,1,5,ORTHOPEDICS
3504,M,10,3,SURGERY
3505,F,13,3,GENERAL
3506,M,11,3,CARDIOLOGY
3507,M,10,3,ORTHOPEDICS
3508,M,13,2,ORTHOPEDICS
3509,F,6,4,GENERAL
3510,M,1,5,CARDIOLOGY
3511,M,11,3,GENERAL
3512,F,1,5,ORTHOPEDICS
3513,M,1,5,ORTHOPEDICS
3514,M,1,5,GENERAL
3515,F,6,4,GENERAL
3516,F,10,3,SURGERY
3517,F,1,6,GENERAL
3518,M,1,5,GENERAL
3519,M,1,5,SURGERY
3520,F,6,4,GENERAL
3521,F,6,4,CARDIOLOGY
3522,F,1,5,CARDIOLOGY
3523,M,10,3,CARDIOLOGY
3524,F,6,4,CARDIOLOGY
3525,M,7,4,SURGERY
3526,M,10,3,CARDIOLOGY
3527,M,7,4,ORTHOPEDICS
3528,M,7,4,GENERAL
3529,M,10,4,ORTHOPEDICS
3530,M,7,4,GENERAL
3531,M,6,4,SURGERY
3532,M,13,2,ORTHOPEDICS
3533,M,6,4,ORTHOPEDICS
3534,M,10,3,SURGERY
3535,F,10,3,GENERAL
3536,M,6,4,ORTHOPEDICS
3537,F,11,3,CARDIOLOGY
3538,F,6,4,GENERAL
3539,M,11,3,GENERAL
3540,M,6,4,ORTHOPEDICS
3541,M,10,4,ORTHOPEDICS
3542,F,1,6,GENERAL
3543,M,12,3,GENERAL
3544,M,1,5,GENERAL
3545,M,11,3,CARDIOLOGY
3546,M,1,6,SURGERY
3547,F,10,3,CARDIOLOGY
3548,M,10,3,ORTHOPEDICS
3549,F,1,5,GENERAL
3550,M,6,4,SURGERY
3551,M,1,5,GENERAL
3552,M,6,4,SURGERY
3553,F,6,4,ORTHOPEDICS
3554,F,6,4,SURGERY
3555,M,6,4,SURGERY
3556,M,6,4,GENERAL
3557,F,1,5,GENERAL
3558,F,10,3,GENERAL
3559,M,6,4,CARDIOLOGY
3560,F,6,4,ORTHOPEDICS
3561,M,7,4,ORTHOPEDICS
3562,F,7,4,GENERAL
3563,M,1,5,GENERAL
3564,F,1,6,GENERAL
3565,F,6,4,GENERAL
3566,F,6,4,GENERAL
3567,F,1,5,ORTHOPEDICS
3568,M,11,3,SURGERY
3569,M,10,4,GENERAL
3570,M,6,4,SURGERY
3571,F,1,5,GENERAL
3572,M,10,3,GENERAL
3573,F,7,4,SURGERY
3574,F,10,3,CARDIOLOGY
3575,M,6,4,GENERAL
3576,F,6,4,ORTHOPEDICS
3577,M,1,5,GENERAL
3578,M,7,4,CARDIOLOGY
3579,F,1,5,SURGERY
3580,F,1,5,SURGERY
3581,M,6,4,CARDIOLOGY
3582,F,10,3,ORTHOPEDICS
3583,F,1,6,CARDIOLOGY
3584,F,1,5,SURGERY
3585,F,6,4,ORTHOPEDICS
3586,M,13,2,GENERAL
3587,F,6,4,GENERAL
3588,F,13,3,GENERAL
3589,F,10,4,GENERAL
3590,F,8,4,GENERAL
3591,M,1,6,CARDIOLOGY
3592,F,6,4,GENERAL
3593,M,10,3,GENERAL
3594,M,1,5,CARDIOLOGY
3595,F,10,4,GENERAL
3596,M,1,5,GENERAL
3597,F,10,4,CARDIOLOGY
3598,F,11,3,CARDIOLOGY
3599,M,1,5,GENERAL
3600,M,6,4,ORTHOPEDICS
3601,F,1,5,GENERAL
3602,F,11,3,SURGERY
3603,M,13,3,CARDIOLOGY
3604,M,13,2,CARDIOLOGY
3605,F,1,5,SURGERY
3606,M,6,4,GENERAL
3607,M,11,3,SURGERY
3608,M,11,3,CARDIOLOGY
3609,F,1,5,GENERAL
3610,F,7,4,GENERAL
3611,F,6,4,GENERAL
3612,F,11,3,SURGERY
3613,F,11,3,SURGERY
3614,F,10,3,GENERAL
3615,M,10,3,GENERAL
3616,F,13,2,GENERAL
3617,F,10,4,GENERAL
3618,F,1,5,GENERAL
3619,M,11,3,GENERAL
3620,M,7,4,SURGERY
3621,M,7,4,GENERAL
3622,M,10,3,CARDIOLOGY
3623,M,1,5,GENERAL
3624,M,6,4,ORTHOPEDICS
3625,M,1,6,GENERAL
3626,F,6,4,SURGERY
3627,M,10,3,ORTHOPEDICS
3628,M,1,6,ORTHOPEDICS
3629,F,1,5,GENERAL
3630,M,11,3,ORTHOPEDICS
3631,M,1,5,ORTHOPEDICS
3632,M,1,5,CARDIOLOGY
3633,M,1,5,SURGERY
3634,F,12,3,ORTHOPEDICS
3635,F,6,4,CARDIOLOGY
3636,F,6,4,ORTHOPEDICS
3637,M,10,4,ORTHOPEDICS
3638,M,1,5,GENERAL
3639,F,8,4,ORTHOPEDICS
3640,F,7,4,GENERAL
3641,M,10,3,ORTHOPEDICS
3642,M,10,4,ORTHOPEDICS
3643,M,13,2,SURGERY
3644,M,1,5,CARDIOLOGY
3645,F,1,5,CARDIOLOGY
3646,M,10,3,ORTHOPEDICS
3647,M,10,4,CARDIOLOGY
3648,F,7,4,CARDIOLOGY
3649,F,6,4,GENERAL
3650,M,10,4,GENERAL
3651,F,6,4,ORTHOPEDICS
3652,F,13,2,GENERAL
3653,M,6,4,ORTHOPEDICS
3654,M,10,3,ORTHOPEDICS
3655,F,13,3,CARDIOLOGY
3656,F,7,4,GENERAL
3657,M,10,3,ORTHOPEDICS
3658,F,10,4,CARDIOLOGY
3659,F,6,4,GENERAL
3660,F,1,5,ORTHOPEDICS
3661,F,10,3,ORTHOPEDICS
3662,F,6,4,ORTHOPEDICS
3663,F,13,2,CARDIOLOGY
3664,F,10,4,GENERAL
3665,F,6,4,SURGERY
3666,F,7,4,ORTHOPEDICS
3667,M,6,4,SURGERY
3668,M,6,4,ORTHOPEDICS
3669,M,1,6,GENERAL
3670,F,13,3,GENERAL
3671,M,1,5,CARDIOLOGY
3672,M,6,4,ORTHOPEDICS
3673,M,7,4,ORTHOPEDICS
3674,F,1,5,ORTHOPEDICS
3675,M,10,3,GENERAL
3676,F,10,3,SURGERY
3677,M,13,2,CARDIOLOGY
3678,M,13,3,GENERAL
3679,M,1,5,CARDIOLOGY
3680,F,10,3,CARDIOLOGY
3681,F,1,5,GENERAL
3682,F,13,2,GENERAL
3683,M,6,4,ORTHOPEDICS
3684,M,7,4,GENERAL
3685,F,10,3,CARDIOLOGY
3686,M,1,6,CARDIOLOGY
3687,M,10,3,ORTHOPEDICS
3688,F,1,6,SURGERY
3689,M,1,5,GENERAL
3690,F,10,4,GENERAL
3691,M,1,5,SURGERY
3692,M,1,5,CARDIOLOGY
3693,M,1,5,CARDIOLOGY
3694,M,6,4,ORTHOPEDICS
3695,F,10,4,ORTHOPEDICS
3696,F,6,4,SURGERY
3697,F,6,4,CARDIOLOGY
3698,M,6,4,GENERAL
3699,F,10,3,GENERAL
3700,F,10,3,GENERAL
3701,F,13,1,GENERAL
3702,F,1,5,CARDIOLOGY
3703,F,13,2,SURGERY
3704,F,13,3,GENERAL
3705,M,1,5,CARDIOLOGY
3706,M,6,4,CARDIOLOGY
3707,M,1,7,ORTHOPEDICS
3708,F,1,5,ORTHOPEDICS
3709,F,6,4,CARDIOLOGY
3710,M,6,4,CARDIOLOGY
3711,M,6,4,CARDIOLOGY
3712,M,1,5,ORTHOPEDICS
3713,M,11,3,ORTHOPEDICS
3714,F,10,4,SURGERY
3715,M,1,5,CARDIOLOGY
3716,M,6,4,GENERAL
3717,F,6,4,CARDIOLOGY
3718,F,1,5,ORTHOPEDICS
3719,M,10,4,ORTHOPEDICS
3720,M,6,4,GENERAL
3721,F,6,4,GENERAL
3722,M,10,3,SURGERY
3723,M,1,6,GENERAL
3724,M,7,4,ORTHOPEDICS
3725,M,1,6,GENERAL
3726,F,7,4,CARDIOLOGY
3727,F,10,4,SURGERY
3728,F,7,4,GENERAL
3729,M,1,5,SURGERY
3730,F,1,5,GENERAL
3731,F,7,4,ORTHOPEDICS
3732,M,10,3,ORTHOPEDICS
3733,F,10,3,ORTHOPEDICS
3734,F,1,6,GENERAL
3735,F,10,3,ORTHOPEDICS
3736,M,10,4,ORTHOPEDICS
3737,M,10,3,GENERAL
3738,M,13,2,ORTHOPEDICS
3739,F,6,4,GENERAL
3740,F,13,2,GENERAL
3741,F,11,3,GENERAL
3742,F,6,4,SURGERY
3743,M,11,3,SURGERY
3744,M,1,7,GENERAL
3745,M,11,3,GENERAL
3746,F,13,3,GENERAL
3747,F,10,4,GENERAL
3748,F,1,5,CARDIOLOGY
3749,F,10,4,CARDIOLOGY
3750,F,6,4,GENERAL
3751,M,1,5,ORTHOPEDICS
3752,F,6,4,SURGERY
3753,F,13,2,SURGERY
3754,F,1,6,ORTHOPEDICS
3755,F,6,4,GENERAL
3756,M,1,5,CARDIOLOGY
3757,M,13,2,GENERAL
3758,M,7,4,CARDIOLOGY
3759,F,1,5,GENERAL
3760,F,11,3,ORTHOPEDICS
3761,M,1,5,SURGERY
3762,M,1,5,GENERAL
3763,F,10,4,GENERAL
3764,M,7,4,SURGERY
3765,M,1,5,SURGERY
3766,F,10,3,GENERAL
3767,M,1,5,SURGERY
3768,F,10,3,SURGERY
3769,F,7,4,GENERAL
3770,M,1,5,ORTHOPEDICS
3771,F,1,5,GENERAL
3772,M,6,4,CARDIOLOGY
3773,F,13,2,CARDIOLOGY
3774,M,10,4,GENERAL
3775,M,6,4,SURGERY
3776,M,7,4,ORTHOPEDICS
3777,F,1,5,SURGERY
3778,F,13,2,GENERAL
3779,M,6,4,SURGERY
3780,M,11,3,CARDIOLOGY
3781,F,7,4,ORTHOPEDICS
3782,M,1,6,CARDIOLOGY
3783,F,13,3,SURGERY
3784,M,12,3,GENERAL
3785,M,7,4,SURGERY
3786,M,10,4,ORTHOPEDICS
3787,F,10,4,ORTHOPEDICS
3788,F,6,4,CARDIOLOGY
3789,M,1,5,GENERAL
3790,F,11,3,ORTHOPEDICS
3791,F,6,4,CARDIOLOGY
3792,F,7,4,CARDIOLOGY
3793,M,7,4,SURGERY
3794,F,13,3,GENERAL
3795,F,6,4,CARDIOLOGY
3796,F,10,3,SURGERY
3797,M,10,4,GENERAL
3798,M,1,5,ORTHOPEDICS
3799,M,10,3,CARDIOLOGY
3800,M,10,4,SURGERY
3801,M,6,4,SURGERY
3802,M,11,3,SURGERY
3803,M,13,2,GENERAL
3804,F,6,4,SURGERY
3805,M,1,5,ORTHOPEDICS
3806,M,13,2,CARDIOLOGY
3807,F,7,4,GENERAL
3808,F,1,5,GENERAL
3809,M,1,5,GENERAL
3810,F,6,4,GENERAL
3811,F,10,3,ORTHOPEDICS
3812,M,1,6,CARDIOLOGY
3813,M,1,5,GENERAL
3814,M,10,3,ORTHOPEDICS
3815,M,1,5,GENERAL
3816,F,1,5,SURGERY
3817,M,10,4,SURGERY
3818,F,1,5,GENERAL
3819,F,10,4,GENERAL
3820,M,12,3,SURGERY
3821,F,1,6,GENERAL
3822,M,6,4,ORTHOPEDICS
3823,M,10,3,GENERAL
3824,M,11,3,GENERAL
3825,M,13,2,GENERAL
3826,F,1,5,GENERAL
3827,F,1,5,GENERAL
3828,F,11,3,GENERAL
3829,F,13,2,ORTHOPEDICS
3830,F,1,5,ORTHOPEDICS
3831,M,10,3,SURGERY
3832,F,6,4,CARDIOLOGY
3833,M,10,4,CARDIOLOGY
3834,M,6,4,GENERAL
3835,M,10,3,ORTHOPEDICS
3836,F,6,4,GENERAL
3837,M,1,5,SURGERY
3838,M,11,3,ORTHOPEDICS
3839,M,1,6,CARDIOLOGY
3840,F,7,4,GENERAL
3841,F,10,3,GENERAL
3842,M,6,4,GENERAL
3843,M,6,4,GENERAL
3844,M,1,6,GENERAL
3845,M,6,4,GENERAL
3846,M,1,5,ORTHOPEDICS
3847,F,11,3,GENERAL
3848,F,7,4,ORTHOPEDICS
3849,F,10,3,SURGERY
3850,M,11,3,GENERAL
3851,F,6,4,SURGERY
3852,M,1,6,GENERAL
3853,M,6,4,GENERAL
3854,M,10,3,ORTHOPEDICS
3855,F,11,3,SURGERY
3856,M,11,3,GENERAL
3857,F,6,4,GENERAL
3858,M,6,4,GENERAL
3859,M,7,4,CARDIOLOGY
3860,F,6,4,ORTHOPEDICS
3861,M,11,3,CARDIOLOGY
3862,M,1,6,ORTHOPEDICS
3863,M,6,4,GENERAL
3864,M,1,5,GENERAL
3865,M,1,5,SURGERY
3866,M,10,4,ORTHOPEDICS
3867,F,6,4,CARDIOLOGY
3868,M,1,5,SURGERY
3869,F,1,5,SURGERY
3870,M,6,4,CARDIOLOGY
3871,F,6,4,SURGERY
3872,M,6,4,CARDIOLOGY
3873,F,10,3,SURGERY
3874,F,10,3,GENERAL
3875,M,13,3,ORTHOPEDICS
3876,M,6,4,GENERAL
3877,F,10,3,GENERAL
3878,M,6,4,CARDIOLOGY
3879,M,10,3,GENERAL
3880,M,11,3,ORTHOPEDICS
3881,M,6,4,ORTHOPEDICS
3882,M,1,5,SURGERY
3883,M,10,3,GENERAL
3884,F,10,3,GENERAL
3885,M,10,3,GENERAL
3886,M,1,5,GENERAL
3887,M,6,4,ORTHOPEDICS
3888,M,1,5,GENERAL
3889,M,13,2,CARDIOLOGY
3890,F,11,3,GENERAL
3891,F,1,5,GENERAL
3892,F,1,5,GENERAL
3893,F,10,4,ORTHOPEDICS
3894,M,13,2,CARDIOLOGY
3895,M,1,5,GENERAL
3896,F,13,3,CARDIOLOGY
3897,F,10,3,SURGERY
3898,M,1,5,SURGERY
3899,M,6,4,CARDIOLOGY
3900,M,13,2,GENERAL
3901,M,1,6,SURGERY
3902,M,10,3,ORTHOPEDICS
3903,F,10,4,CARDIOLOGY
3904,M,6,4,GENERAL
3905,M,13,3,ORTHOPEDICS
3906,F,13,2,GENERAL
3907,F,13,2,GENERAL
3908,M,1,5,CARDIOLOGY
3909,F,10,3,SURGERY
3910,M,6,4,GENERAL
3911,F,10,4,GENERAL
3912,M,7,4,GENERAL
3913,M,13,2,SURGERY
3914,F,6,4,SURGERY
3915,M,10,3,CARDIOLOGY
3916,M,1,6,ORTHOPEDICS
3917,F,1,5,CARDIOLOGY
3918,F,6,4,SURGERY
3919,F,1,6,ORTHOPEDICS
3920,M,10,3,SURGERY
3921,M,6,4,GENERAL
3922,F,10,3,CARDIOLOGY
3923,M,6,4,SURGERY
3924,F,1,5,GENERAL
3925,M,10,4,SURGERY
3926,M,10,3,ORTHOPEDICS
3927,F,1,6,GENERAL
3928,F,13,3,SURGERY
3929,F,11,3,GENERAL
3930,F,10,3,GENERAL
3931,M,1,5,GENERAL
3932,M,10,3,ORTHOPEDICS
3933,F,10,3,GENERAL
3934,M,12,3,CARDIOLOGY
3935,F,1,5,GENERAL
3936,F,7,4,ORTHOPEDICS
3937,F,6,4,SURGERY
3938,M,10,3,ORTHOPEDICS
3939,F,11,3,ORTHOPEDICS
3940,M,1,5,GENERAL
3941,M,7,4,SURGERY
3942,F,8,4,ORTHOPEDICS
3943,F,13,3,GENERAL
3944,M,1,5,GENERAL
3945,M,13,2,SURGERY
3946,M,6,4,CARDIOLOGY
3947,M,11,3,SURGERY
3948,F,10,4,GENERAL
3949,M,13,2,CARDIOLOGY
3950,F,10,3,GENERAL
3951,M,10,3,CARDIOLOGY
3952,M,10,3,CARDIOLOGY
3953,M,1,6,GENERAL
3954,M,1,6,ORTHOPEDICS
3955,F,6,4,GENERAL
3956,F,1,5,GENERAL
3957,F,6,4,GENERAL
3958,M,8,4,SURGERY
3959,F,6,4,SURGERY
3960,F,13,2,CARDIOLOGY
3961,F,10,4,GENERAL
3962,F,6,4,GENERAL
3963,M,13,3,ORTHOPEDICS
3964,M,1,5,ORTHOPEDICS
3965,F,13,3,CARDIOLOGY
3966,M,10,4,SURGERY
3967,M,6,4,GENERAL
3968,F,10,3,ORTHOPEDICS
3969,M,1,5,SURGERY
3970,F,1,5,ORTHOPEDICS
3971,M,1,5,SURGERY
3972,F,7,4,GENERAL
3973,F,13,3,GENERAL
3974,F,7,4,SURGERY
3975,M,10,3,CARDIOLOGY
3976,F,11,3,CARDIOLOGY
3977,M,6,4,GENERAL
3978,F,10,3,GENERAL
3979,M,1,5,GENERAL
3980,F,6,4,ORTHOPEDICS
3981,F,1,7,ORTHOPEDICS
3982,M,10,3,SURGERY
3983,M,11,3,GENERAL
3984,M,1,5,GENERAL
3985,M,1,5,GENERAL
3986,F,10,3,ORTHOPEDICS
3987,M,13,2,CARDIOLOGY
3988,M,6,4,GENERAL
3989,M,10,3,ORTHOPEDICS
3990,F,7,4,SURGERY
3991,M,1,6,GENERAL
3992,F,1,5,GENERAL
3993,M,6,4,GENERAL
3994,F,11,3,GENERAL
3995,M,10,3,SURGERY
3996,F,13,3,CARDIOLOGY
3997,F,1,5,SURGERY
3998,M,10,3,ORTHOPEDICS
3999,F,10,3,ORTHOPEDICS
4000,M,10,3,GENERAL
4001,M,10,4,ORTHOPEDICS
4002,M,6,4,SURGERY
4003,M,13,3,SURGERY
4004,F,6,4,CARDIOLOGY
4005,M,1,5,CARDIOLOGY
4006,M,10,3,SURGERY
4007,F,1,6,GENERAL
4008,M,7,4,SURGERY
4009,M,7,4,CARDIOLOGY
4010,M,13,2,CARDIOLOGY
4011,F,6,4,GENERAL
4012,M,7,4,GENERAL
4013,F,1,6,SURGERY
4014,F,10,3,SURGERY
4015,F,6,4,ORTHOPEDICS
4016,F,10,3,GENERAL
4017,M,1,5,CARDIOLOGY
4018,M,1,6,ORTHOPEDICS
4019,F,6,4,CARDIOLOGY
4020,M,6,4,ORTHOPEDICS
4021,F,1,5,CARDIOLOGY
4022,M,10,3,GENERAL
4023,M,10,4,SURGERY
4024,M,6,4,GENERAL
4025,F,11,3,GENERAL
4026,M,1,5,GENERAL
4027,M,1,5,SURGERY
4028,F,6,4,GENERAL
4029,M,13,2,GENERAL
4030,M,6,4,SURGERY
4031,F,6,4,CARDIOLOGY
4032,F,1,5,ORTHOPEDICS
4033,F,6,4,CARDIOLOGY
4034,M,1,5,GENERAL
4035,F,6,4,ORTHOPEDICS
4036,F,7,4,SURGERY
4037,F,10,4,SURGERY
4038,F,10,4,GENERAL
4039,M,1,6,ORTHOPEDICS
4040,M,1,5,GENERAL
4041,F,6,4,GENERAL
4042,M,7,4,SURGERY
4043,M,1,5,GENERAL
4044,F,10,4,GENERAL
4045,F,1,5,SURGERY
4046,M,6,4,GENERAL
4047,M,6,4,GENERAL
4048,F,10,4,GENERAL
4049,F,11,3,CARDIOLOGY
4050,F,1,6,GENERAL
4051,F,1,5,CARDIOLOGY
4052,M,10,3,CARDIOLOGY
4053,M,1,5,SURGERY
4054,F,1,5,ORTHOPEDICS
4055,F,1,5,SURGERY
4056,M,1,5,SURGERY
4057,M,1,5,ORTHOPEDICS
4058,F,1,6,CARDIOLOGY
4059,F,13,2,SURGERY
4060,F,1,5,ORTHOPEDICS
4061,F,6,4,GENERAL
4062,M,6,4,CARDIOLOGY
4063,M,13,3,GENERAL
4064,M,11,3,GENERAL
4065,F,11,3,GENERAL
4066,M,10,3,CARDIOLOGY
4067,M,6,4,CARDIOLOGY
4068,M,6,4,ORTHOPEDICS
4069,F,10,3,SURGERY
4070,M,1,5,GENERAL
4071,F,1,5,SURGERY
4072,F,1,6,GENERAL
4073,F,6,4,GENERAL
4074,M,6,4,CARDIOLOGY
4075,F,6,4,GENERAL
4076,F,7,4,GENERAL
4077,F,13,2,CARDIOLOGY
4078,F,10,4,SURGERY
4079,F,10,3,GENERAL
4080,M,1,5,ORTHOPEDICS
4081,F,10,3,ORTHOPEDICS
4082,M,6,4,SURGERY
4083,M,6,4,CARDIOLOGY
4084,F,10,3,CARDIOLOGY
4085,F,6,4,SURGERY
4086,M,7,4,SURGERY
4087,M,11,3,ORTHOPEDICS
4088,M,6,4,GENERAL
4089,M,1,5,ORTHOPEDICS
4090,F,13,2,GENERAL
4091,M,10,3,CARDIOLOGY
4092,M,10,3,GENERAL
4093,M,6,4,CARDIOLOGY
4094,F,1,6,CARDIOLOGY
4095,M,6,4,GENERAL
4096,M,10,3,ORTHOPEDICS
4097,M,1,5,CARDIOLOGY
4098,F,6,4,CARDIOLOGY
4099,F,6,4,ORTHOPEDICS
4100,M,7,4,CARDIOLOGY
4101,F,6,4,CARDIOLOGY
4102,F,1,5,SURGERY
4103,F,6,4,ORTHOPEDICS
4104,F,13,3,SURGERY
4105,M,6,4,GENERAL
4106,M,10,4,GENERAL
4107,M,10,4,GENERAL
4108,M,1,5,GENERAL
4109,M,10,4,SURGERY
4110,M,6,4,ORTHOPEDICS
4111,M,1,5,GENERAL
4112,M,10,3,GENERAL
4113,F,1,6,GENERAL
4114,M,1,5,GENERAL
4115,F,10,3,GENERAL
4116,F,1,5,CARDIOLOGY
4117,M,10,3,SURGERY
4118,F,10,3,GENERAL
4119,F,1,5,SURGERY
4120,F,1,7,GENERAL
4121,F,1,6,GENERAL
4122,F,10,3,ORTHOPEDICS
4123,M,11,3,GENERAL
4124,M,6,4,GENERAL
4125,F,13,2,GENERAL
4126,F,6,4,ORTHOPEDICS
4127,F,1,5,GENERAL
4128,M,7,4,GENERAL
4129,M,10,4,SURGERY
4130,F,10,4,ORTHOPEDICS
4131,M,1,5,ORTHOPEDICS
4132,F,6,4,CARDIOLOGY
4133,M,1,5,ORTHOPEDICS
4134,F,13,3,SURGERY
4135,M,11,3,ORTHOPEDICS
4136,F,1,5,ORTHOPEDICS
4137,M,6,4,ORTHOPEDICS
4138,F,13,2,GENERAL
4139,M,1,5,CARDIOLOGY
4140,M,1,5,CARDIOLOGY
4141,F,13,3,ORTHOPEDICS
4142,F,10,4,GENERAL
4143,M,6,4,SURGERY
4144,M,13,3,ORTHOPEDICS
4145,F,10,3,GENERAL
4146,M,10,3,CARDIOLOGY
4147,F,6,4,GENERAL
4148,M,6,4,ORTHOPEDICS
4149,F,7,4,GENERAL
4150,M,1,5,SURGERY
4151,M,11,3,CARDIOLOGY
4152,F,7,4,SURGERY
4153,F,6,4,CARDIOLOGY
4154,F,10,3,SURGERY
4155,M,6,4,ORTHOPEDICS
4156,M,10,4,SURGERY
4157,M,10,3,GENERAL
4158,F,1,5,SURGERY
4159,F,10,4,GENERAL
4160,F,1,5,GENERAL
4161,F,1,5,CARDIOLOGY
4162,M,1,5,SURGERY
4163,F,10,3,CARDIOLOGY
4164,F,1,5,ORTHOPEDICS
4165,M,1,6,GENERAL
4166,M,10,3,SURGERY
4167,F,10,4,SURGERY
4168,M,6,4,GENERAL
4169,M,10,4,CARDIOLOGY
4170,F,6,4,SURGERY
4171,M,6,4,ORTHOPEDICS
4172,F,7,4,ORTHOPEDICS
4173,M,6,4,GENERAL
4174,F,6,4,GENERAL
4175,F,6,4,GENERAL
4176,M,6,4,SURGERY
4177,M,13,2,ORTHOPEDICS
4178,F,1,5,CARDIOLOGY
4179,F,6,4,CARDIOLOGY
4180,M,10,3,SURGERY
4181,M,7,4,SURGERY
4182,M,10,3,SURGERY
4183,F,1,5,CARDIOLOGY
4184,M,10,3,CARDIOLOGY
4185,M,13,2,GENERAL
4186,F,6,4,ORTHOPEDICS
4187,F,6,4,GENERAL
4188,F,10,3,GENERAL
4189,M,13,2,GENERAL
4190,M,1,5,CARDIOLOGY
4191,M,10,3,CARDIOLOGY
4192,M,10,3,SURGERY
4193,F,6,4,GENERAL
4194,F,10,4,GENERAL
4195,M,1,5,SURGERY
4196,M,11,3,GENERAL
4197,F,6,4,GENERAL
4198,M,1,5,ORTHOPEDICS
4199,F,11,3,GENERAL
4200,F,13,2,SURGERY
4201,M,7,4,GENERAL
4202,M,6,4,ORTHOPEDICS
4203,F,13,3,CARDIOLOGY
4204,F,6,4,SURGERY
4205,F,6,4,CARDIOLOGY
4206,M,6,4,ORTHOPEDICS
4207,M,6,4,GENERAL
4208,M,11,3,GENERAL
4209,F,6,5,GENERAL
4210,M,10,3,SURGERY
4211,M,6,4,SURGERY
4212,M,10,3,CARDIOLOGY
4213,M,1,5,GENERAL
4214,M,6,4,GENERAL
4215,M,13,2,SURGERY
4216,F,6,4,GENERAL
4217,M,1,5,GENERAL
4218,F,11,3,SURGERY
4219,F,1,5,GENERAL
4220,F,10,4,ORTHOPEDICS
4221,M,1,5,ORTHOPEDICS
4222,M,1,5,SURGERY
4223,M,1,5,ORTHOPEDICS
4224,F,6,4,GENERAL
4225,F,10,4,GENERAL
4226,M,1,5,ORTHOPEDICS
4227,M,1,5,ORTHOPEDICS
4228,F,6,4,SURGERY
4229,F,11,3,SURGERY
4230,F,13,3,GENERAL
4231,F,7,4,GENERAL
4232,F,10,3,ORTHOPEDICS
4233,M,1,5,ORTHOPEDICS
4234,M,1,5,SURGERY
4235,M,7,4,ORTHOPEDICS
4236,M,10,3,GENERAL
4237,F,10,4,SURGERY
4238,F,1,5,ORTHOPEDICS
4239,F,1,5,GENERAL
4240,M,6,4,ORTHOPEDICS
4241,M,10,3,CARDIOLOGY
4242,M,7,4,GENERAL
4243,M,6,4,GENERAL
4244,M,10,3,ORTHOPEDICS
4245,M,1,5,ORTHOPEDICS
4246,M,1,5,SURGERY
4247,F,1,5,GENERAL
4248,M,13,2,GENERAL
4249,F,1,5,SURGERY
4250,F,1,5,CARDIOLOGY
4251,M,10,3,GENERAL
4252,M,1,5,ORTHOPEDICS
4253,F,11,3,GENERAL
4254,F,6,4,ORTHOPEDICS
4255,F,1,5,SURGERY
4256,F,13,2,GENERAL
4257,F,1,5,ORTHOPEDICS
4258,F,1,5,ORTHOPEDICS
4259,M,13,2,CARDIOLOGY
4260,M,6,4,GENERAL
4261,F,10,3,CARDIOLOGY
4262,M,11,3,ORTHOPEDICS
4263,F,13,3,GENERAL
4264,M,13,2,SURGERY
4265,M,11,3,CARDIOLOGY
4266,M,6,5,GENERAL
4267,F,10,3,CARDIOLOGY
4268,F,6,4,CARDIOLOGY
4269,M,6,4,SURGERY
4270,F,6,4,CARDIOLOGY
4271,F,6,4,CARDIOLOGY
4272,F,6,4,ORTHOPEDICS
4273,M,1,5,ORTHOPEDICS
4274,M,10,3,GENERAL
4275,F,7,4,GENERAL
4276,F,7,4,ORTHOPEDICS
4277,M,1,5,ORTHOPEDICS
4278,M,10,3,GENERAL
4279,M,10,4,SURGERY
4280,M,1,5,SURGERY
4281,F,10,4,SURGERY
4282,F,6,4,GENERAL
4283,F,1,5,GENERAL
4284,F,10,4,SURGERY
4285,F,1,5,CARDIOLOGY
4286,F,1,5,CARDIOLOGY
4287,M,13,3,GENERAL
4288,M,1,5,SURGERY
4289,M,13,2,SURGERY
4290,F,1,5,GENERAL
4291,M,6,4,ORTHOPEDICS
4292,F,6,4,CARDIOLOGY
4293,F,10,3,GENERAL
4294,F,7,4,GENERAL
4295,M,13,2,GENERAL
4296,F,6,4,ORTHOPEDICS
4297,M,6,4,GENERAL
4298,F,6,4,CARDIOLOGY
4299,F,6,4,SURGERY
4300,F,13,3,ORTHOPEDICS
4301,F,1,5,GENERAL
4302,F,10,3,GENERAL
4303,M,11,3,ORTHOPEDICS
4304,M,11,3,GENERAL
4305,M,10,3,ORTHOPEDICS
4306,F,10,3,ORTHOPEDICS
4307,F,1,5,ORTHOPEDICS
4308,M,1,6,ORTHOPEDICS
4309,F,13,1,CARDIOLOGY
4310,F,10,4,ORTHOPEDICS
4311,F,6,4,GENERAL
4312,M,1,5,CARDIOLOGY
4313,M,6,4,SURGERY
4314,F,13,2,GENERAL
4315,F,10,3,ORTHOPEDICS
4316,M,6,4,SURGERY
4317,F,13,2,GENERAL
4318,F,11,3,GENERAL
4319,F,10,4,ORTHOPEDICS
4320,M,1,5,GENERAL
4321,M,1,7,ORTHOPEDICS
4322,M,6,4,ORTHOPEDICS
4323,M,1,5,GENERAL
4324,M,6,4,GENERAL
4325,M,10,3,GENERAL
4326,M,1,6,SURGERY
4327,M,12,3,GENERAL
4328,F,10,4,GENERAL
4329,M,1,5,ORTHOPEDICS
4330,M,6,4,SURGERY
4331,M,10,3,GENERAL
4332,F,10,3,SURGERY
4333,M,1,5,ORTHOPEDICS
4334,M,6,4,ORTHOPEDICS
4335,F,10,4,CARDIOLOGY
4336,F,1,5,SURGERY
4337,F,13,2,CARDIOLOGY
4338,F,6,4,CARDIOLOGY
4339,M,6,4,SURGERY
4340,M,1,5,GENERAL
4341,F,13,3,SURGERY
4342,F,1,5,GENERAL
4343,M,1,6,GENERAL
4344,M,1,5,ORTHOPEDICS
4345,F,10,4,GENERAL
4346,F,10,4,CARDIOLOGY
4347,M,1,5,ORTHOPEDICS
4348,M,6,4,GENERAL
4349,F,10,3,GENERAL
4350,F,6,4,CARDIOLOGY
4351,F,13,2,SURGERY
4352,F,6,4,ORTHOPEDICS
4353,M,13,1,GENERAL
4354,F,1,6,SURGERY
4355,M,10,3,SURGERY
4356,M,1,5,GENERAL
4357,F,13,2,CARDIOLOGY
4358,F,13,2,CARDIOLOGY
4359,F,1,6,ORTHOPEDICS
4360,F,1,5,GENERAL
4361,F,6,4,GENERAL
4362,M,1,5,ORTHOPEDICS
4363,F,1,5,GENERAL
4364,F,6,4,ORTHOPEDICS
4365,F,6,4,GENERAL
4366,F,6,4,SURGERY
4367,M,7,4,CARDIOLOGY
4368,F,6,4,GENERAL
4369,F,6,4,CARDIOLOGY
4370,M,6,4,GENERAL
4371,M,10,4,ORTHOPEDICS
4372,M,7,4,SURGERY
4373,M,6,4,SURGERY
4374,F,1,5,SURGERY
4375,F,7,4,SURGERY
4376,M,6,4,GENERAL
4377,F,1,5,ORTHOPEDICS
4378,M,6,4,SURGERY
4379,M,1,6,CARDIOLOGY
4380,M,11,3,GENERAL
4381,F,13,3,GENERAL
4382,F,1,6,ORTHOPEDICS
4383,F,13,2,GENERAL
4384,M,1,6,ORTHOPEDICS
4385,M,1,5,GENERAL
4386,M,7,4,SURGERY
4387,M,1,6,CARDIOLOGY
4388,F,6,4,GENERAL
4389,F,6,4,GENERAL
4390,F,12,3,SURGERY
4391,F,1,5,ORTHOPEDICS
4392,M,11,3,ORTHOPEDICS
4393,F,1,5,CARDIOLOGY
4394,M,1,6,ORTHOPEDICS
4395,M,10,4,CARDIOLOGY
4396,M,6,4,GENERAL
4397,M,1,5,SURGERY
4398,F,6,4,SURGERY
4399,F,13,3,SURGERY
4400,F,6,4,GENERAL
4401,F,6,4,ORTHOPEDICS
4402,F,1,5,ORTHOPEDICS
4403,M,10,4,CARDIOLOGY
4404,M,1,6,SURGERY
4405,M,10,3,SURGERY
4406,F,10,3,ORTHOPEDICS
4407,F,6,4,GENERAL
4408,M,1,5,CARDIOLOGY
4409,M,1,5,CARDIOLOGY
4410,M,6,4,SURGERY
4411,F,13,2,GENERAL
4412,F,7,4,CARDIOLOGY
4413,M,12,3,SURGERY
4414,M,13,3,GENERAL
4415,F,1,5,GENERAL
4416,M,10,3,GENERAL
4417,M,1,5,GENERAL
4418,M,6,4,CARDIOLOGY
4419,M,1,5,GENERAL
4420,M,7,4,SURGERY
4421,F,1,5,GENERAL
4422,M,6,4,SURGERY
4423,M,11,3,GENERAL
4424,M,1,5,SURGERY
4425,M,6,4,ORTHOPEDICS
4426,M,13,1,ORTHOPEDICS
4427,F,13,3,SURGERY
4428,M,13,1,ORTHOPEDICS
4429,M,6,4,SURGERY
4430,F,1,5,CARDIOLOGY
4431,F,11,3,GENERAL
4432,F,1,5,ORTHOPEDICS
4433,M,6,4,GENERAL
4434,M,1,5,GENERAL
4435,M,10,3,SURGERY
4436,M,10,3,CARDIOLOGY
4437,M,1,5,GENERAL
4438,M,1,5,ORTHOPEDICS
4439,M,1,7,SURGERY
4440,F,10,4,SURGERY
4441,F,10,3,CARDIOLOGY
4442,M,1,5,GENERAL
4443,F,10,3,SURGERY
4444,M,8,4,CARDIOLOGY
4445,M,6,4,SURGERY
4446,F,10,3,CARDIOLOGY
4447,M,11,3,CARDIOLOGY
4448,F,1,5,GENERAL
4449,F,1,6,SURGERY
4450,M,7,4,CARDIOLOGY
4451,M,10,3,GENERAL
4452,M,6,4,ORTHOPEDICS
4453,M,1,5,CARDIOLOGY
4454,M,6,4,CARDIOLOGY
4455,M,1,5,ORTHOPEDICS
4456,M,10,4,CARDIOLOGY
4457,F,1,5,ORTHOPEDICS
4458,F,10,3,GENERAL
4459,F,7,4,SURGERY
4460,M,1,5,GENERAL
4461,M,10,3,GENERAL
4462,M,6,4,CARDIOLOGY
4463,M,10,4,GENERAL
4464,F,6,4,GENERAL
4465,F,10,4,CARDIOLOGY
4466,F,7,4,GENERAL
4467,M,6,4,SURGERY
4468,M,1,6,CARDIOLOGY
4469,F,6,4,SURGERY
4470,F,10,3,SURGERY
4471,M,6,4,GENERAL
4472,F,6,4,ORTHOPEDICS
4473,M,10,4,CARDIOLOGY
4474,F,1,5,ORTHOPEDICS
4475,M,10,3,ORTHOPEDICS
4476,F,6,4,GENERAL
4477,F,1,5,GENERAL
4478,F,11,3,SURGERY
4479,F,13,3,CARDIOLOGY
4480,F,10,3,ORTHOPEDICS
4481,M,13,2,CARDIOLOGY
4482,M,1,5,ORTHOPEDICS
4483,F,1,5,SURGERY
4484,F,1,5,ORTHOPEDICS
4485,F,10,4,SURGERY
4486,F,6,4,CARDIOLOGY
4487,M,1,5,CARDIOLOGY
4488,M,13,2,GENERAL
4489,F,6,4,CARDIOLOGY
4490,M,10,3,CARDIOLOGY
4491,M,6,4,SURGERY
4492,F,1,5,SURGERY
4493,F,6,4,GENERAL
4494,M,1,5,CARDIOLOGY
4495,F,10,3,ORTHOPEDICS
4496,F,1,5,GENERAL
4497,F,11,3,GENERAL
4498,M,1,5,GENERAL
4499,M,1,5,CARDIOLOGY
4500,M,1,5,SURGERY
4501,M,10,3,SURGERY
4502,M,11,3,SURGERY
4503,F,6,4,ORTHOPEDICS
4504,F,1,5,ORTHOPEDICS
4505,M,6,4,CARDIOLOGY
4506,F,1,6,SURGERY
4507,M,10,4,ORTHOPEDICS
4508,M,6,4,GENERAL
4509,F,7,4,CARDIOLOGY
4510,F,1,5,CARDIOLOGY
4511,M,10,3,GENERAL
4512,M,10,4,GENERAL
4513,F,1,5,ORTHOPEDICS
4514,M,10,3,SURGERY
4515,F,1,6,CARDIOLOGY
4516,F,6,4,GENERAL
4517,M,6,4,GENERAL
4518,M,10,3,GENERAL
4519,M,10,3,GENERAL
4520,M,1,5,CARDIOLOGY
4521,M,6,4,GENERAL
4522,F,1,5,GENERAL
4523,M,1,5,SURGERY
4524,M,6,4,SURGERY
4525,M,10,3,GENERAL
4526,F,6,4,GENERAL
4527,M,11,3,GENERAL
4528,M,1,6,GENERAL
4529,F,6,4,ORTHOPEDICS
4530,M,6,4,ORTHOPEDICS
4531,F,10,3,ORTHOPEDICS
4532,F,1,5,ORTHOPEDICS
4533,M,10,3,GENERAL
4534,M,10,3,GENERAL
4535,F,10,3,CARDIOLOGY
4536,M,1,5,SURGERY
4537,M,6,4,SURGERY
4538,M,11,3,GENERAL
4539,F,13,2,ORTHOPEDICS
4540,M,1,5,SURGERY
4541,M,1,5,ORTHOPEDICS
4542,M,1,5,GENERAL
4543,F,6,4,GENERAL
4544,M,10,3,SURGERY
4545,F,10,4,SURGERY
4546,M,10,4,GENERAL
4547,F,1,5,GENERAL
4548,F,7,4,CARDIOLOGY
4549,M,6,4,GENERAL
4550,M,10,4,CARDIOLOGY
4551,F,13,2,GENERAL
4552,F,6,4,SURGERY
4553,F,7,4,CARDIOLOGY
4554,F,13,1,SURGERY
4555,F,13,2,SURGERY
4556,M,11,3,GENERAL
4557,M,10,3,ORTHOPEDICS
4558,F,10,3,GENERAL
4559,M,7,4,SURGERY
4560,F,1,5,SURGERY
4561,M,12,3,SURGERY
4562,F,6,4,GENERAL
4563,M,1,5,GENERAL
4564,M,6,4,GENERAL
4565,M,13,2,CARDIOLOGY
4566,M,11,3,GENERAL
4567,F,6,4,SURGERY
4568,M,6,4,CARDIOLOGY
4569,F,10,4,SURGERY
4570,M,1,6,CARDIOLOGY
4571,M,6,4,GENERAL
4572,F,1,5,CARDIOLOGY
4573,F,7,4,ORTHOPEDICS
4574,M,6,4,SURGERY
4575,F,1,5,GENERAL
4576,F,13,2,SURGERY
4577,M,1,5,SURGERY
4578,F,6,4,ORTHOPEDICS
4579,F,13,2,SURGERY
4580,M,7,4,GENERAL
4581,M,10,3,GENERAL
4582,F,1,6,ORTHOPEDICS
4583,M,13,3,GENERAL
4584,F,10,4,SURGERY
4585,F,10,3,GENERAL
4586,M,6,4,ORTHOPEDICS
4587,M,1,6,GENERAL
4588,F,6,4,GENERAL
4589,M,7,4,GENERAL
4590,M,1,5,CARDIOLOGY
4591,F,1,5,GENERAL
4592,M,6,4,GENERAL
4593,F,6,4,SURGERY
4594,M,1,5,SURGERY
4595,M,13,2,CARDIOLOGY
4596,M,7,4,SURGERY
4597,F,10,3,GENERAL
4598,F,1,5,SURGERY
4599,F,6,4,ORTHOPEDICS
4600,F,1,6,CARDIOLOGY
4601,F,1,5,GENERAL
4602,M,6,4,CARDIOLOGY
4603,F,6,4,SURGERY
4604,M,6,4,GENERAL
4605,F,1,5,GENERAL
4606,F,1,5,GENERAL
4607,F,10,3,GENERAL
4608,M,7,4,CARDIOLOGY
4609,F,7,4,CARDIOLOGY
4610,F,1,6,GENERAL
4611,F,6,4,ORTHOPEDICS
4612,M,7,4,SURGERY
4613,F,10,4,SURGERY
4614,M,13,2,SURGERY
4615,F,10,3,GENERAL
4616,F,11,3,GENERAL
4617,F,6,4,GENERAL
4618,F,6,4,SURGERY
4619,M,1,5,SURGERY
4620,F,1,5,GENERAL
4621,M,10,3,SURGERY
4622,F,6,4,GENERAL
4623,M,10,3,SURGERY
4624,M,13,3,GENERAL
4625,M,10,4,GENERAL
4626,F,13,3,CARDIOLOGY
4627,F,1,5,GENERAL
4628,M,13,2,CARDIOLOGY
4629,F,10,3,GENERAL
4630,M,8,4,SURGERY
4631,F,13,2,ORTHOPEDICS
4632,M,13,2,GENERAL
4633,F,1,6,CARDIOLOGY
4634,F,10,3,CARDIOLOGY
4635,M,10,3,GENERAL
4636,M,10,3,CARDIOLOGY
4637,M,6,4,SURGERY
4638,F,6,4,GENERAL
4639,F,1,5,SURGERY
4640,F,6,4,CARDIOLOGY
4641,F,6,4,ORTHOPEDICS
4642,F,1,5,GENERAL
4643,F,7,4,GENERAL
4644,M,10,3,GENERAL
4645,F,13,2,ORTHOPEDICS
4646,F,6,4,CARDIOLOGY
4647,F,6,4,GENERAL
4648,M,6,4,GENERAL
4649,M,6,4,GENERAL
4650,F,1,6,ORTHOPEDICS
4651,F,1,6,ORTHOPEDICS
4652,F,1,5,ORTHOPEDICS
4653,M,10,3,SURGERY
4654,M,10,3,ORTHOPEDICS
4655,M,10,3,GENERAL
4656,M,13,2,GENERAL
4657,F,10,3,GENERAL
4658,M,6,4,GENERAL
4659,F,6,4,SURGERY
4660,F,13,3,SURGERY
4661,M,1,5,CARDIOLOGY
4662,F,6,4,GENERAL
4663,M,6,4,ORTHOPEDICS
4664,M,1,6,CARDIOLOGY
4665,M,1,6,GENERAL
4666,F,10,3,CARDIOLOGY
4667,F,10,3,CARDIOLOGY
4668,M,6,4,ORTHOPEDICS
4669,F,13,2,SURGERY
4670,M,1,5,ORTHOPEDICS
4671,M,1,5,GENERAL
4672,F,1,6,ORTHOPEDICS
4673,M,1,5,GENERAL
4674,F,10,4,CARDIOLOGY
4675,F,13,2,GENERAL
4676,F,1,5,ORTHOPEDICS
4677,M,1,5,CARDIOLOGY
4678,M,7,4,CARDIOLOGY
4679,F,1,5,CARDIOLOGY
4680,F,1,5,GENERAL
4681,F,1,6,SURGERY
4682,M,1,5,SURGERY
4683,F,1,5,SURGERY
4684,F,6,4,ORTHOPEDICS
4685,F,10,3,ORTHOPEDICS
4686,M,11,3,GENERAL
4687,M,6,4,GENERAL
4688,F,10,3,CARDIOLOGY
4689,M,7,4,ORTHOPEDICS
4690,F,6,4,GENERAL
4691,F,1,5,SURGERY
4692,M,6,4,SURGERY
4693,F,6,4,GENERAL
4694,M,6,4,ORTHOPEDICS
4695,F,7,4,CARDIOLOGY
4696,M,6,4,SURGERY
4697,M,6,4,ORTHOPEDICS
4698,M,10,4,GENERAL
4699,F,6,4,ORTHOPEDICS
4700,M,13,3,SURGERY
4701,F,13,2,CARDIOLOGY
4702,F,1,5,SURGERY
4703,M,10,4,SURGERY
4704,M,11,3,CARDIOLOGY
4705,M,10,4,ORTHOPEDICS
4706,F,13,3,ORTHOPEDICS
4707,F,1,6,CARDIOLOGY
4708,M,10,4,GENERAL
4709,F,1,7,ORTHOPEDICS
4710,M,1,7,CARDIOLOGY
4711,M,13,2,GENERAL
4712,F,6,4,ORTHOPEDICS
4713,M,6,4,GENERAL
4714,F,13,2,GENERAL
4715,M,6,4,GENERAL
4716,M,6,4,CARDIOLOGY
4717,M,10,3,ORTHOPEDICS
4718,F,10,4,CARDIOLOGY
4719,M,6,4,SURGERY
4720,M,7,4,SURGERY
4721,F,13,2,GENERAL
4722,M,1,5,GENERAL
4723,M,6,4,GENERAL
4724,F,6,4,ORTHOPEDICS
4725,M,6,4,SURGERY
4726,M,1,6,CARDIOLOGY
4727,F,10,4,GENERAL
4728,F,10,3,ORTHOPEDICS
4729,M,1,6,SURGERY
4730,F,1,5,GENERAL
4731,M,1,6,ORTHOPEDICS
4732,F,1,5,GENERAL
4733,F,1,5,CARDIOLOGY
4734,F,10,3,GENERAL
4735,F,6,4,GENERAL
4736,F,1,5,ORTHOPEDICS
4737,F,1,5,SURGERY
4738,F,6,4,GENERAL
4739,F,10,3,GENERAL
4740,M,6,4,ORTHOPEDICS
4741,F,1,5,CARDIOLOGY
4742,M,6,4,SURGERY
4743,M,6,4,GENERAL
4744,F,6,4,GENERAL
4745,M,1,6,CARDIOLOGY
4746,F,7,4,ORTHOPEDICS
4747,F,6,4,GENERAL
4748,F,10,3,GENERAL
4749,M,6,4,SURGERY
4750,M,6,4,ORTHOPEDICS
4751,F,10,3,GENERAL
4752,M,6,4,SURGERY
4753,M,13,2,GENERAL
4754,M,11,3,SURGERY
4755,M,1,5,CARDIOLOGY
4756,F,6,4,CARDIOLOGY
4757,F,1,5,GENERAL
4758,F,13,3,GENERAL
4759,F,1,5,CARDIOLOGY
4760,F,10,3,GENERAL
4761,F,10,3,SURGERY
4762,M,7,4,GENERAL
4763,F,10,3,SURGERY
4764,M,1,5,CARDIOLOGY
4765,M,10,3,GENERAL
4766,F,6,4,GENERAL
4767,F,6,4,CARDIOLOGY
4768,M,6,4,CARDIOLOGY
4769,M,6,4,GENERAL
4770,F,13,2,GENERAL
4771,F,10,4,ORTHOPEDICS
4772,F,1,5,GENERAL
4773,M,10,4,SURGERY
4774,F,6,4,GENERAL
4775,F,10,3,ORTHOPEDICS
4776,F,1,5,CARDIOLOGY
4777,M,6,4,SURGERY
4778,F,10,3,ORTHOPEDICS
4779,M,10,4,GENERAL
4780,M,10,3,SURGERY
4781,M,1,5,CARDIOLOGY
4782,M,1,5,CARDIOLOGY
4783,F,1,5,SURGERY
4784,M,1,5,GENERAL
4785,M,13,2,GENERAL
4786,M,6,4,GENERAL
4787,F,6,4,GENERAL
4788,M,10,3,GENERAL
4789,M,11,3,GENERAL
4790,M,10,4,GENERAL
4791,M,10,3,GENERAL
4792,M,11,3,CARDIOLOGY
4793,M,1,5,ORTHOPEDICS
4794,M,1,6,GENERAL
4795,F,13,3,CARDIOLOGY
4796,M,10,3,GENERAL
4797,M,1,5,SURGERY
4798,F,11,3,SURGERY
4799,F,1,6,GENERAL
4800,M,6,4,CARDIOLOGY
4801,M,6,4,GENERAL
4802,M,6,4,GENERAL
4803,M,8,4,GENERAL
4804,F,1,6,GENERAL
4805,M,1,6,SURGERY
4806,F,13,3,GENERAL
4807,M,1,5,CARDIOLOGY
4808,F,10,3,SURGERY
4809,M,1,5,ORTHOPEDICS
4810,F,1,5,GENERAL
4811,M,7,4,GENERAL
4812,F,1,5,SURGERY
4813,F,10,4,SURGERY
4814,F,13,2,GENERAL
4815,F,1,5,CARDIOLOGY
4816,F,6,4,GENERAL
4817,F,6,4,CARDIOLOGY
4818,M,6,4,GENERAL
4819,M,1,5,GENERAL
4820,F,1,5,CARDIOLOGY
4821,F,6,4,GENERAL
4822,F,6,4,ORTHOPEDICS
4823,M,10,3,CARDIOLOGY
4824,F,1,5,ORTHOPEDICS
4825,M,1,5,ORTHOPEDICS
4826,F,8,4,CARDIOLOGY
4827,M,13,2,CARDIOLOGY
4828,M,10,3,GENERAL
4829,M,1,5,SURGERY
4830,M,1,5,SURGERY
4831,F,1,5,SURGERY
4832,F,11,3,CARDIOLOGY
4833,F,6,4,GENERAL
4834,F,10,3,SURGERY
4835,M,13,2,GENERAL
4836,F,1,5,GENERAL
4837,F,1,5,CARDIOLOGY
4838,F,6,4,GENERAL
4839,F,13,2,GENERAL
4840,M,1,6,ORTHOPEDICS
4841,F,11,3,ORTHOPEDICS
4842,M,10,3,GENERAL
4843,F,1,5,GENERAL
4844,M,13,2,GENERAL
4845,F,1,6,GENERAL
4846,M,6,4,SURGERY
4847,F,13,2,SURGERY
4848,F,1,5,GENERAL
4849,F,13,3,GENERAL
4850,F,12,3,GENERAL
4851,F,1,5,SURGERY
4852,F,10,3,CARDIOLOGY
4853,F,10,3,CARDIOLOGY
4854,F,1,6,GENERAL
4855,M,11,3,SURGERY
4856,M,6,4,ORTHOPEDICS
4857,M,6,4,GENERAL
4858,M,1,5,ORTHOPEDICS
4859,F,1,5,ORTHOPEDICS
4860,M,7,4,GENERAL
4861,F,1,5,SURGERY
4862,F,6,4,CARDIOLOGY
4863,M,13,3,GENERAL
4864,M,13,2,GENERAL
4865,M,6,4,GENERAL
4866,F,1,5,ORTHOPEDICS
4867,M,1,5,SURGERY
4868,F,13,3,GENERAL
4869,M,1,5,GENERAL
4870,F,13,3,ORTHOPEDICS
4871,M,6,4,SURGERY
4872,F,6,4,SURGERY
4873,F,13,2,ORTHOPEDICS
4874,F,1,6,SURGERY
4875,M,6,4,GENERAL
4876,F,11,3,GENERAL
4877,M,7,4,ORTHOPEDICS
4878,M,11,3,GENERAL
4879,M,13,3,SURGERY
4880,F,10,3,GENERAL
4881,M,1,5,ORTHOPEDICS
4882,M,10,4,GENERAL
4883,F,10,3,ORTHOPEDICS
4884,F,11,3,GENERAL
4885,F,10,3,GENERAL
4886,F,1,5,SURGERY
4887,M,8,4,GENERAL
4888,M,1,5,CARDIOLOGY
4889,F,10,4,GENERAL
4890,F,13,3,SURGERY
4891,F,10,4,GENERAL
4892,F,1,5,GENERAL
4893,F,7,4,CARDIOLOGY
4894,M,7,4,ORTHOPEDICS
4895,M,6,4,SURGERY
4896,F,6,4,GENERAL
4897,M,1,5,ORTHOPEDICS
4898,F,13,2,GENERAL
4899,F,1,5,GENERAL
4900,F,1,5,GENERAL
4901,F,10,4,CARDIOLOGY
4902,F,13,2,GENERAL
4903,F,6,4,GENERAL
4904,F,10,4,GENERAL
4905,M,10,4,ORTHOPEDICS
4906,M,6,4,GENERAL
4907,M,1,5,CARDIOLOGY
4908,F,10,4,GENERAL
4909,M,11,3,GENERAL
4910,F,10,3,GENERAL
4911,F,6,4,ORTHOPEDICS
4912,F,11,3,GENERAL
4913,M,13,1,GENERAL
4914,M,1,5,ORTHOPEDICS
4915,M,1,6,GENERAL
4916,F,10,3,SURGERY
4917,M,6,4,GENERAL
4918,F,10,4,SURGERY
4919,M,1,6,GENERAL
4920,M,13,2,SURGERY
4921,F,10,3,GENERAL
4922,M,10,3,GENERAL
4923,F,10,3,GENERAL
4924,M,1,5,GENERAL
4925,M,6,4,SURGERY
4926,F,10,3,GENERAL
4927,F,10,4,GENERAL
4928,F,10,3,ORTHOPEDICS
4929,F,11,3,GENERAL
4930,M,6,4,ORTHOPEDICS
4931,M,6,4,ORTHOPEDICS
4932,F,6,4,CARDIOLOGY
4933,F,11,3,SURGERY
4934,F,1,5,ORTHOPEDICS
4935,F,13,2,GENERAL
4936,F,13,1,CARDIOLOGY
4937,M,6,4,SURGERY
4938,M,6,4,CARDIOLOGY
4939,M,1,5,GENERAL
4940,M,6,4,SURGERY
4941,M,1,5,CARDIOLOGY
4942,M,6,4,ORTHOPEDICS
4943,F,6,4,GENERAL
4944,M,10,3,CARDIOLOGY
4945,F,1,6,GENERAL
4946,M,7,4,SURGERY
4947,F,6,4,GENERAL
4948,M,1,5,CARDIOLOGY
4949,F,6,4,CARDIOLOGY
4950,M,6,4,ORTHOPEDICS
4951,F,1,5,SURGERY
4952,F,6,4,CARDIOLOGY
4953,M,1,5,ORTHOPEDICS
4954,F,11,3,GENERAL
4955,M,1,6,GENERAL
4956,F,10,3,SURGERY
4957,M,10,3,GENERAL
4958,F,10,3,CARDIOLOGY
4959,F,6,4,GENERAL
4960,M,1,5,GENERAL
4961,F,11,3,CARDIOLOGY
4962,M,10,4,ORTHOPEDICS
4963,M,1,5,GENERAL
4964,F,6,4,GENERAL
4965,F,6,4,GENERAL
4966,F,10,4,ORTHOPEDICS
4967,F,1,5,GENERAL
4968,M,6,4,SURGERY
4969,M,11,3,CARDIOLOGY
4970,M,7,4,CARDIOLOGY
4971,M,1,5,SURGERY
4972,F,7,4,ORTHOPEDICS
4973,F,6,4,GENERAL
4974,F,10,4,ORTHOPEDICS
4975,M,1,5,GENERAL
4976,M,1,5,ORTHOPEDICS
4977,M,10,4,ORTHOPEDICS
4978,F,6,4,GENERAL
4979,F,1,5,CARDIOLOGY
4980,F,1,6,GENERAL
4981,M,6,4,CARDIOLOGY
4982,M,6,4,GENERAL
4983,M,1,5,SURGERY
4984,M,11,3,GENERAL
4985,F,1,5,GENERAL
4986,F,1,5,ORTHOPEDICS
4987,M,8,4,SURGERY
4988,M,6,4,CARDIOLOGY
4989,F,10,4,CARDIOLOGY
4990,M,10,3,CARDIOLOGY
4991,F,1,5,GENERAL
4992,F,1,5,CARDIOLOGY
4993,F,1,5,ORTHOPEDICS
4994,F,7,4,ORTHOPEDICS
4995,F,6,4,GENERAL
4996,F,6,4,SURGERY
4997,F,1,5,GENERAL
4998,M,6,4,SURGERY
4999,F,10,3,SURGERY
5000,M,11,3,GENERAL
5001,F,6,4,ORTHOPEDICS
5002,F,13,3,GENERAL
5003,F,11,3,GENERAL
5004,M,1,5,SURGERY
5005,F,7,4,CARDIOLOGY
5006,F,1,5,ORTHOPEDICS
5007,F,6,4,SURGERY
5008,F,6,4,ORTHOPEDICS
5009,M,1,6,SURGERY
5010,M,10,3,GENERAL
5011,F,1,5,ORTHOPEDICS
5012,F,10,4,CARDIOLOGY
5013,F,6,4,ORTHOPEDICS
5014,F,11,3,SURGERY
5015,M,1,5,CARDIOLOGY
5016,F,6,4,GENERAL
5017,F,6,4,SURGERY
5018,M,13,3,GENERAL
5019,F,6,4,GENERAL
5020,M,1,5,GENERAL
5021,F,1,6,CARDIOLOGY
5022,F,10,4,GENERAL
5023,M,13,3,GENERAL
5024,M,1,7,CARDIOLOGY
5025,F,10,3,ORTHOPEDICS
5026,F,6,4,GENERAL
5027,F,13,3,SURGERY
5028,F,7,4,CARDIOLOGY
5029,M,1,5,ORTHOPEDICS
5030,M,10,3,GENERAL
5031,M,6,4,GENERAL
5032,F,6,4,GENERAL
5033,F,6,4,ORTHOPEDICS
5034,M,6,4,GENERAL
5035,M,6,4,CARDIOLOGY
5036,F,13,2,GENERAL
5037,F,10,3,SURGERY
5038,F,1,5,GENERAL
5039,M,1,6,SURGERY
5040,F,13,2,GENERAL
5041,F,10,4,GENERAL
5042,M,13,2,CARDIOLOGY
5043,M,1,5,GENERAL
5044,F,6,4,GENERAL
5045,M,10,4,GENERAL
5046,F,10,3,ORTHOPEDICS
5047,F,7,4,GENERAL
5048,M,13,3,CARDIOLOGY
5049,F,6,4,CARDIOLOGY
5050,M,6,4,ORTHOPEDICS
5051,F,10,3,SURGERY
5052,F,1,5,GENERAL
5053,M,13,2,CARDIOLOGY
5054,F,1,5,CARDIOLOGY
5055,M,6,4,SURGERY
5056,M,1,5,CARDIOLOGY
5057,F,1,5,GENERAL
5058,M,10,3,GENERAL
5059,M,6,4,CARDIOLOGY
5060,F,10,4,GENERAL
5061,F,11,3,GENERAL
5062,F,6,4,SURGERY
5063,M,7,4,CARDIOLOGY
5064,F,1,5,GENERAL
5065,F,10,3,SURGERY
5066,M,13,2,ORTHOPEDICS
5067,M,1,5,GENERAL
5068,F,1,5,GENERAL
5069,M,10,4,SURGERY
5070,M,6,4,CARDIOLOGY
5071,M,6,4,ORTHOPEDICS
5072,F,1,6,CARDIOLOGY
5073,M,10,3,GENERAL
5074,M,1,5,GENERAL
5075,F,10,4,GENERAL
5076,F,10,4,SURGERY
5077,F,1,5,GENERAL
5078,F,1,5,CARDIOLOGY
5079,F,10,4,CARDIOLOGY
5080,F,1,5,GENERAL
5081,M,6,4,GENERAL
5082,M,6,4,CARDIOLOGY
5083,F,10,4,ORTHOPEDICS
5084,F,1,6,CARDIOLOGY
5085,F,6,4,SURGERY
5086,F,1,5,GENERAL
5087,M,1,5,CARDIOLOGY
5088,M,1,6,CARDIOLOGY
5089,F,10,4,ORTHOPEDICS
5090,F,6,4,CARDIOLOGY
5091,F,11,3,SURGERY
5092,M,13,2,GENERAL
5093,M,13,2,ORTHOPEDICS
5094,F,1,5,SURGERY
5095,M,10,4,GENERAL
5096,F,10,3,SURGERY
5097,M,10,3,GENERAL
5098,F,13,2,GENERAL
5099,M,13,1,SURGERY
5100,M,11,3,GENERAL
5101,F,1,5,GENERAL
5102,M,13,3,GENERAL
5103,F,1,5,ORTHOPEDICS
5104,M,10,4,CARDIOLOGY
5105,M,10,4,CARDIOLOGY
5106,M,13,1,CARDIOLOGY
5107,F,1,6,SURGERY
5108,M,1,5,ORTHOPEDICS
5109,F,6,4,SURGERY
5110,F,6,4,ORTHOPEDICS
5111,M,10,4,GENERAL
5112,M,7,4,CARDIOLOGY
5113,F,1,5,GENERAL
5114,M,10,4,ORTHOPEDICS
5115,M,6,4,ORTHOPEDICS
5116,M,10,3,GENERAL
5117,M,1,5,CARDIOLOGY
5118,F,1,5,SURGERY
5119,F,11,3,GENERAL
5120,F,1,5,SURGERY
5121,F,1,5,GENERAL
5122,M,6,4,GENERAL
5123,F,1,5,CARDIOLOGY
5124,M,1,5,ORTHOPEDICS
5125,M,1,5,SURGERY
5126,M,1,5,ORTHOPEDICS
5127,M,11,3,GENERAL
5128,F,6,4,SURGERY
5129,M,6,4,SURGERY
5130,F,11,3,ORTHOPEDICS
5131,F,6,4,GENERAL
5132,M,1,6,CARDIOLOGY
5133,M,1,7,ORTHOPEDICS
5134,F,11,3,CARDIOLOGY
5135,F,6,4,CARDIOLOGY
5136,F,1,6,CARDIOLOGY
5137,M,1,5,SURGERY
5138,F,7,4,SURGERY
5139,M,1,5,SURGERY
5140,F,1,5,GENERAL
5141,F,1,5,ORTHOPEDICS
5142,F,10,4,CARDIOLOGY
5143,F,6,4,GENERAL
5144,M,1,5,GENERAL
5145,F,10,3,CARDIOLOGY
5146,F,11,3,SURGERY
5147,M,10,4,GENERAL
5148,M,6,4,CARDIOLOGY
5149,F,10,4,GENERAL
5150,M,10,4,GENERAL
5151,F,10,4,ORTHOPEDICS
5152,M,1,5,GENERAL
5153,M,6,4,SURGERY
5154,F,1,5,ORTHOPEDICS
5155,M,10,3,GENERAL
5156,F,10,3,GENERAL
5157,F,6,4,GENERAL
5158,F,13,2,CARDIOLOGY
5159,F,11,3,CARDIOLOGY
5160,M,10,3,ORTHOPEDICS
5161,M,1,5,ORTHOPEDICS
5162,F,1,6,CARDIOLOGY
5163,F,13,2,GENERAL
5164,F,10,4,ORTHOPEDICS
5165,F,13,3,ORTHOPEDICS
5166,M,11,3,SURGERY
5167,F,6,4,GENERAL
5168,F,13,2,ORTHOPEDICS
5169,M,6,4,GENERAL
5170,M,1,5,GENERAL
5171,F,10,3,GENERAL
5172,M,13,2,GENERAL
5173,M,10,3,CARDIOLOGY
5174,F,1,5,GENERAL
5175,M,10,3,SURGERY
5176,F,6,4,CARDIOLOGY
5177,M,10,3,CARDIOLOGY
5178,M,10,3,ORTHOPEDICS
5179,M,6,4,ORTHOPEDICS
5180,M,6,4,CARDIOLOGY
5181,M,10,3,GENERAL
5182,M,1,5,ORTHOPEDICS
5183,F,10,4,CARDIOLOGY
5184,F,13,3,GENERAL
5185,M,6,4,CARDIOLOGY
5186,F,1,5,CARDIOLOGY
5187,F,12,3,CARDIOLOGY
5188,F,11,3,GENERAL
5189,M,6,4,GENERAL
5190,M,13,2,ORTHOPEDICS
5191,M,6,4,GENERAL
5192,M,1,5,SURGERY
5193,M,10,3,GENERAL
5194,F,1,5,ORTHOPEDICS
5195,M,6,4,CARDIOLOGY
5196,M,1,5,SURGERY
5197,F,11,3,ORTHOPEDICS
5198,M,1,5,GENERAL
5199,F,1,5,GENERAL
5200,M,6,4,GENERAL
5201,F,1,6,SURGERY
5202,F,1,5,GENERAL
5203,M,10,3,ORTHOPEDICS
5204,F,13,1,GENERAL
5205,F,1,5,SURGERY
5206,M,10,3,CARDIOLOGY
5207,F,6,4,CARDIOLOGY
5208,F,1,5,GENERAL
5209,F,1,5,ORTHOPEDICS
5210,M,13,3,SURGERY
5211,F,1,5,GENERAL
5212,M,1,5,CARDIOLOGY
5213,F,10,3,SURGERY
5214,F,1,6,CARDIOLOGY
5215,M,10,3,CARDIOLOGY
5216,M,1,5,SURGERY
5217,F,10,4,GENERAL
5218,F,7,4,SURGERY
5219,M,10,4,GENERAL
5220,F,10,4,SURGERY
5221,F,11,3,GENERAL
5222,M,1,5,SURGERY
5223,F,6,4,ORTHOPEDICS
5224,F,11,3,GENERAL
5225,M,13,2,GENERAL
5226,M,10,3,CARDIOLOGY
5227,F,1,5,GENERAL
5228,F,10,3,CARDIOLOGY
5229,F,11,3,ORTHOPEDICS
5230,M,6,4,CARDIOLOGY
5231,M,1,5,CARDIOLOGY
5232,F,6,4,CARDIOLOGY
5233,F,13,2,SURGERY
5234,M,1,5,ORTHOPEDICS
5235,M,6,4,GENERAL
5236,M,10,3,SURGERY
5237,F,11,3,ORTHOPEDICS
5238,M,1,5,GENERAL
5239,F,12,3,CARDIOLOGY
5240,M,10,3,ORTHOPEDICS
5241,M,13,2,GENERAL
5242,M,1,5,SURGERY
5243,F,1,5,GENERAL
5244,F,6,4,CARDIOLOGY
5245,M,6,4,GENERAL
5246,F,1,5,GENERAL
5247,F,10,3,CARDIOLOGY
5248,M,10,4,ORTHOPEDICS
5249,F,1,5,GENERAL
5250,M,1,5,GENERAL
5251,F,1,5,SURGERY
5252,F,13,3,GENERAL
5253,F,11,3,SURGERY
5254,F,11,3,GENERAL
5255,M,13,3,CARDIOLOGY
5256,F,6,4,SURGERY
5257,F,10,3,ORTHOPEDICS
5258,M,1,6,CARDIOLOGY
5259,F,10,4,CARDIOLOGY
5260,M,1,5,GENERAL
5261,F,1,5,GENERAL
5262,F,10,4,CARDIOLOGY
5263,M,1,5,GENERAL
5264,F,10,3,ORTHOPEDICS
5265,F,1,5,GENERAL
5266,F,6,4,CARDIOLOGY
5267,F,1,6,GENERAL
5268,F,1,5,CARDIOLOGY
5269,F,11,3,SURGERY
5270,F,13,2,CARDIOLOGY
5271,F,1,6,CARDIOLOGY
5272,F,10,4,GENERAL
5273,M,6,4,SURGERY
5274,F,10,3,ORTHOPEDICS
5275,F,6,4,CARDIOLOGY
5276,F,13,2,SURGERY
5277,M,10,3,CARDIOLOGY
5278,M,7,4,GENERAL
5279,M,7,4,GENERAL
5280,F,10,3,CARDIOLOGY
5281,M,13,2,CARDIOLOGY
5282,F,1,5,GENERAL
5283,M,13,2,GENERAL
5284,M,1,6,GENERAL
5285,F,10,4,ORTHOPEDICS
5286,M,1,6,ORTHOPEDICS
5287,M,6,4,SURGERY
5288,F,1,6,ORTHOPEDICS
5289,M,1,5,ORTHOPEDICS
5290,F,10,3,SURGERY
5291,F,6,4,GENERAL
5292,F,10,3,GENERAL
5293,F,11,3,GENERAL
5294,M,8,4,GENERAL
5295,M,7,4,GENERAL
5296,M,1,5,GENERAL
5297,M,10,4,GENERAL
5298,M,6,4,ORTHOPEDICS
5299,F,6,4,GENERAL
5300,M,10,3,SURGERY
5301,F,10,3,CARDIOLOGY
5302,F,1,5,ORTHOPEDICS
5303,M,1,5,GENERAL
5304,M,10,3,GENERAL
5305,F,6,4,SURGERY
5306,M,6,4,GENERAL
5307,M,1,5,SURGERY
5308,F,6,4,GENERAL
5309,M,10,3,CARDIOLOGY
5310,F,6,4,SURGERY
5311,M,13,3,GENERAL
5312,F,1,5,CARDIOLOGY
5313,F,1,5,CARDIOLOGY
5314,F,10,4,CARDIOLOGY
5315,F,13,1,GENERAL
5316,M,1,5,GENERAL
5317,M,10,4,ORTHOPEDICS
5318,F,1,5,GENERAL
5319,M,13,2,CARDIOLOGY
5320,M,7,4,CARDIOLOGY
5321,M,10,4,CARDIOLOGY
5322,F,10,4,GENERAL
5323,M,1,5,CARDIOLOGY
5324,F,13,2,SURGERY
5325,F,6,4,GENERAL
5326,F,7,4,GENERAL
5327,F,6,4,GENERAL
5328,M,1,5,GENERAL
5329,F,10,3,CARDIOLOGY
5330,M,11,3,ORTHOPEDICS
5331,M,1,6,GENERAL
5332,M,6,4,CARDIOLOGY
5333,M,7,4,ORTHOPEDICS
5334,M,10,4,CARDIOLOGY
5335,M,6,4,SURGERY
5336,M,6,4,GENERAL
5337,F,1,5,ORTHOPEDICS
5338,M,10,3,SURGERY
5339,F,10,3,ORTHOPEDICS
5340,M,10,4,CARDIOLOGY
5341,M,6,4,ORTHOPEDICS
5342,F,10,4,GENERAL
5343,F,10,3,CARDIOLOGY
5344,M,1,5,GENERAL
5345,F,1,5,GENERAL
5346,F,7,4,SURGERY
5347,F,1,5,ORTHOPEDICS
5348,M,6,4,GENERAL
5349,M,1,5,GENERAL
5350,M,1,5,ORTHOPEDICS
5351,M,6,4,SURGERY
5352,M,1,5,GENERAL
5353,M,1,6,CARDIOLOGY
5354,F,6,4,GENERAL
5355,M,6,4,SURGERY
5356,M,1,5,CARDIOLOGY
5357,M,1,5,ORTHOPEDICS
5358,F,13,2,CARDIOLOGY
5359,F,7,4,GENERAL
5360,M,1,6,ORTHOPEDICS
5361,F,13,1,ORTHOPEDICS
5362,F,13,3,CARDIOLOGY
5363,M,10,4,ORTHOPEDICS
5364,M,1,5,CARDIOLOGY
5365,M,7,4,GENERAL
5366,F,1,5,ORTHOPEDICS
5367,M,7,4,GENERAL
5368,M,6,4,SURGERY
5369,F,6,4,CARDIOLOGY
5370,F,1,5,ORTHOPEDICS
5371,F,6,4,SURGERY
5372,M,1,5,GENERAL
5373,M,11,3,CARDIOLOGY
5374,F,6,4,GENERAL
5375,F,10,3,SURGERY
5376,M,6,4,SURGERY
5377,M,10,4,CARDIOLOGY
5378,M,7,4,SURGERY
5379,F,6,4,CARDIOLOGY
5380,M,13,2,ORTHOPEDICS
5381,F,1,5,SURGERY
5382,F,1,6,CARDIOLOGY
5383,F,1,5,ORTHOPEDICS
5384,F,6,4,CARDIOLOGY
5385,F,7,4,GENERAL
5386,M,10,4,CARDIOLOGY
5387,M,6,4,GENERAL
5388,F,10,3,ORTHOPEDICS
5389,F,10,4,ORTHOPEDICS
5390,M,1,5,GENERAL
5391,F,10,3,SURGERY
5392,M,1,5,GENERAL
5393,F,10,4,ORTHOPEDICS
5394,F,1,5,GENERAL
5395,M,1,6,GENERAL
5396,F,1,5,SURGERY
5397,F,1,5,GENERAL
5398,M,1,5,CARDIOLOGY
5399,F,6,4,GENERAL
5400,M,6,4,GENERAL
5401,M,10,3,GENERAL
5402,M,10,4,ORTHOPEDICS
5403,F,10,3,SURGERY
5404,M,1,5,SURGERY
5405,M,6,4,ORTHOPEDICS
5406,F,13,3,GENERAL
5407,M,13,2,CARDIOLOGY
5408,F,1,5,CARDIOLOGY
5409,M,7,4,ORTHOPEDICS
5410,F,10,4,CARDIOLOGY
5411,M,1,5,ORTHOPEDICS
5412,M,10,3,GENERAL
5413,M,1,5,ORTHOPEDICS
5414,F,6,4,GENERAL
5415,F,10,4,GENERAL
5416,F,1,6,ORTHOPEDICS
5417,F,13,2,GENERAL
5418,F,6,4,CARDIOLOGY
5419,M,1,5,ORTHOPEDICS
5420,F,6,4,GENERAL
5421,M,1,5,GENERAL
5422,M,7,4,SURGERY
5423,F,6,4,SURGERY
5424,F,13,1,SURGERY
5425,F,6,4,GENERAL
5426,F,11,3,ORTHOPEDICS
5427,M,1,5,CARDIOLOGY
5428,F,1,5,ORTHOPEDICS
5429,F,1,6,GENERAL
5430,F,13,1,GENERAL
5431,M,13,2,GENERAL
5432,F,6,4,GENERAL
5433,F,11,3,GENERAL
5434,M,13,2,ORTHOPEDICS
5435,M,1,5,SURGERY
5436,M,10,3,GENERAL
5437,F,6,4,GENERAL
5438,M,6,4,GENERAL
5439,M,1,5,CARDIOLOGY
5440,F,1,5,SURGERY
5441,M,6,4,CARDIOLOGY
5442,F,1,5,SURGERY
5443,F,10,3,CARDIOLOGY
5444,M,1,5,GENERAL
5445,F,1,5,CARDIOLOGY
5446,F,1,5,ORTHOPEDICS
5447,M,10,4,CARDIOLOGY
5448,M,6,4,ORTHOPEDICS
5449,M,10,3,GENERAL
5450,F,1,5,CARDIOLOGY
5451,M,13,3,GENERAL
5452,F,10,3,GENERAL
5453,F,10,3,GENERAL
5454,F,7,4,CARDIOLOGY
5455,M,10,3,SURGERY
5456,M,1,5,CARDIOLOGY
5457,F,10,4,ORTHOPEDICS
5458,F,10,4,ORTHOPEDICS
5459,F,7,4,SURGERY
5460,F,11,3,GENERAL
5461,M,6,4,SURGERY
5462,F,10,4,CARDIOLOGY
5463,M,6,4,GENERAL
5464,M,1,6,GENERAL
5465,M,10,4,GENERAL
5466,M,6,4,SURGERY
5467,F,1,5,ORTHOPEDICS
5468,M,11,3,SURGERY
5469,M,1,5,SURGERY
5470,F,10,4,CARDIOLOGY
5471,F,6,4,GENERAL
5472,M,10,3,GENERAL
5473,M,13,2,GENERAL
5474,M,6,4,SURGERY
5475,F,6,4,ORTHOPEDICS
5476,M,10,3,CARDIOLOGY
5477,M,7,4,CARDIOLOGY
5478,M,1,5,GENERAL
5479,M,10,4,SURGERY
5480,F,7,4,SURGERY
5481,F,11,3,CARDIOLOGY
5482,F,7,4,GENERAL
5483,F,13,2,GENERAL
5484,M,13,2,CARDIOLOGY
5485,F,7,4,CARDIOLOGY
5486,F,6,4,GENERAL
5487,M,1,5,GENERAL
5488,F,13,3,GENERAL
5489,M,10,4,CARDIOLOGY
5490,F,6,4,CARDIOLOGY
5491,F,1,5,GENERAL
5492,F,1,5,SURGERY
5493,F,8,4,GENERAL
5494,M,11,3,GENERAL
5495,F,1,6,CARDIOLOGY
5496,M,1,5,GENERAL
5497,M,11,3,GENERAL
5498,F,10,4,SURGERY
5499,M,6,4,GENERAL
5500,M,1,5,CARDIOLOGY
5501,M,6,4,SURGERY
5502,F,1,5,GENERAL
5503,F,10,3,ORTHOPEDICS
5504,M,6,4,ORTHOPEDICS
5505,M,1,5,ORTHOPEDICS
5506,F,6,4,GENERAL
5507,M,13,2,SURGERY
5508,F,10,3,GENERAL
5509,M,1,5,GENERAL
5510,M,1,7,ORTHOPEDICS
5511,M,6,4,GENERAL
5512,M,11,3,CARDIOLOGY
5513,F,1,6,CARDIOLOGY
5514,M,13,2,GENERAL
5515,M,7,4,GENERAL
5516,M,1,5,GENERAL
5517,F,1,6,ORTHOPEDICS
5518,F,6,4,GENERAL
5519,F,1,5,GENERAL
5520,F,10,3,SURGERY
5521,M,1,5,ORTHOPEDICS
5522,F,6,4,GENERAL
5523,M,1,5,CARDIOLOGY
5524,F,7,4,GENERAL
5525,M,1,6,CARDIOLOGY
5526,M,6,4,CARDIOLOGY
5527,F,1,5,GENERAL
5528,F,13,2,GENERAL
5529,M,1,5,SURGERY
5530,F,7,4,GENERAL
5531,M,6,4,CARDIOLOGY
5532,F,11,3,ORTHOPEDICS
5533,F,6,4,GENERAL
5534,M,10,3,CARDIOLOGY
5535,F,6,4,CARDIOLOGY
5536,M,1,5,ORTHOPEDICS
5537,M,1,6,GENERAL
5538,M,10,4,GENERAL
5539,F,10,3,CARDIOLOGY
5540,F,1,5,SURGERY
5541,F,10,3,GENERAL
5542,M,1,5,CARDIOLOGY
5543,F,6,4,GENERAL
5544,M,13,2,ORTHOPEDICS
5545,F,1,6,CARDIOLOGY
5546,F,10,3,GENERAL
5547,F,10,3,SURGERY
5548,M,8,4,SURGERY
5549,F,13,2,GENERAL
5550,M,6,4,ORTHOPEDICS
5551,M,1,5,CARDIOLOGY
5552,M,10,3,ORTHOPEDICS
5553,M,7,4,SURGERY
5554,F,6,4,CARDIOLOGY
5555,M,6,4,SURGERY
5556,F,10,3,GENERAL
5557,F,13,2,SURGERY
5558,M,10,4,SURGERY
5559,M,1,5,GENERAL
5560,M,13,2,GENERAL
5561,M,1,5,CARDIOLOGY
5562,M,1,6,SURGERY
5563,M,7,4,ORTHOPEDICS
5564,F,6,4,GENERAL
5565,M,13,2,CARDIOLOGY
5566,F,13,2,SURGERY
5567,F,10,4,GENERAL
5568,F,6,4,GENERAL
5569,F,6,4,GENERAL
5570,F,1,5,SURGERY
5571,M,6,4,ORTHOPEDICS
5572,M,6,4,ORTHOPEDICS
5573,M,6,4,SURGERY
5574,M,1,5,GENERAL
5575,F,6,4,CARDIOLOGY
5576,M,6,4,GENERAL
5577,M,10,3,SURGERY
5578,M,13,3,GENERAL
5579,M,10,4,GENERAL
5580,M,6,4,CARDIOLOGY
5581,F,10,3,GENERAL
5582,F,10,4,GENERAL
5583,M,7,4,SURGERY
5584,F,7,4,CARDIOLOGY
5585,M,1,6,CARDIOLOGY
5586,F,11,3,GENERAL
5587,F,10,3,GENERAL
5588,M,10,3,SURGERY
5589,M,1,5,GENERAL
5590,F,13,3,GENERAL
5591,F,11,3,GENERAL
5592,M,6,4,ORTHOPEDICS
5593,M,6,4,GENERAL
5594,M,1,5,SURGERY
5595,F,6,4,SURGERY
5596,F,13,3,GENERAL
5597,F,10,4,ORTHOPEDICS
5598,M,13,2,ORTHOPEDICS
5599,F,6,4,CARDIOLOGY
5600,M,10,3,GENERAL
5601,M,1,5,SURGERY
5602,F,13,2,GENERAL
5603,M,6,4,GENERAL
5604,M,1,6,GENERAL
5605,F,6,4,ORTHOPEDICS
5606,M,1,5,GENERAL
5607,M,1,5,GENERAL
5608,M,13,2,CARDIOLOGY
5609,M,13,2,ORTHOPEDICS
5610,M,6,4,SURGERY
5611,M,6,4,CARDIOLOGY
5612,F,1,5,GENERAL
5613,M,11,3,ORTHOPEDICS
5614,F,10,3,CARDIOLOGY
5615,M,10,4,ORTHOPEDICS
5616,F,10,3,CARDIOLOGY
5617,F,1,6,GENERAL
5618,M,10,3,ORTHOPEDICS
5619,M,6,4,ORTHOPEDICS
5620,F,10,3,CARDIOLOGY
5621,M,11,3,ORTHOPEDICS
5622,M,6,4,SURGERY
5623,F,6,4,CARDIOLOGY
5624,F,10,4,CARDIOLOGY
5625,F,10,3,SURGERY
5626,M,6,4,ORTHOPEDICS
5627,M,1,6,GENERAL
5628,F,1,5,CARDIOLOGY
5629,F,10,4,ORTHOPEDICS
5630,F,6,4,CARDIOLOGY
5631,F,1,5,SURGERY
5632,M,11,3,CARDIOLOGY
5633,F,10,3,GENERAL
5634,F,6,4,SURGERY
5635,M,10,3,GENERAL
5636,F,1,5,GENERAL
5637,M,1,5,CARDIOLOGY
5638,M,10,3,GENERAL
5639,M,1,5,ORTHOPEDICS
5640,M,6,4,GENERAL
5641,M,11,3,SURGERY
5642,M,10,3,GENERAL
5643,F,6,4,SURGERY
5644,M,10,3,SURGERY
5645,F,10,4,GENERAL
5646,F,6,4,SURGERY
5647,F,6,4,ORTHOPEDICS
5648,F,10,3,GENERAL
5649,F,13,2,ORTHOPEDICS
5650,F,1,5,ORTHOPEDICS
5651,F,1,5,ORTHOPEDICS
5652,F,10,3,GENERAL
5653,M,6,4,CARDIOLOGY
5654,M,7,4,GENERAL
5655,F,11,3,ORTHOPEDICS
5656,F,1,5,ORTHOPEDICS
5657,M,10,3,GENERAL
5658,F,7,4,SURGERY
5659,F,6,4,CARDIOLOGY
5660,M,10,3,GENERAL
5661,M,6,4,ORTHOPEDICS
5662,M,1,5,CARDIOLOGY
5663,F,6,4,GENERAL
5664,M,6,4,GENERAL
5665,F,1,5,ORTHOPEDICS
5666,M,6,4,ORTHOPEDICS
5667,M,10,4,SURGERY
5668,F,10,3,GENERAL
5669,F,13,2,GENERAL
5670,F,11,3,GENERAL
5671,M,6,4,GENERAL
5672,F,10,3,SURGERY
5673,M,13,2,SURGERY
5674,M,6,4,SURGERY
5675,M,1,5,GENERAL
5676,F,10,3,SURGERY
5677,F,6,4,ORTHOPEDICS
5678,F,10,3,ORTHOPEDICS
5679,F,10,4,CARDIOLOGY
5680,F,1,5,GENERAL
5681,F,10,4,SURGERY
5682,M,6,4,ORTHOPEDICS
5683,F,6,4,GENERAL
5684,M,10,3,CARDIOLOGY
5685,M,6,4,CARDIOLOGY
5686,F,1,5,CARDIOLOGY
5687,M,13,2,ORTHOPEDICS
5688,M,7,4,ORTHOPEDICS
5689,F,10,4,SURGERY
5690,F,6,4,GENERAL
5691,F,1,5,GENERAL
5692,M,11,3,GENERAL
5693,M,1,5,GENERAL
5694,M,1,5,GENERAL
5695,F,12,3,CARDIOLOGY
5696,F,1,5,CARDIOLOGY
5697,M,6,4,GENERAL
5698,M,6,4,ORTHOPEDICS
5699,F,11,3,SURGERY
5700,M,1,6,GENERAL
5701,F,1,6,SURGERY
5702,M,10,4,CARDIOLOGY
5703,F,7,4,SURGERY
5704,M,13,2,ORTHOPEDICS
5705,M,1,5,GENERAL
5706,M,10,3,GENERAL
5707,M,1,5,ORTHOPEDICS
5708,M,10,3,GENERAL
5709,M,6,4,SURGERY
5710,M,11,3,ORTHOPEDICS
5711,F,6,4,GENERAL
5712,M,6,4,CARDIOLOGY
5713,M,6,4,GENERAL
5714,M,10,4,GENERAL
5715,F,1,5,ORTHOPEDICS
5716,M,1,5,GENERAL
5717,F,13,2,SURGERY
5718,M,1,5,SURGERY
5719,F,6,4,GENERAL
5720,F,1,6,ORTHOPEDICS
5721,M,6,4,CARDIOLOGY
5722,F,1,5,GENERAL
5723,F,11,3,GENERAL
5724,M,10,3,SURGERY
5725,F,6,4,GENERAL
5726,F,1,5,ORTHOPEDICS
5727,M,7,4,ORTHOPEDICS
5728,F,6,4,SURGERY
5729,F,7,4,GENERAL
5730,M,11,3,CARDIOLOGY
5731,M,10,3,CARDIOLOGY
5732,M,10,3,CARDIOLOGY
5733,M,10,4,CARDIOLOGY
5734,F,10,3,GENERAL
5735,F,6,4,SURGERY
5736,M,10,4,ORTHOPEDICS
5737,F,1,6,SURGERY
5738,F,10,3,GENERAL
5739,F,1,5,ORTHOPEDICS
5740,F,7,4,CARDIOLOGY
5741,M,6,4,ORTHOPEDICS
5742,F,13,2,GENERAL
5743,F,1,5,GENERAL
5744,M,1,5,GENERAL
5745,M,6,4,GENERAL
5746,F,10,4,CARDIOLOGY
5747,M,6,4,ORTHOPEDICS
5748,F,1,7,ORTHOPEDICS
5749,M,1,5,ORTHOPEDICS
5750,F,6,4,GENERAL
5751,F,7,4,GENERAL
5752,M,1,5,GENERAL
5753,F,1,5,CARDIOLOGY
5754,F,11,3,ORTHOPEDICS
5755,M,6,4,ORTHOPEDICS
5756,M,1,5,GENERAL
5757,M,10,4,ORTHOPEDICS
5758,M,7,4,GENERAL
5759,M,1,5,SURGERY
5760,M,10,3,GENERAL
5761,M,1,6,SURGERY
5762,M,1,5,ORTHOPEDICS
5763,F,6,4,SURGERY
5764,F,10,4,ORTHOPEDICS
5765,M,10,3,SURGERY
5766,M,13,3,CARDIOLOGY
5767,F,1,5,GENERAL
5768,M,7,4,SURGERY
5769,M,6,4,GENERAL
5770,M,6,4,SURGERY
5771,F,6,4,ORTHOPEDICS
5772,F,6,4,CARDIOLOGY
5773,M,13,2,CARDIOLOGY
5774,F,10,3,SURGERY
5775,M,1,5,SURGERY
5776,M,6,4,GENERAL
5777,F,10,4,CARDIOLOGY
5778,M,7,4,ORTHOPEDICS
5779,M,13,3,CARDIOLOGY
5780,M,10,4,GENERAL
5781,F,1,5,GENERAL
5782,M,6,4,ORTHOPEDICS
5783,F,1,5,GENERAL
5784,M,1,5,GENERAL
5785,M,1,5,SURGERY
5786,F,1,5,GENERAL
5787,F,1,6,GENERAL
5788,F,13,3,ORTHOPEDICS
5789,M,6,4,GENERAL
5790,F,10,3,SURGERY
5791,M,6,4,GENERAL
5792,F,11,3,CARDIOLOGY
5793,M,6,4,CARDIOLOGY
5794,M,13,2,CARDIOLOGY
5795,M,7,4,GENERAL
5796,M,7,4,SURGERY
5797,F,11,3,GENERAL
5798,M,1,5,ORTHOPEDICS
5799,M,10,3,GENERAL
5800,F,13,1,CARDIOLOGY
5801,M,11,3,ORTHOPEDICS
5802,F,6,4,ORTHOPEDICS
5803,F,10,3,CARDIOLOGY
5804,M,10,3,ORTHOPEDICS
5805,M,7,4,SURGERY
5806,F,1,6,GENERAL
5807,M,7,4,ORTHOPEDICS
5808,M,6,4,GENERAL
5809,F,6,4,GENERAL
5810,M,1,5,SURGERY
5811,F,10,4,GENERAL
5812,F,13,2,CARDIOLOGY
5813,M,7,4,ORTHOPEDICS
5814,M,10,3,GENERAL
5815,F,1,5,SURGERY
5816,M,13,3,GENERAL
5817,F,1,5,GENERAL
5818,F,10,3,GENERAL
5819,F,1,5,CARDIOLOGY
5820,M,6,4,GENERAL
5821,M,10,3,GENERAL
5822,F,7,4,GENERAL
5823,F,1,5,ORTHOPEDICS
5824,F,13,2,GENERAL
5825,F,6,4,CARDIOLOGY
5826,M,1,5,GENERAL
5827,M,6,4,GENERAL
5828,F,10,3,CARDIOLOGY
5829,F,1,5,GENERAL
5830,F,6,4,CARDIOLOGY
5831,F,7,4,GENERAL
5832,F,6,4,CARDIOLOGY
5833,F,6,4,GENERAL
5834,F,10,3,GENERAL
5835,F,10,4,CARDIOLOGY
5836,F,10,4,GENERAL
5837,F,1,5,GENERAL
5838,F,6,4,ORTHOPEDICS
5839,F,13,3,SURGERY
5840,F,13,2,SURGERY
5841,F,7,4,ORTHOPEDICS
5842,M,10,3,GENERAL
5843,F,1,6,GENERAL
5844,M,6,4,CARDIOLOGY
5845,M,10,3,SURGERY
5846,F,11,3,GENERAL
5847,F,10,3,GENERAL
5848,F,10,3,GENERAL
5849,F,6,4,SURGERY
5850,F,13,2,CARDIOLOGY
5851,M,6,4,CARDIOLOGY
5852,M,7,4,GENERAL
5853,F,1,6,SURGERY
5854,M,6,4,GENERAL
5855,M,1,5,ORTHOPEDICS
5856,M,1,5,SURGERY
5857,F,10,3,SURGERY
5858,M,10,3,SURGERY
5859,M,1,5,SURGERY
5860,M,1,6,GENERAL
5861,M,1,6,SURGERY
5862,M,10,4,GENERAL
5863,M,1,5,SURGERY
5864,M,11,3,ORTHOPEDICS
5865,F,11,3,GENERAL
5866,F,13,2,CARDIOLOGY
5867,M,1,5,ORTHOPEDICS
5868,F,6,4,GENERAL
5869,M,1,5,ORTHOPEDICS
5870,F,11,3,SURGERY
5871,F,1,5,ORTHOPEDICS
5872,M,7,4,SURGERY
5873,F,10,3,GENERAL
5874,F,8,4,ORTHOPEDICS
5875,M,6,4,GENERAL
5876,F,10,3,GENERAL
5877,M,6,4,SURGERY
5878,F,6,4,CARDIOLOGY
5879,F,8,4,GENERAL
5880,M,10,3,GENERAL
5881,F,6,4,GENERAL
5882,F,6,4,SURGERY
5883,F,10,3,GENERAL
5884,F,1,5,GENERAL
5885,M,1,6,GENERAL
5886,M,13,2,SURGERY
5887,F,10,3,GENERAL
5888,F,1,7,SURGERY
5889,F,6,4,ORTHOPEDICS
5890,M,7,4,ORTHOPEDICS
5891,F,10,3,SURGERY
5892,F,7,4,SURGERY
5893,F,10,3,CARDIOLOGY
5894,F,10,4,CARDIOLOGY
5895,M,1,5,ORTHOPEDICS
5896,F,6,4,CARDIOLOGY
5897,M,10,4,ORTHOPEDICS
5898,M,6,4,ORTHOPEDICS
5899,F,13,3,GENERAL
5900,M,1,5,CARDIOLOGY
5901,F,10,3,CARDIOLOGY
5902,F,1,5,CARDIOLOGY
5903,M,7,4,GENERAL
5904,M,10,3,GENERAL
5905,F,6,4,GENERAL
5906,M,11,3,GENERAL
5907,F,1,5,GENERAL
5908,M,13,2,GENERAL
5909,M,6,4,SURGERY
5910,F,6,4,SURGERY
5911,M,1,5,CARDIOLOGY
5912,F,13,2,GENERAL
5913,F,10,4,SURGERY
5914,F,11,3,GENERAL
5915,F,10,4,ORTHOPEDICS
5916,M,1,5,GENERAL
5917,M,10,4,SURGERY
5918,M,13,2,CARDIOLOGY
5919,M,11,3,GENERAL
5920,F,13,2,ORTHOPEDICS
5921,M,7,4,CARDIOLOGY
5922,M,10,4,GENERAL
5923,M,1,7,GENERAL
5924,F,6,4,ORTHOPEDICS
5925,F,1,7,GENERAL
5926,F,1,7,GENERAL
5927,F,11,3,ORTHOPEDICS
5928,F,6,4,GENERAL
5929,M,1,7,GENERAL
5930,M,13,3,SURGERY
5931,F,13,2,GENERAL
5932,M,7,4,GENERAL
5933,F,7,4,GENERAL
5934,M,10,4,GENERAL
5935,F,7,4,CARDIOLOGY
5936,M,10,4,ORTHOPEDICS
5937,M,6,4,GENERAL
5938,F,6,4,ORTHOPEDICS
5939,M,1,6,GENERAL
5940,F,1,6,SURGERY
5941,F,11,3,GENERAL
5942,M,10,3,GENERAL
5943,F,1,6,GENERAL
5944,M,6,4,GENERAL
5945,F,13,3,CARDIOLOGY
5946,M,10,3,CARDIOLOGY
5947,F,1,6,CARDIOLOGY
5948,F,6,4,GENERAL
5949,M,13,3,ORTHOPEDICS
5950,M,1,5,GENERAL
5951,M,10,3,SURGERY
5952,M,6,4,SURGERY
5953,M,10,4,ORTHOPEDICS
5954,M,6,4,GENERAL
5955,F,11,3,ORTHOPEDICS
5956,F,6,4,ORTHOPEDICS
5957,M,1,5,CARDIOLOGY
5958,M,6,4,ORTHOPEDICS
5959,M,1,5,GENERAL
5960,F,1,5,GENERAL
5961,M,1,5,GENERAL
5962,M,10,3,SURGERY
5963,M,10,4,GENERAL
5964,F,11,3,GENERAL
5965,F,11,3,GENERAL
5966,F,10,4,SURGERY
5967,F,7,4,GENERAL
5968,M,6,4,CARDIOLOGY
5969,F,1,5,CARDIOLOGY
5970,F,1,5,SURGERY
5971,M,6,4,GENERAL
5972,M,10,3,GENERAL
5973,M,1,5,CARDIOLOGY
5974,F,6,4,ORTHOPEDICS
5975,F,10,3,GENERAL
5976,M,1,5,SURGERY
5977,M,10,4,ORTHOPEDICS
5978,M,10,3,SURGERY
5979,M,10,3,SURGERY
5980,M,1,5,GENERAL
5981,F,13,3,GENERAL
5982,M,10,4,GENERAL
5983,F,11,3,GENERAL
5984,M,11,3,ORTHOPEDICS
5985,F,10,4,GENERAL
5986,M,1,6,GENERAL
5987,M,1,5,ORTHOPEDICS
5988,F,10,3,GENERAL
5989,M,1,6,GENERAL
5990,M,1,5,SURGERY
5991,F,6,4,SURGERY
5992,M,1,5,CARDIOLOGY
5993,M,1,5,CARDIOLOGY
5994,F,1,5,ORTHOPEDICS
5995,M,13,1,CARDIOLOGY
5996,M,6,4,CARDIOLOGY
5997,F,1,5,CARDIOLOGY
5998,F,1,5,SURGERY
5999,M,1,7,GENERAL
6000,M,1,5,GENERAL
6001,F,13,3,CARDIOLOGY
6002,M,10,4,GENERAL
6003,M,6,4,SURGERY
6004,M,6,4,CARDIOLOGY
6005,F,1,6,GENERAL
6006,F,13,2,GENERAL
6007,M,7,4,CARDIOLOGY
6008,F,11,3,CARDIOLOGY
6009,F,11,3,CARDIOLOGY
6010,M,11,3,GENERAL
6011,F,6,4,GENERAL
6012,F,7,4,CARDIOLOGY
6013,M,1,6,SURGERY
6014,F,6,4,GENERAL
6015,M,10,4,CARDIOLOGY
6016,F,11,3,SURGERY
6017,F,10,4,ORTHOPEDICS
6018,M,6,4,GENERAL
6019,F,1,5,SURGERY
6020,F,1,5,GENERAL
6021,F,10,3,ORTHOPEDICS
6022,M,13,2,GENERAL
6023,M,1,5,GENERAL
6024,M,10,4,GENERAL
6025,F,10,3,ORTHOPEDICS
6026,F,6,4,ORTHOPEDICS
6027,F,13,3,GENERAL
6028,M,6,4,CARDIOLOGY
6029,F,11,3,GENERAL
6030,F,1,5,CARDIOLOGY
6031,F,1,5,SURGERY
6032,F,1,5,GENERAL
6033,M,1,6,GENERAL
6034,M,13,2,ORTHOPEDICS
6035,F,6,4,SURGERY
6036,M,13,3,ORTHOPEDICS
6037,M,6,4,SURGERY
6038,F,6,4,GENERAL
6039,F,6,4,SURGERY
6040,M,1,5,ORTHOPEDICS
6041,M,6,4,GENERAL
6042,F,6,4,SURGERY
6043,M,10,3,GENERAL
6044,M,1,5,SURGERY
6045,M,1,7,GENERAL
6046,F,13,2,SURGERY
6047,M,10,3,CARDIOLOGY
6048,M,13,2,SURGERY
6049,M,7,4,GENERAL
6050,M,10,3,SURGERY
6051,M,10,4,GENERAL
6052,F,1,6,ORTHOPEDICS
6053,F,7,4,ORTHOPEDICS
6054,F,1,5,CARDIOLOGY
6055,M,6,4,ORTHOPEDICS
6056,F,7,4,GENERAL
6057,M,6,4,CARDIOLOGY
6058,F,1,6,CARDIOLOGY
6059,M,7,4,GENERAL
6060,F,10,3,ORTHOPEDICS
6061,F,10,3,SURGERY
6062,F,6,4,ORTHOPEDICS
6063,M,1,5,CARDIOLOGY
6064,M,1,5,GENERAL
6065,F,1,5,SURGERY
6066,F,1,5,GENERAL
6067,F,10,3,SURGERY
6068,M,13,2,CARDIOLOGY
6069,F,1,5,ORTHOPEDICS
6070,F,1,6,ORTHOPEDICS
6071,M,6,4,GENERAL
6072,F,1,5,ORTHOPEDICS
6073,M,10,3,CARDIOLOGY
6074,F,10,3,ORTHOPEDICS
6075,F,13,3,CARDIOLOGY
6076,F,1,5,GENERAL
6077,M,10,3,ORTHOPEDICS
6078,M,1,5,GENERAL
6079,F,1,5,ORTHOPEDICS
6080,M,10,4,GENERAL
6081,M,1,6,CARDIOLOGY
6082,F,6,4,GENERAL
6083,M,10,4,SURGERY
6084,M,10,4,ORTHOPEDICS
6085,M,10,3,SURGERY
6086,M,10,3,CARDIOLOGY
6087,M,1,6,ORTHOPEDICS
6088,M,10,3,CARDIOLOGY
6089,F,6,4,GENERAL
6090,F,1,6,GENERAL
6091,F,10,4,ORTHOPEDICS
6092,M,1,5,GENERAL
6093,F,6,4,CARDIOLOGY
6094,F,13,2,GENERAL
6095,M,13,2,ORTHOPEDICS
6096,M,1,5,GENERAL
6097,F,13,2,ORTHOPEDICS
6098,F,6,4,GENERAL
6099,M,10,4,SURGERY
6100,F,10,4,GENERAL
6101,M,1,5,ORTHOPEDICS
6102,F,1,5,CARDIOLOGY
6103,M,1,5,SURGERY
6104,M,6,4,GENERAL
6105,F,6,4,GENERAL
6106,F,13,1,SURGERY
6107,F,6,4,GENERAL
6108,F,6,4,ORTHOPEDICS
6109,M,1,5,CARDIOLOGY
6110,M,11,3,CARDIOLOGY
6111,F,10,4,GENERAL
6112,M,6,4,SURGERY
6113,M,10,4,ORTHOPEDICS
6114,M,10,3,CARDIOLOGY
6115,M,13,2,GENERAL
6116,F,1,5,SURGERY
6117,M,12,3,GENERAL
6118,F,1,5,ORTHOPEDICS
6119,F,6,4,ORTHOPEDICS
6120,M,10,4,GENERAL
6121,M,1,5,ORTHOPEDICS
6122,F,6,4,ORTHOPEDICS
6123,M,6,4,CARDIOLOGY
6124,M,7,4,GENERAL
6125,F,6,4,ORTHOPEDICS
6126,M,1,5,GENERAL
6127,M,6,4,SURGERY
6128,M,11,3,CARDIOLOGY
6129,F,1,6,GENERAL
6130,M,10,4,GENERAL
6131,M,1,5,CARDIOLOGY
6132,M,6,4,SURGERY
6133,F,6,4,ORTHOPEDICS
6134,F,12,3,SURGERY
6135,M,1,5,GENERAL
6136,M,11,3,ORTHOPEDICS
6137,M,1,5,ORTHOPEDICS
6138,F,10,4,GENERAL
6139,F,1,5,CARDIOLOGY
6140,F,1,5,CARDIOLOGY
6141,M,6,4,SURGERY
6142,M,6,4,SURGERY
6143,F,10,3,GENERAL
6144,F,1,5,GENERAL
6145,M,1,5,ORTHOPEDICS
6146,M,7,4,SURGERY
6147,M,1,5,CARDIOLOGY
6148,M,13,1,GENERAL
6149,M,10,4,GENERAL
6150,F,13,2,GENERAL
6151,M,13,2,GENERAL
6152,F,6,4,GENERAL
6153,M,1,5,ORTHOPEDICS
6154,M,6,4,CARDIOLOGY
6155,M,1,6,ORTHOPEDICS
6156,M,6,4,SURGERY
6157,F,10,3,SURGERY
6158,F,10,3,SURGERY
6159,M,10,4,SURGERY
6160,F,1,5,GENERAL
6161,F,1,6,SURGERY
6162,F,10,3,GENERAL
6163,M,13,2,SURGERY
6164,F,10,4,SURGERY
6165,F,13,2,GENERAL
6166,F,10,4,GENERAL
6167,F,1,6,CARDIOLOGY
6168,F,1,5,SURGERY
6169,M,1,5,CARDIOLOGY
6170,F,6,4,GENERAL
6171,F,11,3,CARDIOLOGY
6172,F,10,3,GENERAL
6173,M,6,4,GENERAL
6174,M,7,4,SURGERY
6175,F,6,4,CARDIOLOGY
6176,M,1,5,SURGERY
6177,M,1,5,GENERAL
6178,F,1,5,GENERAL
6179,M,6,4,GENERAL
6180,F,6,4,SURGERY
6181,M,13,3,CARDIOLOGY
6182,M,1,5,SURGERY
6183,M,7,4,ORTHOPEDICS
6184,F,1,5,GENERAL
6185,F,10,4,GENERAL
6186,M,6,4,ORTHOPEDICS
6187,F,10,4,GENERAL
6188,F,6,4,SURGERY
6189,M,1,5,ORTHOPEDICS
6190,M,7,4,GENERAL
6191,F,1,6,GENERAL
6192,F,11,3,ORTHOPEDICS
6193,F,13,2,CARDIOLOGY
6194,F,6,4,GENERAL
6195,M,1,5,GENERAL
6196,F,1,5,GENERAL
6197,F,6,4,SURGERY
6198,M,1,5,SURGERY
6199,F,6,4,SURGERY
6200,M,11,3,GENERAL
6201,F,6,4,GENERAL
6202,F,6,4,GENERAL
6203,F,1,5,CARDIOLOGY
6204,M,1,5,CARDIOLOGY
6205,F,6,4,GENERAL
6206,M,10,3,GENERAL
6207,M,10,3,SURGERY
6208,F,10,4,SURGERY
6209,F,6,4,ORTHOPEDICS
6210,F,10,3,SURGERY
6211,M,10,3,GENERAL
6212,F,8,4,ORTHOPEDICS
6213,F,7,4,SURGERY
6214,F,1,5,GENERAL
6215,F,7,4,GENERAL
6216,F,13,2,GENERAL
6217,F,7,4,CARDIOLOGY
6218,M,1,6,GENERAL
6219,F,13,3,GENERAL
6220,F,13,2,ORTHOPEDICS
6221,F,7,4,CARDIOLOGY
6222,F,13,3,SURGERY
6223,F,13,2,SURGERY
6224,F,1,6,SURGERY
6225,F,10,3,ORTHOPEDICS
6226,M,1,5,CARDIOLOGY
6227,M,1,5,GENERAL
6228,M,6,4,CARDIOLOGY
6229,M,1,6,GENERAL
6230,M,13,2,ORTHOPEDICS
6231,M,1,6,CARDIOLOGY
6232,M,10,4,GENERAL
6233,F,10,4,CARDIOLOGY
6234,M,10,3,SURGERY
6235,F,1,6,SURGERY
6236,F,1,5,SURGERY
6237,M,10,3,GENERAL
6238,F,1,5,ORTHOPEDICS
6239,F,10,3,ORTHOPEDICS
6240,F,13,2,GENERAL
6241,F,8,4,CARDIOLOGY
6242,M,6,4,GENERAL
6243,M,6,4,GENERAL
6244,F,1,5,ORTHOPEDICS
6245,F,6,4,CARDIOLOGY
6246,F,13,3,CARDIOLOGY
6247,M,1,5,GENERAL
6248,M,1,5,CARDIOLOGY
6249,F,1,5,CARDIOLOGY
6250,F,6,4,CARDIOLOGY
6251,F,1,5,GENERAL
6252,M,1,5,ORTHOPEDICS
6253,M,13,2,CARDIOLOGY
6254,M,10,3,CARDIOLOGY
6255,F,11,3,CARDIOLOGY
6256,F,1,5,CARDIOLOGY
6257,F,1,6,GENERAL
6258,M,13,2,GENERAL
6259,F,1,6,GENERAL
6260,M,10,3,CARDIOLOGY
6261,M,1,5,SURGERY
6262,M,6,4,CARDIOLOGY
6263,M,1,5,GENERAL
6264,M,6,4,GENERAL
6265,M,6,4,CARDIOLOGY
6266,M,1,5,CARDIOLOGY
6267,F,1,5,SURGERY
6268,M,6,4,CARDIOLOGY
6269,M,6,4,GENERAL
6270,F,1,5,GENERAL
6271,M,6,4,ORTHOPEDICS
6272,F,1,6,ORTHOPEDICS
6273,F,7,4,SURGERY
6274,M,12,3,ORTHOPEDICS
6275,F,12,3,SURGERY
6276,F,6,4,SURGERY
6277,M,6,4,GENERAL
6278,F,1,6,SURGERY
6279,M,13,2,GENERAL
6280,F,13,2,GENERAL
6281,M,1,5,CARDIOLOGY
6282,F,1,5,CARDIOLOGY
6283,M,10,4,GENERAL
6284,M,13,2,GENERAL
6285,M,6,4,ORTHOPEDICS
6286,F,13,2,CARDIOLOGY
6287,M,10,3,ORTHOPEDICS
6288,M,10,4,CARDIOLOGY
6289,F,8,4,SURGERY
6290,F,1,6,CARDIOLOGY
6291,M,10,4,ORTHOPEDICS
6292,F,10,3,GENERAL
6293,F,6,4,GENERAL
6294,M,1,6,GENERAL
6295,M,7,4,CARDIOLOGY
6296,M,7,4,CARDIOLOGY
6297,M,6,4,GENERAL
6298,F,1,5,SURGERY
6299,M,13,2,GENERAL
6300,F,1,6,CARDIOLOGY
6301,F,10,3,GENERAL
6302,M,6,4,SURGERY
6303,F,10,3,GENERAL
6304,M,1,6,CARDIOLOGY
6305,M,7,4,GENERAL
6306,M,6,4,CARDIOLOGY
6307,M,6,4,ORTHOPEDICS
6308,M,6,4,CARDIOLOGY
6309,F,6,4,ORTHOPEDICS
6310,F,6,4,CARDIOLOGY
6311,F,1,5,SURGERY
6312,F,10,3,SURGERY
6313,F,10,4,SURGERY
6314,M,11,3,SURGERY
6315,M,11,3,GENERAL
6316,M,1,5,CARDIOLOGY
6317,M,6,4,CARDIOLOGY
6318,M,6,4,GENERAL
6319,M,7,4,GENERAL
6320,M,11,3,ORTHOPEDICS
6321,M,1,5,CARDIOLOGY
6322,M,11,3,GENERAL
6323,M,10,3,SURGERY
6324,F,10,4,GENERAL
6325,M,6,4,SURGERY
6326,F,10,3,GENERAL
6327,M,6,4,CARDIOLOGY
6328,M,6,4,GENERAL
6329,F,1,5,GENERAL
6330,M,10,3,SURGERY
6331,M,10,4,GENERAL
6332,F,1,6,GENERAL
6333,F,6,4,GENERAL
6334,M,1,5,ORTHOPEDICS
6335,M,1,5,GENERAL
6336,F,1,5,GENERAL
6337,M,1,5,GENERAL
6338,M,6,4,GENERAL
6339,M,1,6,SURGERY
6340,F,10,3,GENERAL
6341,M,6,4,CARDIOLOGY
6342,M,7,4,CARDIOLOGY
6343,M,10,4,GENERAL
6344,F,11,3,CARDIOLOGY
6345,F,1,7,ORTHOPEDICS
6346,M,6,4,GENERAL
6347,F,13,3,SURGERY
6348,F,10,4,SURGERY
6349,M,6,4,GENERAL
6350,M,7,4,GENERAL
6351,M,1,5,ORTHOPEDICS
6352,F,1,5,CARDIOLOGY
6353,M,10,4,ORTHOPEDICS
6354,M,13,2,GENERAL
6355,F,11,3,CARDIOLOGY
6356,F,6,4,CARDIOLOGY
6357,F,6,4,SURGERY
6358,M,1,5,CARDIOLOGY
6359,F,6,4,SURGERY
6360,M,11,3,GENERAL
6361,F,6,4,SURGERY
6362,F,13,3,ORTHOPEDICS
6363,M,6,4,SURGERY
6364,M,10,3,GENERAL
6365,M,10,3,SURGERY
6366,M,6,4,GENERAL
6367,M,13,3,GENERAL
6368,M,6,4,GENERAL
6369,F,7,4,GENERAL
6370,M,1,5,CARDIOLOGY
6371,M,6,4,CARDIOLOGY
6372,M,10,3,SURGERY
6373,F,1,7,SURGERY
6374,M,1,5,GENERAL
6375,F,12,3,CARDIOLOGY
6376,F,1,6,GENERAL
6377,F,1,5,ORTHOPEDICS
6378,F,1,6,SURGERY
6379,M,1,5,GENERAL
6380,M,6,4,GENERAL
6381,F,1,7,GENERAL
6382,F,6,4,SURGERY
6383,M,6,4,GENERAL
6384,F,1,5,SURGERY
6385,M,10,4,ORTHOPEDICS
6386,M,10,3,ORTHOPEDICS
6387,M,13,2,GENERAL
6388,M,13,2,GENERAL
6389,F,1,5,CARDIOLOGY
6390,F,6,4,CARDIOLOGY
6391,F,6,4,SURGERY
6392,F,13,3,GENERAL
6393,M,13,3,GENERAL
6394,F,10,3,ORTHOPEDICS
6395,F,1,6,SURGERY
6396,M,11,3,GENERAL
6397,M,1,5,ORTHOPEDICS
6398,M,1,5,ORTHOPEDICS
6399,F,1,6,GENERAL
6400,M,7,4,GENERAL
