patient_id,gender,admission_day,los,required_specialty
1,M,6,4,GENERAL
2,M,1,5,CARDIOLOGY
3,F,1,5,GENERAL
4,F,6,4,GENERAL
5,F,6,4,ORTHOPEDICS
6,F,6,4,CARDIOLOGY
7,F,6,4,SURGERY
8,M,6,4,CARDIOLOGY
9,F,10,3,SURGERY
10,F,6,4,GENERAL
11,F,13,2,ORTHOPEDICS
12,M,10,3,ORTHOPEDICS
13,F,1,5,GENERAL
14,F,6,4,GENERAL
15,F,10,3,SURGERY
16,F,10,3,ORTHOPEDICS
17,M,13,2,ORTHOPEDICS
18,F,10,4,CARDIOLOGY
19,M,1,5,SURGERY
20,M,6,4,GENERAL
21,F,6,4,CARDIOLOGY
22,M,6,4,GENERAL
23,M,8,4,ORTHOPEDICS
24,M,1,5,CARDIOLOGY
25,F,10,3,GENERAL
26,F,13,1,GENERAL
27,M,6,4,SURGERY
28,F,10,3,ORTHOPEDICS
29,F,1,5,CARDIOLOGY
30,M,6,4,ORTHOPEDICS
31,F,6,4,ORTHOPEDICS
32,M,10,3,ORTHOPEDICS
33,M,1,5,GENERAL
34,F,7,4,CARDIOLOGY
35,M,1,5,GENERAL
36,M,1,5,CARDIOLOGY
37,M,10,4,ORTHOPEDICS
38,F,6,4,GENERAL
39,M,7,4,GENERAL
40,M,7,4,CARDIOLOGY
41,M,10,4,CARDIOLOGY
42,M,6,4,CARDIOLOGY
43,F,6,4,GENERAL
44,M,1,5,GENERAL
45,F,1,5,ORTHOPEDICS
46,F,11,3,CARDIOLOGY
47,F,1,5,ORTHOPEDICS
48,F,6,4,GENERAL
49,F,11,3,GENERAL
50,M,11,3,GENERAL
51,M,10,3,GENERAL
52,M,6,5,GENERAL
53,M,1,6,SURGERY
54,M,10,3,ORTHOPEDICS
55,F,10,3,SURGERY
56,M,7,4,ORTHOPEDICS
57,F,1,6,GENERAL
58,M,6,4,GENERAL
59,M,13,3,SURGERY
60,F,6,4,CARDIOLOGY
61,F,6,4,GENERAL
62,F,1,5,CARDIOLOGY
63,M,13,2,GENERAL
64,F,1,5,SURGERY
65,F,10,3,ORTHOPEDICS
66,M,7,4,ORTHOPEDICS
67,F,1,5,GENERAL
68,M,1,5,ORTHOPEDICS
69,M,11,3,ORTHOPEDICS
70,F,10,4,GENERAL
71,F,10,4,CARDIOLOGY
72,M,10,3,GENERAL
73,F,6,4,GENERAL
74,M,1,5,GENERAL
75,M,11,3,SURGERY
76,M,1,5,GENERAL
77,M,10,3,GENERAL
78,F,1,5,GENERAL
79,M,7,4,ORTHOPEDICS
80,F,1,5,SURGERY
81,M,10,3,GENERAL
82,M,10,4,SURGERY
83,F,1,5,GENERAL
84,F,6,4,CARDIOLOGY
85,F,10,4,CARDIOLOGY
86,F,10,3,ORTHOPEDICS
87,F,1,5,SURGERY
88,M,6,4,ORTHOPEDICS
89,F,6,4,CARDIOLOGY
90,F,1,6,CARDIOLOGY
91,M,7,4,SURGERY
92,M,6,4,GENERAL
93,F,1,5,CARDIOLOGY
94,M,13,2,CARDIOLOGY
95,F,1,5,ORTHOPEDICS
96,M,1,6,CARDIOLOGY
97,M,7,4,GENERAL
98,F,1,5,ORTHOPEDICS
99,M,6,4,GENERAL
100,F,10,3,SURGERY
101,F,10,4,GENERAL
102,M,1,5,CARDIOLOGY
103,F,1,6,GENERAL
104,F,10,3,SURGERY
105,F,1,5,ORTHOPEDICS
106,M,6,4,GENERAL
107,M,11,3,CARDIOLOGY
108,M,6,4,GENERAL
109,F,1,5,CARDIOLOGY
110,F,1,6,SURGERY
111,M,10,3,GENERAL
112,M,6,4,SURGERY
113,M,10,3,CARDIOLOGY
114,F,10,4,CARDIOLOGY
115,F,11,3,ORTHOPEDICS
116,F,6,4,ORTHOPEDICS
117,F,13,2,CARDIOLOGY
118,F,1,6,ORTHOPEDICS
119,M,10,3,GENERAL
120,M,11,3,CARDIOLOGY
121,M,6,4,GENERAL
122,F,1,6,ORTHOPEDICS
123,M,13,3,GENERAL
124,M,6,4,CARDIOLOGY
125,F,13,3,SURGERY
126,F,10,4,SURGERY
127,M,1,5,SURGERY
128,F,10,3,GENERAL
129,M,10,4,GENERAL
130,F,11,3,CARDIOLOGY
131,F,10,3,SURGERY
132,F,10,3,GENERAL
133,F,10,3,SURGERY
134,M,6,4,GENERAL
135,F,6,4,CARDIOLOGY
136,M,13,2,CARDIOLOGY
137,M,1,5,GENERAL
138,F,6,4,CARDIOLOGY
139,F,1,6,GENERAL
140,F,1,5,GENERAL
141,F,6,4,ORTHOPEDICS
142,M,1,5,GENERAL
143,M,10,4,GENERAL
144,M,1,6,SURGERY
145,F,1,5,CARDIOLOGY
146,M,1,5,SURGERY
147,M,6,4,SURGERY
148,M,6,4,CARDIOLOGY
149,F,1,5,GENERAL
150,M,7,4,CARDIOLOGY
151,M,10,3,GENERAL
152,F,1,6,GENERAL
153,F,1,5,GENERAL
154,F,6,4,GENERAL
155,F,11,3,ORTHOPEDICS
156,F,1,6,SURGERY
157,M,6,4,GENERAL
158,F,11,3,GENERAL
159,F,6,4,GENERAL
160,F,10,4,ORTHOPEDICS
161,F,6,4,GENERAL
162,M,11,3,GENERAL
163,F,13,3,GENERAL
164,M,1,5,GENERAL
165,F,6,4,SURGERY
166,F,6,4,GENERAL
167,F,10,4,ORTHOPEDICS
168,F,10,3,GENERAL
169,M,11,3,CARDIOLOGY
170,F,6,4,GENERAL
171,F,1,5,ORTHOPEDICS
172,M,6,4,SURGERY
173,F,6,4,ORTHOPEDICS
174,F,13,2,GENERAL
175,M,13,2,CARDIOLOGY
176,M,13,2,GENERAL
177,M,6,4,SURGERY
178,M,1,5,GENERAL
179,F,10,4,GENERAL
180,M,6,4,GENERAL
181,M,10,3,GENERAL
182,F,7,4,SURGERY
183,M,1,6,GENERAL
184,F,7,4,GENERAL
185,M,1,5,GENERAL
186,M,1,5,GENERAL
187,F,1,5,SURGERY
188,F,13,2,GENERAL
189,M,6,4,ORTHOPEDICS
190,M,1,5,CARDIOLOGY
191,F,6,4,GENERAL
192,M,11,3,SURGERY
193,M,1,5,SURGERY
194,F,10,3,GENERAL
195,F,1,5,SURGERY
196,F,1,5,CARDIOLOGY
197,M,6,4,SURGERY
198,F,10,4,SURGERY
199,F,7,4,SURGERY
200,M,1,5,SURGERY
201,M,10,3,SURGERY
202,M,1,6,ORTHOPEDICS
203,M,13,2,GENERAL
204,M,13,2,GENERAL
205,F,13,2,GENERAL
206,M,1,5,SURGERY
207,F,13,2,CARDIOLOGY
208,M,10,3,ORTHOPEDICS
209,F,6,4,SURGERY
210,F,11,3,SURGERY
211,F,10,3,GENERAL
212,M,1,5,CARDIOLOGY
213,M,11,3,CARDIOLOGY
214,M,13,2,GENERAL
215,F,10,4,ORTHOPEDICS
216,M,10,4,CARDIOLOGY
217,M,1,5,CARDIOLOGY
218,M,11,3,ORTHOPEDICS
219,F,6,4,GENERAL
220,M,1,7,SURGERY
221,F,1,5,SURGERY
222,M,7,4,GENERAL
223,F,11,3,CARDIOLOGY
224,F,6,4,SURGERY
225,M,1,5,SURGERY
226,M,10,3,GENERAL
227,M,6,4,GENERAL
228,F,13,2,GENERAL
229,F,11,3,GENERAL
230,F,6,4,GENERAL
231,M,6,4,SURGERY
232,F,6,4,SURGERY
233,M,10,3,GENERAL
234,F,13,2,ORTHOPEDICS
235,F,6,4,ORTHOPEDICS
236,F,6,4,GENERAL
237,M,1,6,GENERAL
238,F,1,6,GENERAL
239,F,6,4,ORTHOPEDICS
240,F,11,3,CARDIOLOGY
241,F,10,4,GENERAL
242,M,10,3,SURGERY
243,M,6,4,GENERAL
244,F,1,5,SURGERY
245,F,6,4,CARDIOLOGY
246,F,1,5,SURGERY
247,F,6,4,SURGERY
248,M,10,3,CARDIOLOGY
249,M,10,3,GENERAL
250,M,10,3,GENERAL
251,M,6,4,GENERAL
252,M,6,4,GENERAL
253,M,6,4,CARDIOLOGY
254,M,1,5,ORTHOPEDICS
255,M,10,4,CARDIOLOGY
256,F,1,5,CARDIOLOGY
257,F,6,4,SURGERY
258,M,10,3,GENERAL
259,F,10,4,GENERAL
260,M,1,6,ORTHOPEDICS
261,F,6,4,GENERAL
262,M,6,4,CARDIOLOGY
263,M,1,6,CARDIOLOGY
264,M,10,3,SURGERY
265,F,6,4,ORTHOPEDICS
266,M,6,4,GENERAL
267,F,1,5,CARDIOLOGY
268,F,10,3,CARDIOLOGY
269,F,6,4,SURGERY
270,M,10,3,GENERAL
271,F,1,6,CARDIOLOGY
272,F,10,3,GENERAL
273,F,7,4,ORTHOPEDICS
274,F,6,4,ORTHOPEDICS
275,M,10,3,GENERAL
276,F,10,4,GENERAL
277,M,1,5,GENERAL
278,F,10,4,ORTHOPEDICS
279,F,1,5,ORTHOPEDICS
280,F,10,4,ORTHOPEDICS
281,F,7,4,CARDIOLOGY
282,M,10,4,CARDIOLOGY
283,M,13,3,GENERAL
284,M,11,3,ORTHOPEDICS
285,M,13,2,CARDIOLOGY
286,F,6,4,CARDIOLOGY
287,M,6,4,GENERAL
288,F,10,3,GENERAL
289,F,1,5,SURGERY
290,M,1,5,CARDIOLOGY
291,M,1,6,GENERAL
292,M,1,5,GENERAL
293,F,1,6,CARDIOLOGY
294,M,1,6,GENERAL
295,F,10,4,CARDIOLOGY
296,F,1,5,GENERAL
297,F,1,5,CARDIOLOGY
298,F,1,7,CARDIOLOGY
299,M,7,4,GENERAL
300,F,1,6,CARDIOLOGY
301,F,1,5,GENERAL
302,F,1,5,SURGERY
303,F,11,3,ORTHOPEDICS
304,F,11,3,ORTHOPEDICS
305,M,11,3,ORTHOPEDICS
306,M,7,4,GENERAL
307,F,11,3,SURGERY
308,M,10,3,CARDIOLOGY
309,F,11,3,GENERAL
310,M,10,3,GENERAL
311,M,7,4,ORTHOPEDICS
312,F,13,3,SURGERY
313,M,1,5,CARDIOLOGY
314,M,1,5,SURGERY
315,F,6,4,ORTHOPEDICS
316,F,10,3,GENERAL
317,F,1,5,CARDIOLOGY
318,F,6,4,GENERAL
319,F,6,4,ORTHOPEDICS
320,M,10,3,ORTHOPEDICS
321,F,1,5,GENERAL
322,F,6,5,GENERAL
323,F,13,2,SURGERY
324,M,10,3,ORTHOPEDICS
325,M,6,4,CARDIOLOGY
326,M,6,4,GENERAL
327,F,6,4,SURGERY
328,M,11,3,SURGERY
329,F,6,4,GENERAL
330,M,1,5,GENERAL
331,F,6,4,SURGERY
332,M,11,3,ORTHOPEDICS
333,F,10,4,GENERAL
334,F,10,4,CARDIOLOGY
335,M,7,4,SURGERY
336,M,10,3,SURGERY
337,F,6,4,CARDIOLOGY
338,M,10,4,GENERAL
339,F,6,4,SURGERY
340,M,13,2,ORTHOPEDICS
341,M,6,4,ORTHOPEDICS
342,F,10,4,CARDIOLOGY
343,M,1,6,GENERAL
344,M,1,6,CARDIOLOGY
345,F,1,5,CARDIOLOGY
346,M,6,4,GENERAL
347,F,7,4,SURGERY
348,M,6,4,ORTHOPEDICS
349,F,6,4,GENERAL
350,F,1,5,ORTHOPEDICS
351,M,1,5,ORTHOPEDICS
352,M,11,3,GENERAL
353,F,7,4,GENERAL
354,M,1,6,GENERAL
355,M,6,4,SURGERY
356,M,1,5,ORTHOPEDICS
357,M,1,5,GENERAL
358,F,11,3,CARDIOLOGY
359,F,10,3,GENERAL
360,M,1,6,SURGERY
361,F,6,4,SURGERY
362,F,1,5,GENERAL
363,M,6,4,CARDIOLOGY
364,M,1,5,SURGERY
365,F,6,4,CARDIOLOGY
366,F,10,4,GENERAL
367,M,1,5,GENERAL
368,F,6,4,ORTHOPEDICS
369,M,1,5,SURGERY
370,M,13,2,CARDIOLOGY
371,M,1,5,GENERAL
372,M,10,4,GENERAL
373,M,10,4,GENERAL
374,F,6,4,ORTHOPEDICS
375,M,10,4,CARDIOLOGY
376,F,6,4,GENERAL
377,F,1,5,GENERAL
378,F,10,4,CARDIOLOGY
379,M,13,2,GENERAL
380,F,7,4,ORTHOPEDICS
381,F,10,3,SURGERY
382,F,10,3,SURGERY
383,M,13,2,SURGERY
384,M,1,6,GENERAL
385,M,6,4,GENERAL
386,F,11,3,SURGERY
387,M,1,5,ORTHOPEDICS
388,F,10,3,GENERAL
389,M,10,3,ORTHOPEDICS
390,M,10,3,SURGERY
391,M,6,4,SURGERY
392,F,6,4,ORTHOPEDICS
393,M,10,3,GENERAL
394,F,1,6,GENERAL
395,F,6,4,SURGERY
396,F,1,5,ORTHOPEDICS
397,F,11,3,SURGERY
398,M,10,3,SURGERY
399,M,6,4,GENERAL
400,F,1,5,SURGERY
401,F,10,4,GENERAL
402,F,6,4,SURGERY
403,F,13,2,GENERAL
404,F,1,6,GENERAL
405,F,6,4,GENERAL
406,M,6,4,GENERAL
407,F,1,6,ORTHOPEDICS
408,F,6,4,ORTHOPEDICS
409,F,6,4,CARDIOLOGY
410,F,1,5,GENERAL
411,M,1,5,GENERAL
412,F,7,4,SURGERY
413,M,1,5,SURGERY
414,M,10,3,CARDIOLOGY
415,F,1,5,SURGERY
416,F,1,5,SURGERY
417,M,6,4,ORTHOPEDICS
418,F,10,4,ORTHOPEDICS
419,F,10,3,CARDIOLOGY
420,F,13,2,SURGERY
421,M,1,5,GENERAL
422,M,13,3,SURGERY
423,M,13,2,GENERAL
424,F,1,5,GENERAL
425,F,7,4,SURGERY
426,M,1,6,SURGERY
427,M,10,4,GENERAL
428,F,10,3,CARDIOLOGY
429,F,6,4,SURGERY
430,M,6,4,CARDIOLOGY
431,M,1,5,CARDIOLOGY
432,F,10,3,GENERAL
433,F,11,3,ORTHOPEDICS
434,F,13,2,ORTHOPEDICS
435,M,6,4,ORTHOPEDICS
436,M,1,5,CARDIOLOGY
437,M,13,2,GENERAL
438,F,6,4,GENERAL
439,F,7,4,CARDIOLOGY
440,M,6,4,GENERAL
441,M,1,5,SURGERY
442,F,1,6,GENERAL
443,F,7,4,SURGERY
444,M,13,2,GENERAL
445,F,1,5,GENERAL
446,F,10,3,CARDIOLOGY
447,F,6,4,GENERAL
448,F,7,4,GENERAL
449,M,1,6,GENERAL
450,F,6,4,SURGERY
451,M,6,4,GENERAL
452,F,1,5,CARDIOLOGY
453,M,6,4,CARDIOLOGY
454,M,6,4,CARDIOLOGY
455,F,1,6,ORTHOPEDICS
456,F,1,6,ORTHOPEDICS
457,F,6,4,SURGERY
458,M,1,5,GENERAL
459,F,1,5,SURGERY
460,M,13,2,CARDIOLOGY
461,F,6,4,CARDIOLOGY
462,F,1,6,CARDIOLOGY
463,F,1,6,GENERAL
464,F,10,3,GENERAL
465,M,13,3,GENERAL
466,F,10,4,CARDIOLOGY
467,M,10,3,SURGERY
468,F,1,5,GENERAL
469,M,13,2,GENERAL
470,M,10,3,ORTHOPEDICS
471,F,11,3,GENERAL
472,M,1,6,SURGERY
473,M,10,4,GENERAL
474,M,6,4,GENERAL
475,M,11,3,ORTHOPEDICS
476,M,1,5,SURGERY
477,M,10,3,ORTHOPEDICS
478,F,11,3,GENERAL
479,F,10,4,ORTHOPEDICS
480,M,1,5,ORTHOPEDICS
481,M,1,5,GENERAL
482,M,1,5,GENERAL
483,F,1,5,GENERAL
484,F,13,2,ORTHOPEDICS
485,F,1,5,GENERAL
486,F,1,5,ORTHOPEDICS
487,F,11,3,GENERAL
488,M,6,4,CARDIOLOGY
489,M,10,3,GENERAL
490,M,6,5,GENERAL
491,M,10,4,GENERAL
492,M,1,5,GENERAL
493,F,11,3,CARDIOLOGY
494,F,10,3,ORTHOPEDICS
495,F,1,6,ORTHOPEDICS
496,F,11,3,ORTHOPEDICS
497,M,13,2,ORTHOPEDICS
498,M,1,5,GENERAL
499,F,1,5,ORTHOPEDICS
500,M,13,3,ORTHOPEDICS
501,F,1,5,GENERAL
502,F,1,5,GENERAL
503,M,10,3,SURGERY
504,M,6,4,GENERAL
505,M,6,4,CARDIOLOGY
506,F,6,4,GENERAL
507,F,1,7,CARDIOLOGY
508,M,1,5,ORTHOPEDICS
509,M,6,4,GENERAL
510,F,11,3,ORTHOPEDICS
511,M,1,5,GENERAL
512,M,6,4,GENERAL
513,M,1,5,GENERAL
514,M,10,3,GENERAL
515,F,1,5,GENERAL
516,F,6,4,SURGERY
517,F,10,3,SURGERY
518,F,13,2,ORTHOPEDICS
519,M,1,5,ORTHOPEDICS
520,M,1,6,SURGERY
521,F,10,3,GENERAL
522,F,6,4,GENERAL
523,M,10,3,GENERAL
524,M,6,4,GENERAL
525,M,6,4,GENERAL
526,F,10,4,GENERAL
527,M,1,6,ORTHOPEDICS
528,M,1,6,GENERAL
529,F,10,4,ORTHOPEDICS
530,F,13,3,GENERAL
531,M,1,5,SURGERY
532,M,10,4,CARDIOLOGY
533,M,13,2,GENERAL
534,F,6,4,GENERAL
535,F,1,5,CARDIOLOGY
536,F,6,4,GENERAL
537,F,7,4,SURGERY
538,F,13,2,GENERAL
539,F,13,2,ORTHOPEDICS
540,M,10,3,CARDIOLOGY
541,M,1,5,ORTHOPEDICS
542,F,10,3,ORTHOPEDICS
543,M,1,5,GENERAL
544,M,1,6,SURGERY
545,F,6,4,GENERAL
546,F,6,4,SURGERY
547,F,10,3,GENERAL
548,F,13,2,GENERAL
549,M,7,4,ORTHOPEDICS
550,F,10,3,SURGERY
551,M,10,3,CARDIOLOGY
552,M,13,2,CARDIOLOGY
553,M,1,5,SURGERY
554,M,1,5,ORTHOPEDICS
555,F,1,6,SURGERY
556,M,7,4,GENERAL
557,M,13,2,SURGERY
558,F,10,3,SURGERY
559,M,6,4,ORTHOPEDICS
560,F,6,4,GENERAL
561,M,6,4,GENERAL
562,F,10,4,GENERAL
563,F,6,4,ORTHOPEDICS
564,F,6,4,SURGERY
565,M,1,5,SURGERY
566,F,1,6,GENERAL
567,M,1,6,SURGERY
568,F,1,5,GENERAL
569,F,10,3,SURGERY
570,M,1,6,ORTHOPEDICS
571,M,10,3,GENERAL
572,F,10,4,ORTHOPEDICS
573,M,10,3,GENERAL
574,F,1,5,ORTHOPEDICS
575,M,1,6,SURGERY
576,F,13,2,CARDIOLOGY
577,M,6,4,CARDIOLOGY
578,F,13,3,CARDIOLOGY
579,M,1,5,SURGERY
580,F,6,4,GENERAL
581,M,10,3,GENERAL
582,M,12,3,CARDIOLOGY
583,F,1,5,GENERAL
584,M,11,3,ORTHOPEDICS
585,M,1,7,CARDIOLOGY
586,M,1,5,CARDIOLOGY
587,M,1,5,SURGERY
588,F,1,6,GENERAL
589,F,11,3,GENERAL
590,F,1,5,GENERAL
591,M,10,3,GENERAL
592,M,10,3,SURGERY
593,F,13,2,ORTHOPEDICS
594,M,10,4,GENERAL
595,M,6,4,GENERAL
596,F,1,6,CARDIOLOGY
597,F,10,4,SURGERY
598,F,10,4,GENERAL
599,M,1,5,CARDIOLOGY
600,F,1,5,SURGERY
601,F,7,4,SURGERY
602,F,1,5,SURGERY
603,F,6,4,CARDIOLOGY
604,F,6,4,GENERAL
605,M,6,4,ORTHOPEDICS
606,M,1,5,GENERAL
607,M,6,4,ORTHOPEDICS
608,F,7,4,SURGERY
609,M,1,5,ORTHOPEDICS
610,M,7,4,GENERAL
611,M,13,2,CARDIOLOGY
612,M,11,3,GENERAL
613,F,13,2,SURGERY
614,F,1,5,ORTHOPEDICS
615,M,6,4,GENERAL
616,M,6,4,CARDIOLOGY
617,M,10,3,SURGERY
618,M,6,4,CARDIOLOGY
619,F,11,3,SURGERY
620,F,13,2,GENERAL
621,F,1,6,SURGERY
622,F,1,5,ORTHOPEDICS
623,F,10,4,GENERAL
624,M,1,6,SURGERY
625,F,13,3,GENERAL
626,M,13,2,GENERAL
627,F,10,3,CARDIOLOGY
628,F,10,3,GENERAL
629,M,6,4,SURGERY
630,M,6,4,SURGERY
631,F,1,5,ORTHOPEDICS
632,F,1,5,GENERAL
633,M,1,5,GENERAL
634,M,1,5,CARDIOLOGY
635,M,7,4,GENERAL
636,M,10,4,SURGERY
637,M,6,4,GENERAL
638,M,1,5,GENERAL
639,F,13,3,GENERAL
640,M,1,6,SURGERY
641,M,13,2,GENERAL
642,M,13,3,ORTHOPEDICS
643,F,6,4,SURGERY
644,M,6,4,CARDIOLOGY
645,M,1,5,SURGERY
646,F,10,3,GENERAL
647,M,6,4,CARDIOLOGY
648,M,6,4,GENERAL
649,M,10,3,SURGERY
650,M,6,4,GENERAL
651,F,1,6,CARDIOLOGY
652,M,10,4,SURGERY
653,M,11,3,CARDIOLOGY
654,M,10,3,GENERAL
655,F,1,5,GENERAL
656,F,6,4,CARDIOLOGY
657,M,13,3,SURGERY
658,F,6,4,GENERAL
659,M,10,4,SURGERY
660,M,13,2,ORTHOPEDICS
661,F,10,3,ORTHOPEDICS
662,M,11,3,ORTHOPEDICS
663,F,13,2,ORTHOPEDICS
664,M,13,2,ORTHOPEDICS
665,M,10,4,ORTHOPEDICS
666,F,6,4,SURGERY
667,M,6,4,GENERAL
668,F,10,3,SURGERY
669,F,6,4,SURGERY
670,F,10,4,CARDIOLOGY
671,F,6,4,CARDIOLOGY
672,M,1,5,GENERAL
673,M,6,4,ORTHOPEDICS
674,M,10,3,CARDIOLOGY
675,M,11,3,ORTHOPEDICS
676,F,7,4,GENERAL
677,F,13,1,CARDIOLOGY
678,M,10,4,GENERAL
679,M,10,3,ORTHOPEDICS
680,M,11,3,SURGERY
681,M,6,4,CARDIOLOGY
682,F,1,5,CARDIOLOGY
683,M,1,5,CARDIOLOGY
684,M,10,3,GENERAL
685,F,11,3,GENERAL
686,M,6,4,ORTHOPEDICS
687,F,6,4,CARDIOLOGY
688,M,1,5,SURGERY
689,M,1,6,ORTHOPEDICS
690,M,10,4,GENERAL
691,M,10,4,SURGERY
692,F,1,6,GENERAL
693,F,10,3,CARDIOLOGY
694,M,7,4,GENERAL
695,F,1,6,SURGERY
696,M,10,4,GENERAL
697,F,10,3,GENERAL
698,M,6,4,ORTHOPEDICS
699,F,7,4,ORTHOPEDICS
700,M,1,5,GENERAL
701,F,1,5,GENERAL
702,M,1,5,GENERAL
703,F,13,3,GENERAL
704,M,6,4,SURGERY
705,F,6,4,GENERAL
706,M,1,5,GENERAL
707,M,1,5,ORTHOPEDICS
708,F,11,3,SURGERY
709,M,10,3,CARDIOLOGY
710,M,10,3,GENERAL
711,M,10,3,SURGERY
712,F,10,3,SURGERY
713,F,7,4,SURGERY
714,F,1,5,GENERAL
715,M,1,6,GENERAL
716,F,1,5,GENERAL
717,M,6,4,CARDIOLOGY
718,F,1,5,SURGERY
719,M,6,4,GENERAL
720,M,10,4,CARDIOLOGY
721,M,10,3,ORTHOPEDICS
722,M,6,4,GENERAL
723,M,10,4,SURGERY
724,F,6,4,CARDIOLOGY
725,F,1,5,ORTHOPEDICS
726,M,10,4,CARDIOLOGY
727,M,13,3,GENERAL
728,M,7,4,GENERAL
729,M,1,5,CARDIOLOGY
730,F,1,6,GENERAL
731,M,7,4,CARDIOLOGY
732,F,7,4,SURGERY
733,M,1,5,CARDIOLOGY
734,F,13,2,GENERAL
735,M,1,5,ORTHOPEDICS
736,F,13,2,SURGERY
737,M,1,5,ORTHOPEDICS
738,F,1,5,ORTHOPEDICS
739,M,6,4,ORTHOPEDICS
740,M,6,4,GENERAL
741,M,6,4,CARDIOLOGY
742,F,10,3,SURGERY
743,M,13,1,GENERAL
744,F,1,6,GENERAL
745,M,1,6,GENERAL
746,F,1,6,ORTHOPEDICS
747,M,1,5,CARDIOLOGY
748,M,1,5,GENERAL
749,M,10,4,CARDIOLOGY
750,F,7,4,GENERAL
751,F,7,4,GENERAL
752,M,7,4,ORTHOPEDICS
753,M,1,5,GENERAL
754,F,6,4,GENERAL
755,M,10,3,GENERAL
756,M,6,4,ORTHOPEDICS
757,M,1,5,GENERAL
758,F,10,3,GENERAL
759,M,6,4,CARDIOLOGY
760,F,6,4,CARDIOLOGY
761,F,13,3,GENERAL
762,M,6,4,GENERAL
763,M,1,5,ORTHOPEDICS
764,M,6,4,GENERAL
765,F,1,6,ORTHOPEDICS
766,M,6,4,GENERAL
767,M,1,5,SURGERY
768,F,6,4,SURGERY
769,M,10,3,CARDIOLOGY
770,F,11,3,CARDIOLOGY
771,M,7,4,GENERAL
772,F,6,4,GENERAL
773,F,10,4,ORTHOPEDICS
774,F,6,4,GENERAL
775,F,10,3,ORTHOPEDICS
776,F,6,4,CARDIOLOGY
777,M,1,5,CARDIOLOGY
778,F,1,6,CARDIOLOGY
779,M,6,4,SURGERY
780,F,10,3,ORTHOPEDICS
781,M,6,4,GENERAL
782,M,1,5,CARDIOLOGY
783,F,6,4,GENERAL
784,F,6,4,GENERAL
785,M,1,6,ORTHOPEDICS
786,F,1,5,CARDIOLOGY
787,F,6,4,ORTHOPEDICS
788,F,6,4,GENERAL
789,F,10,4,SURGERY
790,F,10,3,GENERAL
791,M,10,4,ORTHOPEDICS
792,F,10,3,CARDIOLOGY
793,F,10,3,SURGERY
794,F,6,4,ORTHOPEDICS
795,F,10,3,GENERAL
796,M,7,4,GENERAL
797,M,7,4,ORTHOPEDICS
798,M,1,5,CARDIOLOGY
799,F,1,5,GENERAL
800,M,10,3,GENERAL
801,M,13,2,GENERAL
802,M,13,2,SURGERY
803,M,1,5,SURGERY
804,F,6,4,GENERAL
805,M,6,4,ORTHOPEDICS
806,M,6,4,GENERAL
807,F,6,4,CARDIOLOGY
808,M,7,4,SURGERY
809,M,10,4,CARDIOLOGY
810,F,6,4,GENERAL
811,F,7,4,GENERAL
812,F,10,3,ORTHOPEDICS
813,F,1,5,SURGERY
814,F,11,3,ORTHOPEDICS
815,M,10,3,SURGERY
816,F,6,4,SURGERY
817,M,10,3,GENERAL
818,F,1,5,GENERAL
819,F,1,5,ORTHOPEDICS
820,M,6,4,CARDIOLOGY
821,F,10,3,CARDIOLOGY
822,M,11,3,GENERAL
823,M,6,4,ORTHOPEDICS
824,M,11,3,SURGERY
825,F,1,5,SURGERY
826,M,1,5,GENERAL
827,M,1,6,GENERAL
828,F,1,5,SURGERY
829,M,7,4,GENERAL
830,M,7,4,SURGERY
831,F,6,4,SURGERY
832,M,1,5,ORTHOPEDICS
833,F,1,5,GENERAL
834,F,10,4,GENERAL
835,M,1,5,GENERAL
836,F,6,4,GENERAL
837,F,7,4,SURGERY
838,M,1,5,ORTHOPEDICS
839,M,7,4,GENERAL
840,M,1,5,GENERAL
841,F,10,4,CARDIOLOGY
842,M,10,4,GENERAL
843,M,1,5,ORTHOPEDICS
844,M,6,4,GENERAL
845,M,11,3,GENERAL
846,F,6,4,GENERAL
847,M,10,3,GENERAL
848,F,6,4,GENERAL
849,F,11,3,ORTHOPEDICS
850,F,10,3,ORTHOPEDICS
851,F,1,5,CARDIOLOGY
852,F,10,3,GENERAL
853,F,1,7,SURGERY
854,M,13,2,ORTHOPEDICS
855,M,1,6,GENERAL
856,M,1,7,GENERAL
857,F,6,4,CARDIOLOGY
858,F,1,5,GENERAL
859,M,1,5,GENERAL
860,F,10,4,GENERAL
861,F,1,5,CARDIOLOGY
862,F,1,5,ORTHOPEDICS
863,M,1,6,CARDIOLOGY
864,M,6,4,CARDIOLOGY
865,M,1,5,SURGERY
866,F,1,5,ORTHOPEDICS
867,F,6,4,ORTHOPEDICS
868,M,1,5,CARDIOLOGY
869,F,11,3,ORTHOPEDICS
870,F,1,5,SURGERY
871,M,1,6,CARDIOLOGY
872,F,6,4,GENERAL
873,F,1,6,CARDIOLOGY
874,M,1,5,CARDIOLOGY
875,M,1,5,CARDIOLOGY
876,F,1,5,CARDIOLOGY
877,F,6,4,GENERAL
878,M,10,3,CARDIOLOGY
879,F,7,4,SURGERY
880,M,1,6,CARDIOLOGY
881,M,1,5,GENERAL
882,F,6,4,SURGERY
883,M,1,5,GENERAL
884,M,6,4,GENERAL
885,M,1,5,ORTHOPEDICS
886,F,13,3,SURGERY
887,M,6,4,GENERAL
888,F,1,5,GENERAL
889,M,6,4,CARDIOLOGY
890,F,11,3,SURGERY
891,F,6,4,SURGERY
892,F,10,3,CARDIOLOGY
893,M,7,4,SURGERY
894,F,11,3,SURGERY
895,M,1,6,SURGERY
896,M,10,3,ORTHOPEDICS
897,F,1,5,CARDIOLOGY
898,M,1,5,GENERAL
899,F,6,4,CARDIOLOGY
900,M,13,2,SURGERY
901,F,7,4,GENERAL
902,M,1,5,GENERAL
903,F,13,2,CARDIOLOGY
904,M,1,5,GENERAL
905,F,6,4,GENERAL
906,M,10,3,CARDIOLOGY
907,F,6,4,SURGERY
908,F,10,3,GENERAL
909,M,6,4,GENERAL
910,F,1,5,CARDIOLOGY
911,F,1,5,GENERAL
912,M,6,4,CARDIOLOGY
913,M,13,2,ORTHOPEDICS
914,M,1,5,ORTHOPEDICS
915,M,6,4,GENERAL
916,M,10,4,GENERAL
917,F,7,4,SURGERY
918,F,6,4,CARDIOLOGY
919,M,6,4,ORTHOPEDICS
920,M,7,4,CARDIOLOGY
921,M,13,2,GENERAL
922,F,1,7,CARDIOLOGY
923,M,6,4,GENERAL
924,M,11,3,SURGERY
925,M,12,3,ORTHOPEDICS
926,F,1,5,GENERAL
927,M,11,3,CARDIOLOGY
928,F,1,5,CARDIOLOGY
929,F,6,4,SURGERY
930,F,11,3,GENERAL
931,F,6,4,SURGERY
932,F,1,5,GENERAL
933,M,6,4,GENERAL
934,F,13,2,SURGERY
935,F,1,6,ORTHOPEDICS
936,F,1,5,ORTHOPEDICS
937,F,7,4,CARDIOLOGY
938,F,7,4,CARDIOLOGY
939,F,1,5,ORTHOPEDICS
940,M,7,4,SURGERY
941,M,1,6,SURGERY
942,F,6,4,GENERAL
943,M,13,2,GENERAL
944,F,1,5,ORTHOPEDICS
945,F,11,3,CARDIOLOGY
946,F,10,3,SURGERY
947,F,13,1,GENERAL
948,F,1,5,ORTHOPEDICS
949,M,1,5,SURGERY
950,M,6,4,CARDIOLOGY
951,M,1,5,GENERAL
952,M,6,4,SURGERY
953,F,1,5,GENERAL
954,M,6,4,SURGERY
955,F,10,3,ORTHOPEDICS
956,F,1,5,ORTHOPEDICS
957,F,1,6,CARDIOLOGY
958,M,6,4,SURGERY
959,F,6,4,ORTHOPEDICS
960,F,1,5,CARDIOLOGY
961,F,10,3,ORTHOPEDICS
962,M,1,5,CARDIOLOGY
963,M,6,4,ORTHOPEDICS
964,F,10,3,GENERAL
965,F,13,3,SURGERY
966,M,10,3,SURGERY
967,F,11,3,SURGERY
968,F,6,4,SURGERY
969,M,13,3,GENERAL
970,M,10,3,GENERAL
971,M,1,5,GENERAL
972,F,7,4,ORTHOPEDICS
973,M,13,3,GENERAL
974,M,10,3,CARDIOLOGY
975,M,1,5,CARDIOLOGY
976,F,10,3,CARDIOLOGY
977,M,10,4,SURGERY
978,F,1,5,GENERAL
979,F,6,4,ORTHOPEDICS
980,M,6,4,SURGERY
981,F,6,4,SURGERY
982,F,11,3,GENERAL
983,F,11,3,SURGERY
984,F,13,3,CARDIOLOGY
985,M,13,2,SURGERY
986,M,1,5,ORTHOPEDICS
987,F,6,4,ORTHOPEDICS
988,F,6,4,ORTHOPEDICS
989,F,7,4,GENERAL
990,F,1,5,ORTHOPEDICS
991,F,6,4,GENERAL
992,M,11,3,ORTHOPEDICS
993,M,10,4,GENERAL
994,M,1,5,SURGERY
995,M,13,3,CARDIOLOGY
996,M,7,4,SURGERY
997,M,10,3,ORTHOPEDICS
998,M,6,4,GENERAL
999,F,6,4,GENERAL
1000,F,1,5,ORTHOPEDICS
1001,F,1,5,CARDIOLOGY
1002,M,13,2,GENERAL
1003,M,6,4,CARDIOLOGY
1004,M,1,5,ORTHOPEDICS
1005,F,1,5,GENERAL
1006,M,10,3,SURGERY
1007,M,1,5,GENERAL
1008,F,6,4,CARDIOLOGY
1009,F,1,6,ORTHOPEDICS
1010,F,1,5,GENERAL
1011,M,11,3,ORTHOPEDICS
1012,F,1,5,SURGERY
1013,F,6,4,CARDIOLOGY
1014,F,1,5,SURGERY
1015,F,1,5,GENERAL
1016,F,7,4,ORTHOPEDICS
1017,F,11,3,GENERAL
1018,M,13,3,GENERAL
1019,F,7,4,GENERAL
1020,M,12,3,CARDIOLOGY
1021,F,6,4,SURGERY
1022,F,1,8,GENERAL
1023,F,10,4,SURGERY
1024,F,7,4,GENERAL
1025,M,10,4,SURGERY
1026,F,6,4,SURGERY
1027,M,1,5,GENERAL
1028,M,10,3,GENERAL
1029,F,1,5,SURGERY
1030,F,13,2,CARDIOLOGY
1031,M,1,6,GENERAL
1032,M,10,3,SURGERY
1033,F,7,4,GENERAL
1034,M,1,6,GENERAL
1035,M,6,4,GENERAL
1036,F,13,2,SURGERY
1037,F,10,4,CARDIOLOGY
1038,F,6,4,GENERAL
1039,M,6,4,GENERAL
1040,M,1,5,CARDIOLOGY
1041,F,6,4,GENERAL
1042,M,10,3,SURGERY
1043,M,13,2,GENERAL
1044,M,11,3,GENERAL
1045,M,11,3,SURGERY
1046,F,6,4,ORTHOPEDICS
1047,F,1,5,SURGERY
1048,M,8,4,SURGERY
1049,M,10,4,GENERAL
1050,M,1,5,CARDIOLOGY
1051,M,1,5,ORTHOPEDICS
1052,M,1,5,ORTHOPEDICS
1053,F,1,5,ORTHOPEDICS
1054,M,1,5,SURGERY
1055,F,10,3,GENERAL
1056,F,6,4,SURGERY
1057,M,6,4,GENERAL
1058,F,6,4,GENERAL
1059,F,6,4,CARDIOLOGY
1060,F,7,4,SURGERY
1061,M,10,3,GENERAL
1062,F,11,3,SURGERY
1063,F,10,3,ORTHOPEDICS
1064,F,10,4,GENERAL
1065,M,7,4,GENERAL
1066,M,7,4,GENERAL
1067,M,6,4,ORTHOPEDICS
1068,M,6,4,ORTHOPEDICS
1069,F,10,4,GENERAL
1070,M,6,4,SURGERY
1071,M,10,3,CARDIOLOGY
1072,F,13,2,ORTHOPEDICS
1073,M,1,5,GENERAL
1074,F,1,5,GENERAL
1075,M,1,5,ORTHOPEDICS
1076,M,1,5,SURGERY
1077,F,6,4,SURGERY
1078,M,11,3,GENERAL
1079,F,11,3,SURGERY
1080,M,7,4,SURGERY
1081,M,1,5,ORTHOPEDICS
1082,F,10,3,GENERAL
1083,F,1,5,SURGERY
1084,F,13,2,ORTHOPEDICS
1085,M,6,4,GENERAL
1086,F,1,5,GENERAL
1087,F,10,3,ORTHOPEDICS
1088,F,6,4,CARDIOLOGY
1089,F,1,6,ORTHOPEDICS
1090,M,10,4,ORTHOPEDICS
1091,F,6,4,CARDIOLOGY
1092,F,6,4,CARDIOLOGY
1093,F,13,2,GENERAL
1094,F,6,4,SURGERY
1095,F,13,2,GENERAL
1096,M,10,4,GENERAL
1097,M,6,4,SURGERY
1098,F,10,3,GENERAL
1099,F,6,4,GENERAL
1100,F,1,6,GENERAL
1101,M,10,3,CARDIOLOGY
1102,M,10,3,GENERAL
1103,F,1,5,ORTHOPEDICS
1104,F,1,5,GENERAL
1105,M,1,5,GENERAL
1106,F,1,6,GENERAL
1107,M,10,3,GENERAL
1108,M,13,2,GENERAL
1109,M,1,6,GENERAL
1110,M,10,4,SURGERY
1111,F,7,4,CARDIOLOGY
1112,M,1,5,GENERAL
1113,M,6,4,CARDIOLOGY
1114,F,1,5,GENERAL
1115,F,10,3,GENERAL
1116,M,1,5,ORTHOPEDICS
1117,M,6,4,SURGERY
1118,M,7,4,GENERAL
1119,M,7,4,CARDIOLOGY
1120,F,6,4,CARDIOLOGY
1121,M,11,3,CARDIOLOGY
1122,M,10,3,CARDIOLOGY
1123,M,6,4,ORTHOPEDICS
1124,F,10,4,GENERAL
1125,F,6,4,GENERAL
1126,M,1,5,ORTHOPEDICS
1127,M,10,3,SURGERY
1128,F,13,2,GENERAL
1129,M,6,4,SURGERY
1130,M,10,3,GENERAL
1131,M,1,5,GENERAL
1132,F,10,4,GENERAL
1133,F,7,4,ORTHOPEDICS
1134,F,10,4,GENERAL
1135,M,1,5,SURGERY
1136,F,1,6,ORTHOPEDICS
1137,F,13,3,SURGERY
1138,F,6,4,GENERAL
1139,M,13,3,GENERAL
1140,F,10,4,ORTHOPEDICS
1141,F,6,4,CARDIOLOGY
1142,F,7,4,CARDIOLOGY
1143,F,11,3,SURGERY
1144,M,1,5,SURGERY
1145,F,1,6,SURGERY
1146,F,7,4,CARDIOLOGY
1147,M,1,6,GENERAL
1148,M,1,5,GENERAL
1149,M,1,5,CARDIOLOGY
1150,M,11,3,GENERAL
1151,M,1,5,SURGERY
1152,F,10,3,GENERAL
1153,F,11,3,ORTHOPEDICS
1154,F,10,4,SURGERY
1155,M,6,4,GENERAL
1156,F,10,3,GENERAL
1157,F,11,3,GENERAL
1158,F,7,4,ORTHOPEDICS
1159,F,6,4,GENERAL
1160,M,6,4,GENERAL
1161,M,1,5,GENERAL
1162,F,1,5,ORTHOPEDICS
1163,M,13,1,SURGERY
1164,F,6,4,SURGERY
1165,M,10,4,GENERAL
1166,M,11,3,GENERAL
1167,M,6,4,ORTHOPEDICS
1168,M,10,3,ORTHOPEDICS
1169,F,1,5,SURGERY
1170,F,1,5,CARDIOLOGY
1171,M,13,1,CARDIOLOGY
1172,F,6,4,GENERAL
1173,M,10,3,CARDIOLOGY
1174,M,6,4,SURGERY
1175,M,10,3,ORTHOPEDICS
1176,M,10,3,GENERAL
1177,F,1,5,GENERAL
1178,F,7,4,SURGERY
1179,M,1,5,ORTHOPEDICS
1180,F,6,4,GENERAL
1181,F,1,5,GENERAL
1182,M,6,4,SURGERY
1183,M,10,3,ORTHOPEDICS
1184,F,10,4,GENERAL
1185,F,1,5,CARDIOLOGY
1186,M,1,5,SURGERY
1187,M,6,4,GENERAL
1188,M,1,5,CARDIOLOGY
1189,M,1,5,GENERAL
1190,F,1,6,GENERAL
1191,M,13,2,GENERAL
1192,F,11,3,GENERAL
1193,M,10,3,GENERAL
1194,M,1,5,ORTHOPEDICS
1195,M,6,4,CARDIOLOGY
1196,M,10,3,GENERAL
1197,M,11,3,SURGERY
1198,M,10,4,ORTHOPEDICS
1199,M,1,6,GENERAL
1200,M,6,4,ORTHOPEDICS
1201,F,6,4,CARDIOLOGY
1202,M,1,7,CARDIOLOGY
1203,F,10,3,GENERAL
1204,M,1,5,GENERAL
1205,M,10,4,CARDIOLOGY
1206,F,10,3,GENERAL
1207,F,10,3,GENERAL
1208,F,13,2,GENERAL
1209,M,13,2,GENERAL
1210,F,10,3,GENERAL
1211,F,6,4,GENERAL
1212,M,1,5,GENERAL
1213,M,13,2,GENERAL
1214,M,6,4,SURGERY
1215,F,6,4,GENERAL
1216,F,6,4,GENERAL
1217,M,13,2,CARDIOLOGY
1218,M,1,5,GENERAL
1219,F,1,5,CARDIOLOGY
1220,F,1,5,SURGERY
1221,F,6,4,CARDIOLOGY
1222,F,10,3,GENERAL
1223,F,6,4,ORTHOPEDICS
1224,F,1,5,GENERAL
1225,F,6,4,GENERAL
1226,M,10,3,ORTHOPEDICS
1227,F,13,2,GENERAL
1228,F,1,5,ORTHOPEDICS
1229,F,11,3,GENERAL
1230,F,1,5,ORTHOPEDICS
1231,F,1,5,GENERAL
1232,M,10,4,GENERAL
1233,M,6,4,SURGERY
1234,M,1,5,ORTHOPEDICS
1235,M,11,3,SURGERY
1236,M,6,4,ORTHOPEDICS
1237,M,1,5,CARDIOLOGY
1238,F,6,4,GENERAL
1239,M,7,4,ORTHOPEDICS
1240,F,13,2,ORTHOPEDICS
1241,F,6,4,GENERAL
1242,F,6,4,GENERAL
1243,F,13,2,CARDIOLOGY
1244,F,10,3,SURGERY
1245,M,10,4,SURGERY
1246,F,13,2,SURGERY
1247,M,6,4,ORTHOPEDICS
1248,F,11,3,ORTHOPEDICS
1249,F,6,4,GENERAL
1250,M,1,6,ORTHOPEDICS
1251,M,6,4,GENERAL
1252,M,1,5,ORTHOPEDICS
1253,F,7,4,GENERAL
1254,F,13,2,SURGERY
1255,F,1,5,GENERAL
1256,F,1,6,SURGERY
1257,M,1,5,CARDIOLOGY
1258,M,10,3,ORTHOPEDICS
1259,F,11,3,SURGERY
1260,M,1,5,ORTHOPEDICS
1261,F,6,4,ORTHOPEDICS
1262,F,6,4,ORTHOPEDICS
1263,F,6,4,ORTHOPEDICS
1264,F,7,4,GENERAL
1265,M,10,3,SURGERY
1266,F,10,3,GENERAL
1267,F,13,1,GENERAL
1268,F,13,3,ORTHOPEDICS
1269,F,6,4,SURGERY
1270,F,7,4,CARDIOLOGY
1271,F,13,2,GENERAL
1272,M,10,3,GENERAL
1273,F,11,3,SURGERY
1274,M,1,6,GENERAL
1275,M,10,3,GENERAL
1276,F,10,4,GENERAL
1277,F,10,3,SURGERY
1278,M,10,4,GENERAL
1279,F,7,4,ORTHOPEDICS
1280,F,6,4,ORTHOPEDICS
1281,M,6,4,ORTHOPEDICS
1282,M,1,5,ORTHOPEDICS
1283,F,10,4,GENERAL
1284,F,10,4,CARDIOLOGY
1285,F,1,5,CARDIOLOGY
1286,F,11,3,CARDIOLOGY
1287,M,1,5,GENERAL
1288,F,10,3,GENERAL
1289,M,6,4,ORTHOPEDICS
1290,M,6,4,CARDIOLOGY
1291,M,6,4,GENERAL
1292,F,1,5,CARDIOLOGY
1293,M,1,5,SURGERY
1294,F,10,3,GENERAL
1295,F,1,5,GENERAL
1296,F,1,5,GENERAL
1297,M,11,3,SURGERY
1298,F,7,4,ORTHOPEDICS
1299,F,1,5,GENERAL
1300,M,1,6,ORTHOPEDICS
1301,F,10,3,CARDIOLOGY
1302,M,13,1,GENERAL
1303,F,7,4,GENERAL
1304,F,1,5,CARDIOLOGY
1305,M,6,4,GENERAL
1306,F,10,3,ORTHOPEDICS
1307,F,1,5,SURGERY
1308,M,13,3,GENERAL
1309,M,6,4,SURGERY
1310,M,10,3,CARDIOLOGY
1311,F,10,3,CARDIOLOGY
1312,F,1,5,ORTHOPEDICS
1313,F,13,2,CARDIOLOGY
1314,M,8,4,ORTHOPEDICS
1315,M,13,2,CARDIOLOGY
1316,M,13,3,GENERAL
1317,F,1,5,ORTHOPEDICS
1318,F,6,4,GENERAL
1319,F,10,3,GENERAL
1320,M,10,3,SURGERY
1321,F,1,6,SURGERY
1322,M,1,7,SURGERY
1323,M,11,3,GENERAL
1324,F,1,5,GENERAL
1325,M,10,3,GENERAL
1326,M,6,4,GENERAL
1327,M,10,3,SURGERY
1328,M,10,3,SURGERY
1329,F,11,3,ORTHOPEDICS
1330,F,1,5,GENERAL
1331,M,6,4,GENERAL
1332,M,1,5,SURGERY
1333,M,10,3,SURGERY
1334,F,1,6,GENERAL
1335,F,10,3,GENERAL
1336,F,1,5,GENERAL
1337,M,6,4,GENERAL
1338,M,10,3,ORTHOPEDICS
1339,M,10,4,GENERAL
1340,F,6,4,GENERAL
1341,F,10,3,ORTHOPEDICS
1342,F,10,4,ORTHOPEDICS
1343,M,1,5,GENERAL
1344,F,1,5,ORTHOPEDICS
1345,M,10,3,CARDIOLOGY
1346,F,6,4,CARDIOLOGY
1347,M,6,4,ORTHOPEDICS
1348,F,11,3,SURGERY
1349,F,10,4,ORTHOPEDICS
1350,M,1,5,ORTHOPEDICS
1351,M,6,4,GENERAL
1352,M,1,5,GENERAL
1353,F,6,4,GENERAL
1354,F,10,4,ORTHOPEDICS
1355,F,6,4,GENERAL
1356,F,6,4,ORTHOPEDICS
1357,M,6,4,CARDIOLOGY
1358,M,1,5,ORTHOPEDICS
1359,M,7,4,GENERAL
1360,F,13,2,ORTHOPEDICS
1361,M,6,4,CARDIOLOGY
1362,F,13,2,SURGERY
1363,F,6,4,GENERAL
1364,F,13,3,ORTHOPEDICS
1365,M,11,3,CARDIOLOGY
1366,F,10,3,SURGERY
1367,F,6,4,CARDIOLOGY
1368,F,6,4,ORTHOPEDICS
1369,F,1,5,GENERAL
1370,M,10,4,GENERAL
1371,M,13,2,GENERAL
1372,F,10,4,SURGERY
1373,F,11,3,ORTHOPEDICS
1374,M,1,5,SURGERY
1375,M,6,4,SURGERY
1376,M,10,4,GENERAL
1377,M,6,4,ORTHOPEDICS
1378,F,10,4,SURGERY
1379,F,6,4,SURGERY
1380,M,1,6,GENERAL
1381,M,6,4,SURGERY
1382,F,10,4,CARDIOLOGY
1383,F,10,3,ORTHOPEDICS
1384,F,1,5,GENERAL
1385,F,1,5,GENERAL
1386,M,7,4,GENERAL
1387,F,10,3,ORTHOPEDICS
1388,F,10,3,GENERAL
1389,M,6,4,GENERAL
1390,M,13,2,GENERAL
1391,F,1,5,CARDIOLOGY
1392,M,1,5,GENERAL
1393,M,13,2,GENERAL
1394,F,6,4,ORTHOPEDICS
1395,F,6,4,SURGERY
1396,M,6,4,GENERAL
1397,F,6,4,ORTHOPEDICS
1398,M,10,3,ORTHOPEDICS
1399,F,1,6,SURGERY
1400,M,10,3,SURGERY
1401,F,6,4,GENERAL
1402,F,1,5,GENERAL
1403,F,6,4,CARDIOLOGY
1404,M,6,4,GENERAL
1405,F,6,4,SURGERY
1406,F,1,5,GENERAL
1407,M,6,4,SURGERY
1408,F,1,5,GENERAL
1409,F,1,5,GENERAL
1410,M,10,3,GENERAL
1411,M,1,5,GENERAL
1412,M,13,3,CARDIOLOGY
1413,F,6,4,GENERAL
1414,F,1,5,SURGERY
1415,F,12,3,CARDIOLOGY
1416,M,7,4,SURGERY
1417,F,7,4,GENERAL
1418,M,10,3,ORTHOPEDICS
1419,M,6,4,GENERAL
1420,M,10,3,CARDIOLOGY
1421,F,6,4,ORTHOPEDICS
1422,F,10,4,ORTHOPEDICS
1423,M,10,4,GENERAL
1424,F,1,5,SURGERY
1425,M,10,3,CARDIOLOGY
1426,M,11,3,SURGERY
1427,M,10,4,GENERAL
1428,M,1,6,SURGERY
1429,M,12,3,ORTHOPEDICS
1430,F,6,4,GENERAL
1431,M,11,3,GENERAL
1432,F,1,5,GENERAL
1433,F,13,3,GENERAL
1434,M,13,3,ORTHOPEDICS
1435,M,13,2,SURGERY
1436,M,13,2,CARDIOLOGY
1437,M,1,6,ORTHOPEDICS
1438,M,1,5,CARDIOLOGY
1439,F,10,3,SURGERY
1440,M,6,4,SURGERY
1441,M,11,3,SURGERY
1442,F,6,4,GENERAL
1443,F,13,2,ORTHOPEDICS
1444,M,1,5,GENERAL
1445,F,10,3,GENERAL
1446,M,6,4,GENERAL
1447,M,13,2,ORTHOPEDICS
1448,M,1,5,SURGERY
1449,M,6,4,SURGERY
1450,M,1,5,ORTHOPEDICS
1451,M,1,5,ORTHOPEDICS
1452,M,6,4,CARDIOLOGY
1453,F,1,6,GENERAL
1454,F,1,6,ORTHOPEDICS
1455,F,11,3,ORTHOPEDICS
1456,M,7,4,ORTHOPEDICS
1457,F,1,6,GENERAL
1458,F,6,4,GENERAL
1459,F,1,5,GENERAL
1460,M,1,5,GENERAL
1461,M,10,3,SURGERY
1462,M,1,5,GENERAL
1463,F,10,3,GENERAL
1464,M,1,5,GENERAL
1465,F,6,4,GENERAL
1466,F,6,4,CARDIOLOGY
1467,M,1,6,CARDIOLOGY
1468,F,1,5,ORTHOPEDICS
1469,F,1,5,SURGERY
1470,M,1,5,GENERAL
1471,F,6,4,SURGERY
1472,M,7,4,ORTHOPEDICS
1473,F,1,5,CARDIOLOGY
1474,F,1,5,GENERAL
1475,F,6,4,GENERAL
1476,F,10,3,CARDIOLOGY
1477,M,6,4,GENERAL
1478,M,13,2,CARDIOLOGY
1479,M,6,4,GENERAL
1480,F,10,4,CARDIOLOGY
1481,M,6,4,GENERAL
1482,M,1,5,GENERAL
1483,M,1,5,CARDIOLOGY
1484,F,1,5,GENERAL
1485,M,10,4,CARDIOLOGY
1486,F,1,5,CARDIOLOGY
1487,F,6,4,ORTHOPEDICS
1488,F,6,4,SURGERY
1489,M,1,5,GENERAL
1490,M,11,3,GENERAL
1491,F,10,4,GENERAL
1492,M,1,5,SURGERY
1493,F,13,3,SURGERY
1494,M,1,5,GENERAL
1495,M,13,3,ORTHOPEDICS
1496,M,10,4,GENERAL
1497,F,6,4,GENERAL
1498,M,7,4,GENERAL
1499,F,6,4,SURGERY
1500,M,7,4,GENERAL
1501,M,1,5,SURGERY
1502,M,6,4,GENERAL
1503,M,6,5,GENERAL
1504,F,10,4,ORTHOPEDICS
1505,M,1,5,GENERAL
1506,M,1,5,GENERAL
1507,M,1,5,GENERAL
1508,M,6,4,GENERAL
1509,M,10,4,SURGERY
1510,F,7,4,CARDIOLOGY
1511,M,6,4,CARDIOLOGY
1512,M,1,5,CARDIOLOGY
1513,M,6,4,CARDIOLOGY
1514,M,6,4,GENERAL
1515,M,1,5,CARDIOLOGY
1516,F,13,2,SURGERY
1517,M,6,4,GENERAL
1518,M,10,4,GENERAL
1519,M,6,4,GENERAL
1520,M,7,4,ORTHOPEDICS
1521,F,1,6,GENERAL
1522,M,10,3,CARDIOLOGY
1523,M,6,4,ORTHOPEDICS
1524,F,10,3,ORTHOPEDICS
1525,M,6,4,GENERAL
1526,M,1,5,ORTHOPEDICS
1527,F,1,5,GENERAL
1528,F,11,3,ORTHOPEDICS
1529,M,1,5,SURGERY
1530,M,1,5,CARDIOLOGY
1531,F,13,2,ORTHOPEDICS
1532,M,1,5,GENERAL
1533,F,7,4,ORTHOPEDICS
1534,M,1,5,GENERAL
1535,F,10,4,GENERAL
1536,M,6,4,CARDIOLOGY
1537,M,10,3,GENERAL
1538,F,6,4,CARDIOLOGY
1539,F,7,4,GENERAL
1540,F,13,3,SURGERY
1541,F,6,4,GENERAL
1542,M,1,6,SURGERY
1543,M,1,5,CARDIOLOGY
1544,F,6,4,ORTHOPEDICS
1545,F,1,6,GENERAL
1546,F,10,4,CARDIOLOGY
1547,F,11,3,GENERAL
1548,M,1,5,CARDIOLOGY
1549,M,10,4,SURGERY
1550,M,10,3,ORTHOPEDICS
1551,M,11,3,GENERAL
1552,F,6,4,GENERAL
1553,F,10,3,ORTHOPEDICS
1554,F,10,3,SURGERY
1555,M,7,4,ORTHOPEDICS
1556,F,6,4,GENERAL
1557,F,6,4,GENERAL
1558,M,1,5,CARDIOLOGY
1559,F,1,6,GENERAL
1560,M,13,1,GENERAL
1561,F,6,4,ORTHOPEDICS
1562,F,6,4,CARDIOLOGY
1563,M,10,3,GENERAL
1564,M,8,4,GENERAL
1565,M,6,4,CARDIOLOGY
1566,M,10,3,CARDIOLOGY
1567,M,10,3,GENERAL
1568,F,7,4,CARDIOLOGY
1569,M,6,4,GENERAL
1570,M,11,3,SURGERY
1571,M,10,3,SURGERY
1572,M,10,3,GENERAL
1573,M,13,2,CARDIOLOGY
1574,F,13,2,CARDIOLOGY
1575,F,7,4,CARDIOLOGY
1576,F,10,3,CARDIOLOGY
1577,M,10,4,CARDIOLOGY
1578,F,10,4,GENERAL
1579,M,1,5,GENERAL
1580,F,1,5,GENERAL
1581,F,1,5,SURGERY
1582,M,10,3,GENERAL
1583,M,10,3,CARDIOLOGY
1584,M,10,4,GENERAL
1585,F,1,5,ORTHOPEDICS
1586,M,1,5,SURGERY
1587,F,10,4,GENERAL
1588,F,13,2,SURGERY
1589,F,11,3,ORTHOPEDICS
1590,M,1,5,CARDIOLOGY
1591,F,11,3,CARDIOLOGY
1592,F,1,5,ORTHOPEDICS
1593,F,1,6,GENERAL
1594,M,10,3,GENERAL
1595,F,1,5,SURGERY
1596,M,6,4,ORTHOPEDICS
1597,F,10,4,ORTHOPEDICS
1598,M,13,2,ORTHOPEDICS
1599,M,10,4,SURGERY
1600,F,1,5,CARDIOLOGY
1601,F,1,5,ORTHOPEDICS
1602,F,6,4,GENERAL
1603,F,10,3,GENERAL
1604,F,1,5,CARDIOLOGY
1605,M,1,5,GENERAL
1606,F,10,4,GENERAL
1607,M,1,5,SURGERY
1608,F,10,3,CARDIOLOGY
1609,F,6,4,ORTHOPEDICS
1610,F,10,3,ORTHOPEDICS
1611,M,1,6,ORTHOPEDICS
1612,M,1,5,GENERAL
1613,F,11,3,SURGERY
1614,F,1,5,GENERAL
1615,F,1,5,GENERAL
1616,F,10,4,ORTHOPEDICS
1617,M,6,4,GENERAL
1618,F,6,4,GENERAL
1619,M,1,5,GENERAL
1620,F,10,3,CARDIOLOGY
1621,M,1,5,SURGERY
1622,F,1,5,SURGERY
1623,M,1,6,SURGERY
1624,F,13,2,GENERAL
1625,M,6,4,GENERAL
1626,M,6,4,SURGERY
1627,M,1,5,GENERAL
1628,F,6,4,ORTHOPEDICS
1629,M,1,5,CARDIOLOGY
1630,F,1,5,ORTHOPEDICS
1631,F,7,4,ORTHOPEDICS
1632,M,10,3,GENERAL
1633,F,7,4,CARDIOLOGY
1634,M,10,3,SURGERY
1635,F,1,5,CARDIOLOGY
1636,F,13,2,CARDIOLOGY
1637,F,1,6,CARDIOLOGY
1638,F,6,4,ORTHOPEDICS
1639,M,6,4,SURGERY
1640,F,6,4,CARDIOLOGY
1641,F,6,4,GENERAL
1642,M,6,4,GENERAL
1643,F,6,4,CARDIOLOGY
1644,M,6,4,ORTHOPEDICS
1645,F,13,2,GENERAL
1646,M,13,3,GENERAL
1647,M,10,3,GENERAL
1648,M,10,3,ORTHOPEDICS
1649,F,8,4,CARDIOLOGY
1650,M,10,3,SURGERY
1651,F,10,3,GENERAL
1652,M,6,4,GENERAL
1653,F,13,2,GENERAL
1654,M,6,4,GENERAL
1655,M,1,5,CARDIOLOGY
1656,F,13,2,ORTHOPEDICS
1657,F,7,4,CARDIOLOGY
1658,M,13,1,SURGERY
1659,F,10,3,SURGERY
1660,M,10,3,CARDIOLOGY
1661,M,11,3,ORTHOPEDICS
1662,F,1,5,SURGERY
1663,F,6,4,SURGERY
1664,M,1,6,GENERAL
1665,M,10,3,ORTHOPEDICS
1666,M,6,4,ORTHOPEDICS
1667,M,10,4,GENERAL
1668,F,1,5,CARDIOLOGY
1669,M,6,4,CARDIOLOGY
1670,F,13,3,CARDIOLOGY
1671,F,10,3,CARDIOLOGY
1672,M,11,3,GENERAL
1673,M,1,5,GENERAL
1674,M,7,4,SURGERY
1675,M,6,4,SURGERY
1676,F,1,5,GENERAL
1677,F,10,3,CARDIOLOGY
1678,M,1,5,SURGERY
1679,M,6,4,GENERAL
1680,M,1,5,GENERAL
1681,F,10,3,GENERAL
1682,F,13,1,ORTHOPEDICS
1683,M,6,4,GENERAL
1684,M,1,5,GENERAL
1685,F,10,3,GENERAL
1686,F,10,3,GENERAL
1687,M,13,2,GENERAL
1688,M,6,4,CARDIOLOGY
1689,F,6,4,SURGERY
1690,M,10,3,ORTHOPEDICS
1691,F,10,4,CARDIOLOGY
1692,M,7,4,CARDIOLOGY
1693,F,13,2,GENERAL
1694,M,10,3,GENERAL
1695,M,6,4,CARDIOLOGY
1696,M,7,4,GENERAL
1697,M,6,4,SURGERY
1698,F,1,5,GENERAL
1699,M,6,4,GENERAL
1700,F,7,4,CARDIOLOGY
1701,F,13,2,ORTHOPEDICS
1702,M,6,4,CARDIOLOGY
1703,F,6,4,SURGERY
1704,F,1,6,ORTHOPEDICS
1705,M,10,3,SURGERY
1706,M,1,5,CARDIOLOGY
1707,F,13,3,SURGERY
1708,F,1,6,GENERAL
1709,M,10,3,ORTHOPEDICS
1710,F,10,3,ORTHOPEDICS
1711,F,10,4,GENERAL
1712,M,1,5,GENERAL
1713,F,10,3,GENERAL
1714,M,11,3,ORTHOPEDICS
1715,F,6,4,ORTHOPEDICS
1716,F,10,4,GENERAL
1717,F,1,5,GENERAL
1718,F,1,5,CARDIOLOGY
1719,F,1,5,CARDIOLOGY
1720,F,6,4,SURGERY
1721,F,10,3,GENERAL
1722,F,1,5,SURGERY
1723,M,1,6,SURGERY
1724,M,1,5,CARDIOLOGY
1725,F,6,4,GENERAL
1726,F,13,3,ORTHOPEDICS
1727,F,10,3,ORTHOPEDICS
1728,F,6,4,GENERAL
1729,F,10,4,GENERAL
1730,F,1,5,GENERAL
1731,F,13,3,ORTHOPEDICS
1732,M,6,4,SURGERY
1733,M,1,5,GENERAL
1734,F,1,6,ORTHOPEDICS
1735,M,1,5,CARDIOLOGY
1736,M,1,5,SURGERY
1737,F,1,5,GENERAL
1738,F,13,2,SURGERY
1739,M,10,4,ORTHOPEDICS
1740,M,10,3,SURGERY
1741,M,13,2,CARDIOLOGY
1742,F,6,4,CARDIOLOGY
1743,M,10,4,GENERAL
1744,M,6,4,ORTHOPEDICS
1745,F,6,4,ORTHOPEDICS
1746,F,6,4,GENERAL
1747,F,6,4,GENERAL
1748,F,13,2,CARDIOLOGY
1749,M,1,5,CARDIOLOGY
1750,M,6,4,CARDIOLOGY
1751,F,1,6,CARDIOLOGY
1752,M,10,4,CARDIOLOGY
1753,F,10,4,GENERAL
1754,M,13,2,CARDIOLOGY
1755,F,1,5,GENERAL
1756,F,10,3,GENERAL
1757,F,1,5,CARDIOLOGY
1758,M,10,3,CARDIOLOGY
1759,F,13,2,GENERAL
1760,M,6,4,GENERAL
1761,F,6,4,ORTHOPEDICS
1762,M,1,5,GENERAL
1763,F,6,4,ORTHOPEDICS
1764,M,6,4,GENERAL
1765,F,1,5,SURGERY
1766,F,6,4,SURGERY
1767,M,10,4,SURGERY
1768,F,11,3,ORTHOPEDICS
1769,M,7,4,GENERAL
1770,F,10,3,GENERAL
1771,F,1,6,GENERAL
1772,M,10,4,GENERAL
1773,F,11,3,ORTHOPEDICS
1774,M,1,5,GENERAL
1775,F,10,3,ORTHOPEDICS
1776,F,10,3,SURGERY
1777,M,1,5,GENERAL
1778,F,6,4,GENERAL
1779,F,13,3,CARDIOLOGY
1780,F,1,5,SURGERY
1781,F,7,4,ORTHOPEDICS
1782,M,1,5,GENERAL
1783,F,10,3,ORTHOPEDICS
1784,F,10,3,CARDIOLOGY
1785,M,13,2,GENERAL
1786,M,1,5,GENERAL
1787,F,1,5,SURGERY
1788,M,13,2,ORTHOPEDICS
1789,M,11,3,CARDIOLOGY
1790,M,13,1,CARDIOLOGY
1791,M,1,5,GENERAL
1792,F,11,3,ORTHOPEDICS
1793,M,10,3,SURGERY
1794,F,6,4,GENERAL
1795,F,10,4,SURGERY
1796,F,1,6,GENERAL
1797,F,13,2,ORTHOPEDICS
1798,F,11,3,SURGERY
1799,F,1,5,GENERAL
1800,F,1,5,CARDIOLOGY
1801,F,6,4,SURGERY
1802,M,6,4,SURGERY
1803,F,7,4,GENERAL
1804,M,13,3,ORTHOPEDICS
1805,M,10,4,GENERAL
1806,M,10,3,ORTHOPEDICS
1807,M,1,5,CARDIOLOGY
1808,F,10,3,CARDIOLOGY
1809,F,10,4,ORTHOPEDICS
1810,F,1,5,SURGERY
1811,F,10,3,GENERAL
1812,M,6,4,SURGERY
1813,M,6,4,GENERAL
1814,F,1,5,GENERAL
1815,M,13,3,SURGERY
1816,F,1,5,CARDIOLOGY
1817,M,1,5,CARDIOLOGY
1818,F,1,5,GENERAL
1819,F,6,4,ORTHOPEDICS
1820,M,6,4,CARDIOLOGY
1821,F,7,4,GENERAL
1822,M,13,3,CARDIOLOGY
1823,F,10,4,ORTHOPEDICS
1824,M,11,3,GENERAL
1825,F,1,6,ORTHOPEDICS
1826,M,1,5,GENERAL
1827,F,1,5,CARDIOLOGY
1828,M,1,5,GENERAL
1829,F,11,3,GENERAL
1830,F,1,5,SURGERY
1831,F,13,2,CARDIOLOGY
1832,F,11,3,GENERAL
1833,F,11,3,CARDIOLOGY
1834,M,1,5,GENERAL
1835,M,10,4,SURGERY
1836,M,7,4,CARDIOLOGY
1837,F,10,3,CARDIOLOGY
1838,F,1,5,CARDIOLOGY
1839,F,6,4,GENERAL
1840,F,1,5,CARDIOLOGY
1841,M,11,3,CARDIOLOGY
1842,F,6,4,GENERAL
1843,F,1,5,CARDIOLOGY
1844,F,10,4,GENERAL
1845,F,13,2,SURGERY
1846,F,1,5,CARDIOLOGY
1847,F,6,4,GENERAL
1848,F,6,4,GENERAL
1849,F,10,3,SURGERY
1850,M,10,3,GENERAL
1851,M,10,3,SURGERY
1852,M,6,4,GENERAL
1853,M,11,3,GENERAL
1854,M,1,5,GENERAL
1855,M,10,3,GENERAL
1856,F,13,3,ORTHOPEDICS
1857,M,13,3,GENERAL
1858,M,13,3,GENERAL
1859,M,6,4,GENERAL
1860,F,6,4,GENERAL
1861,F,6,4,GENERAL
1862,F,6,4,ORTHOPEDICS
1863,F,13,2,CARDIOLOGY
1864,M,10,3,GENERAL
1865,M,7,4,GENERAL
1866,M,6,4,GENERAL
1867,F,11,3,GENERAL
1868,F,11,3,GENERAL
1869,F,11,3,SURGERY
1870,M,1,5,GENERAL
1871,F,1,5,GENERAL
1872,M,10,3,GENERAL
1873,F,10,3,ORTHOPEDICS
1874,F,1,5,GENERAL
1875,F,10,3,CARDIOLOGY
1876,F,6,4,CARDIOLOGY
1877,M,6,4,ORTHOPEDICS
1878,M,7,4,GENERAL
1879,F,7,4,CARDIOLOGY
1880,F,6,4,GENERAL
1881,F,6,4,ORTHOPEDICS
1882,M,13,2,ORTHOPEDICS
1883,M,1,5,GENERAL
1884,F,6,4,GENERAL
1885,F,13,3,CARDIOLOGY
1886,M,11,3,ORTHOPEDICS
1887,F,11,3,GENERAL
1888,M,13,3,ORTHOPEDICS
1889,M,10,3,ORTHOPEDICS
1890,M,13,1,GENERAL
1891,M,1,5,SURGERY
1892,F,7,4,CARDIOLOGY
1893,F,6,4,SURGERY
1894,F,1,5,CARDIOLOGY
1895,M,10,4,GENERAL
1896,M,1,5,ORTHOPEDICS
1897,M,13,2,ORTHOPEDICS
1898,F,1,5,SURGERY
1899,M,10,4,CARDIOLOGY
1900,M,10,3,CARDIOLOGY
1901,M,6,4,ORTHOPEDICS
1902,M,6,4,GENERAL
1903,M,6,4,ORTHOPEDICS
1904,F,6,4,GENERAL
1905,F,6,5,SURGERY
1906,M,6,4,GENERAL
1907,F,7,4,GENERAL
1908,F,1,6,ORTHOPEDICS
1909,M,10,4,GENERAL
1910,F,1,5,CARDIOLOGY
1911,F,13,2,ORTHOPEDICS
1912,F,7,4,ORTHOPEDICS
1913,M,6,4,ORTHOPEDICS
1914,F,6,4,ORTHOPEDICS
1915,M,1,5,ORTHOPEDICS
1916,M,1,6,ORTHOPEDICS
1917,M,10,4,GENERAL
1918,F,6,4,ORTHOPEDICS
1919,M,1,5,SURGERY
1920,F,10,4,SURGERY
1921,M,7,4,SURGERY
1922,F,1,5,GENERAL
1923,F,11,3,ORTHOPEDICS
1924,F,6,4,SURGERY
1925,M,10,3,GENERAL
1926,M,1,5,GENERAL
1927,F,10,4,SURGERY
1928,M,6,4,SURGERY
1929,F,1,5,SURGERY
1930,M,1,5,CARDIOLOGY
1931,M,10,3,SURGERY
1932,M,10,4,SURGERY
1933,F,1,5,ORTHOPEDICS
1934,M,7,4,CARDIOLOGY
1935,F,1,5,SURGERY
1936,M,11,3,ORTHOPEDICS
1937,M,11,3,SURGERY
1938,M,6,4,GENERAL
1939,F,1,5,GENERAL
1940,F,10,4,GENERAL
1941,F,1,5,GENERAL
1942,M,13,3,SURGERY
1943,M,10,4,ORTHOPEDICS
1944,M,1,5,ORTHOPEDICS
1945,M,10,3,SURGERY
1946,F,7,4,GENERAL
1947,M,10,4,GENERAL
1948,M,6,4,ORTHOPEDICS
1949,M,1,6,ORTHOPEDICS
1950,F,10,4,SURGERY
1951,F,1,5,ORTHOPEDICS
1952,M,6,4,SURGERY
1953,F,13,3,SURGERY
1954,F,1,5,GENERAL
1955,F,7,4,ORTHOPEDICS
1956,F,13,2,GENERAL
1957,F,1,5,GENERAL
1958,F,10,3,ORTHOPEDICS
1959,F,10,3,GENERAL
1960,F,6,4,SURGERY
1961,M,10,4,ORTHOPEDICS
1962,F,11,3,CARDIOLOGY
1963,M,1,5,SURGERY
1964,F,6,4,GENERAL
1965,F,1,5,ORTHOPEDICS
1966,F,10,3,SURGERY
1967,F,11,3,ORTHOPEDICS
1968,M,7,4,ORTHOPEDICS
1969,F,1,5,GENERAL
1970,F,1,5,CARDIOLOGY
1971,F,1,5,GENERAL
1972,M,10,3,CARDIOLOGY
1973,F,11,3,CARDIOLOGY
1974,M,6,4,GENERAL
1975,M,1,6,SURGERY
1976,M,6,4,ORTHOPEDICS
1977,M,1,5,CARDIOLOGY
1978,F,1,5,GENERAL
1979,F,13,2,SURGERY
1980,F,13,2,SURGERY
1981,M,1,5,CARDIOLOGY
1982,M,1,5,CARDIOLOGY
1983,M,10,4,CARDIOLOGY
1984,M,10,3,ORTHOPEDICS
1985,F,6,4,SURGERY
1986,F,8,4,GENERAL
1987,M,10,3,GENERAL
1988,M,6,4,CARDIOLOGY
1989,F,6,4,GENERAL
1990,M,10,3,CARDIOLOGY
1991,M,6,4,GENERAL
1992,M,6,4,GENERAL
1993,M,6,4,SURGERY
1994,M,13,3,SURGERY
1995,M,10,4,GENERAL
1996,M,10,4,SURGERY
1997,F,6,4,ORTHOPEDICS
1998,F,11,3,GENERAL
1999,M,1,5,GENERAL
2000,F,1,6,SURGERY
2001,M,10,3,GENERAL
2002,M,6,4,CARDIOLOGY
2003,F,13,2,CARDIOLOGY
2004,M,1,6,CARDIOLOGY
2005,M,1,6,GENERAL
2006,M,10,3,GENERAL
2007,F,10,4,ORTHOPEDICS
2008,F,1,5,SURGERY
2009,M,10,3,GENERAL
2010,M,7,4,GENERAL
2011,F,6,4,SURGERY
2012,M,13,2,SURGERY
2013,F,1,5,SURGERY
2014,M,10,4,ORTHOPEDICS
2015,M,6,4,SURGERY
2016,F,11,3,GENERAL
2017,F,6,4,GENERAL
2018,F,11,3,GENERAL
2019,M,1,5,GENERAL
2020,M,1,5,ORTHOPEDICS
2021,M,10,3,ORTHOPEDICS
2022,F,13,3,CARDIOLOGY
2023,F,1,5,GENERAL
2024,F,1,5,GENERAL
2025,M,8,4,GENERAL
2026,F,10,3,ORTHOPEDICS
2027,M,7,4,ORTHOPEDICS
2028,F,1,5,GENERAL
2029,M,6,4,GENERAL
2030,M,11,3,ORTHOPEDICS
2031,M,1,5,CARDIOLOGY
2032,M,1,6,SURGERY
2033,F,1,6,CARDIOLOGY
2034,F,1,6,CARDIOLOGY
2035,F,6,4,GENERAL
2036,M,13,3,GENERAL
2037,F,11,3,CARDIOLOGY
2038,M,6,4,CARDIOLOGY
2039,M,13,2,ORTHOPEDICS
2040,F,6,4,GENERAL
2041,M,13,3,GENERAL
2042,F,7,4,GENERAL
2043,M,6,4,GENERAL
2044,F,6,4,SURGERY
2045,F,6,4,GENERAL
2046,M,10,3,CARDIOLOGY
2047,M,6,4,SURGERY
2048,F,10,3,GENERAL
2049,M,6,4,SURGERY
2050,F,12,3,ORTHOPEDICS
2051,F,1,6,CARDIOLOGY
2052,M,1,5,CARDIOLOGY
2053,F,13,3,CARDIOLOGY
2054,M,1,5,CARDIOLOGY
2055,F,10,3,ORTHOPEDICS
2056,M,6,4,ORTHOPEDICS
2057,M,6,4,SURGERY
2058,M,13,2,GENERAL
2059,F,10,3,GENERAL
2060,M,13,3,GENERAL
2061,F,1,5,CARDIOLOGY
2062,M,1,6,CARDIOLOGY
2063,M,13,3,SURGERY
2064,M,10,4,CARDIOLOGY
2065,F,1,6,GENERAL
2066,M,1,5,GENERAL
2067,M,10,4,GENERAL
2068,M,1,5,CARDIOLOGY
2069,M,1,7,SURGERY
2070,M,10,4,ORTHOPEDICS
2071,M,6,4,ORTHOPEDICS
2072,M,10,4,CARDIOLOGY
2073,M,11,3,SURGERY
2074,F,10,4,CARDIOLOGY
2075,F,11,3,ORTHOPEDICS
2076,F,6,4,ORTHOPEDICS
2077,M,7,4,CARDIOLOGY
2078,M,6,4,ORTHOPEDICS
2079,F,6,4,ORTHOPEDICS
2080,M,1,6,ORTHOPEDICS
2081,F,6,4,SURGERY
2082,F,6,4,ORTHOPEDICS
2083,F,13,3,ORTHOPEDICS
2084,M,10,3,GENERAL
2085,M,1,5,CARDIOLOGY
2086,M,1,6,SURGERY
2087,M,10,3,ORTHOPEDICS
2088,F,6,4,GENERAL
2089,M,10,3,GENERAL
2090,F,6,4,ORTHOPEDICS
2091,M,10,3,ORTHOPEDICS
2092,F,6,4,SURGERY
2093,F,10,3,GENERAL
2094,F,10,4,CARDIOLOGY
2095,F,10,4,GENERAL
2096,F,6,4,GENERAL
2097,M,1,6,ORTHOPEDICS
2098,F,6,4,CARDIOLOGY
2099,M,10,4,GENERAL
2100,F,11,3,CARDIOLOGY
2101,M,6,4,SURGERY
2102,F,10,4,CARDIOLOGY
2103,F,11,3,SURGERY
2104,F,13,2,GENERAL
2105,M,6,4,SURGERY
2106,M,10,3,SURGERY
2107,M,6,4,GENERAL
2108,M,10,3,SURGERY
2109,F,1,5,GENERAL
2110,M,13,2,CARDIOLOGY
2111,F,13,3,SURGERY
2112,M,1,5,ORTHOPEDICS
2113,M,1,5,SURGERY
2114,F,10,4,ORTHOPEDICS
2115,F,11,3,GENERAL
2116,F,6,4,GENERAL
2117,F,10,3,ORTHOPEDICS
2118,F,1,5,SURGERY
2119,F,1,5,GENERAL
2120,M,7,4,GENERAL
2121,M,13,3,ORTHOPEDICS
2122,M,6,4,GENERAL
2123,M,10,3,GENERAL
2124,M,10,3,GENERAL
2125,F,13,2,SURGERY
2126,F,1,5,GENERAL
2127,F,10,4,ORTHOPEDICS
2128,M,1,6,GENERAL
2129,F,1,5,CARDIOLOGY
2130,M,10,3,GENERAL
2131,M,1,5,SURGERY
2132,F,10,4,GENERAL
2133,M,11,3,ORTHOPEDICS
2134,M,1,5,CARDIOLOGY
2135,M,1,5,SURGERY
2136,F,13,3,CARDIOLOGY
2137,M,1,5,GENERAL
2138,F,11,3,GENERAL
2139,F,6,5,SURGERY
2140,M,1,6,GENERAL
2141,M,13,3,GENERAL
2142,F,1,5,CARDIOLOGY
2143,M,10,3,SURGERY
2144,F,10,3,SURGERY
2145,M,6,4,ORTHOPEDICS
2146,F,10,4,SURGERY
2147,M,1,5,GENERAL
2148,F,1,6,ORTHOPEDICS
2149,M,1,5,CARDIOLOGY
2150,F,1,5,GENERAL
2151,F,6,5,GENERAL
2152,F,6,4,SURGERY
2153,M,11,3,CARDIOLOGY
2154,M,10,4,GENERAL
2155,M,1,5,ORTHOPEDICS
2156,F,7,4,CARDIOLOGY
2157,F,10,3,GENERAL
2158,M,10,4,ORTHOPEDICS
2159,M,10,4,SURGERY
2160,M,10,4,CARDIOLOGY
2161,F,7,4,CARDIOLOGY
2162,M,10,3,CARDIOLOGY
2163,M,11,3,GENERAL
2164,F,6,4,ORTHOPEDICS
2165,F,1,5,CARDIOLOGY
2166,F,1,5,CARDIOLOGY
2167,M,10,3,CARDIOLOGY
2168,M,7,4,SURGERY
2169,F,13,3,ORTHOPEDICS
2170,F,6,4,GENERAL
2171,F,10,3,GENERAL
2172,F,10,3,ORTHOPEDICS
2173,F,10,3,GENERAL
2174,F,1,5,GENERAL
2175,F,6,4,SURGERY
2176,M,1,6,GENERAL
2177,M,1,5,SURGERY
2178,M,1,5,ORTHOPEDICS
2179,M,13,2,GENERAL
2180,F,10,3,GENERAL
2181,M,1,5,ORTHOPEDICS
2182,M,1,5,ORTHOPEDICS
2183,M,7,4,GENERAL
2184,F,6,4,SURGERY
2185,M,1,5,SURGERY
2186,M,10,4,ORTHOPEDICS
2187,F,1,5,GENERAL
2188,F,1,5,GENERAL
2189,M,7,4,GENERAL
2190,M,6,4,CARDIOLOGY
2191,F,1,5,CARDIOLOGY
2192,M,1,5,SURGERY
2193,M,10,3,GENERAL
2194,M,11,3,CARDIOLOGY
2195,F,7,4,GENERAL
2196,F,13,2,GENERAL
2197,F,1,5,GENERAL
2198,F,11,3,ORTHOPEDICS
2199,M,6,4,GENERAL
2200,F,7,4,GENERAL
2201,F,6,4,CARDIOLOGY
2202,F,10,3,SURGERY
2203,F,1,5,SURGERY
2204,F,13,2,CARDIOLOGY
2205,F,6,4,ORTHOPEDICS
2206,M,6,4,ORTHOPEDICS
2207,F,1,7,ORTHOPEDICS
2208,F,6,4,CARDIOLOGY
2209,M,1,5,CARDIOLOGY
2210,F,1,5,CARDIOLOGY
2211,F,1,5,GENERAL
2212,F,10,3,GENERAL
2213,F,1,5,GENERAL
2214,M,6,4,GENERAL
2215,F,10,4,GENERAL
2216,M,10,3,GENERAL
2217,M,6,4,GENERAL
2218,M,10,3,ORTHOPEDICS
2219,F,6,4,GENERAL
2220,F,6,4,SURGERY
2221,M,9,4,ORTHOPEDICS
2222,M,13,1,SURGERY
2223,M,10,4,GENERAL
2224,F,1,5,GENERAL
2225,M,7,4,GENERAL
2226,M,1,5,ORTHOPEDICS
2227,M,13,2,ORTHOPEDICS
2228,M,10,3,SURGERY
2229,M,13,3,CARDIOLOGY
2230,F,1,6,GENERAL
2231,F,1,6,CARDIOLOGY
2232,F,11,3,CARDIOLOGY
2233,F,6,4,CARDIOLOGY
2234,M,1,5,ORTHOPEDICS
2235,M,6,4,CARDIOLOGY
2236,F,1,5,ORTHOPEDICS
2237,M,6,4,SURGERY
2238,M,10,4,GENERAL
2239,F,10,3,GENERAL
2240,M,6,4,ORTHOPEDICS
2241,M,1,5,CARDIOLOGY
2242,M,13,3,GENERAL
2243,M,10,3,SURGERY
2244,M,7,4,ORTHOPEDICS
2245,M,6,4,GENERAL
2246,M,1,5,ORTHOPEDICS
2247,F,6,4,CARDIOLOGY
2248,M,13,2,GENERAL
2249,M,12,3,GENERAL
2250,M,6,4,ORTHOPEDICS
2251,M,6,4,CARDIOLOGY
2252,M,10,4,CARDIOLOGY
2253,F,6,4,GENERAL
2254,F,7,4,SURGERY
2255,F,8,4,ORTHOPEDICS
2256,M,1,5,ORTHOPEDICS
2257,M,6,4,GENERAL
2258,F,11,3,ORTHOPEDICS
2259,F,10,3,ORTHOPEDICS
2260,M,10,3,CARDIOLOGY
2261,F,6,4,ORTHOPEDICS
2262,F,10,3,SURGERY
2263,F,1,5,GENERAL
2264,F,10,3,GENERAL
2265,M,13,2,GENERAL
2266,F,1,5,GENERAL
2267,F,1,5,GENERAL
2268,M,10,3,ORTHOPEDICS
2269,M,10,3,CARDIOLOGY
2270,F,1,5,CARDIOLOGY
2271,M,6,4,ORTHOPEDICS
2272,F,13,2,ORTHOPEDICS
2273,M,11,3,CARDIOLOGY
2274,M,1,5,GENERAL
2275,M,1,5,GENERAL
2276,M,1,6,SURGERY
2277,M,10,4,GENERAL
2278,M,1,5,GENERAL
2279,M,1,6,SURGERY
2280,F,6,4,SURGERY
2281,F,6,4,SURGERY
2282,F,1,5,GENERAL
2283,M,11,3,ORTHOPEDICS
2284,M,10,3,GENERAL
2285,M,10,3,SURGERY
2286,M,6,4,ORTHOPEDICS
2287,M,1,5,SURGERY
2288,M,6,4,ORTHOPEDICS
2289,M,1,5,SURGERY
2290,M,10,3,SURGERY
2291,M,6,4,SURGERY
2292,F,1,6,GENERAL
2293,M,13,3,SURGERY
2294,M,1,5,SURGERY
2295,M,1,5,SURGERY
2296,M,6,4,ORTHOPEDICS
2297,F,1,5,ORTHOPEDICS
2298,F,13,2,SURGERY
2299,M,10,4,CARDIOLOGY
2300,F,10,3,CARDIOLOGY
2301,F,6,4,GENERAL
2302,M,10,4,CARDIOLOGY
2303,M,13,2,GENERAL
2304,F,7,4,ORTHOPEDICS
2305,M,1,5,GENERAL
2306,F,1,5,GENERAL
2307,M,13,2,GENERAL
2308,F,1,5,GENERAL
2309,F,6,4,GENERAL
2310,M,13,3,ORTHOPEDICS
2311,M,6,4,GENERAL
2312,M,6,4,GENERAL
2313,M,11,3,CARDIOLOGY
2314,F,13,2,SURGERY
2315,F,6,4,SURGERY
2316,F,6,4,ORTHOPEDICS
2317,F,1,5,SURGERY
2318,F,10,3,GENERAL
2319,F,1,6,ORTHOPEDICS
2320,F,6,4,ORTHOPEDICS
2321,M,7,4,CARDIOLOGY
2322,M,10,3,GENERAL
2323,F,1,5,CARDIOLOGY
2324,F,1,5,SURGERY
2325,F,10,4,SURGERY
2326,F,1,7,SURGERY
2327,F,1,5,SURGERY
2328,F,10,3,SURGERY
2329,M,1,6,CARDIOLOGY
2330,M,13,2,GENERAL
2331,F,10,3,ORTHOPEDICS
2332,F,1,5,ORTHOPEDICS
2333,M,10,3,ORTHOPEDICS
2334,M,1,5,GENERAL
2335,F,6,4,CARDIOLOGY
2336,F,7,4,CARDIOLOGY
2337,F,6,4,SURGERY
2338,M,6,4,ORTHOPEDICS
2339,F,10,3,SURGERY
2340,F,1,6,GENERAL
2341,F,6,4,CARDIOLOGY
2342,F,1,5,GENERAL
2343,M,10,4,GENERAL
2344,F,1,6,GENERAL
2345,F,13,2,ORTHOPEDICS
2346,F,11,3,SURGERY
2347,M,11,3,GENERAL
2348,M,10,4,GENERAL
2349,M,7,4,GENERAL
2350,F,10,4,CARDIOLOGY
2351,F,6,4,GENERAL
2352,F,10,3,ORTHOPEDICS
2353,F,10,3,GENERAL
2354,M,6,4,CARDIOLOGY
2355,M,6,4,GENERAL
2356,M,13,2,GENERAL
2357,F,11,3,SURGERY
2358,F,1,5,ORTHOPEDICS
2359,M,11,3,SURGERY
2360,F,6,4,GENERAL
2361,F,1,5,SURGERY
2362,F,10,3,GENERAL
2363,M,1,5,ORTHOPEDICS
2364,M,6,4,CARDIOLOGY
2365,M,10,3,ORTHOPEDICS
2366,F,10,3,CARDIOLOGY
2367,M,10,3,GENERAL
2368,F,7,4,SURGERY
2369,M,13,2,CARDIOLOGY
2370,F,1,5,CARDIOLOGY
2371,F,1,5,CARDIOLOGY
2372,M,1,5,GENERAL
2373,F,10,4,GENERAL
2374,F,1,5,SURGERY
2375,F,6,4,ORTHOPEDICS
2376,F,1,5,GENERAL
2377,F,6,4,GENERAL
2378,M,10,3,CARDIOLOGY
2379,M,7,4,CARDIOLOGY
2380,F,1,5,CARDIOLOGY
2381,F,10,3,GENERAL
2382,M,11,3,CARDIOLOGY
2383,F,10,3,SURGERY
2384,F,13,3,GENERAL
2385,M,6,4,GENERAL
2386,F,10,3,CARDIOLOGY
2387,M,11,3,GENERAL
2388,F,6,4,CARDIOLOGY
2389,F,1,5,GENERAL
2390,F,6,4,GENERAL
2391,M,10,4,GENERAL
2392,M,10,4,GENERAL
2393,F,6,4,SURGERY
2394,F,10,4,GENERAL
2395,M,1,5,SURGERY
2396,M,1,5,SURGERY
2397,F,1,5,CARDIOLOGY
2398,F,10,4,SURGERY
2399,M,11,3,GENERAL
2400,M,10,4,GENERAL
2401,M,10,3,GENERAL
2402,F,10,4,GENERAL
2403,F,10,3,ORTHOPEDICS
2404,M,1,5,SURGERY
2405,M,10,3,GENERAL
2406,F,1,5,GENERAL
2407,M,1,6,GENERAL
2408,M,6,4,ORTHOPEDICS
2409,M,10,3,GENERAL
2410,F,1,5,CARDIOLOGY
2411,M,1,6,CARDIOLOGY
2412,F,7,4,ORTHOPEDICS
2413,M,6,4,ORTHOPEDICS
2414,M,10,3,SURGERY
2415,M,6,4,CARDIOLOGY
2416,M,10,3,GENERAL
2417,M,6,4,SURGERY
2418,F,10,4,ORTHOPEDICS
2419,F,10,3,GENERAL
2420,F,1,5,ORTHOPEDICS
2421,F,1,5,ORTHOPEDICS
2422,M,6,4,GENERAL
2423,M,13,2,GENERAL
2424,M,1,5,GENERAL
2425,F,1,6,ORTHOPEDICS
2426,M,6,4,GENERAL
2427,M,13,2,GENERAL
2428,M,1,5,SURGERY
2429,M,13,2,ORTHOPEDICS
2430,F,10,3,CARDIOLOGY
2431,F,10,4,GENERAL
2432,F,1,5,SURGERY
2433,M,13,3,SURGERY
2434,F,11,3,ORTHOPEDICS
2435,M,1,5,GENERAL
2436,F,1,6,GENERAL
2437,F,13,3,GENERAL
2438,F,13,2,ORTHOPEDICS
2439,F,13,2,ORTHOPEDICS
2440,M,10,3,ORTHOPEDICS
2441,F,1,5,GENERAL
2442,F,11,3,CARDIOLOGY
2443,M,6,4,ORTHOPEDICS
2444,F,10,4,GENERAL
2445,F,6,4,SURGERY
2446,M,10,3,ORTHOPEDICS
2447,F,1,5,ORTHOPEDICS
2448,M,10,3,CARDIOLOGY
2449,F,1,6,GENERAL
2450,M,10,3,GENERAL
2451,M,1,5,ORTHOPEDICS
2452,F,6,4,SURGERY
2453,M,7,4,ORTHOPEDICS
2454,M,12,3,GENERAL
2455,F,10,4,GENERAL
2456,F,6,4,SURGERY
2457,F,1,5,SURGERY
2458,F,10,4,ORTHOPEDICS
2459,M,6,4,GENERAL
2460,M,1,6,GENERAL
2461,F,13,2,GENERAL
2462,F,6,4,GENERAL
2463,M,1,5,GENERAL
2464,M,10,4,GENERAL
2465,M,1,5,ORTHOPEDICS
2466,F,6,4,ORTHOPEDICS
2467,F,10,4,GENERAL
2468,F,10,3,GENERAL
2469,M,1,5,SURGERY
2470,F,6,4,CARDIOLOGY
2471,F,13,2,GENERAL
2472,F,1,5,ORTHOPEDICS
2473,M,7,4,ORTHOPEDICS
2474,M,10,4,GENERAL
2475,M,10,4,CARDIOLOGY
2476,M,10,3,GENERAL
2477,M,6,4,CARDIOLOGY
2478,M,6,4,GENERAL
2479,M,10,3,GENERAL
2480,F,6,4,GENERAL
2481,M,1,5,SURGERY
2482,F,6,4,ORTHOPEDICS
2483,M,10,3,GENERAL
2484,M,10,3,CARDIOLOGY
2485,M,10,3,SURGERY
2486,M,13,3,GENERAL
2487,M,6,4,ORTHOPEDICS
2488,F,1,5,SURGERY
2489,M,11,3,ORTHOPEDICS
2490,F,7,4,GENERAL
2491,M,7,4,CARDIOLOGY
2492,F,1,5,SURGERY
2493,M,6,4,ORTHOPEDICS
2494,M,7,4,GENERAL
2495,M,6,4,ORTHOPEDICS
2496,F,10,3,CARDIOLOGY
2497,F,10,3,ORTHOPEDICS
2498,M,6,4,GENERAL
2499,F,6,4,SURGERY
2500,F,7,4,GENERAL
2501,M,1,5,ORTHOPEDICS
2502,M,1,5,CARDIOLOGY
2503,M,13,3,SURGERY
2504,F,10,3,GENERAL
2505,F,13,2,ORTHOPEDICS
2506,F,7,4,GENERAL
2507,M,1,5,GENERAL
2508,F,8,4,ORTHOPEDICS
2509,F,6,4,ORTHOPEDICS
2510,F,6,4,ORTHOPEDICS
2511,F,7,4,SURGERY
2512,F,1,5,ORTHOPEDICS
2513,M,6,4,CARDIOLOGY
2514,F,10,3,GENERAL
2515,M,11,3,CARDIOLOGY
2516,M,10,3,GENERAL
2517,M,10,3,ORTHOPEDICS
2518,F,1,6,SURGERY
2519,F,1,6,GENERAL
2520,F,10,3,SURGERY
2521,M,1,5,GENERAL
2522,F,10,4,SURGERY
2523,F,1,5,SURGERY
2524,M,7,4,ORTHOPEDICS
2525,F,10,3,GENERAL
2526,M,13,1,ORTHOPEDICS
2527,M,7,4,GENERAL
2528,F,13,2,GENERAL
2529,M,1,6,CARDIOLOGY
2530,F,1,5,GENERAL
2531,M,10,4,GENERAL
2532,M,10,4,GENERAL
2533,F,1,5,GENERAL
2534,M,6,4,SURGERY
2535,M,1,5,SURGERY
2536,F,1,5,SURGERY
2537,F,11,3,GENERAL
2538,F,13,3,GENERAL
2539,M,6,4,GENERAL
2540,M,1,5,SURGERY
2541,M,6,4,CARDIOLOGY
2542,F,6,4,CARDIOLOGY
2543,M,10,3,GENERAL
2544,M,6,4,SURGERY
2545,F,1,5,SURGERY
2546,M,13,3,GENERAL
2547,M,10,4,ORTHOPEDICS
2548,M,6,4,GENERAL
2549,F,1,5,CARDIOLOGY
2550,M,7,4,GENERAL
2551,F,1,5,ORTHOPEDICS
2552,F,1,5,SURGERY
2553,M,6,5,ORTHOPEDICS
2554,F,10,4,CARDIOLOGY
2555,M,1,5,GENERAL
2556,M,10,3,CARDIOLOGY
2557,F,1,5,GENERAL
2558,M,10,4,SURGERY
2559,M,1,5,CARDIOLOGY
2560,F,1,5,GENERAL
2561,F,10,3,CARDIOLOGY
2562,M,13,3,CARDIOLOGY
2563,M,11,3,GENERAL
2564,M,10,4,GENERAL
2565,M,6,4,GENERAL
2566,M,1,5,GENERAL
2567,F,1,5,SURGERY
2568,F,10,3,GENERAL
2569,M,6,4,GENERAL
2570,F,6,4,SURGERY
2571,F,10,3,GENERAL
2572,F,10,3,ORTHOPEDICS
2573,M,1,5,GENERAL
2574,F,13,3,ORTHOPEDICS
2575,F,6,4,SURGERY
2576,M,6,4,CARDIOLOGY
2577,F,10,3,CARDIOLOGY
2578,F,1,5,SURGERY
2579,F,13,3,ORTHOPEDICS
2580,M,1,5,GENERAL
2581,F,6,4,GENERAL
2582,F,13,2,ORTHOPEDICS
2583,F,8,4,SURGERY
2584,F,1,5,ORTHOPEDICS
2585,M,6,4,CARDIOLOGY
2586,M,6,5,GENERAL
2587,F,6,4,GENERAL
2588,F,10,4,CARDIOLOGY
2589,F,10,3,GENERAL
2590,F,6,4,GENERAL
2591,F,6,4,ORTHOPEDICS
2592,F,13,1,ORTHOPEDICS
2593,M,11,3,SURGERY
2594,F,10,3,ORTHOPEDICS
2595,M,6,4,CARDIOLOGY
2596,F,13,2,SURGERY
2597,M,13,2,ORTHOPEDICS
2598,M,6,4,CARDIOLOGY
2599,M,7,4,ORTHOPEDICS
2600,M,1,5,ORTHOPEDICS
2601,F,10,3,GENERAL
2602,M,11,3,SURGERY
2603,F,6,4,GENERAL
2604,F,1,5,ORTHOPEDICS
2605,M,6,4,ORTHOPEDICS
2606,F,1,5,SURGERY
2607,M,10,4,ORTHOPEDICS
2608,F,10,4,CARDIOLOGY
2609,M,1,5,GENERAL
2610,F,1,5,SURGERY
2611,F,6,4,ORTHOPEDICS
2612,F,10,3,GENERAL
2613,F,1,5,ORTHOPEDICS
2614,F,10,4,CARDIOLOGY
2615,M,1,5,ORTHOPEDICS
2616,M,7,4,ORTHOPEDICS
2617,F,10,3,ORTHOPEDICS
2618,F,1,5,SURGERY
2619,F,6,4,GENERAL
2620,M,1,5,ORTHOPEDICS
2621,M,6,5,CARDIOLOGY
2622,F,10,3,GENERAL
2623,F,1,5,GENERAL
2624,F,1,5,SURGERY
2625,M,6,4,GENERAL
2626,F,1,5,CARDIOLOGY
2627,F,12,3,CARDIOLOGY
2628,F,13,2,GENERAL
2629,M,13,2,SURGERY
2630,F,1,5,SURGERY
2631,M,1,5,CARDIOLOGY
2632,F,10,4,GENERAL
2633,F,7,4,ORTHOPEDICS
2634,M,6,4,GENERAL
2635,F,1,5,CARDIOLOGY
2636,M,6,4,GENERAL
2637,F,1,6,GENERAL
2638,M,10,3,ORTHOPEDICS
2639,M,7,4,GENERAL
2640,M,11,3,CARDIOLOGY
2641,F,7,4,GENERAL
2642,F,1,5,ORTHOPEDICS
2643,M,13,3,SURGERY
2644,F,13,3,GENERAL
2645,M,1,6,ORTHOPEDICS
2646,M,6,4,CARDIOLOGY
2647,M,10,3,SURGERY
2648,F,1,5,CARDIOLOGY
2649,F,1,5,CARDIOLOGY
2650,M,11,3,CARDIOLOGY
2651,M,13,3,CARDIOLOGY
2652,M,6,4,ORTHOPEDICS
2653,F,1,5,SURGERY
2654,M,1,5,GENERAL
2655,M,6,4,CARDIOLOGY
2656,M,13,3,ORTHOPEDICS
2657,M,1,6,ORTHOPEDICS
2658,F,1,5,CARDIOLOGY
2659,F,10,3,CARDIOLOGY
2660,F,10,3,SURGERY
2661,F,13,3,GENERAL
2662,F,1,5,GENERAL
2663,M,11,3,CARDIOLOGY
2664,F,1,6,SURGERY
2665,M,6,4,GENERAL
2666,M,6,4,ORTHOPEDICS
2667,F,6,4,SURGERY
2668,F,7,4,GENERAL
2669,F,10,3,CARDIOLOGY
2670,F,1,5,GENERAL
2671,M,6,4,ORTHOPEDICS
2672,F,10,3,GENERAL
2673,M,13,2,CARDIOLOGY
2674,F,10,3,CARDIOLOGY
2675,M,6,4,SURGERY
2676,M,7,4,GENERAL
2677,F,11,3,SURGERY
2678,M,10,3,CARDIOLOGY
2679,M,10,3,SURGERY
2680,F,6,4,SURGERY
2681,F,10,3,GENERAL
2682,F,6,4,CARDIOLOGY
2683,F,10,4,GENERAL
2684,F,13,2,GENERAL
2685,M,13,2,GENERAL
2686,M,10,3,ORTHOPEDICS
2687,M,11,3,SURGERY
2688,M,11,3,SURGERY
2689,F,10,3,GENERAL
2690,M,10,3,ORTHOPEDICS
2691,F,10,3,GENERAL
2692,M,10,3,SURGERY
2693,F,11,3,GENERAL
2694,F,1,5,GENERAL
2695,F,10,3,SURGERY
2696,M,13,2,CARDIOLOGY
2697,F,13,3,SURGERY
2698,M,6,4,GENERAL
2699,F,10,4,ORTHOPEDICS
2700,F,6,4,CARDIOLOGY
2701,F,13,2,GENERAL
2702,M,10,3,GENERAL
2703,F,7,4,GENERAL
2704,F,11,3,ORTHOPEDICS
2705,F,6,4,ORTHOPEDICS
2706,M,1,5,SURGERY
2707,F,6,4,GENERAL
2708,F,6,4,GENERAL
2709,F,6,4,ORTHOPEDICS
2710,F,6,4,ORTHOPEDICS
2711,F,10,3,GENERAL
2712,M,10,4,ORTHOPEDICS
2713,M,11,3,ORTHOPEDICS
2714,M,6,4,CARDIOLOGY
2715,M,13,2,CARDIOLOGY
2716,F,6,4,ORTHOPEDICS
2717,F,1,5,GENERAL
2718,M,1,5,CARDIOLOGY
2719,M,6,4,GENERAL
2720,M,13,2,GENERAL
2721,M,1,5,GENERAL
2722,M,1,6,ORTHOPEDICS
2723,F,1,5,GENERAL
2724,M,1,5,SURGERY
2725,M,1,5,SURGERY
2726,M,1,5,ORTHOPEDICS
2727,M,1,5,GENERAL
2728,M,1,5,ORTHOPEDICS
2729,F,10,4,SURGERY
2730,F,1,5,ORTHOPEDICS
2731,F,10,3,SURGERY
2732,M,1,5,SURGERY
2733,M,10,3,GENERAL
2734,M,10,4,ORTHOPEDICS
2735,F,10,3,GENERAL
2736,M,1,5,ORTHOPEDICS
2737,F,13,2,CARDIOLOGY
2738,M,1,5,GENERAL
2739,F,6,4,GENERAL
2740,F,1,6,CARDIOLOGY
2741,M,13,2,ORTHOPEDICS
2742,M,10,3,GENERAL
2743,F,10,3,CARDIOLOGY
2744,F,1,5,CARDIOLOGY
2745,F,13,2,ORTHOPEDICS
2746,M,10,3,SURGERY
2747,M,1,5,ORTHOPEDICS
2748,M,1,5,CARDIOLOGY
2749,M,10,3,CARDIOLOGY
2750,M,1,5,GENERAL
2751,M,1,5,GENERAL
2752,F,1,5,CARDIOLOGY
2753,F,10,4,SURGERY
2754,F,6,4,ORTHOPEDICS
2755,F,7,4,SURGERY
2756,M,1,5,CARDIOLOGY
2757,M,11,3,GENERAL
2758,M,13,2,ORTHOPEDICS
2759,M,1,5,GENERAL
2760,F,13,2,SURGERY
2761,F,6,4,CARDIOLOGY
2762,M,6,4,ORTHOPEDICS
2763,M,6,4,CARDIOLOGY
2764,M,1,5,CARDIOLOGY
2765,M,7,4,ORTHOPEDICS
2766,F,10,4,GENERAL
2767,F,1,5,GENERAL
2768,M,6,4,SURGERY
2769,F,1,5,GENERAL
2770,F,6,4,CARDIOLOGY
2771,F,10,4,ORTHOPEDICS
2772,M,6,4,GENERAL
2773,M,7,4,GENERAL
2774,M,8,4,SURGERY
2775,M,1,5,GENERAL
2776,M,10,3,CARDIOLOGY
2777,F,6,4,GENERAL
2778,F,6,4,SURGERY
2779,F,1,5,GENERAL
2780,F,6,4,CARDIOLOGY
2781,F,1,5,GENERAL
2782,M,1,5,GENERAL
2783,M,1,6,GENERAL
2784,M,1,5,SURGERY
2785,F,10,4,CARDIOLOGY
2786,F,10,3,SURGERY
2787,M,6,4,ORTHOPEDICS
2788,M,1,5,SURGERY
2789,F,10,4,GENERAL
2790,M,10,3,ORTHOPEDICS
2791,F,10,3,ORTHOPEDICS
2792,M,6,4,SURGERY
2793,F,8,4,SURGERY
2794,F,1,6,SURGERY
2795,M,1,5,GENERAL
2796,F,6,4,GENERAL
2797,F,6,4,SURGERY
2798,M,6,4,SURGERY
2799,F,1,5,CARDIOLOGY
2800,M,1,5,SURGERY
2801,M,13,2,GENERAL
2802,M,13,3,CARDIOLOGY
2803,F,1,5,CARDIOLOGY
2804,F,13,2,SURGERY
2805,F,10,3,SURGERY
2806,M,6,4,CARDIOLOGY
2807,M,13,3,GENERAL
2808,F,1,5,SURGERY
2809,M,10,4,GENERAL
2810,M,13,2,GENERAL
2811,M,13,3,ORTHOPEDICS
2812,M,10,4,ORTHOPEDICS
2813,F,1,5,SURGERY
2814,M,6,4,GENERAL
2815,M,1,5,ORTHOPEDICS
2816,M,6,4,ORTHOPEDICS
2817,M,6,4,SURGERY
2818,F,7,4,CARDIOLOGY
2819,M,7,4,SURGERY
2820,M,10,3,SURGERY
2821,F,1,5,ORTHOPEDICS
2822,F,7,4,GENERAL
2823,M,11,3,GENERAL
2824,M,10,3,CARDIOLOGY
2825,M,10,4,SURGERY
2826,F,11,3,GENERAL
2827,M,13,2,GENERAL
2828,M,7,4,CARDIOLOGY
2829,M,1,8,ORTHOPEDICS
2830,F,11,3,ORTHOPEDICS
2831,F,1,5,GENERAL
2832,F,10,3,GENERAL
2833,F,10,3,GENERAL
2834,F,13,2,GENERAL
2835,F,1,5,CARDIOLOGY
2836,M,10,3,GENERAL
2837,M,7,4,ORTHOPEDICS
2838,F,13,2,GENERAL
2839,M,6,4,SURGERY
2840,M,10,3,SURGERY
2841,F,11,3,GENERAL
2842,F,1,5,CARDIOLOGY
2843,M,10,4,GENERAL
2844,M,7,4,GENERAL
2845,M,1,6,ORTHOPEDICS
2846,F,6,4,SURGERY
2847,F,1,6,GENERAL
2848,F,6,4,SURGERY
2849,M,10,4,GENERAL
2850,F,10,4,CARDIOLOGY
2851,F,1,5,CARDIOLOGY
2852,M,6,4,CARDIOLOGY
2853,M,6,4,ORTHOPEDICS
2854,M,1,5,CARDIOLOGY
2855,M,6,4,GENERAL
2856,M,1,6,CARDIOLOGY
2857,M,7,4,SURGERY
2858,F,10,4,GENERAL
2859,M,6,4,CARDIOLOGY
2860,M,6,4,GENERAL
2861,M,1,5,SURGERY
2862,F,13,2,GENERAL
2863,M,1,5,ORTHOPEDICS
2864,F,13,3,SURGERY
2865,M,7,4,ORTHOPEDICS
2866,F,6,4,ORTHOPEDICS
2867,M,7,4,SURGERY
2868,M,10,3,SURGERY
2869,F,10,4,ORTHOPEDICS
2870,F,10,4,GENERAL
2871,F,1,6,GENERAL
2872,M,1,5,SURGERY
2873,F,1,6,CARDIOLOGY
2874,F,10,3,GENERAL
2875,F,1,5,ORTHOPEDICS
2876,M,6,4,GENERAL
2877,F,10,3,CARDIOLOGY
2878,M,1,5,CARDIOLOGY
2879,F,11,3,GENERAL
2880,F,7,4,GENERAL
2881,F,1,5,CARDIOLOGY
2882,M,6,4,SURGERY
2883,M,6,4,ORTHOPEDICS
2884,M,1,5,SURGERY
2885,M,1,5,CARDIOLOGY
2886,F,1,6,GENERAL
2887,F,6,4,CARDIOLOGY
2888,M,6,4,GENERAL
2889,F,10,4,CARDIOLOGY
2890,M,6,4,ORTHOPEDICS
2891,F,1,5,ORTHOPEDICS
2892,F,13,2,ORTHOPEDICS
2893,F,10,4,GENERAL
2894,M,10,3,ORTHOPEDICS
2895,M,11,3,ORTHOPEDICS
2896,M,11,3,ORTHOPEDICS
2897,M,1,5,ORTHOPEDICS
2898,F,10,4,ORTHOPEDICS
2899,F,13,3,ORTHOPEDICS
2900,F,11,3,SURGERY
2901,M,1,5,CARDIOLOGY
2902,F,11,3,SURGERY
2903,M,10,4,GENERAL
2904,M,10,4,SURGERY
2905,F,1,5,ORTHOPEDICS
2906,F,13,2,GENERAL
2907,M,7,4,GENERAL
2908,F,10,3,ORTHOPEDICS
2909,M,6,4,CARDIOLOGY
2910,M,10,3,CARDIOLOGY
2911,M,7,4,SURGERY
2912,M,1,5,GENERAL
2913,M,10,3,ORTHOPEDICS
2914,F,10,4,GENERAL
2915,F,11,3,ORTHOPEDICS
2916,F,6,4,ORTHOPEDICS
2917,M,6,4,SURGERY
2918,M,6,4,SURGERY
2919,F,10,4,GENERAL
2920,F,11,3,GENERAL
2921,F,10,3,GENERAL
2922,M,1,6,CARDIOLOGY
2923,M,11,3,CARDIOLOGY
2924,M,13,3,GENERAL
2925,M,7,4,GENERAL
2926,F,1,5,ORTHOPEDICS
2927,M,13,2,GENERAL
2928,M,1,6,SURGERY
2929,M,13,2,GENERAL
2930,M,10,3,GENERAL
2931,M,10,3,GENERAL
2932,M,13,3,SURGERY
2933,F,7,4,GENERAL
2934,F,13,2,CARDIOLOGY
2935,M,6,4,CARDIOLOGY
2936,M,10,4,GENERAL
2937,F,10,3,GENERAL
2938,F,11,3,ORTHOPEDICS
2939,M,1,5,ORTHOPEDICS
2940,F,1,5,CARDIOLOGY
2941,F,1,5,GENERAL
2942,M,6,4,SURGERY
2943,F,10,3,SURGERY
2944,M,6,4,SURGERY
2945,M,6,4,GENERAL
2946,F,11,3,GENERAL
2947,F,10,3,CARDIOLOGY
2948,F,6,4,GENERAL
2949,F,11,3,GENERAL
2950,M,11,3,CARDIOLOGY
2951,M,10,3,GENERAL
2952,F,6,4,ORTHOPEDICS
2953,F,10,4,CARDIOLOGY
2954,M,6,4,CARDIOLOGY
2955,M,1,5,SURGERY
2956,M,7,4,ORTHOPEDICS
2957,M,6,4,GENERAL
2958,F,6,4,SURGERY
2959,M,6,4,SURGERY
2960,M,10,3,ORTHOPEDICS
2961,F,10,3,GENERAL
2962,F,1,5,CARDIOLOGY
2963,F,10,3,CARDIOLOGY
2964,F,1,5,GENERAL
2965,M,6,4,CARDIOLOGY
2966,M,10,4,GENERAL
2967,M,6,4,ORTHOPEDICS
2968,F,1,5,GENERAL
2969,F,1,5,GENERAL
2970,M,7,4,GENERAL
2971,F,1,5,SURGERY
2972,M,1,5,GENERAL
2973,M,10,4,CARDIOLOGY
2974,F,1,5,CARDIOLOGY
2975,M,10,3,GENERAL
2976,M,6,4,ORTHOPEDICS
2977,M,10,3,ORTHOPEDICS
2978,M,7,4,CARDIOLOGY
2979,M,10,3,GENERAL
2980,F,1,5,SURGERY
2981,M,6,4,GENERAL
2982,F,6,4,CARDIOLOGY
2983,M,1,5,GENERAL
2984,M,6,4,ORTHOPEDICS
2985,M,13,3,ORTHOPEDICS
2986,F,12,3,GENERAL
2987,M,13,2,CARDIOLOGY
2988,M,1,5,GENERAL
2989,M,1,5,GENERAL
2990,F,1,5,CARDIOLOGY
2991,F,10,4,CARDIOLOGY
2992,M,13,3,GENERAL
2993,F,7,4,GENERAL
2994,M,13,2,SURGERY
2995,F,1,5,GENERAL
2996,M,6,4,CARDIOLOGY
2997,M,10,3,GENERAL
2998,F,1,5,GENERAL
2999,M,1,5,GENERAL
3000,F,6,4,CARDIOLOGY
3001,M,6,4,GENERAL
3002,M,13,2,SURGERY
3003,M,10,4,CARDIOLOGY
3004,M,7,4,GENERAL
3005,M,10,3,SURGERY
3006,F,10,3,GENERAL
3007,M,10,3,SURGERY
3008,M,11,3,SURGERY
3009,F,13,2,SURGERY
3010,F,10,4,GENERAL
3011,M,10,3,GENERAL
3012,F,10,3,GENERAL
3013,F,6,4,SURGERY
3014,F,7,4,CARDIOLOGY
3015,M,6,4,ORTHOPEDICS
3016,F,10,3,GENERAL
3017,F,13,2,CARDIOLOGY
3018,M,6,4,CARDIOLOGY
3019,F,1,5,ORTHOPEDICS
3020,F,1,5,GENERAL
3021,M,10,4,GENERAL
3022,F,10,4,SURGERY
3023,F,11,3,GENERAL
3024,F,1,5,SURGERY
3025,M,10,3,GENERAL
3026,M,7,4,CARDIOLOGY
3027,M,6,4,GENERAL
3028,F,6,4,GENERAL
3029,F,6,4,SURGERY
3030,F,11,3,GENERAL
3031,F,10,4,CARDIOLOGY
3032,M,1,5,GENERAL
3033,F,6,4,GENERAL
3034,F,11,3,GENERAL
3035,M,1,6,CARDIOLOGY
3036,F,10,3,ORTHOPEDICS
3037,F,10,4,SURGERY
3038,F,1,5,GENERAL
3039,M,11,3,CARDIOLOGY
3040,F,6,4,ORTHOPEDICS
3041,F,6,4,ORTHOPEDICS
3042,F,10,3,SURGERY
3043,M,6,4,CARDIOLOGY
3044,M,13,2,CARDIOLOGY
3045,F,10,4,CARDIOLOGY
3046,F,6,4,ORTHOPEDICS
3047,F,1,5,ORTHOPEDICS
3048,M,11,3,ORTHOPEDICS
3049,M,1,5,SURGERY
3050,F,10,4,GENERAL
3051,F,6,4,CARDIOLOGY
3052,F,10,3,SURGERY
3053,F,11,3,GENERAL
3054,F,7,4,GENERAL
3055,M,11,3,ORTHOPEDICS
3056,M,1,5,GENERAL
3057,F,1,5,SURGERY
3058,M,10,3,CARDIOLOGY
3059,M,6,4,CARDIOLOGY
3060,F,1,5,SURGERY
3061,M,1,5,ORTHOPEDICS
3062,M,13,2,GENERAL
3063,F,1,6,SURGERY
3064,F,6,4,SURGERY
3065,M,8,4,ORTHOPEDICS
3066,F,11,3,GENERAL
3067,M,7,4,SURGERY
3068,M,13,2,CARDIOLOGY
3069,M,13,2,SURGERY
3070,M,6,4,GENERAL
3071,F,13,2,GENERAL
3072,F,1,5,GENERAL
3073,F,1,6,ORTHOPEDICS
3074,M,1,5,GENERAL
3075,F,7,4,SURGERY
3076,M,1,5,SURGERY
3077,F,6,4,GENERAL
3078,M,13,3,CARDIOLOGY
3079,M,6,4,ORTHOPEDICS
3080,M,10,3,GENERAL
3081,F,6,4,GENERAL
3082,F,10,3,SURGERY
3083,M,10,4,GENERAL
3084,F,6,4,GENERAL
3085,M,1,5,GENERAL
3086,F,13,2,CARDIOLOGY
3087,F,10,3,GENERAL
3088,F,11,3,ORTHOPEDICS
3089,M,6,4,SURGERY
3090,F,7,4,GENERAL
3091,F,1,5,GENERAL
3092,F,13,2,GENERAL
3093,F,1,7,ORTHOPEDICS
3094,F,6,4,CARDIOLOGY
3095,F,10,4,GENERAL
3096,M,7,4,SURGERY
3097,F,6,4,GENERAL
3098,M,1,5,ORTHOPEDICS
3099,F,10,3,CARDIOLOGY
3100,F,6,4,GENERAL
3101,F,1,5,GENERAL
3102,M,1,6,SURGERY
3103,F,13,2,SURGERY
3104,M,6,4,GENERAL
3105,F,1,6,CARDIOLOGY
3106,F,13,3,SURGERY
3107,F,11,3,GENERAL
3108,F,1,6,ORTHOPEDICS
3109,M,1,5,GENERAL
3110,F,6,4,CARDIOLOGY
3111,F,1,5,SURGERY
3112,F,6,4,CARDIOLOGY
3113,F,10,3,SURGERY
3114,M,1,5,CARDIOLOGY
3115,M,6,4,ORTHOPEDICS
3116,M,6,4,SURGERY
3117,M,13,2,SURGERY
3118,M,1,5,CARDIOLOGY
3119,F,10,4,SURGERY
3120,F,1,5,ORTHOPEDICS
3121,F,7,4,ORTHOPEDICS
3122,M,1,5,CARDIOLOGY
3123,M,11,3,SURGERY
3124,M,11,3,CARDIOLOGY
3125,F,6,4,CARDIOLOGY
3126,M,1,5,CARDIOLOGY
3127,M,7,4,GENERAL
3128,F,10,4,GENERAL
3129,M,1,5,CARDIOLOGY
3130,M,6,4,GENERAL
3131,M,10,4,GENERAL
3132,M,6,4,SURGERY
3133,M,6,4,SURGERY
3134,F,10,3,GENERAL
3135,M,10,4,SURGERY
3136,F,1,5,GENERAL
3137,M,7,4,ORTHOPEDICS
3138,F,11,3,SURGERY
3139,F,6,4,GENERAL
3140,M,1,5,GENERAL
3141,M,7,4,SURGERY
3142,F,10,3,CARDIOLOGY
3143,M,6,4,SURGERY
3144,F,6,4,ORTHOPEDICS
3145,M,10,4,SURGERY
3146,M,13,1,GENERAL
3147,M,1,5,SURGERY
3148,F,10,4,GENERAL
3149,M,1,5,GENERAL
3150,M,1,5,GENERAL
3151,F,13,2,CARDIOLOGY
3152,F,10,3,GENERAL
3153,M,6,4,CARDIOLOGY
3154,F,6,4,CARDIOLOGY
3155,F,11,3,CARDIOLOGY
3156,F,6,4,SURGERY
3157,F,6,4,GENERAL
3158,M,1,5,GENERAL
3159,F,6,4,ORTHOPEDICS
3160,F,1,5,CARDIOLOGY
3161,F,6,4,GENERAL
3162,F,6,4,ORTHOPEDICS
3163,F,6,4,CARDIOLOGY
3164,F,10,3,SURGERY
3165,M,10,3,SURGERY
3166,F,13,2,GENERAL
3167,M,6,4,SURGERY
3168,M,1,6,CARDIOLOGY
3169,M,1,5,ORTHOPEDICS
3170,M,13,2,GENERAL
3171,M,7,4,CARDIOLOGY
3172,F,6,4,CARDIOLOGY
3173,F,10,3,GENERAL
3174,M,10,3,CARDIOLOGY
3175,M,1,5,GENERAL
3176,M,6,4,SURGERY
3177,F,6,4,CARDIOLOGY
3178,M,10,4,GENERAL
3179,M,1,5,SURGERY
3180,F,6,4,GENERAL
3181,M,10,4,ORTHOPEDICS
3182,M,11,3,ORTHOPEDICS
3183,M,1,5,GENERAL
3184,M,6,4,GENERAL
3185,M,10,3,SURGERY
3186,M,13,1,CARDIOLOGY
3187,M,10,3,GENERAL
3188,M,1,6,GENERAL
3189,M,1,5,GENERAL
3190,M,10,3,GENERAL
3191,F,10,3,ORTHOPEDICS
3192,M,1,5,ORTHOPEDICS
3193,F,10,4,ORTHOPEDICS
3194,F,10,3,CARDIOLOGY
3195,M,11,3,SURGERY
3196,M,7,4,GENERAL
3197,F,7,4,ORTHOPEDICS
3198,F,1,5,SURGERY
3199,M,13,2,GENERAL
3200,M,7,4,ORTHOPEDICS
3201,M,1,5,SURGERY
3202,F,6,4,ORTHOPEDICS
3203,M,1,5,SURGERY
3204,M,10,3,GENERAL
3205,M,6,4,GENERAL
3206,M,11,3,GENERAL
3207,F,10,3,CARDIOLOGY
3208,M,7,4,ORTHOPEDICS
3209,M,13,2,GENERAL
3210,M,1,5,GENERAL
3211,M,10,3,CARDIOLOGY
3212,F,6,4,GENERAL
3213,F,10,4,GENERAL
3214,M,6,4,SURGERY
3215,F,1,5,SURGERY
3216,F,6,4,CARDIOLOGY
3217,M,6,4,GENERAL
3218,M,10,3,SURGERY
3219,F,1,6,SURGERY
3220,M,1,5,CARDIOLOGY
3221,F,10,3,SURGERY
3222,M,7,4,GENERAL
3223,M,1,5,SURGERY
3224,M,11,3,GENERAL
3225,M,10,3,CARDIOLOGY
3226,M,1,5,ORTHOPEDICS
3227,F,7,4,CARDIOLOGY
3228,F,6,4,CARDIOLOGY
3229,F,1,5,GENERAL
3230,M,13,2,SURGERY
3231,M,1,5,ORTHOPEDICS
3232,M,6,4,ORTHOPEDICS
3233,F,10,4,GENERAL
3234,M,1,5,SURGERY
3235,F,13,3,GENERAL
3236,M,12,3,ORTHOPEDICS
3237,F,1,5,ORTHOPEDICS
3238,M,10,3,GENERAL
3239,M,10,4,GENERAL
3240,M,11,3,SURGERY
3241,M,6,4,GENERAL
3242,M,1,5,GENERAL
3243,F,10,3,SURGERY
3244,F,10,4,SURGERY
3245,F,7,4,SURGERY
3246,F,1,5,CARDIOLOGY
3247,M,11,3,CARDIOLOGY
3248,F,6,4,ORTHOPEDICS
3249,M,6,4,CARDIOLOGY
3250,F,13,3,ORTHOPEDICS
3251,F,1,6,CARDIOLOGY
3252,F,6,4,SURGERY
3253,F,1,5,SURGERY
3254,M,11,3,CARDIOLOGY
3255,M,13,1,GENERAL
3256,M,7,4,ORTHOPEDICS
3257,F,7,4,SURGERY
3258,M,13,2,GENERAL
3259,F,1,5,GENERAL
3260,M,1,5,ORTHOPEDICS
3261,F,13,3,GENERAL
3262,M,13,2,ORTHOPEDICS
3263,F,13,2,ORTHOPEDICS
3264,M,10,4,GENERAL
3265,M,6,4,ORTHOPEDICS
3266,M,13,2,ORTHOPEDICS
3267,M,10,3,GENERAL
3268,M,1,5,SURGERY
3269,M,13,2,GENERAL
3270,F,11,3,GENERAL
3271,F,10,4,CARDIOLOGY
3272,M,6,4,SURGERY
3273,F,6,4,CARDIOLOGY
3274,F,1,5,GENERAL
3275,F,1,5,CARDIOLOGY
3276,M,10,3,GENERAL
3277,M,10,3,ORTHOPEDICS
3278,F,6,4,CARDIOLOGY
3279,M,10,3,SURGERY
3280,F,11,3,GENERAL
3281,F,6,4,SURGERY
3282,F,6,4,CARDIOLOGY
3283,M,1,5,GENERAL
3284,M,6,4,ORTHOPEDICS
3285,F,11,3,SURGERY
3286,F,6,4,GENERAL
3287,F,6,4,GENERAL
3288,F,10,4,GENERAL
3289,M,13,3,GENERAL
3290,F,10,3,ORTHOPEDICS
3291,F,1,6,SURGERY
3292,F,1,5,CARDIOLOGY
3293,F,10,3,GENERAL
3294,M,10,3,SURGERY
3295,F,6,4,ORTHOPEDICS
3296,M,10,4,CARDIOLOGY
3297,F,13,2,GENERAL
3298,M,13,2,SURGERY
3299,F,1,6,ORTHOPEDICS
3300,F,10,3,ORTHOPEDICS
3301,F,10,3,ORTHOPEDICS
3302,F,13,3,CARDIOLOGY
3303,F,1,5,CARDIOLOGY
3304,M,10,3,GENERAL
3305,M,6,4,GENERAL
3306,M,6,4,GENERAL
3307,F,1,5,CARDIOLOGY
3308,M,10,4,SURGERY
3309,F,13,1,GENERAL
3310,F,10,3,SURGERY
3311,F,7,4,GENERAL
3312,M,10,3,GENERAL
3313,M,6,4,GENERAL
3314,F,7,4,SURGERY
3315,F,1,5,GENERAL
3316,F,13,2,ORTHOPEDICS
3317,M,6,4,GENERAL
3318,F,7,4,GENERAL
3319,F,6,4,GENERAL
3320,M,1,5,ORTHOPEDICS
3321,F,1,5,ORTHOPEDICS
3322,F,6,4,GENERAL
3323,F,10,3,GENERAL
3324,M,13,3,GENERAL
3325,M,6,4,GENERAL
3326,M,1,5,ORTHOPEDICS
3327,M,10,4,ORTHOPEDICS
3328,M,13,2,ORTHOPEDICS
3329,F,1,6,ORTHOPEDICS
3330,M,6,4,SURGERY
3331,F,1,6,ORTHOPEDICS
3332,F,10,3,GENERAL
3333,M,10,3,GENERAL
3334,F,10,4,CARDIOLOGY
3335,M,1,5,GENERAL
3336,M,1,5,SURGERY
3337,M,1,5,SURGERY
3338,M,10,3,GENERAL
3339,M,1,5,ORTHOPEDICS
3340,M,1,5,ORTHOPEDICS
3341,M,12,3,CARDIOLOGY
3342,M,1,5,ORTHOPEDICS
3343,M,6,4,CARDIOLOGY
3344,F,10,3,ORTHOPEDICS
3345,F,7,4,GENERAL
3346,F,10,3,GENERAL
3347,F,6,4,SURGERY
3348,F,10,4,ORTHOPEDICS
3349,F,7,4,CARDIOLOGY
3350,M,11,3,GENERAL
3351,M,13,2,GENERAL
3352,F,11,3,GENERAL
3353,F,11,3,GENERAL
3354,M,6,4,SURGERY
3355,M,10,3,GENERAL
3356,M,1,5,SURGERY
3357,M,10,3,CARDIOLOGY
3358,M,13,3,CARDIOLOGY
3359,M,1,5,SURGERY
3360,F,6,4,GENERAL
3361,F,6,4,GENERAL
3362,F,6,4,CARDIOLOGY
3363,F,11,3,GENERAL
3364,M,1,5,GENERAL
3365,M,1,5,ORTHOPEDICS
3366,F,10,3,CARDIOLOGY
3367,M,1,5,SURGERY
3368,M,6,4,GENERAL
3369,M,1,6,CARDIOLOGY
3370,F,6,4,CARDIOLOGY
3371,M,10,3,CARDIOLOGY
3372,F,6,4,SURGERY
3373,F,6,4,SURGERY
3374,F,6,4,ORTHOPEDICS
3375,M,1,5,GENERAL
3376,F,1,6,CARDIOLOGY
3377,M,10,3,SURGERY
3378,M,1,5,CARDIOLOGY
3379,M,11,3,GENERAL
3380,M,6,4,SURGERY
3381,M,7,4,ORTHOPEDICS
3382,M,10,3,SURGERY
3383,F,1,5,CARDIOLOGY
3384,M,11,3,GENERAL
3385,M,6,4,SURGERY
3386,F,10,4,CARDIOLOGY
3387,F,10,3,CARDIOLOGY
3388,M,10,4,ORTHOPEDICS
3389,M,10,4,CARDIOLOGY
3390,M,6,4,GENERAL
3391,M,10,3,SURGERY
3392,F,1,5,GENERAL
3393,M,1,6,GENERAL
3394,F,10,3,GENERAL
3395,M,6,4,GENERAL
3396,F,1,5,CARDIOLOGY
3397,M,6,4,GENERAL
3398,M,1,5,GENERAL
3399,F,1,5,GENERAL
3400,F,1,5,GENERAL
3401,M,10,3,GENERAL
3402,F,1,6,SURGERY
3403,F,10,3,GENERAL
3404,M,11,3,GENERAL
3405,M,1,5,CARDIOLOGY
3406,M,1,5,CARDIOLOGY
3407,F,6,4,SURGERY
3408,F,13,2,GENERAL
3409,F,1,6,ORTHOPEDICS
3410,M,6,4,CARDIOLOGY
3411,F,6,4,GENERAL
3412,F,6,4,GENERAL
3413,F,1,5,ORTHOPEDICS
3414,F,7,4,GENERAL
3415,M,10,4,ORTHOPEDICS
3416,F,1,6,GENERAL
3417,F,10,3,SURGERY
3418,F,7,4,GENERAL
3419,M,1,5,ORTHOPEDICS
3420,M,1,5,GENERAL
3421,M,10,4,CARDIOLOGY
3422,M,1,5,ORTHOPEDICS
3423,M,6,4,SURGERY
3424,M,6,4,GENERAL
3425,F,1,5,SURGERY
3426,M,10,3,GENERAL
3427,F,11,3,GENERAL
3428,F,6,4,SURGERY
3429,M,7,4,CARDIOLOGY
3430,F,10,4,ORTHOPEDICS
3431,F,6,4,GENERAL
3432,F,6,4,ORTHOPEDICS
3433,F,10,3,GENERAL
3434,F,1,5,CARDIOLOGY
3435,M,13,2,ORTHOPEDICS
3436,F,13,2,CARDIOLOGY
3437,F,13,2,SURGERY
3438,F,6,4,CARDIOLOGY
3439,M,11,3,GENERAL
3440,F,10,3,CARDIOLOGY
3441,M,1,5,SURGERY
3442,M,1,5,CARDIOLOGY
3443,M,1,5,GENERAL
3444,F,1,5,GENERAL
3445,M,7,4,GENERAL
3446,F,1,5,ORTHOPEDICS
3447,M,1,5,CARDIOLOGY
3448,M,10,4,GENERAL
3449,F,10,4,GENERAL
3450,M,10,4,GENERAL
3451,F,6,4,CARDIOLOGY
3452,F,6,4,SURGERY
3453,F,1,6,GENERAL
3454,F,6,4,CARDIOLOGY
3455,F,1,5,CARDIOLOGY
3456,F,1,5,ORTHOPEDICS
3457,M,1,5,ORTHOPEDICS
3458,F,11,3,CARDIOLOGY
3459,F,6,4,GENERAL
3460,M,13,3,ORTHOPEDICS
3461,M,7,4,GENERAL
3462,F,1,5,CARDIOLOGY
3463,M,11,3,ORTHOPEDICS
3464,M,6,4,CARDIOLOGY
3465,F,1,5,GENERAL
3466,M,6,4,SURGERY
3467,M,13,2,ORTHOPEDICS
3468,M,13,3,SURGERY
3469,F,1,6,SURGERY
3470,M,6,4,GENERAL
3471,M,6,4,ORTHOPEDICS
3472,F,6,4,CARDIOLOGY
3473,M,1,5,GENERAL
3474,F,10,3,SURGERY
3475,F,6,4,CARDIOLOGY
3476,F,6,4,CARDIOLOGY
3477,F,6,4,ORTHOPEDICS
3478,M,1,6,SURGERY
3479,F,10,3,GENERAL
3480,M,1,6,ORTHOPEDICS
3481,F,13,2,GENERAL
3482,M,13,3,ORTHOPEDICS
3483,F,1,6,GENERAL
3484,M,11,3,GENERAL
3485,F,6,4,ORTHOPEDICS
3486,M,1,5,CARDIOLOGY
3487,M,10,3,SURGERY
3488,M,1,5,SURGERY
3489,M,11,3,CARDIOLOGY
3490,F,7,4,CARDIOLOGY
3491,M,10,4,GENERAL
3492,F,7,4,CARDIOLOGY
3493,M,1,5,GENERAL
3494,M,6,4,CARDIOLOGY
3495,F,13,2,CARDIOLOGY
3496,F,10,3,GENERAL
3497,F,6,4,GENERAL
3498,F,1,5,SURGERY
3499,F,10,4,SURGERY
3500,F,1,5,CARDIOLOGY
3501,F,1,5,ORTHOPEDICS
3502,F,7,4,GENERAL
3503,M,11,3,SURGERY
3504,M,13,3,SURGERY
3505,F,1,6,ORTHOPEDICS
3506,F,13,2,CARDIOLOGY
3507,F,1,5,SURGERY
3508,M,6,4,ORTHOPEDICS
3509,F,1,5,SURGERY
3510,M,1,5,SURGERY
3511,M,13,2,GENERAL
3512,F,1,5,GENERAL
3513,F,10,4,SURGERY
3514,M,10,3,SURGERY
3515,M,1,5,GENERAL
3516,M,6,4,ORTHOPEDICS
3517,M,7,4,SURGERY
3518,F,10,4,SURGERY
3519,F,6,4,ORTHOPEDICS
3520,M,1,5,ORTHOPEDICS
3521,F,11,3,GENERAL
3522,F,10,4,CARDIOLOGY
3523,M,10,3,GENERAL
3524,M,7,4,CARDIOLOGY
3525,M,1,6,SURGERY
3526,F,10,4,GENERAL
3527,M,1,5,GENERAL
3528,M,6,4,GENERAL
3529,F,11,3,CARDIOLOGY
3530,M,1,5,GENERAL
3531,F,1,5,CARDIOLOGY
3532,M,10,4,ORTHOPEDICS
3533,M,10,3,GENERAL
3534,M,7,4,CARDIOLOGY
3535,F,6,4,ORTHOPEDICS
3536,M,10,4,GENERAL
3537,M,1,5,GENERAL
3538,M,10,3,SURGERY
3539,M,6,4,CARDIOLOGY
3540,M,6,4,GENERAL
3541,M,11,3,ORTHOPEDICS
3542,M,6,4,GENERAL
3543,F,1,6,CARDIOLOGY
3544,M,10,3,ORTHOPEDICS
3545,M,13,3,GENERAL
3546,M,1,5,ORTHOPEDICS
3547,M,7,4,GENERAL
3548,F,13,2,GENERAL
3549,M,6,4,SURGERY
3550,M,10,4,GENERAL
3551,M,13,3,CARDIOLOGY
3552,M,10,3,CARDIOLOGY
3553,F,1,5,CARDIOLOGY
3554,M,10,3,GENERAL
3555,F,6,4,ORTHOPEDICS
3556,F,6,4,GENERAL
3557,M,1,5,GENERAL
3558,F,1,6,SURGERY
3559,M,1,5,SURGERY
3560,F,13,2,GENERAL
3561,F,6,4,ORTHOPEDICS
3562,F,13,2,ORTHOPEDICS
3563,M,11,3,ORTHOPEDICS
3564,F,1,7,GENERAL
3565,F,10,4,GENERAL
3566,F,1,5,ORTHOPEDICS
3567,M,10,3,GENERAL
3568,M,1,5,SURGERY
3569,F,7,4,ORTHOPEDICS
3570,M,10,3,SURGERY
3571,F,12,3,SURGERY
3572,F,10,3,CARDIOLOGY
3573,M,10,3,GENERAL
3574,M,13,3,CARDIOLOGY
3575,F,13,2,GENERAL
3576,F,1,5,GENERAL
3577,F,1,5,CARDIOLOGY
3578,F,6,4,CARDIOLOGY
3579,F,10,4,CARDIOLOGY
3580,F,1,6,ORTHOPEDICS
3581,M,1,5,ORTHOPEDICS
3582,M,6,4,SURGERY
3583,M,1,5,GENERAL
3584,F,6,4,CARDIOLOGY
3585,F,10,3,GENERAL
3586,F,10,4,ORTHOPEDICS
3587,M,10,4,GENERAL
3588,M,13,2,ORTHOPEDICS
3589,M,6,4,CARDIOLOGY
3590,M,10,4,SURGERY
3591,F,6,4,ORTHOPEDICS
3592,M,6,4,SURGERY
3593,M,6,4,GENERAL
3594,M,1,5,ORTHOPEDICS
3595,M,1,5,ORTHOPEDICS
3596,M,1,5,GENERAL
3597,M,6,4,CARDIOLOGY
3598,F,6,4,CARDIOLOGY
3599,F,10,3,SURGERY
3600,M,10,3,ORTHOPEDICS
3601,M,13,2,GENERAL
3602,F,10,3,GENERAL
3603,F,1,5,ORTHOPEDICS
3604,M,6,4,SURGERY
3605,M,1,5,SURGERY
3606,M,13,2,GENERAL
3607,F,13,2,GENERAL
3608,M,10,3,GENERAL
3609,M,10,4,GENERAL
3610,F,1,5,CARDIOLOGY
3611,F,6,4,GENERAL
3612,M,6,4,GENERAL
3613,M,13,2,SURGERY
3614,F,1,5,ORTHOPEDICS
3615,M,10,3,ORTHOPEDICS
3616,M,6,4,GENERAL
3617,F,11,3,ORTHOPEDICS
3618,F,13,2,CARDIOLOGY
3619,F,1,5,SURGERY
3620,M,1,5,GENERAL
3621,M,10,4,SURGERY
3622,F,6,4,GENERAL
3623,F,10,3,GENERAL
3624,M,1,5,CARDIOLOGY
3625,M,1,5,GENERAL
3626,M,13,2,GENERAL
3627,F,10,4,SURGERY
3628,M,1,5,CARDIOLOGY
3629,F,8,4,ORTHOPEDICS
3630,M,6,4,GENERAL
3631,F,1,5,SURGERY
3632,M,1,5,GENERAL
3633,F,1,5,ORTHOPEDICS
3634,F,6,4,GENERAL
3635,M,1,5,GENERAL
3636,M,6,4,GENERAL
3637,F,1,5,SURGERY
3638,M,10,3,SURGERY
3639,M,10,3,ORTHOPEDICS
3640,F,6,4,ORTHOPEDICS
3641,M,6,4,SURGERY
3642,M,6,4,SURGERY
3643,M,1,5,GENERAL
3644,F,1,6,GENERAL
3645,F,10,4,GENERAL
3646,M,7,4,CARDIOLOGY
3647,M,1,5,GENERAL
3648,M,6,4,CARDIOLOGY
3649,F,1,5,GENERAL
3650,M,6,4,GENERAL
3651,M,6,4,SURGERY
3652,F,1,5,ORTHOPEDICS
3653,F,6,4,ORTHOPEDICS
3654,F,10,3,CARDIOLOGY
3655,M,10,4,SURGERY
3656,F,10,3,GENERAL
3657,F,10,3,ORTHOPEDICS
3658,M,1,5,ORTHOPEDICS
3659,F,10,4,GENERAL
3660,M,13,3,GENERAL
3661,M,10,3,GENERAL
3662,F,10,3,GENERAL
3663,M,10,4,CARDIOLOGY
3664,F,10,3,CARDIOLOGY
3665,M,10,3,GENERAL
3666,M,1,5,GENERAL
3667,M,7,4,GENERAL
3668,M,13,3,CARDIOLOGY
3669,F,1,6,ORTHOPEDICS
3670,F,1,5,GENERAL
3671,M,1,5,CARDIOLOGY
3672,F,11,3,GENERAL
3673,M,10,4,SURGERY
3674,F,10,3,CARDIOLOGY
3675,F,1,5,ORTHOPEDICS
3676,F,1,6,SURGERY
3677,F,6,4,ORTHOPEDICS
3678,F,10,4,GENERAL
3679,M,6,4,GENERAL
3680,F,1,5,ORTHOPEDICS
3681,F,10,3,CARDIOLOGY
3682,M,11,3,GENERAL
3683,M,7,4,GENERAL
3684,M,6,4,SURGERY
3685,M,11,3,ORTHOPEDICS
3686,F,6,4,GENERAL
3687,F,1,6,GENERAL
3688,F,6,4,GENERAL
3689,F,13,2,CARDIOLOGY
3690,F,6,4,GENERAL
3691,M,6,4,SURGERY
3692,M,1,5,CARDIOLOGY
3693,M,6,4,CARDIOLOGY
3694,F,1,5,CARDIOLOGY
3695,M,1,5,GENERAL
3696,M,1,6,SURGERY
3697,F,1,5,ORTHOPEDICS
3698,F,1,5,ORTHOPEDICS
3699,F,10,3,ORTHOPEDICS
3700,F,6,4,GENERAL
3701,M,6,4,GENERAL
3702,M,6,4,ORTHOPEDICS
3703,F,6,4,SURGERY
3704,M,1,6,GENERAL
3705,M,7,4,SURGERY
3706,M,1,5,GENERAL
3707,F,1,5,ORTHOPEDICS
3708,F,10,3,GENERAL
3709,F,6,4,SURGERY
3710,M,13,1,GENERAL
3711,F,1,5,ORTHOPEDICS
3712,F,10,4,ORTHOPEDICS
3713,M,10,4,GENERAL
3714,M,10,3,CARDIOLOGY
3715,M,1,5,GENERAL
3716,F,6,4,GENERAL
3717,M,6,4,GENERAL
3718,M,6,4,GENERAL
3719,F,1,5,GENERAL
3720,M,6,4,SURGERY
3721,M,1,5,ORTHOPEDICS
3722,M,1,6,SURGERY
3723,M,1,5,CARDIOLOGY
3724,F,7,4,CARDIOLOGY
3725,M,6,4,ORTHOPEDICS
3726,F,13,3,CARDIOLOGY
3727,M,10,4,CARDIOLOGY
3728,M,13,2,GENERAL
3729,F,7,4,SURGERY
3730,M,7,4,SURGERY
3731,M,7,4,GENERAL
3732,F,11,3,CARDIOLOGY
3733,M,6,4,GENERAL
3734,M,10,3,CARDIOLOGY
3735,F,1,6,GENERAL
3736,M,6,4,GENERAL
3737,M,13,3,GENERAL
3738,F,6,4,GENERAL
3739,M,1,5,ORTHOPEDICS
3740,F,7,4,ORTHOPEDICS
3741,M,10,3,GENERAL
3742,M,1,6,GENERAL
3743,M,10,4,GENERAL
3744,F,1,5,SURGERY
3745,M,1,5,GENERAL
3746,F,1,5,ORTHOPEDICS
3747,M,10,3,GENERAL
3748,F,10,3,ORTHOPEDICS
3749,M,6,4,ORTHOPEDICS
3750,M,10,3,GENERAL
3751,M,10,4,GENERAL
3752,M,1,5,GENERAL
3753,F,6,4,ORTHOPEDICS
3754,M,13,2,CARDIOLOGY
3755,F,7,4,GENERAL
3756,F,10,3,SURGERY
3757,M,10,3,CARDIOLOGY
3758,F,6,4,ORTHOPEDICS
3759,M,11,3,ORTHOPEDICS
3760,F,13,2,GENERAL
3761,M,1,5,SURGERY
3762,M,10,3,GENERAL
3763,F,7,4,SURGERY
3764,M,6,4,GENERAL
3765,F,6,4,GENERAL
3766,M,6,4,ORTHOPEDICS
3767,F,10,4,GENERAL
3768,M,10,3,CARDIOLOGY
3769,M,7,4,GENERAL
3770,M,1,5,CARDIOLOGY
3771,F,6,4,SURGERY
3772,M,10,3,GENERAL
3773,F,1,5,CARDIOLOGY
3774,M,1,5,GENERAL
3775,F,7,4,ORTHOPEDICS
3776,M,1,6,GENERAL
3777,M,10,4,GENERAL
3778,F,1,5,GENERAL
3779,M,6,4,CARDIOLOGY
3780,F,6,4,ORTHOPEDICS
3781,M,6,4,GENERAL
3782,F,10,3,SURGERY
3783,F,7,4,GENERAL
3784,F,6,5,GENERAL
3785,M,6,4,GENERAL
3786,F,1,6,SURGERY
3787,F,11,3,GENERAL
3788,F,13,2,CARDIOLOGY
3789,M,1,6,SURGERY
3790,F,10,4,GENERAL
3791,F,1,5,ORTHOPEDICS
3792,F,10,3,CARDIOLOGY
3793,M,6,4,ORTHOPEDICS
3794,F,6,4,GENERAL
3795,F,1,5,SURGERY
3796,F,6,4,SURGERY
3797,M,6,4,GENERAL
3798,M,7,4,GENERAL
3799,F,1,5,ORTHOPEDICS
3800,M,13,2,GENERAL
3801,M,10,3,GENERAL
3802,F,13,2,SURGERY
3803,F,11,3,GENERAL
3804,M,6,4,GENERAL
3805,M,13,2,ORTHOPEDICS
3806,F,10,4,CARDIOLOGY
3807,M,6,4,SURGERY
3808,M,6,4,SURGERY
3809,M,1,5,GENERAL
3810,F,10,3,SURGERY
3811,F,1,5,SURGERY
3812,F,1,5,GENERAL
3813,F,7,4,GENERAL
3814,M,10,3,CARDIOLOGY
3815,F,1,6,GENERAL
3816,F,1,5,CARDIOLOGY
3817,M,13,3,ORTHOPEDICS
3818,M,6,4,ORTHOPEDICS
3819,F,1,5,CARDIOLOGY
3820,F,10,3,GENERAL
3821,M,1,5,GENERAL
3822,M,1,5,CARDIOLOGY
3823,M,13,2,SURGERY
3824,M,6,4,ORTHOPEDICS
3825,F,10,3,ORTHOPEDICS
3826,M,13,3,CARDIOLOGY
3827,F,11,3,GENERAL
3828,F,1,6,GENERAL
3829,F,1,5,CARDIOLOGY
3830,M,1,5,ORTHOPEDICS
3831,F,7,4,SURGERY
3832,F,1,5,GENERAL
3833,F,6,4,GENERAL
3834,F,1,6,CARDIOLOGY
3835,M,13,2,GENERAL
3836,M,13,3,SURGERY
3837,M,1,5,CARDIOLOGY
3838,M,11,3,SURGERY
3839,F,13,3,SURGERY
3840,F,6,4,GENERAL
3841,M,1,6,CARDIOLOGY
3842,M,1,5,SURGERY
3843,F,13,2,GENERAL
3844,F,1,6,ORTHOPEDICS
3845,M,7,4,GENERAL
3846,M,10,4,GENERAL
3847,M,6,4,GENERAL
3848,M,6,4,GENERAL
3849,M,13,2,GENERAL
3850,M,7,4,GENERAL
3851,F,10,3,SURGERY
3852,M,11,3,GENERAL
3853,F,10,3,SURGERY
3854,F,7,4,CARDIOLOGY
3855,F,10,4,CARDIOLOGY
3856,M,6,4,GENERAL
3857,F,1,5,CARDIOLOGY
3858,F,6,4,ORTHOPEDICS
3859,F,10,3,ORTHOPEDICS
3860,F,1,5,SURGERY
3861,F,11,3,SURGERY
3862,F,1,5,ORTHOPEDICS
3863,M,1,6,CARDIOLOGY
3864,F,10,4,GENERAL
3865,F,10,4,GENERAL
3866,F,10,3,CARDIOLOGY
3867,M,13,2,GENERAL
3868,M,7,4,GENERAL
3869,F,13,3,SURGERY
3870,F,6,4,GENERAL
3871,F,1,5,GENERAL
3872,M,13,2,GENERAL
3873,F,7,4,GENERAL
3874,F,1,5,CARDIOLOGY
3875,M,6,4,ORTHOPEDICS
3876,F,1,5,ORTHOPEDICS
3877,M,13,2,CARDIOLOGY
3878,M,10,3,ORTHOPEDICS
3879,M,10,4,SURGERY
3880,M,1,6,ORTHOPEDICS
3881,M,1,5,CARDIOLOGY
3882,M,10,3,GENERAL
3883,F,1,6,SURGERY
3884,M,1,6,CARDIOLOGY
3885,F,11,3,CARDIOLOGY
3886,M,6,4,SURGERY
3887,M,13,2,CARDIOLOGY
3888,F,6,4,SURGERY
3889,M,1,5,CARDIOLOGY
3890,F,1,5,GENERAL
3891,F,11,3,CARDIOLOGY
3892,F,1,5,SURGERY
3893,M,1,5,ORTHOPEDICS
3894,F,6,4,CARDIOLOGY
3895,F,10,3,CARDIOLOGY
3896,F,10,3,ORTHOPEDICS
3897,F,1,5,SURGERY
3898,M,13,2,GENERAL
3899,F,6,4,GENERAL
3900,F,13,1,GENERAL
3901,F,7,4,CARDIOLOGY
3902,M,1,5,ORTHOPEDICS
3903,M,1,5,SURGERY
3904,F,6,4,CARDIOLOGY
3905,F,6,4,GENERAL
3906,F,1,5,ORTHOPEDICS
3907,F,1,6,SURGERY
3908,F,13,3,CARDIOLOGY
3909,M,1,6,GENERAL
3910,M,13,3,GENERAL
3911,M,6,4,ORTHOPEDICS
3912,F,7,4,ORTHOPEDICS
3913,F,10,4,CARDIOLOGY
3914,M,11,3,SURGERY
3915,M,1,5,SURGERY
3916,F,1,6,ORTHOPEDICS
3917,F,13,3,GENERAL
3918,F,1,5,CARDIOLOGY
3919,F,11,3,GENERAL
3920,M,10,3,GENERAL
3921,F,1,5,GENERAL
3922,F,11,3,CARDIOLOGY
3923,M,11,3,ORTHOPEDICS
3924,F,10,4,GENERAL
3925,M,6,4,SURGERY
3926,F,6,4,GENERAL
3927,F,13,2,ORTHOPEDICS
3928,M,1,5,SURGERY
3929,M,10,3,GENERAL
3930,F,1,6,CARDIOLOGY
3931,F,6,4,CARDIOLOGY
3932,M,1,5,SURGERY
3933,F,11,3,CARDIOLOGY
3934,M,12,3,ORTHOPEDICS
3935,M,7,4,ORTHOPEDICS
3936,M,10,4,SURGERY
3937,M,1,5,GENERAL
3938,M,1,5,GENERAL
3939,M,10,3,GENERAL
3940,M,6,4,CARDIOLOGY
3941,M,6,4,CARDIOLOGY
3942,F,13,3,CARDIOLOGY
3943,F,6,4,GENERAL
3944,F,10,3,ORTHOPEDICS
3945,F,10,3,ORTHOPEDICS
3946,F,10,3,ORTHOPEDICS
3947,M,11,3,SURGERY
3948,F,10,3,ORTHOPEDICS
3949,M,1,5,GENERAL
3950,F,13,3,SURGERY
3951,M,6,4,GENERAL
3952,F,13,2,GENERAL
3953,F,13,3,SURGERY
3954,M,10,3,ORTHOPEDICS
3955,M,6,4,GENERAL
3956,F,7,4,ORTHOPEDICS
3957,F,11,3,GENERAL
3958,F,1,5,SURGERY
3959,M,1,6,GENERAL
3960,F,1,5,ORTHOPEDICS
3961,M,1,5,CARDIOLOGY
3962,F,1,6,GENERAL
3963,F,10,4,CARDIOLOGY
3964,M,10,3,GENERAL
3965,F,6,4,ORTHOPEDICS
3966,M,6,4,GENERAL
3967,M,6,4,ORTHOPEDICS
3968,M,1,6,GENERAL
3969,M,6,4,ORTHOPEDICS
3970,F,10,3,ORTHOPEDICS
3971,F,6,4,CARDIOLOGY
3972,F,11,3,GENERAL
3973,M,11,3,GENERAL
3974,M,6,4,GENERAL
3975,M,7,4,ORTHOPEDICS
3976,M,10,3,GENERAL
3977,M,6,4,GENERAL
3978,M,10,4,CARDIOLOGY
3979,M,6,4,CARDIOLOGY
3980,M,6,4,ORTHOPEDICS
3981,F,10,3,CARDIOLOGY
3982,M,1,6,GENERAL
3983,F,13,2,SURGERY
3984,F,1,6,SURGERY
3985,M,1,5,SURGERY
3986,F,6,4,GENERAL
3987,F,1,5,ORTHOPEDICS
3988,F,10,3,ORTHOPEDICS
3989,F,6,4,CARDIOLOGY
3990,F,10,3,GENERAL
3991,F,1,6,GENERAL
3992,F,6,4,GENERAL
3993,M,1,5,CARDIOLOGY
3994,F,13,2,CARDIOLOGY
3995,M,1,5,GENERAL
3996,F,13,2,SURGERY
3997,M,6,4,CARDIOLOGY
3998,M,6,4,CARDIOLOGY
3999,F,9,4,GENERAL
4000,F,6,4,GENERAL
4001,M,1,6,GENERAL
4002,F,1,6,SURGERY
4003,F,1,5,SURGERY
4004,F,6,4,GENERAL
4005,F,6,4,SURGERY
4006,F,1,5,GENERAL
4007,F,6,4,CARDIOLOGY
4008,F,6,4,GENERAL
4009,M,11,3,GENERAL
4010,M,6,4,ORTHOPEDICS
4011,F,11,3,CARDIOLOGY
4012,M,6,4,ORTHOPEDICS
4013,F,7,4,GENERAL
4014,F,11,3,CARDIOLOGY
4015,M,1,5,GENERAL
4016,F,1,5,CARDIOLOGY
4017,F,11,3,GENERAL
4018,M,6,4,CARDIOLOGY
4019,M,1,5,SURGERY
4020,M,10,3,SURGERY
4021,F,7,4,GENERAL
4022,F,10,4,GENERAL
4023,F,11,3,CARDIOLOGY
4024,F,6,4,GENERAL
4025,M,10,3,CARDIOLOGY
4026,F,6,4,GENERAL
4027,M,13,2,CARDIOLOGY
4028,M,1,5,CARDIOLOGY
4029,F,1,5,SURGERY
4030,M,10,3,ORTHOPEDICS
4031,F,7,4,GENERAL
4032,F,1,5,GENERAL
4033,M,1,5,GENERAL
4034,M,1,5,SURGERY
4035,F,1,5,SURGERY
4036,F,6,5,GENERAL
4037,M,13,2,ORTHOPEDICS
4038,F,10,3,SURGERY
4039,F,1,5,GENERAL
4040,M,10,4,CARDIOLOGY
4041,F,1,5,SURGERY
4042,M,1,5,SURGERY
4043,F,1,5,CARDIOLOGY
4044,M,1,5,ORTHOPEDICS
4045,F,6,4,ORTHOPEDICS
4046,F,6,4,GENERAL
4047,F,6,4,CARDIOLOGY
4048,M,6,4,GENERAL
4049,M,7,4,SURGERY
4050,F,11,3,CARDIOLOGY
4051,F,7,4,GENERAL
4052,F,6,4,ORTHOPEDICS
4053,M,6,4,GENERAL
4054,F,6,4,GENERAL
4055,F,1,5,CARDIOLOGY
4056,F,6,4,SURGERY
4057,M,6,4,GENERAL
4058,F,1,5,ORTHOPEDICS
4059,M,1,5,GENERAL
4060,F,6,4,GENERAL
4061,F,10,3,ORTHOPEDICS
4062,F,11,3,SURGERY
4063,M,10,4,GENERAL
4064,M,6,4,GENERAL
4065,F,6,4,CARDIOLOGY
4066,F,1,5,SURGERY
4067,F,13,3,GENERAL
4068,F,11,3,ORTHOPEDICS
4069,M,6,4,GENERAL
4070,M,10,4,CARDIOLOGY
4071,M,7,4,ORTHOPEDICS
4072,F,7,4,CARDIOLOGY
4073,M,10,3,CARDIOLOGY
4074,F,6,4,SURGERY
4075,F,6,4,ORTHOPEDICS
4076,F,10,3,SURGERY
4077,M,1,6,GENERAL
4078,M,10,3,GENERAL
4079,F,11,3,SURGERY
4080,M,1,5,ORTHOPEDICS
4081,M,10,3,ORTHOPEDICS
4082,F,6,4,GENERAL
4083,F,13,2,GENERAL
4084,M,6,4,GENERAL
4085,M,6,4,GENERAL
4086,M,1,5,ORTHOPEDICS
4087,F,10,4,GENERAL
4088,M,10,4,ORTHOPEDICS
4089,F,13,2,SURGERY
4090,F,11,3,GENERAL
4091,F,10,4,GENERAL
4092,M,10,3,GENERAL
4093,F,1,5,GENERAL
4094,F,6,4,SURGERY
4095,F,1,7,SURGERY
4096,F,6,4,GENERAL
4097,F,13,2,GENERAL
4098,F,13,2,ORTHOPEDICS
4099,F,6,4,GENERAL
4100,F,1,5,SURGERY
4101,M,6,4,SURGERY
4102,F,7,4,SURGERY
4103,F,11,3,SURGERY
4104,M,6,4,SURGERY
4105,F,13,2,GENERAL
4106,M,1,5,CARDIOLOGY
4107,M,10,4,GENERAL
4108,M,10,4,ORTHOPEDICS
4109,F,11,3,GENERAL
4110,M,1,5,SURGERY
4111,F,1,5,GENERAL
4112,F,6,4,GENERAL
4113,M,1,5,GENERAL
4114,F,6,4,CARDIOLOGY
4115,M,6,4,GENERAL
4116,M,13,3,CARDIOLOGY
4117,F,1,5,ORTHOPEDICS
4118,M,1,6,GENERAL
4119,F,1,5,SURGERY
4120,F,10,3,GENERAL
4121,M,6,4,GENERAL
4122,F,1,5,SURGERY
4123,F,1,5,GENERAL
4124,F,1,5,ORTHOPEDICS
4125,M,1,5,CARDIOLOGY
4126,F,1,5,GENERAL
4127,F,6,4,CARDIOLOGY
4128,M,10,3,ORTHOPEDICS
4129,M,10,3,GENERAL
4130,F,1,6,SURGERY
4131,F,1,5,CARDIOLOGY
4132,F,10,3,CARDIOLOGY
4133,M,10,3,SURGERY
4134,M,11,3,SURGERY
4135,F,6,4,ORTHOPEDICS
4136,M,10,4,GENERAL
4137,M,1,5,GENERAL
4138,M,6,4,GENERAL
4139,M,11,3,GENERAL
4140,F,11,3,CARDIOLOGY
4141,M,7,4,SURGERY
4142,M,6,4,ORTHOPEDICS
4143,M,10,3,GENERAL
4144,F,1,5,GENERAL
4145,M,1,6,GENERAL
4146,F,10,3,ORTHOPEDICS
4147,F,1,5,GENERAL
4148,M,13,2,ORTHOPEDICS
4149,F,6,4,GENERAL
4150,F,10,3,GENERAL
4151,M,13,3,CARDIOLOGY
4152,F,13,2,SURGERY
4153,M,6,4,CARDIOLOGY
4154,M,1,6,CARDIOLOGY
4155,F,1,5,ORTHOPEDICS
4156,F,1,6,GENERAL
4157,M,10,3,GENERAL
4158,M,1,5,CARDIOLOGY
4159,M,10,3,SURGERY
4160,F,6,4,ORTHOPEDICS
4161,F,10,4,CARDIOLOGY
4162,F,6,4,ORTHOPEDICS
4163,F,6,4,SURGERY
4164,F,11,3,CARDIOLOGY
4165,F,6,4,ORTHOPEDICS
4166,M,1,5,GENERAL
4167,M,6,4,SURGERY
4168,M,11,3,GENERAL
4169,F,6,4,GENERAL
4170,F,1,5,SURGERY
4171,F,10,3,ORTHOPEDICS
4172,F,8,4,CARDIOLOGY
4173,F,1,5,GENERAL
4174,F,1,5,SURGERY
4175,F,7,4,SURGERY
4176,M,6,4,GENERAL
4177,M,10,4,GENERAL
4178,F,10,4,SURGERY
4179,F,1,5,SURGERY
4180,M,1,5,GENERAL
4181,F,10,4,SURGERY
4182,M,11,3,SURGERY
4183,F,13,3,GENERAL
4184,F,13,3,GENERAL
4185,F,6,4,GENERAL
4186,F,10,3,CARDIOLOGY
4187,M,1,5,GENERAL
4188,F,13,2,GENERAL
4189,F,1,5,ORTHOPEDICS
4190,F,6,4,ORTHOPEDICS
4191,M,13,2,SURGERY
4192,F,6,4,ORTHOPEDICS
4193,M,6,4,ORTHOPEDICS
4194,M,1,5,GENERAL
4195,M,10,4,GENERAL
4196,M,10,3,GENERAL
4197,F,1,5,ORTHOPEDICS
4198,M,11,3,ORTHOPEDICS
4199,F,10,4,GENERAL
4200,M,6,4,ORTHOPEDICS
4201,F,10,4,ORTHOPEDICS
4202,F,1,6,ORTHOPEDICS
4203,F,6,4,CARDIOLOGY
4204,M,13,2,GENERAL
4205,M,7,4,SURGERY
4206,M,6,4,ORTHOPEDICS
4207,F,13,3,CARDIOLOGY
4208,F,11,3,CARDIOLOGY
4209,M,6,4,ORTHOPEDICS
4210,M,13,2,CARDIOLOGY
4211,F,11,3,CARDIOLOGY
4212,F,6,4,ORTHOPEDICS
4213,F,6,4,GENERAL
4214,F,1,5,GENERAL
4215,M,13,2,CARDIOLOGY
4216,F,6,4,SURGERY
4217,M,10,3,ORTHOPEDICS
4218,M,1,5,GENERAL
4219,M,11,3,GENERAL
4220,F,1,5,GENERAL
4221,M,13,2,GENERAL
4222,F,6,4,GENERAL
4223,M,11,3,GENERAL
4224,M,10,3,GENERAL
4225,F,1,5,ORTHOPEDICS
4226,F,10,3,SURGERY
4227,M,10,4,ORTHOPEDICS
4228,F,6,4,GENERAL
4229,M,1,6,GENERAL
4230,M,11,3,ORTHOPEDICS
4231,F,6,4,GENERAL
4232,M,1,5,SURGERY
4233,M,1,6,GENERAL
4234,M,1,5,ORTHOPEDICS
4235,F,10,3,ORTHOPEDICS
4236,F,10,4,CARDIOLOGY
4237,M,11,3,SURGERY
4238,F,1,5,ORTHOPEDICS
4239,M,10,3,ORTHOPEDICS
4240,F,6,4,SURGERY
4241,F,10,3,ORTHOPEDICS
4242,F,10,4,CARDIOLOGY
4243,F,6,4,GENERAL
4244,F,8,4,CARDIOLOGY
4245,M,10,4,SURGERY
4246,F,10,3,GENERAL
4247,M,10,4,ORTHOPEDICS
4248,M,1,5,CARDIOLOGY
4249,M,1,6,GENERAL
4250,F,6,4,CARDIOLOGY
4251,M,13,3,GENERAL
4252,F,1,5,GENERAL
4253,F,6,4,GENERAL
4254,F,7,4,ORTHOPEDICS
4255,F,10,3,CARDIOLOGY
4256,F,6,4,CARDIOLOGY
4257,F,6,4,GENERAL
4258,M,10,3,ORTHOPEDICS
4259,M,7,4,GENERAL
4260,F,10,4,SURGERY
4261,F,1,5,GENERAL
4262,M,6,4,SURGERY
4263,F,13,3,ORTHOPEDICS
4264,M,6,4,CARDIOLOGY
4265,M,1,5,GENERAL
4266,M,11,3,CARDIOLOGY
4267,F,10,3,GENERAL
4268,F,13,1,CARDIOLOGY
4269,M,1,6,GENERAL
4270,F,13,2,ORTHOPEDICS
4271,F,13,2,GENERAL
4272,M,10,4,GENERAL
4273,F,1,5,SURGERY
4274,M,13,2,GENERAL
4275,F,10,3,ORTHOPEDICS
4276,M,11,3,GENERAL
4277,M,13,3,GENERAL
4278,F,10,3,SURGERY
4279,M,6,4,SURGERY
4280,F,1,5,CARDIOLOGY
4281,F,1,6,GENERAL
4282,F,10,3,GENERAL
4283,M,10,3,GENERAL
4284,M,10,3,ORTHOPEDICS
4285,F,13,2,SURGERY
4286,F,10,4,GENERAL
4287,M,6,4,GENERAL
4288,F,6,4,GENERAL
4289,M,6,4,ORTHOPEDICS
4290,F,13,2,CARDIOLOGY
4291,F,10,3,ORTHOPEDICS
4292,M,1,5,ORTHOPEDICS
4293,F,6,4,SURGERY
4294,F,6,4,GENERAL
4295,F,10,3,GENERAL
4296,M,1,5,GENERAL
4297,M,13,2,GENERAL
4298,F,6,4,CARDIOLOGY
4299,F,1,5,CARDIOLOGY
4300,F,10,3,GENERAL
4301,F,7,4,ORTHOPEDICS
4302,F,1,5,GENERAL
4303,F,1,5,CARDIOLOGY
4304,F,10,4,GENERAL
4305,F,6,4,SURGERY
4306,M,6,4,GENERAL
4307,M,10,4,SURGERY
4308,F,1,5,SURGERY
4309,F,6,4,ORTHOPEDICS
4310,M,13,3,GENERAL
4311,M,10,3,ORTHOPEDICS
4312,M,1,5,ORTHOPEDICS
4313,F,10,3,ORTHOPEDICS
4314,F,10,4,SURGERY
4315,M,10,3,GENERAL
4316,M,1,5,GENERAL
4317,F,1,5,ORTHOPEDICS
4318,F,13,2,ORTHOPEDICS
4319,M,10,3,GENERAL
4320,F,10,4,GENERAL
4321,F,1,6,CARDIOLOGY
4322,M,6,4,CARDIOLOGY
4323,M,10,4,SURGERY
4324,F,1,5,CARDIOLOGY
4325,F,13,2,GENERAL
4326,M,10,4,ORTHOPEDICS
4327,M,6,4,GENERAL
4328,F,6,4,GENERAL
4329,F,10,4,SURGERY
4330,M,13,3,GENERAL
4331,F,1,5,SURGERY
4332,F,6,4,GENERAL
4333,F,10,4,GENERAL
4334,M,10,3,GENERAL
4335,M,6,4,SURGERY
4336,F,6,4,ORTHOPEDICS
4337,M,1,5,GENERAL
4338,M,6,4,SURGERY
4339,F,6,4,GENERAL
4340,M,1,5,SURGERY
4341,M,10,3,ORTHOPEDICS
4342,F,13,2,ORTHOPEDICS
4343,F,7,4,GENERAL
4344,M,1,5,CARDIOLOGY
4345,F,1,5,GENERAL
4346,M,10,4,CARDIOLOGY
4347,F,1,5,CARDIOLOGY
4348,M,6,4,ORTHOPEDICS
4349,M,7,4,GENERAL
4350,F,6,4,SURGERY
4351,F,10,3,GENERAL
4352,M,10,3,GENERAL
4353,F,6,4,GENERAL
4354,F,1,5,GENERAL
4355,M,6,4,SURGERY
4356,M,10,4,SURGERY
4357,M,6,4,CARDIOLOGY
4358,F,1,5,ORTHOPEDICS
4359,F,1,6,GENERAL
4360,F,6,4,SURGERY
4361,F,13,2,CARDIOLOGY
4362,F,6,4,ORTHOPEDICS
4363,F,6,4,SURGERY
4364,M,13,2,SURGERY
4365,F,1,5,CARDIOLOGY
4366,F,6,4,SURGERY
4367,M,1,5,SURGERY
4368,F,6,4,CARDIOLOGY
4369,M,7,4,GENERAL
4370,M,10,3,GENERAL
4371,M,1,5,SURGERY
4372,M,1,5,CARDIOLOGY
4373,M,1,5,CARDIOLOGY
4374,F,10,3,ORTHOPEDICS
4375,F,1,5,SURGERY
4376,F,13,3,CARDIOLOGY
4377,M,10,3,GENERAL
4378,M,6,4,SURGERY
4379,F,11,3,GENERAL
4380,F,6,4,GENERAL
4381,M,10,3,SURGERY
4382,F,6,4,SURGERY
4383,F,1,5,CARDIOLOGY
4384,M,10,4,SURGERY
4385,F,1,5,GENERAL
4386,M,6,4,CARDIOLOGY
4387,M,11,3,GENERAL
4388,M,10,3,SURGERY
4389,F,1,5,CARDIOLOGY
4390,F,10,3,ORTHOPEDICS
4391,F,10,4,GENERAL
4392,F,7,4,ORTHOPEDICS
4393,M,1,6,GENERAL
4394,F,11,3,CARDIOLOGY
4395,F,13,3,GENERAL
4396,M,10,3,ORTHOPEDICS
4397,M,1,5,CARDIOLOGY
4398,F,6,4,CARDIOLOGY
4399,F,1,5,GENERAL
4400,F,12,3,ORTHOPEDICS
4401,F,6,4,CARDIOLOGY
4402,F,13,2,CARDIOLOGY
4403,F,10,3,GENERAL
4404,F,10,4,GENERAL
4405,M,1,5,SURGERY
4406,F,13,2,CARDIOLOGY
4407,F,1,5,CARDIOLOGY
4408,F,1,5,CARDIOLOGY
4409,M,1,5,GENERAL
4410,F,7,4,GENERAL
4411,F,13,1,GENERAL
4412,M,1,5,GENERAL
4413,M,10,3,GENERAL
4414,F,1,5,ORTHOPEDICS
4415,M,1,6,GENERAL
4416,M,10,3,ORTHOPEDICS
4417,M,1,5,GENERAL
4418,M,1,5,GENERAL
4419,M,7,4,CARDIOLOGY
4420,F,10,3,SURGERY
4421,F,6,4,SURGERY
4422,F,1,5,SURGERY
4423,M,13,2,GENERAL
4424,F,1,6,SURGERY
4425,M,7,4,SURGERY
4426,F,13,2,ORTHOPEDICS
4427,M,10,3,GENERAL
4428,M,10,4,CARDIOLOGY
4429,F,11,3,CARDIOLOGY
4430,F,10,4,GENERAL
4431,F,1,5,ORTHOPEDICS
4432,M,1,5,ORTHOPEDICS
4433,F,7,4,SURGERY
4434,M,1,5,ORTHOPEDICS
4435,M,10,4,ORTHOPEDICS
4436,M,1,5,GENERAL
4437,M,10,3,CARDIOLOGY
4438,M,1,5,GENERAL
4439,M,13,2,CARDIOLOGY
4440,M,1,5,GENERAL
4441,F,10,4,CARDIOLOGY
4442,M,10,3,GENERAL
4443,M,7,4,CARDIOLOGY
4444,F,10,3,ORTHOPEDICS
4445,M,7,4,GENERAL
4446,F,6,4,CARDIOLOGY
4447,M,6,4,ORTHOPEDICS
4448,M,11,3,CARDIOLOGY
4449,M,10,3,CARDIOLOGY
4450,M,1,7,SURGERY
4451,M,7,4,CARDIOLOGY
4452,M,6,4,SURGERY
4453,F,1,5,ORTHOPEDICS
4454,F,6,4,GENERAL
4455,M,1,5,SURGERY
4456,F,13,3,GENERAL
4457,F,10,4,CARDIOLOGY
4458,F,13,2,GENERAL
4459,M,1,5,GENERAL
4460,M,13,3,ORTHOPEDICS
4461,F,1,5,SURGERY
4462,F,6,4,CARDIOLOGY
4463,M,10,3,ORTHOPEDICS
4464,M,7,4,ORTHOPEDICS
4465,F,6,4,CARDIOLOGY
4466,F,7,4,GENERAL
4467,M,1,5,GENERAL
4468,M,6,4,GENERAL
4469,M,1,5,ORTHOPEDICS
4470,M,6,4,GENERAL
4471,M,10,4,GENERAL
4472,F,1,5,GENERAL
4473,F,1,5,ORTHOPEDICS
4474,F,10,3,SURGERY
4475,F,1,5,ORTHOPEDICS
4476,M,1,5,SURGERY
4477,F,6,4,SURGERY
4478,M,6,4,GENERAL
4479,M,10,4,GENERAL
4480,M,1,5,GENERAL
4481,F,1,5,ORTHOPEDICS
4482,M,10,4,GENERAL
4483,M,11,3,SURGERY
4484,M,10,3,ORTHOPEDICS
4485,M,1,5,SURGERY
4486,F,1,5,SURGERY
4487,M,1,5,SURGERY
4488,M,1,6,CARDIOLOGY
4489,M,10,3,SURGERY
4490,F,1,5,SURGERY
4491,M,1,6,ORTHOPEDICS
4492,M,13,2,CARDIOLOGY
4493,M,6,4,SURGERY
4494,M,10,3,SURGERY
4495,M,7,4,SURGERY
4496,M,1,5,GENERAL
4497,M,13,3,GENERAL
4498,M,1,5,SURGERY
4499,F,6,4,ORTHOPEDICS
4500,M,1,5,CARDIOLOGY
4501,F,10,3,GENERAL
4502,F,1,5,GENERAL
4503,M,10,4,CARDIOLOGY
4504,F,6,4,GENERAL
4505,M,13,2,ORTHOPEDICS
4506,M,12,3,CARDIOLOGY
4507,M,1,6,ORTHOPEDICS
4508,M,8,4,GENERAL
4509,F,13,2,GENERAL
4510,F,10,3,CARDIOLOGY
4511,M,13,2,SURGERY
4512,F,13,2,SURGERY
4513,M,11,3,GENERAL
4514,M,1,5,CARDIOLOGY
4515,F,1,5,SURGERY
4516,M,11,3,GENERAL
4517,F,13,3,SURGERY
4518,F,1,5,GENERAL
4519,M,1,5,GENERAL
4520,M,10,4,SURGERY
4521,F,13,2,CARDIOLOGY
4522,M,1,5,GENERAL
4523,M,1,5,SURGERY
4524,M,10,3,SURGERY
4525,F,1,5,GENERAL
4526,F,10,3,GENERAL
4527,F,6,4,CARDIOLOGY
4528,F,13,3,GENERAL
4529,M,10,3,CARDIOLOGY
4530,M,6,4,CARDIOLOGY
4531,M,10,4,GENERAL
4532,F,10,3,ORTHOPEDICS
4533,M,6,4,CARDIOLOGY
4534,M,1,5,SURGERY
4535,F,8,4,ORTHOPEDICS
4536,F,1,5,SURGERY
4537,M,1,5,ORTHOPEDICS
4538,M,6,4,SURGERY
4539,F,7,4,ORTHOPEDICS
4540,F,1,5,ORTHOPEDICS
4541,M,1,5,SURGERY
4542,M,1,6,ORTHOPEDICS
4543,M,13,3,GENERAL
4544,F,1,6,GENERAL
4545,F,6,4,SURGERY
4546,M,1,6,GENERAL
4547,F,10,4,GENERAL
4548,M,13,3,ORTHOPEDICS
4549,M,7,4,GENERAL
4550,F,1,5,ORTHOPEDICS
4551,F,13,2,GENERAL
4552,F,10,3,SURGERY
4553,M,6,4,SURGERY
4554,M,1,6,GENERAL
4555,F,6,4,CARDIOLOGY
4556,M,6,4,GENERAL
4557,M,11,3,GENERAL
4558,M,6,4,GENERAL
4559,F,1,6,GENERAL
4560,M,1,5,ORTHOPEDICS
4561,M,6,4,GENERAL
4562,F,11,3,GENERAL
4563,M,6,4,GENERAL
4564,M,1,5,GENERAL
4565,M,10,3,SURGERY
4566,M,11,3,GENERAL
4567,M,1,5,GENERAL
4568,M,13,3,CARDIOLOGY
4569,F,1,5,ORTHOPEDICS
4570,F,10,3,ORTHOPEDICS
4571,M,10,3,SURGERY
4572,M,11,3,CARDIOLOGY
4573,M,1,5,GENERAL
4574,F,1,5,CARDIOLOGY
4575,F,6,4,SURGERY
4576,F,1,5,ORTHOPEDICS
4577,F,6,4,GENERAL
4578,M,1,5,CARDIOLOGY
4579,F,11,3,GENERAL
4580,M,6,4,SURGERY
4581,F,1,6,GENERAL
4582,M,6,4,GENERAL
4583,M,8,4,GENERAL
4584,M,1,5,GENERAL
4585,F,13,3,ORTHOPEDICS
4586,F,7,4,GENERAL
4587,F,10,3,ORTHOPEDICS
4588,F,13,2,GENERAL
4589,M,10,3,GENERAL
4590,M,1,5,ORTHOPEDICS
4591,F,10,3,GENERAL
4592,M,1,5,SURGERY
4593,F,1,5,ORTHOPEDICS
4594,M,6,4,GENERAL
4595,M,1,5,CARDIOLOGY
4596,F,1,5,SURGERY
4597,M,13,2,ORTHOPEDICS
4598,F,1,5,ORTHOPEDICS
4599,F,6,4,GENERAL
4600,F,6,4,SURGERY
4601,F,6,4,GENERAL
4602,M,6,4,CARDIOLOGY
4603,F,1,5,SURGERY
4604,F,6,4,CARDIOLOGY
4605,M,6,4,GENERAL
4606,F,6,4,ORTHOPEDICS
4607,F,7,4,GENERAL
4608,F,1,5,CARDIOLOGY
4609,F,10,4,SURGERY
4610,M,10,4,GENERAL
4611,F,1,5,SURGERY
4612,M,1,5,GENERAL
4613,F,10,4,GENERAL
4614,M,10,4,GENERAL
4615,M,1,5,GENERAL
4616,F,1,6,GENERAL
4617,M,10,3,SURGERY
4618,F,1,5,GENERAL
4619,M,10,3,ORTHOPEDICS
4620,M,13,2,GENERAL
4621,M,1,6,GENERAL
4622,F,6,4,CARDIOLOGY
4623,F,1,6,GENERAL
4624,F,10,3,GENERAL
4625,F,10,3,GENERAL
4626,M,10,3,SURGERY
4627,M,13,2,ORTHOPEDICS
4628,M,11,3,SURGERY
4629,F,1,5,ORTHOPEDICS
4630,M,1,5,ORTHOPEDICS
4631,F,7,4,ORTHOPEDICS
4632,M,6,4,GENERAL
4633,M,6,4,SURGERY
4634,M,1,6,GENERAL
4635,M,7,4,CARDIOLOGY
4636,M,7,4,ORTHOPEDICS
4637,F,6,4,ORTHOPEDICS
4638,F,7,4,GENERAL
4639,F,1,5,CARDIOLOGY
4640,M,1,5,SURGERY
4641,M,13,2,GENERAL
4642,M,10,3,GENERAL
4643,F,13,2,ORTHOPEDICS
4644,F,13,3,ORTHOPEDICS
4645,M,10,3,GENERAL
4646,F,1,5,GENERAL
4647,M,6,4,SURGERY
4648,M,10,3,SURGERY
4649,M,6,4,GENERAL
4650,F,6,4,GENERAL
4651,M,6,4,CARDIOLOGY
4652,F,1,5,SURGERY
4653,M,10,3,CARDIOLOGY
4654,M,10,3,GENERAL
4655,M,11,3,GENERAL
4656,M,10,3,CARDIOLOGY
4657,M,1,5,GENERAL
4658,M,1,5,GENERAL
4659,F,11,3,CARDIOLOGY
4660,F,6,4,GENERAL
4661,M,6,4,GENERAL
4662,F,13,2,GENERAL
4663,M,10,3,ORTHOPEDICS
4664,F,1,6,GENERAL
4665,M,1,5,ORTHOPEDICS
4666,M,13,1,GENERAL
4667,F,6,4,GENERAL
4668,M,7,4,ORTHOPEDICS
4669,F,1,5,GENERAL
4670,M,1,6,SURGERY
4671,M,10,4,GENERAL
4672,F,10,3,GENERAL
4673,F,1,7,GENERAL
4674,M,6,4,ORTHOPEDICS
4675,F,1,7,GENERAL
4676,F,11,3,SURGERY
4677,M,10,4,ORTHOPEDICS
4678,F,10,4,ORTHOPEDICS
4679,M,1,5,SURGERY
4680,F,6,4,GENERAL
4681,F,10,3,GENERAL
4682,F,1,5,GENERAL
4683,M,6,4,GENERAL
4684,F,10,4,GENERAL
4685,F,1,5,CARDIOLOGY
4686,F,6,4,GENERAL
4687,M,6,4,GENERAL
4688,M,6,4,SURGERY
4689,F,6,4,GENERAL
4690,M,10,3,CARDIOLOGY
4691,M,1,5,SURGERY
4692,F,10,3,GENERAL
4693,M,10,3,ORTHOPEDICS
4694,F,7,4,CARDIOLOGY
4695,F,6,4,ORTHOPEDICS
4696,M,11,3,GENERAL
4697,M,12,3,GENERAL
4698,F,6,4,ORTHOPEDICS
4699,F,1,6,ORTHOPEDICS
4700,F,10,4,GENERAL
4701,M,6,4,GENERAL
4702,F,10,3,GENERAL
4703,M,10,4,CARDIOLOGY
4704,M,10,3,SURGERY
4705,M,1,5,CARDIOLOGY
4706,F,1,5,ORTHOPEDICS
4707,F,13,2,SURGERY
4708,F,1,5,SURGERY
4709,M,10,3,ORTHOPEDICS
4710,F,8,4,SURGERY
4711,F,10,4,SURGERY
4712,M,1,5,SURGERY
4713,M,1,5,ORTHOPEDICS
4714,F,10,4,ORTHOPEDICS
4715,M,7,4,ORTHOPEDICS
4716,M,6,4,CARDIOLOGY
4717,F,1,5,GENERAL
4718,F,13,3,GENERAL
4719,F,6,4,GENERAL
4720,F,7,4,SURGERY
4721,M,6,4,GENERAL
4722,M,1,5,GENERAL
4723,F,1,6,ORTHOPEDICS
4724,F,1,5,GENERAL
4725,M,10,4,CARDIOLOGY
4726,M,1,6,CARDIOLOGY
4727,M,10,4,GENERAL
4728,F,1,5,SURGERY
4729,M,6,4,CARDIOLOGY
4730,M,6,4,SURGERY
4731,F,6,4,ORTHOPEDICS
4732,F,7,4,CARDIOLOGY
4733,M,10,3,SURGERY
4734,M,13,3,GENERAL
4735,F,1,5,GENERAL
4736,F,1,5,CARDIOLOGY
4737,M,11,3,SURGERY
4738,M,6,4,CARDIOLOGY
4739,M,10,3,ORTHOPEDICS
4740,M,10,4,SURGERY
4741,M,1,6,GENERAL
4742,F,6,5,CARDIOLOGY
4743,M,10,3,SURGERY
4744,M,1,5,SURGERY
4745,M,10,4,CARDIOLOGY
4746,M,1,6,GENERAL
4747,F,13,2,GENERAL
4748,M,10,3,GENERAL
4749,M,13,2,GENERAL
4750,F,6,4,SURGERY
4751,F,10,3,GENERAL
4752,M,1,5,GENERAL
4753,M,6,4,ORTHOPEDICS
4754,F,1,5,GENERAL
4755,F,1,5,GENERAL
4756,F,10,4,CARDIOLOGY
4757,F,6,4,SURGERY
4758,F,7,4,SURGERY
4759,M,10,3,CARDIOLOGY
4760,M,10,4,SURGERY
4761,M,13,2,SURGERY
4762,M,13,3,ORTHOPEDICS
4763,F,6,4,SURGERY
4764,F,6,4,GENERAL
4765,F,7,4,GENERAL
4766,F,1,5,ORTHOPEDICS
4767,F,10,3,ORTHOPEDICS
4768,F,10,4,GENERAL
4769,F,10,4,GENERAL
4770,F,6,4,CARDIOLOGY
4771,F,10,3,GENERAL
4772,M,6,4,SURGERY
4773,F,10,4,GENERAL
4774,M,10,4,GENERAL
4775,M,1,6,CARDIOLOGY
4776,M,1,5,SURGERY
4777,M,1,5,SURGERY
4778,M,10,3,GENERAL
4779,F,1,5,SURGERY
4780,F,1,5,SURGERY
4781,F,10,4,GENERAL
4782,M,7,4,ORTHOPEDICS
4783,F,1,5,CARDIOLOGY
4784,F,1,6,GENERAL
4785,M,7,4,GENERAL
4786,M,1,5,GENERAL
4787,F,10,3,CARDIOLOGY
4788,M,1,5,GENERAL
4789,M,6,4,GENERAL
4790,M,6,4,CARDIOLOGY
4791,M,7,4,CARDIOLOGY
4792,M,1,5,ORTHOPEDICS
4793,F,6,4,GENERAL
4794,F,6,4,CARDIOLOGY
4795,F,10,4,GENERAL
4796,M,6,4,GENERAL
4797,F,10,4,CARDIOLOGY
4798,F,1,5,GENERAL
4799,F,6,4,GENERAL
4800,M,13,2,CARDIOLOGY
4801,M,13,3,GENERAL
4802,M,10,3,GENERAL
4803,M,6,4,ORTHOPEDICS
4804,F,1,6,SURGERY
4805,M,10,3,GENERAL
4806,M,1,5,GENERAL
4807,M,13,2,GENERAL
4808,F,10,3,GENERAL
4809,F,10,3,ORTHOPEDICS
4810,M,7,4,CARDIOLOGY
4811,F,7,4,CARDIOLOGY
4812,M,1,5,ORTHOPEDICS
4813,F,10,3,GENERAL
4814,M,10,3,ORTHOPEDICS
4815,F,10,3,GENERAL
4816,M,6,4,SURGERY
4817,F,1,6,CARDIOLOGY
4818,M,6,4,ORTHOPEDICS
4819,F,13,3,GENERAL
4820,F,10,3,GENERAL
4821,M,10,4,ORTHOPEDICS
4822,F,1,5,SURGERY
4823,F,10,3,GENERAL
4824,F,10,4,SURGERY
4825,F,1,5,SURGERY
4826,F,6,4,SURGERY
4827,M,1,5,CARDIOLOGY
4828,F,13,3,CARDIOLOGY
4829,F,6,4,ORTHOPEDICS
4830,F,12,3,ORTHOPEDICS
4831,M,1,5,CARDIOLOGY
4832,F,7,4,GENERAL
4833,M,10,3,ORTHOPEDICS
4834,M,6,4,CARDIOLOGY
4835,F,10,3,GENERAL
4836,M,6,4,CARDIOLOGY
4837,M,13,3,SURGERY
4838,F,7,4,ORTHOPEDICS
4839,F,6,4,ORTHOPEDICS
4840,F,13,3,ORTHOPEDICS
4841,F,10,4,CARDIOLOGY
4842,F,11,3,CARDIOLOGY
4843,F,1,5,SURGERY
4844,M,1,6,GENERAL
4845,F,6,4,GENERAL
4846,F,10,3,GENERAL
4847,M,6,4,GENERAL
4848,F,1,6,GENERAL
4849,M,1,5,ORTHOPEDICS
4850,F,10,4,CARDIOLOGY
4851,M,10,3,CARDIOLOGY
4852,M,6,4,CARDIOLOGY
4853,M,1,5,GENERAL
4854,M,1,6,CARDIOLOGY
4855,M,6,4,SURGERY
4856,F,13,1,SURGERY
4857,F,6,4,CARDIOLOGY
4858,M,1,5,GENERAL
4859,F,6,4,GENERAL
4860,M,12,3,GENERAL
4861,F,1,5,ORTHOPEDICS
4862,F,6,4,SURGERY
4863,M,1,5,ORTHOPEDICS
4864,M,13,3,GENERAL
4865,F,1,6,SURGERY
4866,M,6,4,GENERAL
4867,M,10,3,ORTHOPEDICS
4868,F,8,4,GENERAL
4869,M,6,4,GENERAL
4870,F,6,4,GENERAL
4871,F,1,6,ORTHOPEDICS
4872,M,6,4,CARDIOLOGY
4873,M,6,4,CARDIOLOGY
4874,F,6,4,SURGERY
4875,F,6,4,ORTHOPEDICS
4876,F,6,4,GENERAL
4877,M,6,4,CARDIOLOGY
4878,F,10,4,ORTHOPEDICS
4879,M,1,5,SURGERY
4880,F,10,4,CARDIOLOGY
4881,F,6,4,SURGERY
4882,F,10,3,SURGERY
4883,F,1,7,ORTHOPEDICS
4884,F,10,4,GENERAL
4885,F,1,5,ORTHOPEDICS
4886,F,10,4,ORTHOPEDICS
4887,F,6,4,CARDIOLOGY
4888,F,10,4,SURGERY
4889,F,1,6,SURGERY
4890,F,6,4,GENERAL
4891,F,10,3,ORTHOPEDICS
4892,M,1,5,GENERAL
4893,F,10,4,ORTHOPEDICS
4894,F,11,3,ORTHOPEDICS
4895,F,13,2,GENERAL
4896,M,10,4,GENERAL
4897,F,6,4,ORTHOPEDICS
4898,F,10,3,CARDIOLOGY
4899,M,1,7,CARDIOLOGY
4900,F,6,4,ORTHOPEDICS
4901,F,6,4,SURGERY
4902,F,10,3,SURGERY
4903,F,1,6,CARDIOLOGY
4904,M,11,3,ORTHOPEDICS
4905,M,1,6,ORTHOPEDICS
4906,M,6,4,ORTHOPEDICS
4907,M,6,4,GENERAL
4908,M,10,3,CARDIOLOGY
4909,M,1,5,CARDIOLOGY
4910,F,11,3,GENERAL
4911,M,10,3,CARDIOLOGY
4912,F,6,4,ORTHOPEDICS
4913,F,6,4,GENERAL
4914,M,10,3,SURGERY
4915,F,7,4,GENERAL
4916,F,13,1,GENERAL
4917,F,7,4,GENERAL
4918,F,10,3,ORTHOPEDICS
4919,M,7,4,ORTHOPEDICS
4920,F,1,5,ORTHOPEDICS
4921,M,1,5,GENERAL
4922,F,7,4,ORTHOPEDICS
4923,M,10,3,CARDIOLOGY
4924,M,1,5,CARDIOLOGY
4925,M,13,3,CARDIOLOGY
4926,M,6,4,GENERAL
4927,M,13,3,ORTHOPEDICS
4928,M,6,4,CARDIOLOGY
4929,M,11,3,GENERAL
4930,F,1,5,CARDIOLOGY
4931,M,6,4,GENERAL
4932,M,1,5,ORTHOPEDICS
4933,M,1,5,GENERAL
4934,F,10,4,SURGERY
4935,M,13,3,ORTHOPEDICS
4936,M,6,4,GENERAL
4937,F,1,5,GENERAL
4938,F,6,4,CARDIOLOGY
4939,M,1,5,CARDIOLOGY
4940,M,6,4,SURGERY
4941,M,6,4,GENERAL
4942,M,10,4,GENERAL
4943,M,1,5,GENERAL
4944,M,13,2,CARDIOLOGY
4945,F,1,6,ORTHOPEDICS
4946,M,10,3,ORTHOPEDICS
4947,M,11,3,GENERAL
4948,F,10,3,GENERAL
4949,M,6,4,GENERAL
4950,M,7,4,GENERAL
4951,F,1,5,GENERAL
4952,F,11,3,SURGERY
4953,M,13,2,SURGERY
4954,M,11,3,CARDIOLOGY
4955,F,13,2,GENERAL
4956,M,13,2,CARDIOLOGY
4957,M,10,3,ORTHOPEDICS
4958,M,1,5,GENERAL
4959,M,8,4,SURGERY
4960,M,1,6,CARDIOLOGY
4961,F,6,4,CARDIOLOGY
4962,M,10,4,SURGERY
4963,F,10,4,GENERAL
4964,M,1,5,GENERAL
4965,M,6,4,GENERAL
4966,M,6,4,CARDIOLOGY
4967,F,10,3,CARDIOLOGY
4968,F,1,5,GENERAL
4969,F,6,4,ORTHOPEDICS
4970,M,10,3,SURGERY
4971,F,1,6,GENERAL
4972,M,13,2,CARDIOLOGY
4973,F,1,7,SURGERY
4974,M,1,6,SURGERY
4975,F,6,4,ORTHOPEDICS
4976,M,6,4,GENERAL
4977,F,10,4,SURGERY
4978,M,1,5,GENERAL
4979,F,10,4,CARDIOLOGY
4980,M,11,3,ORTHOPEDICS
4981,M,6,4,ORTHOPEDICS
4982,M,1,5,GENERAL
4983,F,6,4,SURGERY
4984,F,1,6,GENERAL
4985,F,1,5,ORTHOPEDICS
4986,F,11,3,ORTHOPEDICS
4987,M,6,4,CARDIOLOGY
4988,F,10,3,GENERAL
4989,M,1,6,GENERAL
4990,F,6,4,SURGERY
4991,M,7,4,GENERAL
4992,M,6,4,GENERAL
4993,F,6,4,CARDIOLOGY
4994,M,1,5,SURGERY
4995,F,10,3,CARDIOLOGY
4996,F,10,3,ORTHOPEDICS
4997,M,6,4,ORTHOPEDICS
4998,M,7,4,GENERAL
4999,M,6,4,ORTHOPEDICS
5000,F,1,5,ORTHOPEDICS
5001,F,1,6,GENERAL
5002,F,7,4,GENERAL
5003,M,13,3,CARDIOLOGY
5004,F,11,3,ORTHOPEDICS
5005,M,1,5,ORTHOPEDICS
5006,F,7,4,GENERAL
5007,M,10,3,SURGERY
5008,F,1,5,GENERAL
5009,M,10,3,GENERAL
5010,M,11,3,ORTHOPEDICS
5011,M,6,4,SURGERY
5012,F,7,4,SURGERY
5013,F,1,5,GENERAL
5014,F,6,4,GENERAL
5015,M,10,3,ORTHOPEDICS
5016,M,6,4,GENERAL
5017,M,13,3,ORTHOPEDICS
5018,F,10,3,SURGERY
5019,M,1,5,ORTHOPEDICS
5020,F,6,4,CARDIOLOGY
5021,F,10,3,CARDIOLOGY
5022,M,7,4,GENERAL
5023,M,1,5,SURGERY
5024,F,1,5,GENERAL
5025,F,13,1,GENERAL
5026,F,7,4,ORTHOPEDICS
5027,F,6,4,GENERAL
5028,M,1,6,GENERAL
5029,M,10,4,GENERAL
5030,F,10,3,GENERAL
5031,F,1,5,GENERAL
5032,M,10,4,GENERAL
5033,F,11,3,GENERAL
5034,M,10,3,SURGERY
5035,F,6,4,GENERAL
5036,M,1,5,ORTHOPEDICS
5037,M,1,5,ORTHOPEDICS
5038,F,11,3,CARDIOLOGY
5039,F,1,5,CARDIOLOGY
5040,F,1,5,SURGERY
5041,F,7,4,GENERAL
5042,F,10,3,ORTHOPEDICS
5043,M,1,5,GENERAL
5044,M,10,4,CARDIOLOGY
5045,M,1,5,GENERAL
5046,M,13,2,GENERAL
5047,M,1,5,GENERAL
5048,F,10,3,CARDIOLOGY
5049,F,6,4,SURGERY
5050,F,6,4,CARDIOLOGY
5051,M,10,3,GENERAL
5052,F,1,5,ORTHOPEDICS
5053,M,1,6,GENERAL
5054,F,13,3,GENERAL
5055,M,1,5,SURGERY
5056,F,1,5,GENERAL
5057,F,11,3,CARDIOLOGY
5058,F,11,3,GENERAL
5059,M,1,5,ORTHOPEDICS
5060,M,1,6,CARDIOLOGY
5061,M,1,5,GENERAL
5062,F,6,4,ORTHOPEDICS
5063,F,10,3,GENERAL
5064,M,10,4,ORTHOPEDICS
5065,M,10,3,CARDIOLOGY
5066,M,1,5,GENERAL
5067,M,1,6,GENERAL
5068,F,13,2,ORTHOPEDICS
5069,F,1,5,GENERAL
5070,M,10,4,GENERAL
5071,M,1,5,GENERAL
5072,M,6,4,SURGERY
5073,M,1,6,CARDIOLOGY
5074,F,10,3,GENERAL
5075,M,13,3,SURGERY
5076,F,13,2,ORTHOPEDICS
5077,M,1,5,GENERAL
5078,M,6,4,GENERAL
5079,M,10,3,GENERAL
5080,F,10,4,CARDIOLOGY
5081,M,11,3,SURGERY
5082,M,6,4,GENERAL
5083,F,13,3,GENERAL
5084,F,1,5,CARDIOLOGY
5085,F,6,4,GENERAL
5086,M,10,4,GENERAL
5087,F,1,5,SURGERY
5088,M,6,4,GENERAL
5089,M,1,6,ORTHOPEDICS
5090,F,6,4,GENERAL
5091,F,6,4,GENERAL
5092,M,1,5,GENERAL
5093,F,6,4,SURGERY
5094,F,10,3,GENERAL
5095,M,6,4,SURGERY
5096,F,7,4,CARDIOLOGY
5097,F,10,4,SURGERY
5098,M,10,3,CARDIOLOGY
5099,M,1,5,SURGERY
5100,M,6,4,GENERAL
5101,F,6,4,GENERAL
5102,M,10,4,GENERAL
5103,M,6,4,GENERAL
5104,F,1,6,GENERAL
5105,F,6,4,CARDIOLOGY
5106,F,6,4,SURGERY
5107,M,10,3,CARDIOLOGY
5108,F,1,6,SURGERY
5109,F,6,4,CARDIOLOGY
5110,M,1,5,GENERAL
5111,M,6,4,ORTHOPEDICS
5112,F,6,4,ORTHOPEDICS
5113,F,13,3,GENERAL
5114,F,11,3,GENERAL
5115,M,1,5,GENERAL
5116,M,6,4,CARDIOLOGY
5117,F,10,3,CARDIOLOGY
5118,F,6,4,GENERAL
5119,M,13,3,ORTHOPEDICS
5120,M,1,5,CARDIOLOGY
5121,M,6,4,GENERAL
5122,M,10,4,CARDIOLOGY
5123,M,11,3,CARDIOLOGY
5124,F,10,3,SURGERY
5125,F,7,4,GENERAL
5126,M,1,5,GENERAL
5127,F,13,2,GENERAL
5128,M,10,3,GENERAL
5129,F,7,4,ORTHOPEDICS
5130,F,1,5,GENERAL
5131,M,13,2,SURGERY
5132,F,7,4,SURGERY
5133,M,1,5,GENERAL
5134,M,1,5,GENERAL
5135,M,1,5,GENERAL
5136,M,11,3,ORTHOPEDICS
5137,F,1,5,ORTHOPEDICS
5138,F,10,3,SURGERY
5139,F,6,4,CARDIOLOGY
5140,F,11,3,GENERAL
5141,M,6,4,SURGERY
5142,M,13,3,GENERAL
5143,F,6,4,SURGERY
5144,F,10,3,GENERAL
5145,M,6,4,GENERAL
5146,F,1,5,ORTHOPEDICS
5147,F,13,3,ORTHOPEDICS
5148,M,1,5,SURGERY
5149,M,7,4,ORTHOPEDICS
5150,M,6,4,GENERAL
5151,M,7,4,GENERAL
5152,M,1,5,CARDIOLOGY
5153,M,6,4,GENERAL
5154,M,6,4,SURGERY
5155,M,6,4,SURGERY
5156,M,1,5,GENERAL
5157,F,1,5,GENERAL
5158,M,10,3,SURGERY
5159,F,1,6,GENERAL
5160,F,10,3,SURGERY
5161,M,10,3,GENERAL
5162,F,6,4,GENERAL
5163,F,1,5,GENERAL
5164,M,10,3,ORTHOPEDICS
5165,M,11,3,GENERAL
5166,M,10,3,CARDIOLOGY
5167,M,10,4,GENERAL
5168,M,1,5,CARDIOLOGY
5169,F,1,5,GENERAL
5170,M,11,3,CARDIOLOGY
5171,F,6,4,GENERAL
5172,F,10,4,CARDIOLOGY
5173,F,10,3,SURGERY
5174,F,1,6,ORTHOPEDICS
5175,F,10,3,GENERAL
5176,M,1,5,GENERAL
5177,F,6,4,CARDIOLOGY
5178,M,1,6,ORTHOPEDICS
5179,M,6,4,CARDIOLOGY
5180,F,1,5,CARDIOLOGY
5181,F,1,6,ORTHOPEDICS
5182,M,13,2,CARDIOLOGY
5183,F,10,3,ORTHOPEDICS
5184,F,10,3,GENERAL
5185,M,1,6,CARDIOLOGY
5186,M,11,3,GENERAL
5187,M,6,4,ORTHOPEDICS
5188,M,7,4,SURGERY
5189,M,1,5,GENERAL
5190,M,11,3,GENERAL
5191,F,7,4,GENERAL
5192,M,10,3,GENERAL
5193,F,13,2,SURGERY
5194,F,10,3,GENERAL
5195,F,10,4,SURGERY
5196,F,6,4,SURGERY
5197,M,13,3,GENERAL
5198,M,11,3,SURGERY
5199,M,10,3,SURGERY
5200,M,1,5,SURGERY
5201,F,1,5,GENERAL
5202,F,10,4,GENERAL
5203,F,10,4,ORTHOPEDICS
5204,M,11,3,CARDIOLOGY
5205,M,1,5,ORTHOPEDICS
5206,F,1,5,SURGERY
5207,M,1,5,ORTHOPEDICS
5208,M,1,5,GENERAL
5209,F,1,5,ORTHOPEDICS
5210,F,13,2,CARDIOLOGY
5211,F,10,3,CARDIOLOGY
5212,M,1,5,SURGERY
5213,F,10,4,GENERAL
5214,M,13,2,ORTHOPEDICS
5215,F,10,3,GENERAL
5216,M,13,2,GENERAL
5217,M,1,6,CARDIOLOGY
5218,F,10,4,SURGERY
5219,M,7,4,CARDIOLOGY
5220,F,1,5,GENERAL
5221,F,6,4,CARDIOLOGY
5222,F,7,4,GENERAL
5223,F,6,4,GENERAL
5224,F,13,3,ORTHOPEDICS
5225,M,6,4,ORTHOPEDICS
5226,M,1,5,CARDIOLOGY
5227,F,1,6,GENERAL
5228,M,6,4,ORTHOPEDICS
5229,M,1,5,SURGERY
5230,F,6,4,GENERAL
5231,M,1,5,SURGERY
5232,F,6,4,GENERAL
5233,M,6,4,ORTHOPEDICS
5234,F,13,2,GENERAL
5235,F,1,5,CARDIOLOGY
5236,M,1,5,CARDIOLOGY
5237,M,13,2,GENERAL
5238,F,1,5,GENERAL
5239,M,11,3,ORTHOPEDICS
5240,F,1,5,CARDIOLOGY
5241,F,12,3,GENERAL
5242,M,13,2,CARDIOLOGY
5243,F,10,3,CARDIOLOGY
5244,F,10,3,GENERAL
5245,M,10,3,SURGERY
5246,M,6,4,SURGERY
5247,M,6,4,CARDIOLOGY
5248,F,11,3,SURGERY
5249,F,6,4,CARDIOLOGY
5250,F,7,4,CARDIOLOGY
5251,F,1,6,ORTHOPEDICS
5252,M,1,5,GENERAL
5253,F,1,5,SURGERY
5254,F,10,4,CARDIOLOGY
5255,M,1,5,GENERAL
5256,M,6,4,GENERAL
5257,F,10,4,GENERAL
5258,M,1,5,ORTHOPEDICS
5259,F,6,4,SURGERY
5260,M,6,4,GENERAL
5261,F,1,6,GENERAL
5262,F,1,6,ORTHOPEDICS
5263,M,6,4,ORTHOPEDICS
5264,M,6,4,SURGERY
5265,M,1,5,ORTHOPEDICS
5266,F,12,3,CARDIOLOGY
5267,M,10,4,SURGERY
5268,F,11,3,CARDIOLOGY
5269,F,13,3,ORTHOPEDICS
5270,F,10,3,SURGERY
5271,M,1,6,SURGERY
5272,F,1,5,SURGERY
5273,M,6,4,SURGERY
5274,F,10,4,SURGERY
5275,F,6,4,CARDIOLOGY
5276,M,11,3,CARDIOLOGY
5277,F,13,3,CARDIOLOGY
5278,F,10,3,SURGERY
5279,F,13,3,ORTHOPEDICS
5280,F,1,5,GENERAL
5281,F,10,3,ORTHOPEDICS
5282,M,6,4,GENERAL
5283,F,1,5,CARDIOLOGY
5284,F,1,5,ORTHOPEDICS
5285,F,10,3,GENERAL
5286,M,13,3,ORTHOPEDICS
5287,M,6,4,GENERAL
5288,M,13,2,GENERAL
5289,F,1,5,CARDIOLOGY
5290,F,1,5,SURGERY
5291,M,6,4,GENERAL
5292,F,10,4,SURGERY
5293,M,10,3,GENERAL
5294,F,10,4,CARDIOLOGY
5295,F,10,3,GENERAL
5296,M,13,3,GENERAL
5297,F,10,3,SURGERY
5298,F,6,4,CARDIOLOGY
5299,F,10,4,SURGERY
5300,F,6,4,SURGERY
5301,F,10,3,CARDIOLOGY
5302,M,10,3,SURGERY
5303,M,7,4,SURGERY
5304,M,10,4,GENERAL
5305,M,1,6,ORTHOPEDICS
5306,F,10,3,CARDIOLOGY
5307,M,6,4,CARDIOLOGY
5308,M,11,3,GENERAL
5309,M,7,4,ORTHOPEDICS
5310,M,1,5,SURGERY
5311,F,1,5,SURGERY
5312,F,1,5,SURGERY
5313,M,1,5,SURGERY
5314,F,1,5,GENERAL
5315,F,6,4,GENERAL
5316,M,13,3,CARDIOLOGY
5317,F,1,5,SURGERY
5318,M,6,4,CARDIOLOGY
5319,F,6,4,CARDIOLOGY
5320,F,10,3,CARDIOLOGY
5321,M,1,5,SURGERY
5322,M,11,3,GENERAL
5323,M,11,3,GENERAL
5324,F,10,3,GENERAL
5325,F,1,5,CARDIOLOGY
5326,F,1,7,GENERAL
5327,F,1,5,ORTHOPEDICS
5328,F,10,3,GENERAL
5329,F,10,4,ORTHOPEDICS
5330,F,13,2,GENERAL
5331,M,1,5,GENERAL
5332,M,1,5,SURGERY
5333,M,1,5,ORTHOPEDICS
5334,F,1,5,GENERAL
5335,M,1,6,SURGERY
5336,M,1,6,CARDIOLOGY
5337,M,1,5,CARDIOLOGY
5338,F,1,5,CARDIOLOGY
5339,M,6,4,GENERAL
5340,M,10,4,ORTHOPEDICS
5341,M,6,4,CARDIOLOGY
5342,F,10,3,SURGERY
5343,F,1,5,GENERAL
5344,F,10,4,CARDIOLOGY
5345,F,1,5,GENERAL
5346,M,1,5,ORTHOPEDICS
5347,M,12,3,GENERAL
5348,F,6,4,GENERAL
5349,F,7,4,CARDIOLOGY
5350,M,6,4,GENERAL
5351,M,6,4,ORTHOPEDICS
5352,M,1,5,CARDIOLOGY
5353,M,6,4,ORTHOPEDICS
5354,F,6,4,CARDIOLOGY
5355,F,6,4,SURGERY
5356,F,10,4,CARDIOLOGY
5357,F,13,3,ORTHOPEDICS
5358,F,13,2,SURGERY
5359,F,11,3,SURGERY
5360,M,10,3,CARDIOLOGY
5361,F,6,4,GENERAL
5362,M,11,3,CARDIOLOGY
5363,F,13,2,GENERAL
5364,F,6,4,CARDIOLOGY
5365,F,11,3,CARDIOLOGY
5366,M,6,4,GENERAL
5367,M,7,4,ORTHOPEDICS
5368,M,6,4,GENERAL
5369,M,11,3,SURGERY
5370,F,11,3,ORTHOPEDICS
5371,M,1,5,CARDIOLOGY
5372,F,6,4,GENERAL
5373,M,1,5,GENERAL
5374,M,1,6,CARDIOLOGY
5375,M,13,2,ORTHOPEDICS
5376,F,1,5,GENERAL
5377,F,10,4,GENERAL
5378,F,13,3,ORTHOPEDICS
5379,M,1,5,SURGERY
5380,F,10,3,GENERAL
5381,M,6,4,CARDIOLOGY
5382,M,10,3,GENERAL
5383,M,6,4,SURGERY
5384,F,13,3,SURGERY
5385,F,1,6,GENERAL
5386,F,1,6,CARDIOLOGY
5387,M,6,4,SURGERY
5388,F,13,2,ORTHOPEDICS
5389,F,10,3,SURGERY
5390,F,10,3,ORTHOPEDICS
5391,F,10,3,ORTHOPEDICS
5392,F,10,4,ORTHOPEDICS
5393,F,10,3,SURGERY
5394,F,10,4,CARDIOLOGY
5395,M,1,5,GENERAL
5396,F,10,3,GENERAL
5397,F,10,3,ORTHOPEDICS
5398,F,6,4,ORTHOPEDICS
5399,M,6,4,ORTHOPEDICS
5400,F,6,4,GENERAL
5401,F,1,5,CARDIOLOGY
5402,M,6,4,GENERAL
5403,M,1,5,GENERAL
5404,M,13,2,GENERAL
5405,F,6,4,GENERAL
5406,F,10,4,CARDIOLOGY
5407,M,10,3,CARDIOLOGY
5408,M,13,3,CARDIOLOGY
5409,M,1,6,GENERAL
5410,M,1,5,SURGERY
5411,M,11,3,CARDIOLOGY
5412,F,10,3,CARDIOLOGY
5413,F,1,5,CARDIOLOGY
5414,F,1,5,GENERAL
5415,F,13,3,CARDIOLOGY
5416,M,10,3,GENERAL
5417,F,13,2,GENERAL
5418,M,1,6,GENERAL
5419,F,13,3,GENERAL
5420,F,6,4,SURGERY
5421,M,6,4,CARDIOLOGY
5422,F,10,4,SURGERY
5423,F,1,5,GENERAL
5424,F,10,4,GENERAL
5425,M,13,2,SURGERY
5426,F,7,4,GENERAL
5427,F,1,6,SURGERY
5428,F,11,3,ORTHOPEDICS
5429,M,1,5,SURGERY
5430,F,10,3,GENERAL
5431,F,7,4,CARDIOLOGY
5432,M,10,3,ORTHOPEDICS
5433,M,10,4,CARDIOLOGY
5434,F,10,3,GENERAL
5435,F,1,5,SURGERY
5436,M,6,4,SURGERY
5437,F,1,5,GENERAL
5438,M,11,3,ORTHOPEDICS
5439,F,1,5,CARDIOLOGY
5440,F,1,6,GENERAL
5441,M,10,3,CARDIOLOGY
5442,M,10,3,GENERAL
5443,F,6,4,CARDIOLOGY
5444,F,1,5,ORTHOPEDICS
5445,M,6,4,SURGERY
5446,M,13,3,GENERAL
5447,M,10,3,GENERAL
5448,M,8,4,GENERAL
5449,F,1,5,GENERAL
5450,M,1,6,SURGERY
5451,F,6,4,ORTHOPEDICS
5452,F,11,3,ORTHOPEDICS
5453,F,6,4,SURGERY
5454,M,1,5,ORTHOPEDICS
5455,M,10,3,SURGERY
5456,M,6,4,GENERAL
5457,F,1,5,ORTHOPEDICS
5458,M,1,5,SURGERY
5459,M,10,3,GENERAL
5460,F,10,3,CARDIOLOGY
5461,M,13,3,ORTHOPEDICS
5462,M,7,4,CARDIOLOGY
5463,M,1,5,SURGERY
5464,M,11,3,ORTHOPEDICS
5465,F,1,5,GENERAL
5466,F,7,4,CARDIOLOGY
5467,F,6,4,ORTHOPEDICS
5468,M,1,6,GENERAL
5469,F,6,4,ORTHOPEDICS
5470,M,10,4,ORTHOPEDICS
5471,M,10,3,GENERAL
5472,F,13,2,CARDIOLOGY
5473,M,10,4,SURGERY
5474,M,10,3,GENERAL
5475,M,10,4,ORTHOPEDICS
5476,F,1,5,GENERAL
5477,F,6,4,CARDIOLOGY
5478,F,1,6,CARDIOLOGY
5479,M,6,4,ORTHOPEDICS
5480,M,1,5,GENERAL
5481,F,1,6,GENERAL
5482,M,6,4,GENERAL
5483,M,1,5,GENERAL
5484,F,1,6,GENERAL
5485,M,6,4,GENERAL
5486,F,13,3,CARDIOLOGY
5487,M,6,4,SURGERY
5488,F,10,3,SURGERY
5489,F,10,4,GENERAL
5490,F,6,4,GENERAL
5491,F,10,3,GENERAL
5492,M,10,3,SURGERY
5493,M,11,3,SURGERY
5494,F,6,4,ORTHOPEDICS
5495,F,10,3,ORTHOPEDICS
5496,M,6,4,SURGERY
5497,F,6,4,GENERAL
5498,M,6,4,ORTHOPEDICS
5499,M,13,3,ORTHOPEDICS
5500,M,1,5,SURGERY
5501,F,10,3,GENERAL
5502,M,10,3,GENERAL
5503,F,13,1,GENERAL
5504,F,6,4,GENERAL
5505,F,6,4,GENERAL
5506,F,1,6,ORTHOPEDICS
5507,F,10,3,SURGERY
5508,M,6,4,GENERAL
5509,F,13,1,ORTHOPEDICS
5510,M,1,5,CARDIOLOGY
5511,M,7,4,GENERAL
5512,F,6,4,GENERAL
5513,F,11,3,SURGERY
5514,F,6,4,ORTHOPEDICS
5515,M,6,4,ORTHOPEDICS
5516,F,6,4,CARDIOLOGY
5517,M,1,5,GENERAL
5518,M,10,3,GENERAL
5519,F,10,4,CARDIOLOGY
5520,F,11,3,CARDIOLOGY
5521,F,6,4,GENERAL
5522,M,13,2,CARDIOLOGY
5523,F,1,5,CARDIOLOGY
5524,M,10,3,SURGERY
5525,M,6,4,SURGERY
5526,M,6,4,SURGERY
5527,F,1,7,GENERAL
5528,M,10,3,GENERAL
5529,M,1,5,ORTHOPEDICS
5530,F,10,4,CARDIOLOGY
5531,M,10,4,ORTHOPEDICS
5532,M,10,4,ORTHOPEDICS
5533,M,10,3,GENERAL
5534,F,6,4,GENERAL
5535,F,13,2,GENERAL
5536,M,13,2,GENERAL
5537,F,10,4,GENERAL
5538,M,10,3,CARDIOLOGY
5539,M,10,3,SURGERY
5540,M,1,5,ORTHOPEDICS
5541,M,10,3,ORTHOPEDICS
5542,F,7,4,GENERAL
5543,M,10,4,GENERAL
5544,M,7,4,ORTHOPEDICS
5545,M,1,5,ORTHOPEDICS
5546,M,6,4,GENERAL
5547,M,10,3,ORTHOPEDICS
5548,F,6,4,ORTHOPEDICS
5549,M,1,5,SURGERY
5550,M,1,5,GENERAL
5551,M,13,2,SURGERY
5552,F,10,3,GENERAL
5553,M,7,4,ORTHOPEDICS
5554,M,10,3,CARDIOLOGY
5555,F,1,6,ORTHOPEDICS
5556,M,10,4,GENERAL
5557,M,1,5,ORTHOPEDICS
5558,M,1,5,GENERAL
5559,M,10,3,SURGERY
5560,M,10,4,GENERAL
5561,M,12,3,CARDIOLOGY
5562,M,6,4,GENERAL
5563,M,10,3,CARDIOLOGY
5564,F,1,5,CARDIOLOGY
5565,F,6,4,CARDIOLOGY
5566,M,1,5,GENERAL
5567,F,1,6,SURGERY
5568,M,10,3,ORTHOPEDICS
5569,F,10,3,SURGERY
5570,M,1,6,GENERAL
5571,F,1,5,GENERAL
5572,F,6,4,CARDIOLOGY
5573,M,6,4,GENERAL
5574,M,10,4,SURGERY
5575,M,10,4,SURGERY
5576,F,1,6,SURGERY
5577,F,6,4,CARDIOLOGY
5578,F,10,3,CARDIOLOGY
5579,M,10,3,SURGERY
5580,F,10,3,ORTHOPEDICS
5581,M,1,6,SURGERY
5582,F,10,3,ORTHOPEDICS
5583,M,6,4,ORTHOPEDICS
5584,F,1,5,ORTHOPEDICS
5585,M,10,4,GENERAL
5586,F,1,5,GENERAL
5587,M,6,4,CARDIOLOGY
5588,F,11,3,GENERAL
5589,F,1,6,CARDIOLOGY
5590,F,10,3,ORTHOPEDICS
5591,F,1,5,SURGERY
5592,M,13,3,SURGERY
5593,F,13,3,GENERAL
5594,M,13,2,GENERAL
5595,M,10,3,GENERAL
5596,M,10,3,SURGERY
5597,F,10,4,CARDIOLOGY
5598,M,6,4,GENERAL
5599,M,1,5,SURGERY
5600,F,10,3,GENERAL
5601,M,1,5,GENERAL
5602,F,1,6,GENERAL
5603,F,13,3,GENERAL
5604,F,10,4,GENERAL
5605,M,11,3,CARDIOLOGY
5606,M,6,4,CARDIOLOGY
5607,M,1,5,CARDIOLOGY
5608,M,11,3,GENERAL
5609,F,10,3,GENERAL
5610,F,10,4,GENERAL
5611,M,11,3,CARDIOLOGY
5612,F,10,3,SURGERY
5613,M,1,6,CARDIOLOGY
5614,M,10,3,SURGERY
5615,F,7,4,CARDIOLOGY
5616,M,13,3,GENERAL
5617,M,13,2,ORTHOPEDICS
5618,F,10,3,GENERAL
5619,F,6,4,GENERAL
5620,M,1,5,CARDIOLOGY
5621,F,1,5,CARDIOLOGY
5622,F,6,4,ORTHOPEDICS
5623,F,1,5,GENERAL
5624,M,1,6,SURGERY
5625,F,7,4,SURGERY
5626,F,10,4,ORTHOPEDICS
5627,M,6,4,ORTHOPEDICS
5628,M,13,3,GENERAL
5629,M,11,3,CARDIOLOGY
5630,F,13,2,ORTHOPEDICS
5631,M,1,5,ORTHOPEDICS
5632,F,1,5,CARDIOLOGY
5633,F,6,4,ORTHOPEDICS
5634,F,6,4,GENERAL
5635,M,6,4,GENERAL
5636,M,6,4,ORTHOPEDICS
5637,F,10,4,GENERAL
5638,M,10,3,SURGERY
5639,M,11,3,GENERAL
5640,F,11,3,GENERAL
5641,M,7,4,GENERAL
5642,F,6,4,ORTHOPEDICS
5643,F,1,6,CARDIOLOGY
5644,M,1,6,GENERAL
5645,M,1,6,CARDIOLOGY
5646,M,13,2,SURGERY
5647,M,13,2,GENERAL
5648,M,6,4,GENERAL
5649,F,6,4,GENERAL
5650,F,1,5,CARDIOLOGY
5651,M,11,3,SURGERY
5652,M,10,3,SURGERY
5653,F,6,4,SURGERY
5654,M,1,5,GENERAL
5655,F,13,2,ORTHOPEDICS
5656,M,10,4,GENERAL
5657,F,1,5,CARDIOLOGY
5658,M,1,5,GENERAL
5659,F,6,4,CARDIOLOGY
5660,F,6,4,GENERAL
5661,M,10,3,GENERAL
5662,M,10,4,GENERAL
5663,M,6,4,GENERAL
5664,F,10,3,GENERAL
5665,M,1,5,GENERAL
5666,M,13,3,CARDIOLOGY
5667,M,7,4,GENERAL
5668,F,1,5,GENERAL
5669,F,6,4,GENERAL
5670,M,1,5,CARDIOLOGY
5671,F,1,5,GENERAL
5672,F,1,5,ORTHOPEDICS
5673,F,10,4,ORTHOPEDICS
5674,F,10,3,GENERAL
5675,F,6,4,GENERAL
5676,F,10,4,GENERAL
5677,F,1,5,CARDIOLOGY
5678,M,1,5,ORTHOPEDICS
5679,M,1,6,SURGERY
5680,F,1,5,ORTHOPEDICS
5681,F,1,5,ORTHOPEDICS
5682,M,6,4,SURGERY
5683,F,6,4,GENERAL
5684,M,13,2,GENERAL
5685,F,1,6,GENERAL
5686,F,1,5,ORTHOPEDICS
5687,F,6,5,GENERAL
5688,M,1,6,GENERAL
5689,F,1,5,CARDIOLOGY
5690,F,7,4,CARDIOLOGY
5691,F,7,4,GENERAL
5692,M,10,4,SURGERY
5693,M,1,5,SURGERY
5694,F,6,4,SURGERY
5695,M,1,5,GENERAL
5696,M,10,3,CARDIOLOGY
5697,F,10,3,CARDIOLOGY
5698,F,6,4,SURGERY
5699,F,13,2,CARDIOLOGY
5700,F,10,3,ORTHOPEDICS
5701,M,6,4,GENERAL
5702,M,6,4,GENERAL
5703,M,6,4,GENERAL
5704,F,13,2,GENERAL
5705,M,11,3,ORTHOPEDICS
5706,F,10,3,SURGERY
5707,M,6,4,ORTHOPEDICS
5708,M,13,2,GENERAL
5709,F,10,4,ORTHOPEDICS
5710,F,1,6,GENERAL
5711,F,13,2,GENERAL
5712,F,1,5,SURGERY
5713,F,1,5,GENERAL
5714,F,10,4,CARDIOLOGY
5715,F,6,4,GENERAL
5716,F,10,4,SURGERY
5717,M,7,4,CARDIOLOGY
5718,M,13,2,GENERAL
5719,F,1,5,SURGERY
5720,F,6,4,GENERAL
5721,F,10,4,CARDIOLOGY
5722,M,6,4,GENERAL
5723,M,6,4,SURGERY
5724,F,10,4,GENERAL
5725,F,1,5,ORTHOPEDICS
5726,F,10,4,ORTHOPEDICS
5727,F,6,4,GENERAL
5728,F,1,6,SURGERY
5729,F,1,5,ORTHOPEDICS
5730,F,13,2,GENERAL
5731,M,1,5,CARDIOLOGY
5732,M,10,4,ORTHOPEDICS
5733,F,6,4,SURGERY
5734,M,1,5,SURGERY
5735,M,1,5,ORTHOPEDICS
5736,F,1,5,ORTHOPEDICS
5737,M,10,4,GENERAL
5738,F,10,3,CARDIOLOGY
5739,M,10,3,GENERAL
5740,M,10,4,CARDIOLOGY
5741,M,6,4,ORTHOPEDICS
5742,F,1,5,GENERAL
5743,M,1,5,ORTHOPEDICS
5744,M,1,5,GENERAL
5745,F,10,4,GENERAL
5746,M,1,5,CARDIOLOGY
5747,M,6,4,SURGERY
5748,F,6,4,GENERAL
5749,M,10,3,GENERAL
5750,F,6,4,ORTHOPEDICS
5751,M,6,4,SURGERY
5752,M,13,2,ORTHOPEDICS
5753,M,10,3,SURGERY
5754,M,6,4,CARDIOLOGY
5755,M,6,4,CARDIOLOGY
5756,F,10,3,SURGERY
5757,F,1,5,GENERAL
5758,M,10,3,GENERAL
5759,M,1,5,GENERAL
5760,F,6,4,GENERAL
5761,M,1,5,ORTHOPEDICS
5762,M,13,3,GENERAL
5763,F,1,5,GENERAL
5764,F,13,2,SURGERY
5765,M,10,4,SURGERY
5766,M,10,4,CARDIOLOGY
5767,M,6,4,GENERAL
5768,F,13,2,GENERAL
5769,F,6,4,GENERAL
5770,M,6,4,CARDIOLOGY
5771,F,1,5,GENERAL
5772,F,6,4,SURGERY
5773,M,10,3,CARDIOLOGY
5774,F,1,5,ORTHOPEDICS
5775,M,6,4,GENERAL
5776,M,13,2,SURGERY
5777,F,11,3,SURGERY
5778,F,6,4,GENERAL
5779,M,10,3,GENERAL
5780,M,1,5,GENERAL
5781,M,1,5,GENERAL
5782,F,10,4,GENERAL
5783,M,13,2,GENERAL
5784,M,1,5,ORTHOPEDICS
5785,M,10,4,GENERAL
5786,F,6,4,GENERAL
5787,F,1,6,GENERAL
5788,M,1,5,SURGERY
5789,M,10,3,SURGERY
5790,F,10,3,GENERAL
5791,M,6,4,GENERAL
5792,F,1,5,CARDIOLOGY
5793,M,13,3,GENERAL
5794,F,1,5,SURGERY
5795,M,10,3,SURGERY
5796,F,1,5,GENERAL
5797,M,1,5,SURGERY
5798,M,13,2,GENERAL
5799,M,6,4,GENERAL
5800,F,1,5,GENERAL
5801,F,10,3,ORTHOPEDICS
5802,M,6,4,SURGERY
5803,M,6,4,GENERAL
5804,F,10,4,ORTHOPEDICS
5805,F,1,5,GENERAL
5806,M,7,4,ORTHOPEDICS
5807,F,1,5,CARDIOLOGY
5808,F,6,4,GENERAL
5809,M,7,4,SURGERY
5810,F,6,4,ORTHOPEDICS
5811,M,7,4,GENERAL
5812,M,13,2,SURGERY
5813,F,6,4,ORTHOPEDICS
5814,M,1,6,SURGERY
5815,F,1,5,GENERAL
5816,F,1,5,ORTHOPEDICS
5817,F,6,4,CARDIOLOGY
5818,F,1,5,SURGERY
5819,M,1,5,CARDIOLOGY
5820,F,6,4,GENERAL
5821,M,1,5,GENERAL
5822,F,11,3,ORTHOPEDICS
5823,M,6,4,GENERAL
5824,F,1,5,CARDIOLOGY
5825,M,10,3,GENERAL
5826,M,6,4,CARDIOLOGY
5827,M,6,4,SURGERY
5828,M,10,4,GENERAL
5829,F,1,5,SURGERY
5830,M,10,3,CARDIOLOGY
5831,F,11,3,ORTHOPEDICS
5832,F,1,6,SURGERY
5833,M,1,5,GENERAL
5834,F,6,4,ORTHOPEDICS
5835,F,1,6,GENERAL
5836,F,1,5,GENERAL
5837,M,10,3,GENERAL
5838,M,10,3,GENERAL
5839,F,6,4,CARDIOLOGY
5840,F,10,3,ORTHOPEDICS
5841,M,13,2,ORTHOPEDICS
5842,M,7,4,ORTHOPEDICS
5843,M,13,2,CARDIOLOGY
5844,M,1,5,SURGERY
5845,F,10,3,CARDIOLOGY
5846,M,11,3,SURGERY
5847,M,1,5,GENERAL
5848,M,1,5,GENERAL
5849,F,10,4,GENERAL
5850,M,1,5,SURGERY
5851,F,11,3,GENERAL
5852,F,1,5,ORTHOPEDICS
5853,F,1,5,GENERAL
5854,F,1,5,GENERAL
5855,F,13,2,SURGERY
5856,F,10,4,GENERAL
5857,M,11,3,CARDIOLOGY
5858,F,1,6,SURGERY
5859,F,10,4,ORTHOPEDICS
5860,F,10,3,ORTHOPEDICS
5861,M,6,4,ORTHOPEDICS
5862,M,6,4,GENERAL
5863,M,1,5,ORTHOPEDICS
5864,M,1,5,ORTHOPEDICS
5865,F,1,5,SURGERY
5866,F,1,5,ORTHOPEDICS
5867,F,11,3,CARDIOLOGY
5868,M,6,4,ORTHOPEDICS
5869,M,6,4,CARDIOLOGY
5870,F,6,4,ORTHOPEDICS
5871,F,6,4,SURGERY
5872,M,6,4,SURGERY
5873,M,11,3,GENERAL
5874,F,10,3,GENERAL
5875,F,7,4,SURGERY
5876,M,13,2,ORTHOPEDICS
5877,F,1,5,GENERAL
5878,M,6,4,CARDIOLOGY
5879,M,10,4,CARDIOLOGY
5880,F,1,5,SURGERY
5881,M,10,4,ORTHOPEDICS
5882,F,13,2,GENERAL
5883,F,10,3,CARDIOLOGY
5884,M,10,4,ORTHOPEDICS
5885,M,13,2,SURGERY
5886,F,6,4,SURGERY
5887,F,6,4,ORTHOPEDICS
5888,F,1,5,SURGERY
5889,F,1,5,SURGERY
5890,M,1,5,ORTHOPEDICS
5891,F,6,4,ORTHOPEDICS
5892,F,10,4,CARDIOLOGY
5893,F,1,5,GENERAL
5894,F,1,5,GENERAL
5895,M,10,3,GENERAL
5896,M,1,5,ORTHOPEDICS
5897,M,6,4,GENERAL
5898,F,10,4,GENERAL
5899,F,1,5,GENERAL
5900,M,1,5,GENERAL
5901,M,13,3,ORTHOPEDICS
5902,F,6,4,CARDIOLOGY
5903,M,1,5,SURGERY
5904,F,13,3,CARDIOLOGY
5905,M,6,4,CARDIOLOGY
5906,M,10,4,GENERAL
5907,F,1,5,SURGERY
5908,M,10,3,ORTHOPEDICS
5909,F,1,5,GENERAL
5910,M,12,3,GENERAL
5911,M,13,2,GENERAL
5912,F,6,4,GENERAL
5913,F,1,5,GENERAL
5914,F,6,4,CARDIOLOGY
5915,F,1,6,GENERAL
5916,F,1,6,GENERAL
5917,F,6,4,GENERAL
5918,M,10,4,ORTHOPEDICS
5919,F,6,4,GENERAL
5920,M,10,4,GENERAL
5921,F,13,1,GENERAL
5922,F,10,3,SURGERY
5923,F,1,5,GENERAL
5924,F,6,4,CARDIOLOGY
5925,M,13,2,SURGERY
5926,M,6,4,ORTHOPEDICS
5927,F,6,4,ORTHOPEDICS
5928,F,10,3,GENERAL
5929,F,10,4,SURGERY
5930,F,10,3,CARDIOLOGY
5931,F,1,5,SURGERY
5932,M,1,5,GENERAL
5933,F,10,4,CARDIOLOGY
5934,F,10,3,CARDIOLOGY
5935,M,11,3,ORTHOPEDICS
5936,F,6,4,SURGERY
5937,F,1,5,SURGERY
5938,F,10,3,GENERAL
5939,F,13,2,GENERAL
5940,F,13,2,CARDIOLOGY
5941,F,7,4,ORTHOPEDICS
5942,M,13,2,GENERAL
5943,F,7,4,ORTHOPEDICS
5944,F,1,5,ORTHOPEDICS
5945,M,11,3,GENERAL
5946,F,6,4,ORTHOPEDICS
5947,F,6,5,SURGERY
5948,M,13,3,ORTHOPEDICS
5949,F,10,4,CARDIOLOGY
5950,M,10,3,CARDIOLOGY
5951,M,6,4,CARDIOLOGY
5952,F,10,4,CARDIOLOGY
5953,F,1,5,ORTHOPEDICS
5954,M,1,5,CARDIOLOGY
5955,F,1,7,GENERAL
5956,M,10,4,SURGERY
5957,M,10,3,ORTHOPEDICS
5958,M,10,4,GENERAL
5959,F,6,4,GENERAL
5960,F,6,4,SURGERY
5961,F,1,6,CARDIOLOGY
5962,M,6,4,GENERAL
5963,M,13,3,GENERAL
5964,M,7,4,CARDIOLOGY
5965,F,6,4,SURGERY
5966,F,6,4,GENERAL
5967,F,6,4,GENERAL
5968,M,1,5,ORTHOPEDICS
5969,F,7,4,SURGERY
5970,M,10,3,SURGERY
5971,M,13,2,GENERAL
5972,M,1,5,CARDIOLOGY
5973,F,10,3,ORTHOPEDICS
5974,M,7,4,GENERAL
5975,F,7,4,CARDIOLOGY
5976,F,6,4,GENERAL
5977,M,6,4,SURGERY
5978,F,6,4,GENERAL
5979,F,1,5,CARDIOLOGY
5980,M,6,4,GENERAL
5981,M,10,4,CARDIOLOGY
5982,F,11,3,CARDIOLOGY
5983,F,1,5,SURGERY
5984,F,1,6,GENERAL
5985,M,10,3,ORTHOPEDICS
5986,F,1,6,GENERAL
5987,M,10,4,GENERAL
5988,M,10,3,CARDIOLOGY
5989,F,6,4,CARDIOLOGY
5990,F,10,3,GENERAL
5991,M,10,3,ORTHOPEDICS
5992,M,1,5,GENERAL
5993,F,6,4,GENERAL
5994,M,1,6,GENERAL
5995,F,6,4,GENERAL
5996,F,7,4,GENERAL
5997,F,6,4,SURGERY
5998,F,1,5,CARDIOLOGY
5999,M,10,3,ORTHOPEDICS
6000,M,7,4,GENERAL
6001,M,6,4,GENERAL
6002,M,10,4,GENERAL
6003,M,6,4,ORTHOPEDICS
6004,M,13,2,GENERAL
6005,M,1,5,CARDIOLOGY
6006,F,10,3,CARDIOLOGY
6007,M,10,3,GENERAL
6008,M,10,3,GENERAL
6009,M,6,4,CARDIOLOGY
6010,F,10,4,GENERAL
6011,M,7,4,GENERAL
6012,F,6,4,CARDIOLOGY
6013,M,1,5,GENERAL
6014,M,10,4,GENERAL
6015,M,6,4,GENERAL
6016,M,7,4,GENERAL
6017,F,1,5,SURGERY
6018,M,13,2,SURGERY
6019,M,13,3,ORTHOPEDICS
6020,F,6,4,CARDIOLOGY
6021,M,13,2,CARDIOLOGY
6022,M,6,4,SURGERY
6023,M,1,6,GENERAL
6024,M,1,5,GENERAL
6025,M,10,4,GENERAL
6026,M,1,5,SURGERY
6027,M,6,4,SURGERY
6028,M,13,2,ORTHOPEDICS
6029,F,10,3,ORTHOPEDICS
6030,M,1,5,GENERAL
6031,F,10,3,ORTHOPEDICS
6032,M,1,5,SURGERY
6033,M,6,4,GENERAL
6034,F,1,5,CARDIOLOGY
6035,M,6,4,CARDIOLOGY
6036,F,10,3,GENERAL
6037,F,1,6,CARDIOLOGY
6038,F,1,6,GENERAL
6039,M,1,5,GENERAL
6040,M,10,3,CARDIOLOGY
6041,F,13,1,ORTHOPEDICS
6042,M,1,5,ORTHOPEDICS
6043,F,6,4,ORTHOPEDICS
6044,M,13,3,SURGERY
6045,F,1,5,ORTHOPEDICS
6046,F,7,4,ORTHOPEDICS
6047,M,1,5,CARDIOLOGY
6048,M,1,6,CARDIOLOGY
6049,F,10,4,CARDIOLOGY
6050,F,1,5,ORTHOPEDICS
6051,M,11,3,GENERAL
6052,F,10,3,GENERAL
6053,M,1,5,GENERAL
6054,M,10,3,GENERAL
6055,M,13,3,CARDIOLOGY
6056,F,11,3,GENERAL
6057,F,11,3,ORTHOPEDICS
6058,M,6,4,ORTHOPEDICS
6059,M,1,5,ORTHOPEDICS
6060,M,1,5,SURGERY
6061,M,6,4,GENERAL
6062,F,6,4,ORTHOPEDICS
6063,M,6,4,ORTHOPEDICS
6064,F,13,2,GENERAL
6065,M,10,4,GENERAL
6066,F,7,4,SURGERY
6067,M,1,5,SURGERY
6068,M,6,4,SURGERY
6069,M,1,6,ORTHOPEDICS
6070,F,13,2,GENERAL
6071,F,6,4,CARDIOLOGY
6072,M,1,5,GENERAL
6073,M,6,4,ORTHOPEDICS
6074,F,1,5,SURGERY
6075,M,13,2,ORTHOPEDICS
6076,M,10,3,CARDIOLOGY
6077,F,10,4,GENERAL
6078,F,13,3,GENERAL
6079,M,1,5,SURGERY
6080,F,11,3,GENERAL
6081,F,6,4,ORTHOPEDICS
6082,F,13,2,GENERAL
6083,F,1,6,ORTHOPEDICS
6084,F,11,3,CARDIOLOGY
6085,F,7,4,ORTHOPEDICS
6086,F,10,3,GENERAL
6087,M,13,3,GENERAL
6088,F,11,3,SURGERY
6089,M,6,4,ORTHOPEDICS
6090,M,10,3,SURGERY
6091,F,1,5,ORTHOPEDICS
6092,M,1,5,ORTHOPEDICS
6093,M,1,6,ORTHOPEDICS
6094,F,1,5,GENERAL
6095,F,11,3,ORTHOPEDICS
6096,M,1,5,GENERAL
6097,F,11,3,GENERAL
6098,M,6,4,GENERAL
6099,F,10,3,GENERAL
6100,M,7,4,GENERAL
6101,F,6,4,CARDIOLOGY
6102,F,10,3,GENERAL
6103,F,1,5,GENERAL
6104,M,1,5,GENERAL
6105,F,10,3,GENERAL
6106,F,8,4,CARDIOLOGY
6107,F,6,4,ORTHOPEDICS
6108,F,6,4,CARDIOLOGY
6109,M,11,3,CARDIOLOGY
6110,M,1,5,ORTHOPEDICS
6111,F,10,3,CARDIOLOGY
6112,M,10,3,GENERAL
6113,M,11,3,SURGERY
6114,F,1,5,ORTHOPEDICS
6115,M,6,4,SURGERY
6116,M,1,5,GENERAL
6117,M,6,4,ORTHOPEDICS
6118,M,10,4,CARDIOLOGY
6119,F,1,5,CARDIOLOGY
6120,M,10,3,GENERAL
6121,M,6,4,CARDIOLOGY
6122,M,10,3,SURGERY
6123,F,10,3,ORTHOPEDICS
6124,F,11,3,ORTHOPEDICS
6125,M,1,6,GENERAL
6126,M,13,2,GENERAL
6127,F,1,5,GENERAL
6128,M,10,3,CARDIOLOGY
6129,M,1,5,CARDIOLOGY
6130,F,10,3,ORTHOPEDICS
6131,M,1,5,SURGERY
6132,M,6,4,SURGERY
6133,M,6,4,CARDIOLOGY
6134,F,1,5,CARDIOLOGY
6135,M,10,4,GENERAL
6136,M,1,6,SURGERY
6137,F,10,3,ORTHOPEDICS
6138,F,13,3,ORTHOPEDICS
6139,M,10,4,GENERAL
6140,F,10,3,ORTHOPEDICS
6141,M,6,4,CARDIOLOGY
6142,M,10,3,GENERAL
6143,M,1,6,GENERAL
6144,M,10,4,GENERAL
6145,M,10,3,CARDIOLOGY
6146,M,10,3,GENERAL
6147,M,10,3,GENERAL
6148,F,1,5,ORTHOPEDICS
6149,F,6,4,GENERAL
6150,M,10,4,CARDIOLOGY
6151,F,1,6,ORTHOPEDICS
6152,F,1,5,SURGERY
6153,M,10,4,ORTHOPEDICS
6154,F,6,4,GENERAL
6155,F,6,4,SURGERY
6156,M,10,3,SURGERY
6157,M,7,4,SURGERY
6158,F,13,2,CARDIOLOGY
6159,F,6,4,GENERAL
6160,F,6,4,CARDIOLOGY
6161,F,11,3,CARDIOLOGY
6162,F,6,4,CARDIOLOGY
6163,M,1,7,GENERAL
6164,M,1,6,CARDIOLOGY
6165,M,1,5,SURGERY
6166,M,1,5,ORTHOPEDICS
6167,M,10,4,GENERAL
6168,F,10,3,CARDIOLOGY
6169,F,10,4,GENERAL
6170,M,10,3,GENERAL
6171,F,1,5,ORTHOPEDICS
6172,F,6,4,GENERAL
6173,F,6,4,GENERAL
6174,M,10,4,SURGERY
6175,M,10,4,ORTHOPEDICS
6176,M,1,6,GENERAL
6177,F,11,3,GENERAL
6178,M,1,5,SURGERY
6179,M,1,5,CARDIOLOGY
6180,F,6,4,ORTHOPEDICS
6181,M,11,3,ORTHOPEDICS
6182,M,1,7,SURGERY
6183,M,1,6,ORTHOPEDICS
6184,M,10,3,CARDIOLOGY
6185,M,11,3,ORTHOPEDICS
6186,F,13,2,CARDIOLOGY
6187,F,7,4,SURGERY
6188,F,1,6,GENERAL
6189,M,6,4,GENERAL
6190,F,6,4,ORTHOPEDICS
6191,M,7,4,CARDIOLOGY
6192,M,1,5,GENERAL
6193,M,10,3,GENERAL
6194,F,13,2,GENERAL
6195,M,1,5,GENERAL
6196,F,13,2,GENERAL
6197,M,7,4,CARDIOLOGY
6198,M,6,4,GENERAL
6199,M,13,3,GENERAL
6200,M,6,4,GENERAL
6201,M,13,2,CARDIOLOGY
6202,M,1,5,GENERAL
6203,M,13,2,SURGERY
6204,F,7,4,GENERAL
6205,F,1,5,GENERAL
6206,F,1,6,GENERAL
6207,F,1,5,CARDIOLOGY
6208,F,10,4,SURGERY
6209,F,1,5,ORTHOPEDICS
6210,F,6,4,SURGERY
6211,F,6,4,SURGERY
6212,M,1,5,GENERAL
6213,F,6,4,GENERAL
6214,M,1,5,GENERAL
6215,M,10,3,SURGERY
6216,F,10,3,CARDIOLOGY
6217,F,13,2,ORTHOPEDICS
6218,F,13,3,ORTHOPEDICS
6219,M,1,6,GENERAL
6220,F,10,4,GENERAL
6221,F,10,4,CARDIOLOGY
6222,M,11,3,SURGERY
6223,M,10,3,CARDIOLOGY
6224,F,6,4,SURGERY
6225,F,6,4,ORTHOPEDICS
6226,F,10,4,SURGERY
6227,F,10,4,CARDIOLOGY
6228,M,6,4,GENERAL
6229,F,10,3,SURGERY
6230,F,6,4,ORTHOPEDICS
6231,F,13,2,GENERAL
6232,F,1,5,ORTHOPEDICS
6233,F,6,4,ORTHOPEDICS
6234,M,1,5,GENERAL
6235,M,6,4,SURGERY
6236,M,1,5,GENERAL
6237,M,1,5,GENERAL
6238,M,10,4,ORTHOPEDICS
6239,F,1,5,GENERAL
6240,F,13,2,SURGERY
6241,F,10,3,GENERAL
6242,M,10,4,GENERAL
6243,F,10,4,GENERAL
6244,M,1,5,CARDIOLOGY
6245,F,1,5,ORTHOPEDICS
6246,F,12,3,GENERAL
6247,F,1,5,CARDIOLOGY
6248,M,6,4,SURGERY
6249,M,1,5,CARDIOLOGY
6250,M,1,5,GENERAL
6251,M,13,2,ORTHOPEDICS
6252,F,7,4,CARDIOLOGY
6253,F,10,4,ORTHOPEDICS
6254,M,10,3,ORTHOPEDICS
6255,M,10,3,SURGERY
6256,F,1,5,CARDIOLOGY
6257,M,6,4,ORTHOPEDICS
6258,F,1,6,GENERAL
6259,F,1,5,ORTHOPEDICS
6260,M,1,5,CARDIOLOGY
6261,F,6,4,GENERAL
6262,M,1,5,GENERAL
6263,F,10,3,ORTHOPEDICS
6264,F,6,4,CARDIOLOGY
6265,M,7,4,GENERAL
6266,M,6,4,GENERAL
6267,F,1,5,SURGERY
6268,F,6,4,GENERAL
6269,M,13,2,GENERAL
6270,F,1,6,SURGERY
6271,M,1,5,ORTHOPEDICS
6272,F,6,4,CARDIOLOGY
6273,F,6,4,ORTHOPEDICS
6274,M,1,5,GENERAL
6275,M,1,5,ORTHOPEDICS
6276,M,1,5,GENERAL
6277,F,6,4,CARDIOLOGY
6278,M,1,5,GENERAL
6279,M,6,4,CARDIOLOGY
6280,F,1,5,SURGERY
6281,M,1,5,ORTHOPEDICS
6282,M,10,3,GENERAL
6283,F,10,3,GENERAL
6284,F,1,6,GENERAL
6285,M,1,5,CARDIOLOGY
6286,F,6,4,ORTHOPEDICS
6287,F,6,4,CARDIOLOGY
6288,F,10,4,GENERAL
6289,F,1,5,GENERAL
6290,M,6,4,GENERAL
6291,M,1,5,GENERAL
6292,F,7,4,ORTHOPEDICS
6293,M,1,5,CARDIOLOGY
6294,M,1,5,SURGERY
6295,F,13,3,GENERAL
6296,F,1,5,ORTHOPEDICS
6297,F,6,4,SURGERY
6298,M,1,5,SURGERY
6299,F,10,3,SURGERY
6300,F,6,4,CARDIOLOGY
6301,M,7,4,ORTHOPEDICS
6302,F,12,3,SURGERY
6303,F,6,4,ORTHOPEDICS
6304,M,1,5,ORTHOPEDICS
6305,F,6,4,ORTHOPEDICS
6306,M,1,5,GENERAL
6307,M,1,5,ORTHOPEDICS
6308,M,1,5,SURGERY
6309,F,6,4,SURGERY
6310,F,10,3,SURGERY
6311,F,1,5,SURGERY
6312,M,7,4,GENERAL
6313,F,1,5,GENERAL
6314,F,1,5,GENERAL
6315,M,11,3,SURGERY
6316,M,10,3,GENERAL
6317,M,1,5,ORTHOPEDICS
6318,F,10,4,GENERAL
6319,F,11,3,CARDIOLOGY
6320,M,1,5,GENERAL
6321,M,1,5,SURGERY
6322,M,13,3,GENERAL
6323,F,11,3,CARDIOLOGY
6324,M,6,4,SURGERY
6325,F,10,3,GENERAL
6326,M,6,4,CARDIOLOGY
6327,M,1,5,GENERAL
6328,F,1,5,CARDIOLOGY
6329,F,1,6,ORTHOPEDICS
6330,F,1,5,ORTHOPEDICS
6331,M,8,4,CARDIOLOGY
6332,F,6,4,SURGERY
6333,F,11,3,ORTHOPEDICS
6334,M,6,4,GENERAL
6335,F,13,2,ORTHOPEDICS
6336,M,10,3,GENERAL
6337,M,1,5,ORTHOPEDICS
6338,M,6,4,SURGERY
6339,F,10,4,GENERAL
6340,F,6,4,GENERAL
6341,F,1,5,GENERAL
6342,F,1,6,SURGERY
6343,M,10,3,GENERAL
6344,F,1,5,CARDIOLOGY
6345,F,1,6,CARDIOLOGY
6346,F,10,4,GENERAL
6347,M,1,5,GENERAL
6348,F,10,3,ORTHOPEDICS
6349,M,13,3,SURGERY
6350,F,1,5,GENERAL
6351,F,10,4,GENERAL
6352,F,7,4,SURGERY
6353,M,6,4,ORTHOPEDICS
6354,M,10,3,CARDIOLOGY
6355,F,11,3,GENERAL
6356,M,10,3,ORTHOPEDICS
6357,M,10,3,SURGERY
6358,F,6,4,GENERAL
6359,F,6,4,CARDIOLOGY
6360,M,11,3,ORTHOPEDICS
6361,F,1,6,SURGERY
6362,M,10,3,GENERAL
6363,F,6,4,CARDIOLOGY
6364,M,13,2,ORTHOPEDICS
6365,M,6,4,GENERAL
6366,M,11,3,GENERAL
6367,M,6,4,GENERAL
6368,M,6,4,CARDIOLOGY
6369,M,1,5,SURGERY
6370,F,7,4,GENERAL
6371,M,13,3,SURGERY
6372,M,6,4,GENERAL
6373,F,10,3,ORTHOPEDICS
6374,F,6,4,SURGERY
6375,F,1,5,ORTHOPEDICS
6376,F,10,4,GENERAL
6377,M,1,5,ORTHOPEDICS
6378,M,10,3,SURGERY
6379,F,8,4,GENERAL
6380,F,1,5,GENERAL
6381,F,1,6,GENERAL
6382,F,13,2,GENERAL
6383,F,10,4,SURGERY
6384,M,6,4,SURGERY
6385,M,6,4,GENERAL
6386,F,6,4,SURGERY
6387,M,10,3,GENERAL
6388,M,10,4,CARDIOLOGY
6389,F,7,4,GENERAL
6390,F,11,3,SURGERY
6391,F,1,5,GENERAL
6392,M,6,4,ORTHOPEDICS
6393,F,6,4,GENERAL
6394,M,6,4,GENERAL
6395,M,1,6,SURGERY
6396,F,7,4,ORTHOPEDICS
6397,M,1,5,ORTHOPEDICS
6398,F,1,5,GENERAL
6399,M,1,5,ORTHOPEDICS
6400,M,10,3,SURGERY
