patient_id,gender,admission_day,los,required_specialty
1,F,7,4,SURGERY
2,M,6,4,ORTHOPEDICS
3,M,6,4,GENERAL
4,F,10,3,SURGERY
5,M,10,3,GENERAL
6,M,10,3,GENERAL
7,M,6,4,ORTHOPEDICS
8,M,11,3,GENERAL
9,M,1,5,CARDIOLOGY
10,F,8,4,GENERAL
11,F,10,3,ORTHOPEDICS
12,F,6,4,GENERAL
13,F,1,5,GENERAL
14,M,12,3,CARDIOLOGY
15,M,11,3,GENERAL
16,F,6,4,ORTHOPEDICS
17,M,10,4,ORTHOPEDICS
18,M,6,4,GENERAL
19,M,10,3,ORTHOPEDICS
20,F,1,6,GENERAL
21,F,11,3,GENERAL
22,F,6,4,SURGERY
23,F,10,3,CARDIOLOGY
24,M,1,5,GENERAL
25,F,13,2,CARDIOLOGY
26,M,13,1,GENERAL
27,M,10,4,SURGERY
28,F,1,5,SURGERY
29,F,1,5,GENERAL
30,F,1,5,ORTHOPEDICS
31,F,13,2,GENERAL
32,F,10,3,CARDIOLOGY
33,F,1,7,ORTHOPEDICS
34,F,1,5,CARDIOLOGY
35,F,5,4,GENERAL
36,F,1,5,GENERAL
37,F,1,5,GENERAL
38,F,10,3,ORTHOPEDICS
39,F,6,4,SURGERY
40,F,6,4,SURGERY
41,M,10,4,ORTHOPEDICS
42,F,6,4,GENERAL
43,F,12,3,GENERAL
44,M,13,2,GENERAL
45,M,1,6,SURGERY
46,F,6,4,GENERAL
47,M,11,3,GENERAL
48,F,11,3,GENERAL
49,F,1,6,ORTHOPEDICS
50,F,1,6,GENERAL
51,F,1,5,ORTHOPEDICS
52,F,1,5,SURGERY
53,M,8,4,CARDIOLOGY
54,F,13,1,CARDIOLOGY
55,M,7,4,GENERAL
56,M,1,5,GENERAL
57,F,6,4,CARDIOLOGY
58,F,6,4,GENERAL
59,F,6,4,ORTHOPEDICS
60,F,6,4,ORTHOPEDICS
61,F,10,4,ORTHOPEDICS
62,M,1,5,GENERAL
63,F,6,4,ORTHOPEDICS
64,M,10,4,ORTHOPEDICS
65,F,1,5,ORTHOPEDICS
66,F,1,6,CARDIOLOGY
67,M,6,4,GENERAL
68,M,6,4,GENERAL
69,M,13,3,SURGERY
70,F,6,4,CARDIOLOGY
71,M,6,4,SURGERY
72,F,11,3,GENERAL
73,F,6,4,SURGERY
74,F,6,4,CARDIOLOGY
75,F,11,3,GENERAL
76,F,1,5,SURGERY
77,M,1,5,ORTHOPEDICS
78,F,7,4,GENERAL
79,F,13,3,CARDIOLOGY
80,M,11,3,SURGERY
81,M,6,4,GENERAL
82,F,1,5,ORTHOPEDICS
83,M,6,4,GENERAL
84,F,1,5,CARDIOLOGY
85,F,10,3,SURGERY
86,F,1,5,ORTHOPEDICS
87,F,7,4,GENERAL
88,M,10,4,ORTHOPEDICS
89,F,1,6,ORTHOPEDICS
90,F,10,3,GENERAL
91,M,1,6,CARDIOLOGY
92,F,10,3,SURGERY
93,M,1,6,GENERAL
94,M,11,3,ORTHOPEDICS
95,M,1,6,GENERAL
96,F,6,4,GENERAL
97,F,6,4,ORTHOPEDICS
98,F,10,4,GENERAL
99,M,10,3,CARDIOLOGY
100,M,10,3,GENERAL
101,F,10,4,GENERAL
102,F,1,5,ORTHOPEDICS
103,F,1,5,GENERAL
104,M,10,3,GENERAL
105,M,1,5,GENERAL
106,M,6,4,GENERAL
107,F,10,3,GENERAL
108,M,10,3,SURGERY
109,M,10,3,GENERAL
110,F,13,2,CARDIOLOGY
111,F,13,3,SURGERY
112,F,7,4,SURGERY
113,M,6,4,ORTHOPEDICS
114,M,6,4,GENERAL
115,M,13,1,GENERAL
116,M,6,4,GENERAL
117,F,7,4,GENERAL
118,M,10,3,ORTHOPEDICS
119,F,7,4,GENERAL
120,F,10,4,GENERAL
121,M,1,5,ORTHOPEDICS
122,M,13,3,GENERAL
123,M,13,1,GENERAL
124,F,6,4,ORTHOPEDICS
125,M,6,4,GENERAL
126,M,10,4,GENERAL
127,M,1,5,CARDIOLOGY
128,F,13,2,GENERAL
129,F,6,4,CARDIOLOGY
130,F,1,5,SURGERY
131,M,6,4,SURGERY
132,M,11,3,GENERAL
133,M,1,5,ORTHOPEDICS
134,F,1,5,SURGERY
135,F,7,4,SURGERY
136,M,13,2,GENERAL
137,M,10,4,GENERAL
138,F,6,4,SURGERY
139,M,10,3,GENERAL
140,M,1,5,GENERAL
141,F,10,4,ORTHOPEDICS
142,F,6,4,GENERAL
143,M,1,5,SURGERY
144,F,10,3,SURGERY
145,F,13,2,GENERAL
146,M,1,5,CARDIOLOGY
147,M,11,3,GENERAL
148,M,6,4,CARDIOLOGY
149,F,1,5,GENERAL
150,F,10,3,GENERAL
151,M,1,5,GENERAL
152,F,13,3,SURGERY
153,F,13,2,SURGERY
154,M,6,4,GENERAL
155,M,1,5,GENERAL
156,M,13,3,ORTHOPEDICS
157,M,6,4,SURGERY
158,F,10,3,ORTHOPEDICS
159,F,10,3,GENERAL
160,M,10,4,GENERAL
161,M,10,3,GENERAL
162,M,6,4,ORTHOPEDICS
163,M,10,4,SURGERY
164,M,13,2,GENERAL
165,F,10,3,GENERAL
166,F,1,6,GENERAL
167,M,13,2,GENERAL
168,M,6,4,GENERAL
169,M,8,4,SURGERY
170,F,1,5,ORTHOPEDICS
171,M,10,3,ORTHOPEDICS
172,F,1,5,ORTHOPEDICS
173,F,1,5,ORTHOPEDICS
174,F,1,5,ORTHOPEDICS
175,M,7,4,ORTHOPEDICS
176,M,1,5,ORTHOPEDICS
177,F,1,6,ORTHOPEDICS
178,M,1,5,GENERAL
179,F,10,3,GENERAL
180,F,7,4,ORTHOPEDICS
181,M,1,5,GENERAL
182,M,7,4,CARDIOLOGY
183,F,10,4,GENERAL
184,F,13,2,SURGERY
185,F,10,3,GENERAL
186,M,1,5,ORTHOPEDICS
187,F,10,4,GENERAL
188,M,7,4,GENERAL
189,M,6,4,SURGERY
190,M,6,4,CARDIOLOGY
191,F,1,7,CARDIOLOGY
192,F,6,4,GENERAL
193,M,1,5,ORTHOPEDICS
194,M,13,3,GENERAL
195,F,1,5,GENERAL
196,M,10,3,ORTHOPEDICS
197,M,10,3,ORTHOPEDICS
198,F,10,3,GENERAL
199,M,1,5,GENERAL
200,M,10,3,GENERAL
201,F,7,4,ORTHOPEDICS
202,M,1,7,ORTHOPEDICS
203,F,10,3,CARDIOLOGY
204,F,1,5,GENERAL
205,F,10,3,GENERAL
206,F,6,4,ORTHOPEDICS
207,M,11,3,GENERAL
208,M,10,3,SURGERY
209,F,10,4,CARDIOLOGY
210,F,1,5,CARDIOLOGY
211,F,1,5,CARDIOLOGY
212,M,6,4,CARDIOLOGY
213,F,6,4,ORTHOPEDICS
214,F,7,4,CARDIOLOGY
215,M,1,6,GENERAL
216,F,11,3,GENERAL
217,F,1,5,SURGERY
218,F,10,4,CARDIOLOGY
219,M,10,4,ORTHOPEDICS
220,M,6,4,GENERAL
221,F,6,4,ORTHOPEDICS
222,M,10,3,SURGERY
223,M,10,4,GENERAL
224,F,10,4,GENERAL
225,F,1,5,CARDIOLOGY
226,F,10,3,GENERAL
227,F,11,3,GENERAL
228,M,13,2,GENERAL
229,F,1,5,CARDIOLOGY
230,M,6,4,ORTHOPEDICS
231,F,12,3,ORTHOPEDICS
232,M,1,5,ORTHOPEDICS
233,F,13,2,ORTHOPEDICS
234,M,1,5,ORTHOPEDICS
235,F,1,5,ORTHOPEDICS
236,M,1,5,SURGERY
237,F,10,4,ORTHOPEDICS
238,F,6,4,ORTHOPEDICS
239,M,1,5,GENERAL
240,M,1,5,GENERAL
241,M,13,2,ORTHOPEDICS
242,F,7,4,GENERAL
243,F,1,5,CARDIOLOGY
244,M,7,4,ORTHOPEDICS
245,M,13,3,CARDIOLOGY
246,M,6,4,GENERAL
247,M,10,4,GENERAL
248,M,1,5,GENERAL
249,F,1,6,ORTHOPEDICS
250,F,10,3,GENERAL
251,F,6,4,SURGERY
252,F,6,4,SURGERY
253,F,1,5,GENERAL
254,M,10,3,GENERAL
255,M,6,4,CARDIOLOGY
256,F,1,5,GENERAL
257,F,6,4,ORTHOPEDICS
258,M,1,6,GENERAL
259,M,1,5,CARDIOLOGY
260,F,11,3,CARDIOLOGY
261,M,6,4,SURGERY
262,F,6,4,SURGERY
263,M,10,3,ORTHOPEDICS
264,F,1,6,GENERAL
265,M,1,5,ORTHOPEDICS
266,M,10,4,ORTHOPEDICS
267,F,1,6,GENERAL
268,F,11,3,ORTHOPEDICS
269,F,11,3,GENERAL
270,M,13,2,ORTHOPEDICS
271,M,6,4,GENERAL
272,M,1,6,GENERAL
273,M,1,6,SURGERY
274,M,6,4,SURGERY
275,F,6,4,GENERAL
276,F,11,3,SURGERY
277,F,6,4,ORTHOPEDICS
278,M,6,4,GENERAL
279,M,13,2,ORTHOPEDICS
280,M,1,5,CARDIOLOGY
281,F,10,4,GENERAL
282,M,11,3,GENERAL
283,M,13,3,SURGERY
284,F,1,5,GENERAL
285,F,11,3,ORTHOPEDICS
286,F,6,4,SURGERY
287,M,7,4,CARDIOLOGY
288,F,10,3,GENERAL
289,F,7,4,GENERAL
290,M,10,3,GENERAL
291,M,10,4,CARDIOLOGY
292,M,6,4,ORTHOPEDICS
293,M,1,7,GENERAL
294,M,6,4,GENERAL
295,F,10,3,CARDIOLOGY
296,M,1,5,SURGERY
297,F,10,3,SURGERY
298,M,10,4,SURGERY
299,F,1,5,GENERAL
300,M,1,5,GENERAL
301,F,10,4,ORTHOPEDICS
302,M,6,4,GENERAL
303,M,10,3,GENERAL
304,M,1,6,CARDIOLOGY
305,M,13,2,CARDIOLOGY
306,F,13,3,GENERAL
307,M,7,4,GENERAL
308,F,6,4,CARDIOLOGY
309,F,6,4,GENERAL
310,M,13,3,CARDIOLOGY
311,M,1,5,GENERAL
312,M,6,4,GENERAL
313,M,10,3,GENERAL
314,M,7,4,SURGERY
315,F,1,5,CARDIOLOGY
316,M,1,5,GENERAL
317,M,6,4,SURGERY
318,F,13,2,ORTHOPEDICS
319,F,1,5,CARDIOLOGY
320,F,6,4,SURGERY
321,F,6,4,CARDIOLOGY
322,M,1,5,SURGERY
323,F,6,4,SURGERY
324,F,1,5,CARDIOLOGY
325,M,13,3,SURGERY
326,M,6,4,SURGERY
327,F,6,4,GENERAL
328,M,1,5,SURGERY
329,F,13,2,SURGERY
330,M,6,4,GENERAL
331,F,12,3,GENERAL
332,F,6,4,ORTHOPEDICS
333,M,1,5,GENERAL
334,F,10,4,CARDIOLOGY
335,F,1,5,GENERAL
336,M,1,5,GENERAL
337,F,13,3,CARDIOLOGY
338,M,10,4,ORTHOPEDICS
339,M,10,3,GENERAL
340,M,6,4,GENERAL
341,M,6,4,GENERAL
342,M,11,3,ORTHOPEDICS
343,M,10,3,GENERAL
344,F,12,3,GENERAL
345,M,1,6,GENERAL
346,M,6,4,ORTHOPEDICS
347,M,7,4,ORTHOPEDICS
348,M,1,5,SURGERY
349,F,1,5,SURGERY
350,M,10,4,GENERAL
351,F,10,3,SURGERY
352,M,1,5,GENERAL
353,F,10,3,CARDIOLOGY
354,M,11,3,GENERAL
355,M,1,5,ORTHOPEDICS
356,F,1,5,GENERAL
357,M,10,3,GENERAL
358,F,6,4,SURGERY
359,F,10,3,SURGERY
360,M,1,5,GENERAL
361,M,10,3,GENERAL
362,F,7,4,ORTHOPEDICS
363,F,6,4,GENERAL
364,F,1,5,ORTHOPEDICS
365,F,11,3,GENERAL
366,F,1,5,GENERAL
367,M,10,3,GENERAL
368,F,10,3,GENERAL
369,M,13,2,SURGERY
370,F,6,4,GENERAL
371,M,10,3,CARDIOLOGY
372,F,1,5,GENERAL
373,M,6,4,SURGERY
374,F,10,3,GENERAL
375,M,10,3,SURGERY
376,F,10,4,ORTHOPEDICS
377,M,13,3,GENERAL
378,F,10,4,GENERAL
379,F,6,4,ORTHOPEDICS
380,F,10,3,SURGERY
381,F,10,4,GENERAL
382,M,13,2,GENERAL
383,F,1,6,CARDIOLOGY
384,M,7,4,ORTHOPEDICS
385,F,6,4,SURGERY
386,F,1,5,ORTHOPEDICS
387,F,6,4,GENERAL
388,F,1,5,GENERAL
389,F,10,3,CARDIOLOGY
390,M,6,4,GENERAL
391,F,1,5,GENERAL
392,F,13,2,SURGERY
393,F,13,2,SURGERY
394,F,6,4,SURGERY
395,M,10,3,ORTHOPEDICS
396,M,6,4,GENERAL
397,F,6,4,GENERAL
398,M,6,4,CARDIOLOGY
399,M,6,4,SURGERY
400,M,1,5,GENERAL
401,M,13,3,GENERAL
402,M,13,2,GENERAL
403,M,1,5,GENERAL
404,M,10,3,GENERAL
405,F,6,4,SURGERY
406,M,10,4,SURGERY
407,M,11,3,ORTHOPEDICS
408,M,10,4,SURGERY
409,M,6,4,SURGERY
410,F,11,3,ORTHOPEDICS
411,F,10,4,SURGERY
412,F,6,4,GENERAL
413,F,13,1,CARDIOLOGY
414,M,6,4,SURGERY
415,F,11,3,CARDIOLOGY
416,F,1,6,GENERAL
417,F,6,4,SURGERY
418,F,1,5,GENERAL
419,F,12,3,GENERAL
420,F,13,2,GENERAL
421,F,1,5,SURGERY
422,M,6,4,ORTHOPEDICS
423,F,6,4,GENERAL
424,F,1,6,GENERAL
425,F,1,5,GENERAL
426,M,1,5,SURGERY
427,F,1,5,CARDIOLOGY
428,F,6,4,GENERAL
429,M,13,3,GENERAL
430,M,10,3,GENERAL
431,M,6,4,SURGERY
432,F,6,4,GENERAL
433,F,11,3,GENERAL
434,M,6,4,GENERAL
435,M,6,4,ORTHOPEDICS
436,M,6,4,CARDIOLOGY
437,F,6,4,SURGERY
438,M,11,3,GENERAL
439,F,1,6,CARDIOLOGY
440,M,1,5,GENERAL
441,M,10,3,ORTHOPEDICS
442,F,1,5,SURGERY
443,M,10,3,GENERAL
444,M,7,4,SURGERY
445,M,10,3,SURGERY
446,M,13,3,GENERAL
447,M,1,5,ORTHOPEDICS
448,F,10,3,CARDIOLOGY
449,M,10,3,GENERAL
450,M,6,4,GENERAL
451,F,10,3,CARDIOLOGY
452,M,6,4,ORTHOPEDICS
453,F,13,2,GENERAL
454,F,7,4,SURGERY
455,F,6,4,GENERAL
456,M,13,2,GENERAL
457,M,6,4,SURGERY
458,M,6,4,CARDIOLOGY
459,M,6,4,SURGERY
460,M,1,5,ORTHOPEDICS
461,M,10,3,GENERAL
462,M,6,4,GENERAL
463,M,6,4,SURGERY
464,M,1,5,CARDIOLOGY
465,M,1,5,GENERAL
466,F,6,4,SURGERY
467,F,11,3,GENERAL
468,F,6,4,ORTHOPEDICS
469,M,1,6,ORTHOPEDICS
470,M,11,3,SURGERY
471,M,1,5,GENERAL
472,F,1,5,ORTHOPEDICS
473,F,10,4,SURGERY
474,M,1,5,CARDIOLOGY
475,M,11,3,GENERAL
476,F,6,4,CARDIOLOGY
477,M,10,4,GENERAL
478,M,7,4,ORTHOPEDICS
479,F,1,5,ORTHOPEDICS
480,M,1,5,CARDIOLOGY
481,M,5,4,SURGERY
482,F,10,3,GENERAL
483,F,13,3,SURGERY
484,M,1,6,ORTHOPEDICS
485,M,6,4,SURGERY
486,F,6,4,GENERAL
487,F,11,3,CARDIOLOGY
488,M,1,5,SURGERY
489,F,10,4,SURGERY
490,F,13,1,CARDIOLOGY
491,F,1,5,GENERAL
492,M,1,5,ORTHOPEDICS
493,F,10,3,ORTHOPEDICS
494,M,10,4,GENERAL
495,F,10,3,GENERAL
496,M,6,4,GENERAL
497,M,11,3,ORTHOPEDICS
498,M,1,5,GENERAL
499,M,6,4,GENERAL
500,M,1,6,SURGERY
501,F,1,5,CARDIOLOGY
502,M,10,4,GENERAL
503,M,6,4,CARDIOLOGY
504,M,1,5,GENERAL
505,M,6,4,SURGERY
506,M,1,5,SURGERY
507,M,10,4,GENERAL
508,F,11,3,GENERAL
509,M,1,5,CARDIOLOGY
510,M,6,4,ORTHOPEDICS
511,M,10,3,ORTHOPEDICS
512,M,1,5,SURGERY
513,M,10,3,CARDIOLOGY
514,F,10,3,SURGERY
515,M,7,4,CARDIOLOGY
516,F,10,4,ORTHOPEDICS
517,F,1,5,SURGERY
518,F,12,3,SURGERY
519,F,6,4,GENERAL
520,F,10,3,SURGERY
521,M,1,6,GENERAL
522,F,1,7,ORTHOPEDICS
523,F,11,3,GENERAL
524,F,7,4,CARDIOLOGY
525,F,6,4,ORTHOPEDICS
526,F,6,4,GENERAL
527,M,10,3,GENERAL
528,F,13,2,CARDIOLOGY
529,F,6,4,GENERAL
530,F,10,3,ORTHOPEDICS
531,F,6,4,GENERAL
532,F,6,4,SURGERY
533,M,1,5,ORTHOPEDICS
534,M,11,3,GENERAL
535,M,10,3,GENERAL
536,M,1,5,SURGERY
537,M,6,4,SURGERY
538,M,10,3,SURGERY
539,F,1,5,CARDIOLOGY
540,M,1,5,SURGERY
541,M,11,3,GENERAL
542,M,6,4,GENERAL
543,M,1,6,SURGERY
544,M,1,5,GENERAL
545,F,6,4,CARDIOLOGY
546,M,1,5,SURGERY
547,M,6,4,CARDIOLOGY
548,M,6,4,SURGERY
549,F,1,5,ORTHOPEDICS
550,F,10,3,GENERAL
551,F,6,4,ORTHOPEDICS
552,M,10,3,GENERAL
553,M,6,4,CARDIOLOGY
554,F,6,4,CARDIOLOGY
555,F,10,3,ORTHOPEDICS
556,F,10,4,CARDIOLOGY
557,M,1,6,GENERAL
558,M,1,5,SURGERY
559,F,6,4,GENERAL
560,F,10,3,GENERAL
561,M,6,4,ORTHOPEDICS
562,M,10,3,CARDIOLOGY
563,M,6,4,ORTHOPEDICS
564,F,6,4,CARDIOLOGY
565,F,6,4,CARDIOLOGY
566,F,10,3,ORTHOPEDICS
567,M,10,4,GENERAL
568,F,10,4,GENERAL
569,F,6,4,GENERAL
570,M,10,4,GENERAL
571,F,6,4,CARDIOLOGY
572,F,6,4,SURGERY
573,M,6,4,GENERAL
574,F,11,3,GENERAL
575,F,6,4,SURGERY
576,F,1,5,ORTHOPEDICS
577,M,10,4,CARDIOLOGY
578,M,6,4,CARDIOLOGY
579,M,1,5,CARDIOLOGY
580,M,6,4,GENERAL
581,M,1,5,SURGERY
582,F,13,2,CARDIOLOGY
583,F,6,4,GENERAL
584,F,10,3,GENERAL
585,M,6,4,CARDIOLOGY
586,F,10,3,ORTHOPEDICS
587,F,11,3,CARDIOLOGY
588,F,6,4,GENERAL
589,M,13,3,ORTHOPEDICS
590,F,1,5,CARDIOLOGY
591,M,11,3,GENERAL
592,F,13,2,GENERAL
593,M,7,4,CARDIOLOGY
594,M,7,4,ORTHOPEDICS
595,M,11,3,GENERAL
596,M,13,3,SURGERY
597,F,12,3,CARDIOLOGY
598,F,6,4,ORTHOPEDICS
599,F,13,2,ORTHOPEDICS
600,M,10,4,ORTHOPEDICS
601,F,11,3,GENERAL
602,F,11,3,GENERAL
603,M,6,4,ORTHOPEDICS
604,F,10,4,ORTHOPEDICS
605,F,1,5,GENERAL
606,F,1,5,SURGERY
607,M,13,2,SURGERY
608,F,10,4,SURGERY
609,M,11,3,ORTHOPEDICS
610,M,6,4,ORTHOPEDICS
611,M,10,3,CARDIOLOGY
612,F,10,3,CARDIOLOGY
613,F,6,4,CARDIOLOGY
614,F,10,3,GENERAL
615,M,11,3,GENERAL
616,F,6,4,GENERAL
617,F,10,4,CARDIOLOGY
618,M,1,5,ORTHOPEDICS
619,F,13,2,CARDIOLOGY
620,M,10,3,ORTHOPEDICS
621,M,10,3,CARDIOLOGY
622,M,10,4,CARDIOLOGY
623,F,6,4,GENERAL
624,F,1,5,CARDIOLOGY
625,F,1,6,CARDIOLOGY
626,F,13,2,GENERAL
627,M,1,5,GENERAL
628,F,6,4,ORTHOPEDICS
629,F,13,3,SURGERY
630,F,13,3,GENERAL
631,M,6,4,GENERAL
632,M,10,4,GENERAL
633,F,1,5,ORTHOPEDICS
634,M,1,5,CARDIOLOGY
635,F,1,5,CARDIOLOGY
636,M,10,4,SURGERY
637,M,7,4,GENERAL
638,M,10,3,SURGERY
639,M,13,3,ORTHOPEDICS
640,M,1,5,GENERAL
641,M,11,3,SURGERY
642,F,11,3,SURGERY
643,F,1,7,GENERAL
644,F,1,5,GENERAL
645,F,6,4,GENERAL
646,F,6,4,SURGERY
647,M,1,5,GENERAL
648,M,13,2,SURGERY
649,M,10,4,ORTHOPEDICS
650,M,6,4,GENERAL
651,F,10,3,CARDIOLOGY
652,M,13,3,GENERAL
653,M,1,5,GENERAL
654,F,1,5,SURGERY
655,M,10,3,ORTHOPEDICS
656,M,1,5,ORTHOPEDICS
657,F,13,3,CARDIOLOGY
658,F,6,4,GENERAL
659,M,1,5,GENERAL
660,M,11,3,SURGERY
661,F,1,5,SURGERY
662,F,10,3,GENERAL
663,F,6,4,SURGERY
664,M,10,3,GENERAL
665,M,6,4,SURGERY
666,F,13,3,GENERAL
667,F,1,5,SURGERY
668,M,6,4,ORTHOPEDICS
669,F,8,4,GENERAL
670,F,1,4,SURGERY
671,F,10,3,CARDIOLOGY
672,M,13,2,GENERAL
673,M,10,4,SURGERY
674,F,10,3,GENERAL
675,F,1,5,GENERAL
676,M,1,5,GENERAL
677,M,1,5,SURGERY
678,F,6,4,CARDIOLOGY
679,F,10,3,CARDIOLOGY
680,M,1,5,GENERAL
681,F,10,4,GENERAL
682,F,10,4,SURGERY
683,F,6,4,CARDIOLOGY
684,M,7,4,GENERAL
685,F,1,4,GENERAL
686,M,10,3,GENERAL
687,F,7,4,GENERAL
688,M,10,3,GENERAL
689,F,13,2,CARDIOLOGY
690,M,6,4,ORTHOPEDICS
691,M,6,4,ORTHOPEDICS
692,M,6,4,CARDIOLOGY
693,F,1,5,SURGERY
694,F,10,3,SURGERY
695,M,10,3,CARDIOLOGY
696,F,1,7,GENERAL
697,M,7,4,GENERAL
698,F,6,4,SURGERY
699,M,6,4,CARDIOLOGY
700,M,1,5,SURGERY
701,F,6,4,ORTHOPEDICS
702,M,10,4,SURGERY
703,F,6,4,ORTHOPEDICS
704,M,1,5,CARDIOLOGY
705,F,7,4,GENERAL
706,M,1,5,SURGERY
707,M,1,7,SURGERY
708,F,1,5,SURGERY
709,M,13,3,GENERAL
710,F,7,4,GENERAL
711,F,6,4,ORTHOPEDICS
712,F,6,4,GENERAL
713,M,10,4,ORTHOPEDICS
714,M,6,4,GENERAL
715,M,1,6,GENERAL
716,F,13,2,ORTHOPEDICS
717,M,6,4,GENERAL
718,F,6,4,SURGERY
719,M,7,4,CARDIOLOGY
720,F,11,3,CARDIOLOGY
721,F,13,2,SURGERY
722,F,6,4,ORTHOPEDICS
723,M,1,6,GENERAL
724,F,13,2,CARDIOLOGY
725,M,13,2,CARDIOLOGY
726,M,1,5,GENERAL
727,M,1,5,GENERAL
728,M,7,4,ORTHOPEDICS
729,F,6,4,GENERAL
730,F,10,4,CARDIOLOGY
731,M,13,2,GENERAL
732,M,7,4,ORTHOPEDICS
733,M,1,5,GENERAL
734,F,10,3,GENERAL
735,M,10,3,GENERAL
736,F,6,4,GENERAL
737,M,6,4,GENERAL
738,M,1,5,GENERAL
739,M,10,3,CARDIOLOGY
740,M,1,5,GENERAL
741,F,13,2,CARDIOLOGY
742,M,6,4,ORTHOPEDICS
743,F,10,3,GENERAL
744,F,1,5,GENERAL
745,F,1,5,ORTHOPEDICS
746,M,1,5,GENERAL
747,F,6,4,SURGERY
748,M,13,2,ORTHOPEDICS
749,F,6,4,CARDIOLOGY
750,M,1,5,CARDIOLOGY
751,F,10,3,SURGERY
752,F,10,4,GENERAL
753,M,10,4,ORTHOPEDICS
754,F,10,3,GENERAL
755,F,6,4,GENERAL
756,F,10,3,GENERAL
757,M,7,4,SURGERY
758,F,10,4,SURGERY
759,M,1,5,ORTHOPEDICS
760,M,11,3,CARDIOLOGY
761,F,1,6,SURGERY
762,M,1,6,CARDIOLOGY
763,M,1,5,GENERAL
764,M,10,3,GENERAL
765,F,7,4,CARDIOLOGY
766,M,1,5,ORTHOPEDICS
767,F,10,3,SURGERY
768,M,10,4,SURGERY
769,F,1,7,GENERAL
770,M,10,3,GENERAL
771,F,1,5,GENERAL
772,M,1,5,SURGERY
773,M,1,5,ORTHOPEDICS
774,F,10,3,ORTHOPEDICS
775,M,10,3,GENERAL
776,F,1,7,GENERAL
777,M,11,3,GENERAL
778,F,6,4,SURGERY
779,M,8,4,CARDIOLOGY
780,F,13,3,SURGERY
781,F,6,4,SURGERY
782,F,1,5,GENERAL
783,F,11,3,GENERAL
784,M,6,4,GENERAL
785,F,10,4,ORTHOPEDICS
786,M,10,3,ORTHOPEDICS
787,F,6,4,CARDIOLOGY
788,M,6,4,SURGERY
789,M,10,3,GENERAL
790,M,1,5,GENERAL
791,F,10,3,CARDIOLOGY
792,F,1,5,GENERAL
793,M,6,4,CARDIOLOGY
794,F,1,5,CARDIOLOGY
795,M,10,3,ORTHOPEDICS
796,F,10,3,GENERAL
797,F,13,2,GENERAL
798,M,10,3,CARDIOLOGY
799,M,6,4,GENERAL
800,M,1,5,GENERAL
801,M,6,4,ORTHOPEDICS
802,M,1,5,CARDIOLOGY
803,F,1,6,GENERAL
804,F,1,6,CARDIOLOGY
805,F,11,3,GENERAL
806,F,7,4,CARDIOLOGY
807,M,6,4,GENERAL
808,M,6,4,GENERAL
809,F,7,4,GENERAL
810,F,10,4,CARDIOLOGY
811,F,1,6,SURGERY
812,F,6,4,GENERAL
813,M,13,2,GENERAL
814,F,10,3,GENERAL
815,M,10,3,ORTHOPEDICS
816,M,6,4,GENERAL
817,M,10,3,CARDIOLOGY
818,F,7,4,GENERAL
819,F,10,4,CARDIOLOGY
820,F,13,2,CARDIOLOGY
821,F,6,4,GENERAL
822,M,1,5,CARDIOLOGY
823,M,1,5,SURGERY
824,F,10,4,CARDIOLOGY
825,F,6,4,CARDIOLOGY
826,M,6,4,GENERAL
827,F,10,3,CARDIOLOGY
828,F,1,5,GENERAL
829,M,10,3,GENERAL
830,F,11,3,SURGERY
831,F,6,4,ORTHOPEDICS
832,F,10,3,ORTHOPEDICS
833,F,13,2,CARDIOLOGY
834,F,13,2,GENERAL
835,F,1,6,GENERAL
836,F,11,3,CARDIOLOGY
837,F,1,5,CARDIOLOGY
838,M,10,4,CARDIOLOGY
839,M,6,4,GENERAL
840,M,1,5,CARDIOLOGY
841,M,6,4,GENERAL
842,M,1,5,CARDIOLOGY
843,M,1,5,GENERAL
844,M,6,4,CARDIOLOGY
845,F,11,3,SURGERY
846,M,6,4,CARDIOLOGY
847,M,6,4,ORTHOPEDICS
848,F,1,6,GENERAL
849,F,7,4,ORTHOPEDICS
850,F,6,4,GENERAL
851,F,13,3,SURGERY
852,F,6,4,ORTHOPEDICS
853,F,6,4,SURGERY
854,F,13,2,GENERAL
855,M,6,4,GENERAL
856,F,10,3,GENERAL
857,M,11,3,GENERAL
858,F,1,5,ORTHOPEDICS
859,M,13,3,ORTHOPEDICS
860,M,10,3,ORTHOPEDICS
861,M,11,3,GENERAL
862,F,6,4,ORTHOPEDICS
863,M,6,4,GENERAL
864,F,10,3,SURGERY
865,M,9,4,SURGERY
866,M,10,3,GENERAL
867,M,10,3,GENERAL
868,F,1,5,GENERAL
869,F,1,5,GENERAL
870,M,7,4,ORTHOPEDICS
871,F,6,4,GENERAL
872,M,10,3,SURGERY
873,M,10,4,GENERAL
874,M,10,4,GENERAL
875,F,1,6,CARDIOLOGY
876,F,1,5,ORTHOPEDICS
877,F,1,7,SURGERY
878,F,1,6,GENERAL
879,M,1,5,GENERAL
880,F,6,4,CARDIOLOGY
881,M,1,6,SURGERY
882,F,6,4,SURGERY
883,F,1,5,GENERAL
884,F,11,3,GENERAL
885,M,6,4,GENERAL
886,M,6,4,GENERAL
887,F,6,4,SURGERY
888,M,6,4,ORTHOPEDICS
889,F,1,5,SURGERY
890,F,11,3,SURGERY
891,M,13,2,CARDIOLOGY
892,M,6,4,GENERAL
893,M,10,4,GENERAL
894,F,10,3,GENERAL
895,M,6,4,ORTHOPEDICS
896,F,6,4,ORTHOPEDICS
897,F,6,4,GENERAL
898,F,6,4,GENERAL
899,M,6,4,ORTHOPEDICS
900,M,13,1,CARDIOLOGY
901,F,13,3,GENERAL
902,M,6,4,GENERAL
903,M,1,5,CARDIOLOGY
904,M,7,4,CARDIOLOGY
905,F,6,4,SURGERY
906,M,13,1,ORTHOPEDICS
907,M,11,3,GENERAL
908,F,1,6,GENERAL
909,F,1,5,CARDIOLOGY
910,M,1,5,ORTHOPEDICS
911,M,11,3,ORTHOPEDICS
912,F,1,5,SURGERY
913,M,10,3,GENERAL
914,M,7,4,GENERAL
915,F,10,3,ORTHOPEDICS
916,F,6,4,GENERAL
917,F,6,4,CARDIOLOGY
918,M,7,4,ORTHOPEDICS
919,M,1,5,SURGERY
920,F,1,5,GENERAL
921,F,1,5,GENERAL
922,M,10,3,ORTHOPEDICS
923,M,10,3,CARDIOLOGY
924,M,7,4,CARDIOLOGY
925,F,10,3,ORTHOPEDICS
926,F,6,4,SURGERY
927,F,10,4,CARDIOLOGY
928,M,9,4,CARDIOLOGY
929,F,6,4,GENERAL
930,F,6,4,ORTHOPEDICS
931,F,6,4,GENERAL
932,F,10,3,SURGERY
933,M,10,3,GENERAL
934,F,11,3,CARDIOLOGY
935,F,1,5,SURGERY
936,F,1,6,CARDIOLOGY
937,M,11,3,SURGERY
938,M,1,5,GENERAL
939,F,1,5,ORTHOPEDICS
940,F,1,5,GENERAL
941,F,11,3,CARDIOLOGY
942,F,10,4,GENERAL
943,M,13,2,ORTHOPEDICS
944,M,10,3,GENERAL
945,M,6,4,ORTHOPEDICS
946,M,6,4,GENERAL
947,M,1,6,SURGERY
948,F,1,6,GENERAL
949,F,1,6,GENERAL
950,M,1,5,SURGERY
951,F,11,3,SURGERY
952,M,10,4,GENERAL
953,M,1,6,ORTHOPEDICS
954,F,10,4,ORTHOPEDICS
955,M,6,4,SURGERY
956,M,1,5,CARDIOLOGY
957,M,6,4,GENERAL
958,M,1,6,SURGERY
959,F,13,1,GENERAL
960,M,1,5,GENERAL
961,F,7,4,GENERAL
962,F,1,6,ORTHOPEDICS
963,F,1,6,GENERAL
964,F,10,4,SURGERY
965,M,10,3,GENERAL
966,M,10,4,SURGERY
967,F,1,5,ORTHOPEDICS
968,F,11,3,CARDIOLOGY
969,F,1,5,CARDIOLOGY
970,F,11,3,GENERAL
971,F,6,4,GENERAL
972,M,1,5,ORTHOPEDICS
973,F,1,5,CARDIOLOGY
974,F,6,4,SURGERY
975,F,10,3,GENERAL
976,M,1,5,CARDIOLOGY
977,M,1,6,GENERAL
978,M,1,5,ORTHOPEDICS
979,M,1,5,CARDIOLOGY
980,F,6,4,SURGERY
981,M,6,4,GENERAL
982,M,10,3,GENERAL
983,M,10,3,ORTHOPEDICS
984,F,12,3,GENERAL
985,F,10,3,GENERAL
986,M,10,4,SURGERY
987,F,1,5,ORTHOPEDICS
988,F,7,4,GENERAL
989,F,6,4,SURGERY
990,F,10,3,ORTHOPEDICS
991,M,10,3,GENERAL
992,F,11,3,ORTHOPEDICS
993,F,13,2,GENERAL
994,F,10,3,GENERAL
995,M,1,5,GENERAL
996,M,6,4,GENERAL
997,F,10,3,SURGERY
998,M,10,4,GENERAL
999,M,11,3,SURGERY
1000,F,13,3,GENERAL
1001,M,6,4,GENERAL
1002,M,1,5,CARDIOLOGY
1003,M,10,3,GENERAL
1004,M,1,5,CARDIOLOGY
1005,M,10,3,GENERAL
1006,F,10,3,GENERAL
1007,M,11,3,GENERAL
1008,M,1,5,ORTHOPEDICS
1009,F,6,4,SURGERY
1010,M,1,5,CARDIOLOGY
1011,M,7,4,GENERAL
1012,M,10,3,CARDIOLOGY
1013,M,6,4,CARDIOLOGY
1014,M,10,3,SURGERY
1015,M,1,5,CARDIOLOGY
1016,M,1,6,GENERAL
1017,F,6,4,GENERAL
1018,F,13,1,ORTHOPEDICS
1019,F,10,3,GENERAL
1020,M,1,5,GENERAL
1021,M,7,4,ORTHOPEDICS
1022,M,6,4,SURGERY
1023,F,10,4,ORTHOPEDICS
1024,M,6,4,ORTHOPEDICS
1025,M,7,4,GENERAL
1026,M,10,3,ORTHOPEDICS
1027,M,11,3,SURGERY
1028,F,10,3,GENERAL
1029,F,1,6,ORTHOPEDICS
1030,F,10,4,ORTHOPEDICS
1031,F,10,3,GENERAL
1032,F,1,6,CARDIOLOGY
1033,F,11,3,SURGERY
1034,M,13,2,GENERAL
1035,F,6,4,CARDIOLOGY
1036,M,6,4,ORTHOPEDICS
1037,M,7,4,GENERAL
1038,F,7,4,CARDIOLOGY
1039,F,6,4,GENERAL
1040,F,1,5,CARDIOLOGY
1041,F,10,3,CARDIOLOGY
1042,F,1,7,ORTHOPEDICS
1043,F,6,4,GENERAL
1044,F,10,3,ORTHOPEDICS
1045,F,10,3,CARDIOLOGY
1046,M,13,3,GENERAL
1047,M,10,3,GENERAL
1048,F,6,4,CARDIOLOGY
1049,M,10,4,GENERAL
1050,M,11,3,GENERAL
1051,M,1,5,CARDIOLOGY
1052,M,1,5,GENERAL
1053,F,1,5,GENERAL
1054,M,6,4,SURGERY
1055,F,13,1,SURGERY
1056,F,6,4,ORTHOPEDICS
1057,F,13,2,SURGERY
1058,F,7,4,GENERAL
1059,M,10,3,ORTHOPEDICS
1060,F,10,3,GENERAL
1061,F,1,5,SURGERY
1062,M,1,6,CARDIOLOGY
1063,M,11,3,CARDIOLOGY
1064,F,6,4,ORTHOPEDICS
1065,M,6,4,SURGERY
1066,F,6,4,SURGERY
1067,M,10,3,GENERAL
1068,F,13,2,ORTHOPEDICS
1069,F,1,5,GENERAL
1070,F,7,4,CARDIOLOGY
1071,M,11,3,CARDIOLOGY
1072,F,1,5,SURGERY
1073,F,6,4,CARDIOLOGY
1074,M,10,3,SURGERY
1075,M,6,4,GENERAL
1076,M,6,4,ORTHOPEDICS
1077,F,1,5,ORTHOPEDICS
1078,M,1,6,CARDIOLOGY
1079,F,9,4,GENERAL
1080,M,10,3,GENERAL
1081,F,6,4,SURGERY
1082,F,6,4,ORTHOPEDICS
1083,M,10,3,GENERAL
1084,M,6,4,ORTHOPEDICS
1085,M,13,3,CARDIOLOGY
1086,M,1,6,GENERAL
1087,F,1,5,ORTHOPEDICS
1088,M,10,3,CARDIOLOGY
1089,F,10,4,GENERAL
1090,F,7,4,ORTHOPEDICS
1091,F,1,6,SURGERY
1092,F,1,6,GENERAL
1093,F,11,3,SURGERY
1094,M,1,5,CARDIOLOGY
1095,M,10,3,ORTHOPEDICS
1096,M,13,2,CARDIOLOGY
1097,F,13,2,CARDIOLOGY
1098,F,11,3,SURGERY
1099,M,6,4,ORTHOPEDICS
1100,F,10,3,GENERAL
1101,F,1,6,CARDIOLOGY
1102,M,6,4,GENERAL
1103,F,10,3,GENERAL
1104,M,7,4,GENERAL
1105,F,1,5,SURGERY
1106,M,10,4,CARDIOLOGY
1107,M,10,4,GENERAL
1108,M,1,5,GENERAL
1109,F,1,5,ORTHOPEDICS
1110,F,13,2,CARDIOLOGY
1111,F,6,4,GENERAL
1112,M,1,5,GENERAL
1113,M,10,3,SURGERY
1114,F,10,4,ORTHOPEDICS
1115,M,6,4,CARDIOLOGY
1116,M,11,3,SURGERY
1117,M,6,4,ORTHOPEDICS
1118,M,1,5,CARDIOLOGY
1119,M,10,3,ORTHOPEDICS
1120,F,1,5,CARDIOLOGY
1121,F,6,4,ORTHOPEDICS
1122,M,1,5,GENERAL
1123,M,10,3,GENERAL
1124,M,10,3,GENERAL
1125,M,13,2,GENERAL
1126,M,1,5,CARDIOLOGY
1127,M,1,5,SURGERY
1128,M,6,4,SURGERY
1129,F,13,2,SURGERY
1130,M,1,6,GENERAL
1131,F,6,4,GENERAL
1132,M,10,4,GENERAL
1133,F,13,3,GENERAL
1134,M,1,5,ORTHOPEDICS
1135,M,13,2,GENERAL
1136,M,10,4,ORTHOPEDICS
1137,M,1,5,GENERAL
1138,F,6,4,SURGERY
1139,F,7,4,GENERAL
1140,F,6,4,GENERAL
1141,F,1,5,ORTHOPEDICS
1142,M,6,4,SURGERY
1143,F,10,3,GENERAL
1144,M,10,3,GENERAL
1145,M,1,6,ORTHOPEDICS
1146,F,6,4,GENERAL
1147,M,11,3,GENERAL
1148,M,6,4,GENERAL
1149,M,13,2,GENERAL
1150,M,7,4,GENERAL
1151,M,1,5,CARDIOLOGY
1152,F,10,3,GENERAL
1153,F,1,6,SURGERY
1154,M,6,4,GENERAL
1155,M,1,5,SURGERY
1156,F,1,5,ORTHOPEDICS
1157,F,10,3,GENERAL
1158,M,1,5,SURGERY
1159,F,1,5,GENERAL
1160,M,1,5,SURGERY
1161,M,1,6,SURGERY
1162,F,1,5,GENERAL
1163,M,1,5,CARDIOLOGY
1164,F,10,3,SURGERY
1165,M,1,5,ORTHOPEDICS
1166,F,1,5,SURGERY
1167,M,13,3,ORTHOPEDICS
1168,F,8,4,SURGERY
1169,M,6,4,ORTHOPEDICS
1170,M,1,6,GENERAL
1171,F,1,5,CARDIOLOGY
1172,F,10,3,CARDIOLOGY
1173,M,10,3,SURGERY
1174,F,6,4,CARDIOLOGY
1175,F,1,5,SURGERY
1176,M,7,4,SURGERY
1177,F,13,3,GENERAL
1178,M,1,5,GENERAL
1179,F,11,3,GENERAL
1180,F,1,6,SURGERY
1181,F,7,4,GENERAL
1182,F,6,4,GENERAL
1183,M,6,4,CARDIOLOGY
1184,M,6,4,GENERAL
1185,M,10,4,CARDIOLOGY
1186,M,10,3,SURGERY
1187,F,7,4,GENERAL
1188,M,6,4,GENERAL
1189,F,6,4,CARDIOLOGY
1190,M,10,3,ORTHOPEDICS
1191,M,10,3,GENERAL
1192,M,6,4,SURGERY
1193,M,1,5,ORTHOPEDICS
1194,F,6,4,GENERAL
1195,M,6,4,GENERAL
1196,M,9,4,GENERAL
1197,M,10,3,ORTHOPEDICS
1198,F,6,4,GENERAL
1199,M,6,4,GENERAL
1200,M,11,3,ORTHOPEDICS
1201,M,6,4,GENERAL
1202,F,7,4,GENERAL
1203,M,6,4,GENERAL
1204,F,6,4,CARDIOLOGY
1205,M,6,4,ORTHOPEDICS
1206,F,13,3,SURGERY
1207,M,10,4,GENERAL
1208,F,7,4,ORTHOPEDICS
1209,M,13,2,ORTHOPEDICS
1210,F,6,4,CARDIOLOGY
1211,F,1,5,SURGERY
1212,F,11,3,CARDIOLOGY
1213,M,1,5,ORTHOPEDICS
1214,F,10,3,CARDIOLOGY
1215,M,13,2,GENERAL
1216,F,6,4,SURGERY
1217,M,6,4,CARDIOLOGY
1218,F,1,5,CARDIOLOGY
1219,F,6,4,CARDIOLOGY
1220,M,6,4,GENERAL
1221,M,1,5,CARDIOLOGY
1222,M,13,2,GENERAL
1223,M,6,4,SURGERY
1224,M,1,5,ORTHOPEDICS
1225,F,10,3,ORTHOPEDICS
1226,F,1,5,ORTHOPEDICS
1227,M,13,2,CARDIOLOGY
1228,M,1,5,GENERAL
1229,M,6,4,ORTHOPEDICS
1230,M,13,3,GENERAL
1231,M,6,4,SURGERY
1232,M,1,5,GENERAL
1233,F,1,5,SURGERY
1234,M,11,3,GENERAL
1235,M,1,5,GENERAL
1236,F,6,4,GENERAL
1237,M,11,3,ORTHOPEDICS
1238,F,6,4,SURGERY
1239,F,10,3,ORTHOPEDICS
1240,M,6,4,CARDIOLOGY
1241,F,6,4,GENERAL
1242,M,13,3,CARDIOLOGY
1243,F,1,5,GENERAL
1244,F,1,5,GENERAL
1245,M,1,6,GENERAL
1246,M,1,5,SURGERY
1247,M,10,3,GENERAL
1248,F,10,3,ORTHOPEDICS
1249,F,1,5,CARDIOLOGY
1250,M,10,4,GENERAL
1251,F,6,4,GENERAL
1252,F,1,5,GENERAL
1253,M,10,4,CARDIOLOGY
1254,F,7,4,GENERAL
1255,M,6,4,ORTHOPEDICS
1256,F,13,2,ORTHOPEDICS
1257,F,1,6,SURGERY
1258,F,11,3,GENERAL
1259,F,7,4,ORTHOPEDICS
1260,F,10,3,GENERAL
1261,M,1,5,SURGERY
1262,M,6,4,ORTHOPEDICS
1263,M,1,5,CARDIOLOGY
1264,M,6,4,GENERAL
1265,F,1,5,CARDIOLOGY
1266,M,1,5,SURGERY
1267,F,6,4,CARDIOLOGY
1268,F,10,4,GENERAL
1269,M,6,4,GENERAL
1270,M,1,5,GENERAL
1271,M,1,6,GENERAL
1272,F,10,3,ORTHOPEDICS
1273,M,10,3,ORTHOPEDICS
1274,F,10,3,CARDIOLOGY
1275,M,6,4,GENERAL
1276,M,1,5,GENERAL
1277,M,10,3,SURGERY
1278,F,1,5,CARDIOLOGY
1279,M,13,2,GENERAL
1280,F,1,5,CARDIOLOGY
1281,F,1,5,ORTHOPEDICS
1282,F,1,5,SURGERY
1283,F,7,4,CARDIOLOGY
1284,F,6,4,GENERAL
1285,F,6,4,GENERAL
1286,M,1,5,GENERAL
1287,M,13,2,ORTHOPEDICS
1288,F,10,3,GENERAL
1289,M,7,4,ORTHOPEDICS
1290,M,13,3,ORTHOPEDICS
1291,F,1,6,GENERAL
1292,F,13,3,GENERAL
1293,M,1,5,SURGERY
1294,M,6,4,CARDIOLOGY
1295,M,6,4,SURGERY
1296,F,13,3,CARDIOLOGY
1297,F,10,4,GENERAL
1298,M,10,4,GENERAL
1299,M,10,3,GENERAL
1300,F,7,4,GENERAL
1301,F,13,1,SURGERY
1302,M,6,4,SURGERY
1303,F,10,3,CARDIOLOGY
1304,F,10,4,CARDIOLOGY
1305,M,13,2,GENERAL
1306,M,10,3,ORTHOPEDICS
1307,F,13,2,SURGERY
1308,F,1,5,SURGERY
1309,F,1,6,SURGERY
1310,M,10,3,GENERAL
1311,F,11,3,SURGERY
1312,F,7,4,GENERAL
1313,F,10,3,GENERAL
1314,M,6,4,GENERAL
1315,F,1,5,ORTHOPEDICS
1316,F,1,5,GENERAL
1317,F,10,3,GENERAL
1318,F,10,3,ORTHOPEDICS
1319,F,10,3,ORTHOPEDICS
1320,M,13,2,GENERAL
1321,F,10,3,GENERAL
1322,M,1,5,GENERAL
1323,M,10,4,GENERAL
1324,M,11,3,ORTHOPEDICS
1325,M,6,4,ORTHOPEDICS
1326,M,6,4,GENERAL
1327,F,6,4,ORTHOPEDICS
1328,F,7,4,GENERAL
1329,M,6,4,SURGERY
1330,F,11,3,ORTHOPEDICS
1331,F,6,4,CARDIOLOGY
1332,M,10,3,SURGERY
1333,M,10,3,ORTHOPEDICS
1334,M,13,2,ORTHOPEDICS
1335,M,10,3,CARDIOLOGY
1336,M,6,4,CARDIOLOGY
1337,F,1,5,GENERAL
1338,M,10,3,SURGERY
1339,F,6,4,CARDIOLOGY
1340,F,6,4,CARDIOLOGY
1341,F,10,4,GENERAL
1342,F,6,4,GENERAL
1343,M,1,5,ORTHOPEDICS
1344,F,10,3,ORTHOPEDICS
1345,F,7,4,ORTHOPEDICS
1346,M,6,4,ORTHOPEDICS
1347,F,10,3,SURGERY
1348,F,10,3,CARDIOLOGY
1349,M,1,5,GENERAL
1350,F,1,5,ORTHOPEDICS
1351,M,5,4,GENERAL
1352,M,10,3,GENERAL
1353,F,13,2,GENERAL
1354,M,10,4,SURGERY
1355,F,10,3,GENERAL
1356,F,1,6,GENERAL
1357,M,6,4,ORTHOPEDICS
1358,F,10,3,CARDIOLOGY
1359,M,1,5,SURGERY
1360,F,6,4,CARDIOLOGY
1361,M,10,4,ORTHOPEDICS
1362,M,10,3,ORTHOPEDICS
1363,M,1,5,GENERAL
1364,M,1,5,GENERAL
1365,F,1,5,SURGERY
1366,F,1,5,GENERAL
1367,F,10,4,GENERAL
1368,F,10,4,CARDIOLOGY
1369,F,1,5,ORTHOPEDICS
1370,F,10,4,GENERAL
1371,M,10,3,GENERAL
1372,M,6,4,GENERAL
1373,M,10,4,ORTHOPEDICS
1374,F,10,3,GENERAL
1375,M,6,4,SURGERY
1376,F,10,4,ORTHOPEDICS
1377,F,10,3,GENERAL
1378,F,1,5,ORTHOPEDICS
1379,F,6,4,CARDIOLOGY
1380,M,1,5,CARDIOLOGY
1381,M,10,3,GENERAL
1382,F,6,4,SURGERY
1383,M,1,5,ORTHOPEDICS
1384,F,6,4,ORTHOPEDICS
1385,F,1,5,CARDIOLOGY
1386,F,6,4,CARDIOLOGY
1387,F,13,2,CARDIOLOGY
1388,F,6,4,CARDIOLOGY
1389,M,1,5,SURGERY
1390,M,7,4,ORTHOPEDICS
1391,F,1,6,GENERAL
1392,M,6,4,GENERAL
1393,F,13,2,GENERAL
1394,F,1,6,CARDIOLOGY
1395,F,6,4,GENERAL
1396,M,1,5,SURGERY
1397,F,1,5,ORTHOPEDICS
1398,F,1,5,GENERAL
1399,M,6,4,CARDIOLOGY
1400,M,6,4,ORTHOPEDICS
1401,M,1,5,CARDIOLOGY
1402,F,6,4,GENERAL
1403,M,10,4,ORTHOPEDICS
1404,M,10,4,CARDIOLOGY
1405,M,7,4,ORTHOPEDICS
1406,F,10,3,ORTHOPEDICS
1407,F,10,4,ORTHOPEDICS
1408,M,1,5,SURGERY
1409,F,1,5,CARDIOLOGY
1410,F,1,5,ORTHOPEDICS
1411,F,6,4,GENERAL
1412,F,1,6,ORTHOPEDICS
1413,F,11,3,CARDIOLOGY
1414,F,11,3,GENERAL
1415,F,1,5,SURGERY
1416,M,1,5,GENERAL
1417,M,6,4,GENERAL
1418,F,1,5,ORTHOPEDICS
1419,M,1,5,ORTHOPEDICS
1420,M,10,4,CARDIOLOGY
1421,F,6,4,SURGERY
1422,F,10,4,SURGERY
1423,M,6,4,CARDIOLOGY
1424,F,6,4,GENERAL
1425,F,6,4,SURGERY
1426,F,10,3,ORTHOPEDICS
1427,F,10,3,GENERAL
1428,M,1,5,CARDIOLOGY
1429,M,6,4,GENERAL
1430,M,1,7,GENERAL
1431,M,6,4,ORTHOPEDICS
1432,M,13,2,CARDIOLOGY
1433,F,1,5,CARDIOLOGY
1434,F,1,5,ORTHOPEDICS
1435,M,7,4,ORTHOPEDICS
1436,F,6,4,CARDIOLOGY
1437,F,7,4,SURGERY
1438,M,13,2,ORTHOPEDICS
1439,M,1,5,GENERAL
1440,M,6,4,GENERAL
1441,M,6,4,SURGERY
1442,M,10,4,GENERAL
1443,M,10,3,ORTHOPEDICS
1444,M,7,4,GENERAL
1445,M,1,5,GENERAL
1446,F,6,4,ORTHOPEDICS
1447,M,6,4,CARDIOLOGY
1448,F,6,4,CARDIOLOGY
1449,F,10,3,GENERAL
1450,M,10,3,GENERAL
1451,M,1,5,CARDIOLOGY
1452,M,7,4,ORTHOPEDICS
1453,F,1,5,SURGERY
1454,F,10,3,CARDIOLOGY
1455,F,1,6,CARDIOLOGY
1456,F,1,5,SURGERY
1457,M,10,3,ORTHOPEDICS
1458,M,1,6,GENERAL
1459,F,1,5,GENERAL
1460,F,7,4,GENERAL
1461,M,1,5,CARDIOLOGY
1462,M,6,4,GENERAL
1463,M,1,5,SURGERY
1464,M,1,5,SURGERY
1465,F,13,2,SURGERY
1466,F,1,6,SURGERY
1467,M,1,5,GENERAL
1468,M,1,6,SURGERY
1469,F,1,5,SURGERY
1470,F,6,4,GENERAL
1471,F,6,4,GENERAL
1472,F,1,5,SURGERY
1473,F,10,4,GENERAL
1474,M,10,3,CARDIOLOGY
1475,M,10,3,GENERAL
1476,F,6,4,GENERAL
1477,F,11,3,CARDIOLOGY
1478,M,13,3,ORTHOPEDICS
1479,F,10,3,SURGERY
1480,M,10,4,GENERAL
1481,F,10,4,ORTHOPEDICS
1482,F,1,5,GENERAL
1483,M,10,3,GENERAL
1484,F,11,3,SURGERY
1485,M,1,5,SURGERY
1486,F,6,4,GENERAL
1487,F,10,3,CARDIOLOGY
1488,M,6,4,ORTHOPEDICS
1489,M,6,4,ORTHOPEDICS
1490,F,6,4,GENERAL
1491,M,10,3,CARDIOLOGY
1492,F,1,5,CARDIOLOGY
1493,M,6,4,CARDIOLOGY
1494,F,1,5,GENERAL
1495,F,13,2,ORTHOPEDICS
1496,F,6,4,CARDIOLOGY
1497,F,7,4,CARDIOLOGY
1498,F,10,3,CARDIOLOGY
1499,F,11,3,ORTHOPEDICS
1500,M,11,3,CARDIOLOGY
1501,M,1,6,ORTHOPEDICS
1502,M,10,4,GENERAL
1503,F,6,4,GENERAL
1504,F,6,4,SURGERY
1505,M,11,3,SURGERY
1506,F,6,4,SURGERY
1507,F,6,4,ORTHOPEDICS
1508,F,10,4,ORTHOPEDICS
1509,F,7,4,SURGERY
1510,M,11,3,SURGERY
1511,F,1,5,SURGERY
1512,M,10,3,SURGERY
1513,M,10,4,ORTHOPEDICS
1514,F,1,5,SURGERY
1515,F,11,3,GENERAL
1516,F,13,2,SURGERY
1517,F,6,4,CARDIOLOGY
1518,F,13,2,GENERAL
1519,F,11,3,SURGERY
1520,F,1,5,ORTHOPEDICS
1521,M,6,4,CARDIOLOGY
1522,M,1,5,ORTHOPEDICS
1523,M,1,5,CARDIOLOGY
1524,M,1,5,CARDIOLOGY
1525,F,6,4,ORTHOPEDICS
1526,F,6,4,GENERAL
1527,F,13,3,GENERAL
1528,F,6,4,ORTHOPEDICS
1529,F,6,4,ORTHOPEDICS
1530,F,1,5,SURGERY
1531,F,6,4,ORTHOPEDICS
1532,F,1,7,GENERAL
1533,F,1,5,GENERAL
1534,M,10,4,GENERAL
1535,F,10,4,GENERAL
1536,M,13,1,CARDIOLOGY
1537,F,10,3,GENERAL
1538,M,11,3,GENERAL
1539,F,6,4,ORTHOPEDICS
1540,M,1,5,GENERAL
1541,F,10,3,GENERAL
1542,M,1,6,SURGERY
1543,F,1,5,GENERAL
1544,M,13,3,GENERAL
1545,F,1,5,GENERAL
1546,F,7,4,ORTHOPEDICS
1547,M,6,4,ORTHOPEDICS
1548,M,1,5,ORTHOPEDICS
1549,M,10,4,ORTHOPEDICS
1550,M,6,4,GENERAL
1551,M,10,4,GENERAL
1552,M,10,4,SURGERY
1553,F,12,3,ORTHOPEDICS
1554,M,10,3,GENERAL
1555,F,11,3,GENERAL
1556,M,10,3,GENERAL
1557,F,10,4,GENERAL
1558,M,11,3,GENERAL
1559,F,1,5,GENERAL
1560,F,13,2,CARDIOLOGY
1561,F,7,4,ORTHOPEDICS
1562,F,8,4,GENERAL
1563,F,6,4,SURGERY
1564,M,10,4,GENERAL
1565,M,10,3,GENERAL
1566,F,10,4,SURGERY
1567,M,1,6,GENERAL
1568,F,11,3,ORTHOPEDICS
1569,F,13,2,GENERAL
1570,F,6,4,GENERAL
1571,F,10,3,GENERAL
1572,M,6,4,ORTHOPEDICS
1573,F,13,2,ORTHOPEDICS
1574,F,10,3,SURGERY
1575,F,1,5,SURGERY
1576,F,10,3,SURGERY
1577,M,10,3,GENERAL
1578,F,1,6,ORTHOPEDICS
1579,M,13,1,GENERAL
1580,F,6,4,GENERAL
1581,F,1,6,CARDIOLOGY
1582,F,1,5,SURGERY
1583,M,10,3,GENERAL
1584,M,7,4,GENERAL
1585,M,13,2,SURGERY
1586,F,13,3,ORTHOPEDICS
1587,M,1,5,GENERAL
1588,F,8,4,ORTHOPEDICS
1589,M,7,4,ORTHOPEDICS
1590,M,10,3,ORTHOPEDICS
1591,M,1,5,GENERAL
1592,M,10,3,GENERAL
1593,F,6,4,ORTHOPEDICS
1594,M,6,4,SURGERY
1595,F,13,2,GENERAL
1596,M,6,4,SURGERY
1597,F,10,3,SURGERY
1598,F,13,3,GENERAL
1599,M,10,3,GENERAL
1600,M,1,5,GENERAL
1601,F,10,3,ORTHOPEDICS
1602,M,1,5,ORTHOPEDICS
1603,M,11,3,GENERAL
1604,M,1,5,GENERAL
1605,M,6,4,GENERAL
1606,M,13,2,CARDIOLOGY
1607,M,1,6,GENERAL
1608,F,11,3,ORTHOPEDICS
1609,F,1,5,GENERAL
1610,M,1,6,GENERAL
1611,F,6,4,SURGERY
1612,F,10,3,GENERAL
1613,M,6,4,GENERAL
1614,M,6,4,ORTHOPEDICS
1615,M,10,4,GENERAL
1616,F,1,7,GENERAL
1617,M,1,5,CARDIOLOGY
1618,F,1,6,SURGERY
1619,M,1,6,GENERAL
1620,F,1,5,GENERAL
1621,M,10,3,GENERAL
1622,F,1,5,CARDIOLOGY
1623,M,12,3,CARDIOLOGY
1624,M,10,3,CARDIOLOGY
1625,M,10,3,CARDIOLOGY
1626,M,10,4,CARDIOLOGY
1627,F,6,4,ORTHOPEDICS
1628,M,6,4,CARDIOLOGY
1629,M,6,4,CARDIOLOGY
1630,F,10,3,GENERAL
1631,F,1,5,GENERAL
1632,M,6,4,ORTHOPEDICS
1633,F,6,4,SURGERY
1634,F,6,4,GENERAL
1635,F,6,4,GENERAL
1636,M,6,4,SURGERY
1637,F,11,3,SURGERY
1638,F,10,3,SURGERY
1639,F,6,4,CARDIOLOGY
1640,M,1,5,CARDIOLOGY
1641,F,6,4,ORTHOPEDICS
1642,M,6,4,GENERAL
1643,F,13,2,SURGERY
1644,F,6,4,CARDIOLOGY
1645,F,1,6,SURGERY
1646,F,10,3,GENERAL
1647,F,6,4,GENERAL
1648,M,6,4,SURGERY
1649,M,7,4,GENERAL
1650,F,1,5,GENERAL
1651,F,1,5,GENERAL
1652,M,1,5,GENERAL
1653,F,6,4,GENERAL
1654,M,6,4,ORTHOPEDICS
1655,F,7,4,GENERAL
1656,M,1,5,GENERAL
1657,F,13,2,GENERAL
1658,F,13,2,GENERAL
1659,M,7,4,GENERAL
1660,F,13,2,GENERAL
1661,F,1,7,ORTHOPEDICS
1662,M,7,4,GENERAL
1663,F,6,4,SURGERY
1664,M,10,3,CARDIOLOGY
1665,F,1,5,SURGERY
1666,F,6,4,SURGERY
1667,F,1,5,GENERAL
1668,F,10,3,SURGERY
1669,M,13,3,ORTHOPEDICS
1670,M,7,4,GENERAL
1671,M,6,4,GENERAL
1672,M,1,6,ORTHOPEDICS
1673,M,6,4,SURGERY
1674,M,1,5,CARDIOLOGY
1675,M,10,3,GENERAL
1676,M,10,3,GENERAL
1677,F,1,5,SURGERY
1678,F,1,5,SURGERY
1679,M,7,4,SURGERY
1680,F,1,5,CARDIOLOGY
1681,M,10,3,GENERAL
1682,M,6,4,GENERAL
1683,F,6,4,SURGERY
1684,F,13,2,CARDIOLOGY
1685,M,1,6,SURGERY
1686,F,10,3,ORTHOPEDICS
1687,F,10,3,GENERAL
1688,F,1,5,ORTHOPEDICS
1689,M,1,5,GENERAL
1690,F,13,1,ORTHOPEDICS
1691,M,1,5,ORTHOPEDICS
1692,F,10,4,CARDIOLOGY
1693,F,1,4,GENERAL
1694,F,1,5,CARDIOLOGY
1695,M,1,4,GENERAL
1696,M,6,4,SURGERY
1697,M,13,2,GENERAL
1698,F,8,4,ORTHOPEDICS
1699,F,1,5,SURGERY
1700,F,6,4,ORTHOPEDICS
1701,F,6,4,ORTHOPEDICS
1702,M,1,5,ORTHOPEDICS
1703,F,10,3,ORTHOPEDICS
1704,M,10,4,GENERAL
1705,F,1,5,GENERAL
1706,F,1,5,GENERAL
1707,M,13,3,ORTHOPEDICS
1708,M,11,3,GENERAL
1709,F,1,5,ORTHOPEDICS
1710,M,1,5,GENERAL
1711,M,10,3,GENERAL
1712,M,13,3,GENERAL
1713,F,11,3,ORTHOPEDICS
1714,M,1,6,ORTHOPEDICS
1715,M,10,3,GENERAL
1716,F,1,5,GENERAL
1717,F,13,2,ORTHOPEDICS
1718,M,1,6,ORTHOPEDICS
1719,M,1,5,ORTHOPEDICS
1720,F,13,3,GENERAL
1721,F,11,3,SURGERY
1722,F,1,5,ORTHOPEDICS
1723,F,13,3,ORTHOPEDICS
1724,F,6,4,GENERAL
1725,M,10,3,ORTHOPEDICS
1726,F,1,6,GENERAL
1727,F,6,4,GENERAL
1728,F,11,3,GENERAL
1729,M,1,5,SURGERY
1730,F,6,4,GENERAL
1731,F,6,4,ORTHOPEDICS
1732,M,1,5,SURGERY
1733,M,8,4,GENERAL
1734,M,7,4,SURGERY
1735,M,10,3,ORTHOPEDICS
1736,F,7,4,CARDIOLOGY
1737,M,7,4,CARDIOLOGY
1738,F,10,4,GENERAL
1739,F,6,4,CARDIOLOGY
1740,M,10,3,SURGERY
1741,M,1,5,GENERAL
1742,M,6,4,GENERAL
1743,M,1,5,SURGERY
1744,F,6,4,SURGERY
1745,M,1,6,GENERAL
1746,M,6,4,GENERAL
1747,M,13,2,GENERAL
1748,M,10,3,CARDIOLOGY
1749,F,6,4,CARDIOLOGY
1750,M,7,4,CARDIOLOGY
1751,F,11,3,GENERAL
1752,F,1,5,CARDIOLOGY
1753,M,7,4,GENERAL
1754,M,10,3,CARDIOLOGY
1755,F,10,4,GENERAL
1756,F,1,6,GENERAL
1757,F,1,5,GENERAL
1758,F,1,5,GENERAL
1759,F,10,3,GENERAL
1760,F,1,5,GENERAL
1761,F,10,3,GENERAL
1762,M,6,4,CARDIOLOGY
1763,F,10,4,ORTHOPEDICS
1764,M,10,3,CARDIOLOGY
1765,F,10,3,SURGERY
1766,F,7,4,GENERAL
1767,M,10,3,SURGERY
1768,F,1,5,CARDIOLOGY
1769,M,1,7,CARDIOLOGY
1770,F,1,5,GENERAL
1771,M,10,3,GENERAL
1772,F,10,3,SURGERY
1773,M,6,4,SURGERY
1774,M,7,4,SURGERY
1775,M,1,5,CARDIOLOGY
1776,M,1,5,GENERAL
1777,F,13,3,GENERAL
1778,M,6,4,ORTHOPEDICS
1779,M,6,4,GENERAL
1780,F,10,3,GENERAL
1781,F,10,3,ORTHOPEDICS
1782,F,1,5,ORTHOPEDICS
1783,F,11,3,SURGERY
1784,F,5,4,CARDIOLOGY
1785,M,10,4,SURGERY
1786,F,11,3,GENERAL
1787,F,10,3,GENERAL
1788,M,1,5,ORTHOPEDICS
1789,F,1,5,ORTHOPEDICS
1790,F,1,6,GENERAL
1791,M,13,2,CARDIOLOGY
1792,F,13,2,SURGERY
1793,F,6,4,SURGERY
1794,F,1,6,CARDIOLOGY
1795,F,6,4,GENERAL
1796,M,1,5,GENERAL
1797,M,7,4,ORTHOPEDICS
1798,F,1,5,SURGERY
1799,F,13,2,CARDIOLOGY
1800,F,1,5,SURGERY
1801,M,13,3,GENERAL
1802,M,11,3,SURGERY
1803,F,1,5,CARDIOLOGY
1804,F,13,2,ORTHOPEDICS
1805,F,1,5,CARDIOLOGY
1806,F,13,2,SURGERY
1807,M,10,3,GENERAL
1808,F,1,6,SURGERY
1809,F,11,3,SURGERY
1810,F,1,5,CARDIOLOGY
1811,F,1,5,CARDIOLOGY
1812,M,13,2,CARDIOLOGY
1813,M,10,3,ORTHOPEDICS
1814,F,6,4,GENERAL
1815,M,10,3,SURGERY
1816,F,6,4,GENERAL
1817,F,1,5,SURGERY
1818,F,6,4,GENERAL
1819,M,6,4,SURGERY
1820,M,10,4,ORTHOPEDICS
1821,M,6,4,GENERAL
1822,M,10,3,GENERAL
1823,M,1,5,SURGERY
1824,M,10,4,GENERAL
1825,F,1,6,SURGERY
1826,F,1,5,CARDIOLOGY
1827,F,10,3,SURGERY
1828,F,1,5,SURGERY
1829,M,13,2,CARDIOLOGY
1830,M,1,5,SURGERY
1831,F,1,5,SURGERY
1832,M,11,3,ORTHOPEDICS
1833,M,13,2,SURGERY
1834,M,10,3,GENERAL
1835,M,1,5,ORTHOPEDICS
1836,F,10,3,GENERAL
1837,M,11,3,GENERAL
1838,M,1,6,GENERAL
1839,F,10,3,CARDIOLOGY
1840,F,6,4,GENERAL
1841,M,7,4,GENERAL
1842,M,7,4,SURGERY
1843,F,1,5,ORTHOPEDICS
1844,F,10,3,ORTHOPEDICS
1845,M,1,5,SURGERY
1846,M,10,3,GENERAL
1847,M,13,2,GENERAL
1848,F,6,4,GENERAL
1849,M,10,3,GENERAL
1850,F,10,3,ORTHOPEDICS
1851,M,13,3,ORTHOPEDICS
1852,M,7,4,CARDIOLOGY
1853,M,10,4,GENERAL
1854,F,1,5,ORTHOPEDICS
1855,M,6,4,GENERAL
1856,F,13,2,GENERAL
1857,M,1,7,GENERAL
1858,M,10,4,GENERAL
1859,M,1,5,CARDIOLOGY
1860,M,8,4,SURGERY
1861,M,6,4,CARDIOLOGY
1862,M,6,4,GENERAL
1863,F,6,4,SURGERY
1864,M,1,5,GENERAL
1865,F,6,4,GENERAL
1866,F,6,4,SURGERY
1867,M,1,5,CARDIOLOGY
1868,M,6,4,CARDIOLOGY
1869,M,1,5,GENERAL
1870,M,10,3,GENERAL
1871,F,11,3,GENERAL
1872,M,10,3,ORTHOPEDICS
1873,M,1,6,SURGERY
1874,F,6,4,CARDIOLOGY
1875,F,6,4,GENERAL
1876,F,10,3,SURGERY
1877,F,7,4,SURGERY
1878,M,13,3,GENERAL
1879,F,10,3,CARDIOLOGY
1880,M,12,3,CARDIOLOGY
1881,F,1,5,SURGERY
1882,M,13,2,ORTHOPEDICS
1883,M,1,5,GENERAL
1884,M,10,4,GENERAL
1885,M,6,4,GENERAL
1886,F,6,4,ORTHOPEDICS
1887,F,6,4,SURGERY
1888,F,1,5,GENERAL
1889,M,6,4,CARDIOLOGY
1890,F,1,5,GENERAL
1891,F,6,4,SURGERY
1892,M,11,3,GENERAL
1893,F,13,2,GENERAL
1894,F,7,4,GENERAL
1895,F,10,3,CARDIOLOGY
1896,F,8,4,GENERAL
1897,M,12,3,SURGERY
1898,F,10,3,CARDIOLOGY
1899,M,13,2,SURGERY
1900,M,10,3,GENERAL
1901,F,6,4,GENERAL
1902,M,6,4,SURGERY
1903,F,1,5,GENERAL
1904,M,6,4,SURGERY
1905,F,13,3,CARDIOLOGY
1906,M,1,5,SURGERY
1907,F,12,3,CARDIOLOGY
1908,M,1,5,SURGERY
1909,M,11,3,SURGERY
1910,M,1,5,ORTHOPEDICS
1911,M,6,4,GENERAL
1912,M,1,5,CARDIOLOGY
1913,F,10,4,GENERAL
1914,M,7,4,CARDIOLOGY
1915,M,1,6,GENERAL
1916,M,1,6,GENERAL
1917,F,6,4,ORTHOPEDICS
1918,M,1,5,CARDIOLOGY
1919,M,10,3,GENERAL
1920,M,7,4,GENERAL
1921,F,1,6,GENERAL
1922,M,10,4,GENERAL
1923,M,6,4,CARDIOLOGY
1924,F,13,3,CARDIOLOGY
1925,F,6,4,GENERAL
1926,M,11,3,ORTHOPEDICS
1927,M,1,5,GENERAL
1928,M,6,4,SURGERY
1929,M,10,4,ORTHOPEDICS
1930,F,11,3,CARDIOLOGY
1931,M,11,3,CARDIOLOGY
1932,F,10,3,ORTHOPEDICS
1933,M,10,3,GENERAL
1934,M,6,4,GENERAL
1935,F,11,3,GENERAL
1936,F,10,4,GENERAL
1937,F,10,4,GENERAL
1938,F,1,5,ORTHOPEDICS
1939,F,6,4,ORTHOPEDICS
1940,M,13,2,GENERAL
1941,M,13,2,ORTHOPEDICS
1942,F,7,4,SURGERY
1943,F,10,4,GENERAL
1944,F,1,5,SURGERY
1945,M,1,6,GENERAL
1946,F,6,4,SURGERY
1947,M,10,3,ORTHOPEDICS
1948,M,13,3,GENERAL
1949,F,6,4,SURGERY
1950,M,10,3,CARDIOLOGY
1951,M,1,5,CARDIOLOGY
1952,M,1,5,SURGERY
1953,M,13,1,ORTHOPEDICS
1954,M,1,5,ORTHOPEDICS
1955,M,11,3,CARDIOLOGY
1956,F,10,3,SURGERY
1957,M,10,4,CARDIOLOGY
1958,F,10,4,SURGERY
1959,M,1,5,CARDIOLOGY
1960,M,1,5,SURGERY
1961,F,1,5,CARDIOLOGY
1962,M,6,4,GENERAL
1963,F,13,3,GENERAL
1964,F,1,5,ORTHOPEDICS
1965,F,1,6,SURGERY
1966,M,10,4,CARDIOLOGY
1967,M,13,2,SURGERY
1968,F,10,4,SURGERY
1969,M,6,4,CARDIOLOGY
1970,M,9,4,GENERAL
1971,F,6,4,GENERAL
1972,M,6,4,SURGERY
1973,F,11,3,GENERAL
1974,M,1,5,GENERAL
1975,M,10,3,GENERAL
1976,F,1,6,ORTHOPEDICS
1977,M,6,4,GENERAL
1978,M,1,5,CARDIOLOGY
1979,M,6,4,CARDIOLOGY
1980,M,6,4,SURGERY
1981,F,6,4,ORTHOPEDICS
1982,M,1,6,SURGERY
1983,M,10,3,GENERAL
1984,F,6,4,SURGERY
1985,M,1,5,SURGERY
1986,F,6,4,GENERAL
1987,F,11,3,ORTHOPEDICS
1988,F,11,3,GENERAL
1989,F,10,3,ORTHOPEDICS
1990,F,6,4,ORTHOPEDICS
1991,M,6,4,GENERAL
1992,F,1,5,ORTHOPEDICS
1993,F,6,4,SURGERY
1994,M,10,3,ORTHOPEDICS
1995,F,6,4,GENERAL
1996,M,6,4,SURGERY
1997,M,1,7,ORTHOPEDICS
1998,M,1,5,SURGERY
1999,F,10,3,ORTHOPEDICS
2000,F,6,4,GENERAL
2001,M,1,4,CARDIOLOGY
2002,M,1,5,SURGERY
2003,F,6,4,ORTHOPEDICS
2004,M,1,5,ORTHOPEDICS
2005,F,13,2,CARDIOLOGY
2006,M,10,3,SURGERY
2007,F,1,5,GENERAL
2008,F,11,3,GENERAL
2009,M,6,4,SURGERY
2010,F,1,5,GENERAL
2011,F,1,5,SURGERY
2012,F,1,5,CARDIOLOGY
2013,M,1,6,SURGERY
2014,F,10,4,CARDIOLOGY
2015,F,1,5,SURGERY
2016,F,10,3,ORTHOPEDICS
2017,M,1,5,SURGERY
2018,F,11,3,GENERAL
2019,F,1,5,CARDIOLOGY
2020,F,1,5,ORTHOPEDICS
2021,F,1,5,SURGERY
2022,F,7,4,GENERAL
2023,M,1,5,ORTHOPEDICS
2024,F,6,4,SURGERY
2025,F,6,4,GENERAL
2026,F,1,6,SURGERY
2027,F,10,4,ORTHOPEDICS
2028,M,13,3,GENERAL
2029,F,1,5,GENERAL
2030,F,11,3,GENERAL
2031,M,10,4,SURGERY
2032,F,10,4,ORTHOPEDICS
2033,M,10,3,GENERAL
2034,M,6,4,ORTHOPEDICS
2035,M,6,4,ORTHOPEDICS
2036,F,6,4,ORTHOPEDICS
2037,M,13,2,CARDIOLOGY
2038,F,13,2,GENERAL
2039,F,1,6,SURGERY
2040,M,1,5,ORTHOPEDICS
2041,M,13,2,CARDIOLOGY
2042,M,11,3,GENERAL
2043,M,6,4,GENERAL
2044,M,1,5,GENERAL
2045,M,1,5,CARDIOLOGY
2046,F,6,4,GENERAL
2047,M,1,5,GENERAL
2048,F,6,4,GENERAL
2049,M,6,4,GENERAL
2050,F,13,3,SURGERY
2051,F,7,4,GENERAL
2052,F,1,5,CARDIOLOGY
2053,M,1,5,SURGERY
2054,F,1,5,CARDIOLOGY
2055,M,13,2,ORTHOPEDICS
2056,F,10,3,SURGERY
2057,F,11,3,ORTHOPEDICS
2058,F,13,2,ORTHOPEDICS
2059,F,13,2,CARDIOLOGY
2060,M,1,5,ORTHOPEDICS
2061,F,11,3,CARDIOLOGY
2062,F,6,4,GENERAL
2063,F,13,2,CARDIOLOGY
2064,F,1,5,GENERAL
2065,F,13,3,ORTHOPEDICS
2066,F,1,5,GENERAL
2067,F,10,3,SURGERY
2068,M,7,4,GENERAL
2069,M,13,3,SURGERY
2070,M,1,5,GENERAL
2071,M,6,4,GENERAL
2072,F,1,5,ORTHOPEDICS
2073,F,6,4,GENERAL
2074,F,13,2,CARDIOLOGY
2075,F,10,4,GENERAL
2076,F,1,5,GENERAL
2077,M,10,4,GENERAL
2078,M,7,4,SURGERY
2079,F,1,5,CARDIOLOGY
2080,M,13,2,CARDIOLOGY
2081,M,6,4,SURGERY
2082,M,1,5,GENERAL
2083,M,1,5,ORTHOPEDICS
2084,M,10,3,ORTHOPEDICS
2085,M,11,3,GENERAL
2086,F,1,5,ORTHOPEDICS
2087,F,1,6,GENERAL
2088,F,1,5,GENERAL
2089,M,1,5,ORTHOPEDICS
2090,M,10,4,SURGERY
2091,F,6,4,GENERAL
2092,F,1,5,ORTHOPEDICS
2093,F,7,4,SURGERY
2094,M,13,3,CARDIOLOGY
2095,M,10,4,ORTHOPEDICS
2096,F,6,4,SURGERY
2097,F,6,4,GENERAL
2098,F,10,3,GENERAL
2099,M,6,4,GENERAL
2100,F,10,3,SURGERY
2101,M,7,4,ORTHOPEDICS
2102,M,1,5,GENERAL
2103,M,10,3,GENERAL
2104,F,10,3,CARDIOLOGY
2105,M,6,4,GENERAL
2106,F,10,3,ORTHOPEDICS
2107,F,8,4,CARDIOLOGY
2108,M,10,3,GENERAL
2109,F,1,5,GENERAL
2110,M,6,4,GENERAL
2111,F,11,3,SURGERY
2112,F,13,3,CARDIOLOGY
2113,M,1,5,CARDIOLOGY
2114,F,10,4,GENERAL
2115,F,6,4,GENERAL
2116,M,6,4,GENERAL
2117,M,1,5,ORTHOPEDICS
2118,F,13,2,CARDIOLOGY
2119,M,6,4,SURGERY
2120,F,13,3,GENERAL
2121,F,1,5,CARDIOLOGY
2122,F,10,3,GENERAL
2123,F,10,3,SURGERY
2124,M,13,2,SURGERY
2125,M,11,3,SURGERY
2126,F,10,4,CARDIOLOGY
2127,M,6,4,SURGERY
2128,F,10,4,ORTHOPEDICS
2129,M,10,3,GENERAL
2130,M,12,3,SURGERY
2131,F,7,4,GENERAL
2132,M,1,5,GENERAL
2133,F,1,5,GENERAL
2134,M,10,3,ORTHOPEDICS
2135,M,1,5,CARDIOLOGY
2136,F,1,5,ORTHOPEDICS
2137,F,6,4,GENERAL
2138,M,6,4,GENERAL
2139,F,1,7,GENERAL
2140,M,6,4,GENERAL
2141,M,1,5,CARDIOLOGY
2142,M,6,4,ORTHOPEDICS
2143,M,1,5,GENERAL
2144,M,10,3,CARDIOLOGY
2145,F,6,4,GENERAL
2146,M,6,4,ORTHOPEDICS
2147,F,1,5,GENERAL
2148,M,6,4,CARDIOLOGY
2149,F,10,4,ORTHOPEDICS
2150,F,6,4,ORTHOPEDICS
2151,M,13,2,CARDIOLOGY
2152,M,13,2,GENERAL
2153,F,1,5,GENERAL
2154,F,10,4,GENERAL
2155,M,13,2,GENERAL
2156,F,1,5,GENERAL
2157,F,13,2,SURGERY
2158,M,1,5,CARDIOLOGY
2159,F,6,4,GENERAL
2160,M,1,5,ORTHOPEDICS
2161,M,10,3,SURGERY
2162,F,6,4,SURGERY
2163,F,6,4,CARDIOLOGY
2164,M,1,6,SURGERY
2165,F,13,3,GENERAL
2166,M,13,2,CARDIOLOGY
2167,F,6,4,ORTHOPEDICS
2168,M,10,3,ORTHOPEDICS
2169,F,1,5,SURGERY
2170,M,9,4,CARDIOLOGY
2171,M,1,5,GENERAL
2172,F,6,4,CARDIOLOGY
2173,F,1,5,GENERAL
2174,F,1,5,ORTHOPEDICS
2175,F,6,4,CARDIOLOGY
2176,F,13,1,SURGERY
2177,F,10,3,SURGERY
2178,M,11,3,CARDIOLOGY
2179,F,6,4,ORTHOPEDICS
2180,M,1,6,GENERAL
2181,F,10,4,SURGERY
2182,M,7,4,ORTHOPEDICS
2183,F,6,4,ORTHOPEDICS
2184,M,6,4,GENERAL
2185,M,1,5,ORTHOPEDICS
2186,M,13,3,GENERAL
2187,F,13,2,GENERAL
2188,F,1,5,ORTHOPEDICS
2189,F,1,5,GENERAL
2190,F,6,4,SURGERY
2191,F,8,4,SURGERY
2192,M,6,4,SURGERY
2193,F,6,4,GENERAL
2194,M,1,5,SURGERY
2195,F,6,4,SURGERY
2196,M,13,2,SURGERY
2197,F,1,5,GENERAL
2198,F,6,4,GENERAL
2199,M,10,4,CARDIOLOGY
2200,M,10,3,GENERAL
2201,F,6,4,GENERAL
2202,M,6,4,ORTHOPEDICS
2203,M,6,4,CARDIOLOGY
2204,M,1,5,SURGERY
2205,F,1,5,SURGERY
2206,F,6,4,GENERAL
2207,F,7,4,SURGERY
2208,F,10,3,ORTHOPEDICS
2209,F,13,3,CARDIOLOGY
2210,F,10,3,SURGERY
2211,F,1,5,GENERAL
2212,M,1,5,SURGERY
2213,M,6,4,CARDIOLOGY
2214,M,6,4,GENERAL
2215,M,6,4,CARDIOLOGY
2216,F,11,3,SURGERY
2217,M,10,4,SURGERY
2218,M,1,5,ORTHOPEDICS
2219,F,6,4,ORTHOPEDICS
2220,F,10,3,CARDIOLOGY
2221,F,6,4,GENERAL
2222,M,1,5,ORTHOPEDICS
2223,F,10,3,GENERAL
2224,F,6,4,CARDIOLOGY
2225,M,1,6,GENERAL
2226,M,11,3,GENERAL
2227,M,10,3,ORTHOPEDICS
2228,F,10,3,CARDIOLOGY
2229,F,1,5,SURGERY
2230,F,6,4,GENERAL
2231,M,6,4,ORTHOPEDICS
2232,F,1,6,ORTHOPEDICS
2233,F,6,4,GENERAL
2234,M,10,4,ORTHOPEDICS
2235,F,1,5,SURGERY
2236,M,10,4,ORTHOPEDICS
2237,M,6,4,GENERAL
2238,F,10,3,SURGERY
2239,F,10,3,SURGERY
2240,M,10,4,GENERAL
2241,M,1,5,GENERAL
2242,M,1,6,CARDIOLOGY
2243,M,10,4,GENERAL
2244,F,6,4,GENERAL
2245,F,6,4,CARDIOLOGY
2246,F,1,5,GENERAL
2247,F,1,5,GENERAL
2248,M,1,5,GENERAL
2249,M,1,5,GENERAL
2250,M,10,3,GENERAL
2251,M,6,4,GENERAL
2252,F,10,3,SURGERY
2253,M,6,4,CARDIOLOGY
2254,F,6,4,GENERAL
2255,F,1,5,GENERAL
2256,F,10,4,GENERAL
2257,M,6,4,CARDIOLOGY
2258,M,6,4,GENERAL
2259,M,1,6,ORTHOPEDICS
2260,F,8,4,GENERAL
2261,M,10,3,CARDIOLOGY
2262,F,1,5,CARDIOLOGY
2263,F,10,3,GENERAL
2264,M,1,6,CARDIOLOGY
2265,F,13,2,GENERAL
2266,F,13,3,SURGERY
2267,M,7,4,GENERAL
2268,M,6,4,GENERAL
2269,F,11,3,GENERAL
2270,M,1,5,SURGERY
2271,F,7,4,CARDIOLOGY
2272,M,1,5,ORTHOPEDICS
2273,M,12,3,GENERAL
2274,F,1,5,GENERAL
2275,F,1,5,ORTHOPEDICS
2276,M,1,5,GENERAL
2277,F,10,4,CARDIOLOGY
2278,M,1,5,SURGERY
2279,M,1,5,ORTHOPEDICS
2280,F,1,5,GENERAL
2281,M,13,2,ORTHOPEDICS
2282,F,10,3,GENERAL
2283,M,6,4,GENERAL
2284,F,1,6,GENERAL
2285,F,10,4,GENERAL
2286,F,10,4,GENERAL
2287,F,7,4,ORTHOPEDICS
2288,M,1,5,GENERAL
2289,F,10,3,GENERAL
2290,M,10,3,GENERAL
2291,M,13,2,GENERAL
2292,M,1,5,CARDIOLOGY
2293,M,6,4,GENERAL
2294,F,1,5,SURGERY
2295,F,6,4,GENERAL
2296,M,10,4,SURGERY
2297,F,10,3,CARDIOLOGY
2298,M,1,5,GENERAL
2299,M,1,5,ORTHOPEDICS
2300,M,10,4,CARDIOLOGY
2301,M,10,4,ORTHOPEDICS
2302,F,11,3,CARDIOLOGY
2303,F,1,5,CARDIOLOGY
2304,M,1,5,ORTHOPEDICS
2305,F,1,5,ORTHOPEDICS
2306,F,6,4,CARDIOLOGY
2307,F,1,5,CARDIOLOGY
2308,M,1,6,ORTHOPEDICS
2309,M,11,3,CARDIOLOGY
2310,M,7,4,CARDIOLOGY
2311,M,10,3,GENERAL
2312,M,6,4,CARDIOLOGY
2313,F,1,5,ORTHOPEDICS
2314,M,1,5,GENERAL
2315,M,10,4,GENERAL
2316,F,13,3,ORTHOPEDICS
2317,F,13,2,CARDIOLOGY
2318,F,10,3,SURGERY
2319,M,1,5,GENERAL
2320,F,1,5,CARDIOLOGY
2321,M,1,5,ORTHOPEDICS
2322,M,10,4,SURGERY
2323,F,13,3,SURGERY
2324,M,10,3,GENERAL
2325,F,6,4,GENERAL
2326,M,1,5,CARDIOLOGY
2327,M,10,3,ORTHOPEDICS
2328,M,11,3,SURGERY
2329,M,6,4,CARDIOLOGY
2330,M,10,3,GENERAL
2331,M,10,3,SURGERY
2332,F,1,5,ORTHOPEDICS
2333,F,13,2,CARDIOLOGY
2334,M,1,5,GENERAL
2335,M,10,4,CARDIOLOGY
2336,M,1,5,ORTHOPEDICS
2337,M,10,3,CARDIOLOGY
2338,M,6,4,GENERAL
2339,M,6,4,ORTHOPEDICS
2340,F,1,5,SURGERY
2341,M,1,5,SURGERY
2342,M,1,5,CARDIOLOGY
2343,M,1,5,GENERAL
2344,F,1,5,GENERAL
2345,F,1,5,CARDIOLOGY
2346,M,6,4,GENERAL
2347,F,13,2,GENERAL
2348,F,1,5,GENERAL
2349,M,1,5,ORTHOPEDICS
2350,F,1,5,GENERAL
2351,M,12,3,CARDIOLOGY
2352,F,1,5,GENERAL
2353,M,6,4,GENERAL
2354,F,6,4,ORTHOPEDICS
2355,M,7,4,SURGERY
2356,M,1,5,GENERAL
2357,F,6,4,SURGERY
2358,M,6,4,GENERAL
2359,M,1,5,GENERAL
2360,M,11,3,GENERAL
2361,F,6,4,CARDIOLOGY
2362,F,6,4,GENERAL
2363,F,6,4,GENERAL
2364,F,10,3,GENERAL
2365,F,6,4,GENERAL
2366,F,13,1,GENERAL
2367,F,11,3,GENERAL
2368,M,1,5,SURGERY
2369,M,10,4,SURGERY
2370,M,12,3,ORTHOPEDICS
2371,M,7,4,CARDIOLOGY
2372,M,10,3,GENERAL
2373,M,6,4,CARDIOLOGY
2374,M,1,5,ORTHOPEDICS
2375,M,6,4,GENERAL
2376,F,10,3,GENERAL
2377,F,1,6,CARDIOLOGY
2378,F,11,3,SURGERY
2379,F,10,4,GENERAL
2380,M,6,4,SURGERY
2381,F,6,4,SURGERY
2382,F,1,5,GENERAL
2383,F,6,4,SURGERY
2384,F,10,3,SURGERY
2385,M,1,6,ORTHOPEDICS
2386,M,6,4,GENERAL
2387,M,1,5,CARDIOLOGY
2388,M,6,4,GENERAL
2389,F,6,4,GENERAL
2390,F,1,5,GENERAL
2391,M,10,3,GENERAL
2392,F,13,3,GENERAL
2393,M,6,4,GENERAL
2394,F,7,4,SURGERY
2395,M,1,6,CARDIOLOGY
2396,F,1,5,GENERAL
2397,M,6,4,GENERAL
2398,F,11,3,GENERAL
2399,F,6,4,GENERAL
2400,M,1,5,GENERAL
2401,M,10,3,GENERAL
2402,M,10,4,ORTHOPEDICS
2403,F,1,5,SURGERY
2404,F,6,4,GENERAL
2405,F,13,2,CARDIOLOGY
2406,F,1,5,GENERAL
2407,F,1,6,CARDIOLOGY
2408,M,7,4,CARDIOLOGY
2409,M,6,4,CARDIOLOGY
2410,F,1,5,ORTHOPEDICS
2411,M,6,4,SURGERY
2412,M,6,4,GENERAL
2413,M,10,3,SURGERY
2414,F,6,4,SURGERY
2415,M,13,3,ORTHOPEDICS
2416,M,1,6,GENERAL
2417,M,1,5,ORTHOPEDICS
2418,F,13,3,GENERAL
2419,F,1,5,SURGERY
2420,F,1,5,GENERAL
2421,F,13,2,GENERAL
2422,M,6,4,GENERAL
2423,F,13,2,SURGERY
2424,F,10,3,SURGERY
2425,M,1,6,GENERAL
2426,M,7,4,GENERAL
2427,F,10,3,SURGERY
2428,M,10,3,GENERAL
2429,M,1,5,GENERAL
2430,F,10,3,ORTHOPEDICS
2431,F,13,2,GENERAL
2432,M,6,4,ORTHOPEDICS
2433,F,11,3,GENERAL
2434,M,1,6,CARDIOLOGY
2435,F,1,6,ORTHOPEDICS
2436,F,6,4,CARDIOLOGY
2437,F,13,2,ORTHOPEDICS
2438,M,1,5,ORTHOPEDICS
2439,M,10,3,GENERAL
2440,M,10,4,GENERAL
2441,M,10,4,CARDIOLOGY
2442,M,1,5,GENERAL
2443,M,10,4,CARDIOLOGY
2444,F,6,4,SURGERY
2445,M,1,5,CARDIOLOGY
2446,F,11,3,CARDIOLOGY
2447,M,10,4,SURGERY
2448,F,7,4,GENERAL
2449,F,6,4,SURGERY
2450,M,6,4,GENERAL
2451,M,13,3,GENERAL
2452,F,7,4,ORTHOPEDICS
2453,M,10,3,GENERAL
2454,F,6,4,SURGERY
2455,M,6,4,ORTHOPEDICS
2456,F,1,5,CARDIOLOGY
2457,M,10,3,CARDIOLOGY
2458,M,6,4,ORTHOPEDICS
2459,M,1,5,GENERAL
2460,F,13,2,GENERAL
2461,M,13,3,SURGERY
2462,F,7,4,SURGERY
2463,M,1,5,GENERAL
2464,M,1,5,GENERAL
2465,F,1,5,CARDIOLOGY
2466,M,6,4,ORTHOPEDICS
2467,F,10,3,SURGERY
2468,F,1,5,SURGERY
2469,M,12,3,GENERAL
2470,M,13,3,CARDIOLOGY
2471,M,10,4,GENERAL
2472,F,6,4,CARDIOLOGY
2473,F,13,2,ORTHOPEDICS
2474,M,1,5,GENERAL
2475,M,13,2,ORTHOPEDICS
2476,F,6,4,GENERAL
2477,M,10,4,SURGERY
2478,F,6,4,SURGERY
2479,M,1,5,SURGERY
2480,M,7,4,CARDIOLOGY
2481,F,6,4,SURGERY
2482,M,1,5,GENERAL
2483,M,13,2,GENERAL
2484,M,1,5,CARDIOLOGY
2485,F,10,3,GENERAL
2486,F,10,3,GENERAL
2487,F,6,4,SURGERY
2488,F,13,2,GENERAL
2489,F,6,4,CARDIOLOGY
2490,F,6,4,GENERAL
2491,M,10,4,GENERAL
2492,M,1,7,GENERAL
2493,M,6,4,GENERAL
2494,M,10,3,CARDIOLOGY
2495,F,10,3,GENERAL
2496,F,1,5,ORTHOPEDICS
2497,M,7,4,GENERAL
2498,F,1,5,ORTHOPEDICS
2499,M,1,5,CARDIOLOGY
2500,F,13,2,GENERAL
2501,F,1,5,CARDIOLOGY
2502,M,10,4,SURGERY
2503,F,10,4,GENERAL
2504,M,13,2,CARDIOLOGY
2505,F,13,3,GENERAL
2506,F,6,4,ORTHOPEDICS
2507,M,1,5,ORTHOPEDICS
2508,M,13,3,GENERAL
2509,M,1,5,CARDIOLOGY
2510,F,7,4,SURGERY
2511,M,10,4,CARDIOLOGY
2512,F,10,4,GENERAL
2513,F,13,1,ORTHOPEDICS
2514,M,1,5,SURGERY
2515,M,10,3,GENERAL
2516,F,1,5,GENERAL
2517,F,1,6,SURGERY
2518,M,1,5,ORTHOPEDICS
2519,M,1,5,SURGERY
2520,M,6,4,GENERAL
2521,M,7,4,ORTHOPEDICS
2522,M,1,5,GENERAL
2523,F,10,3,SURGERY
2524,M,10,3,GENERAL
2525,F,10,3,GENERAL
2526,M,10,4,ORTHOPEDICS
2527,M,1,6,SURGERY
2528,F,6,4,CARDIOLOGY
2529,M,10,4,CARDIOLOGY
2530,F,10,4,CARDIOLOGY
2531,F,6,4,CARDIOLOGY
2532,F,6,4,GENERAL
2533,F,6,4,GENERAL
2534,M,6,4,SURGERY
2535,M,13,2,GENERAL
2536,M,13,2,GENERAL
2537,M,10,3,SURGERY
2538,F,6,4,CARDIOLOGY
2539,F,6,4,GENERAL
2540,M,7,4,ORTHOPEDICS
2541,M,11,3,ORTHOPEDICS
2542,M,11,3,SURGERY
2543,M,6,4,ORTHOPEDICS
2544,F,7,4,ORTHOPEDICS
2545,M,13,3,GENERAL
2546,M,10,3,SURGERY
2547,M,10,3,SURGERY
2548,M,10,3,ORTHOPEDICS
2549,F,11,3,CARDIOLOGY
2550,M,10,3,CARDIOLOGY
2551,M,6,4,GENERAL
2552,M,6,4,GENERAL
2553,M,6,4,GENERAL
2554,F,1,5,GENERAL
2555,M,6,4,ORTHOPEDICS
2556,M,10,3,ORTHOPEDICS
2557,F,10,3,GENERAL
2558,F,10,4,CARDIOLOGY
2559,M,1,5,GENERAL
2560,F,6,4,CARDIOLOGY
2561,M,6,4,SURGERY
2562,M,11,3,SURGERY
2563,M,1,5,ORTHOPEDICS
2564,F,7,4,GENERAL
2565,F,1,6,GENERAL
2566,F,1,5,GENERAL
2567,F,6,4,ORTHOPEDICS
2568,M,10,3,ORTHOPEDICS
2569,F,10,3,CARDIOLOGY
2570,F,1,5,SURGERY
2571,M,10,3,GENERAL
2572,F,13,2,SURGERY
2573,M,6,4,SURGERY
2574,F,6,4,SURGERY
2575,M,6,4,ORTHOPEDICS
2576,F,7,4,CARDIOLOGY
2577,M,12,3,CARDIOLOGY
2578,M,1,5,CARDIOLOGY
2579,F,9,4,GENERAL
2580,F,10,3,ORTHOPEDICS
2581,M,13,2,SURGERY
2582,M,6,4,SURGERY
2583,M,1,6,SURGERY
2584,M,6,4,SURGERY
2585,F,1,5,ORTHOPEDICS
2586,M,10,4,GENERAL
2587,M,1,5,GENERAL
2588,F,10,3,ORTHOPEDICS
2589,M,13,3,CARDIOLOGY
2590,M,1,5,ORTHOPEDICS
2591,F,6,4,GENERAL
2592,F,13,2,GENERAL
2593,M,6,4,ORTHOPEDICS
2594,M,13,2,GENERAL
2595,M,10,4,ORTHOPEDICS
2596,F,1,5,GENERAL
2597,M,6,4,SURGERY
2598,M,1,5,CARDIOLOGY
2599,M,6,4,CARDIOLOGY
2600,M,10,3,ORTHOPEDICS
2601,M,6,4,ORTHOPEDICS
2602,M,7,4,ORTHOPEDICS
2603,F,1,6,CARDIOLOGY
2604,M,7,4,SURGERY
2605,M,1,5,GENERAL
2606,F,13,2,ORTHOPEDICS
2607,M,1,5,GENERAL
2608,F,6,4,ORTHOPEDICS
2609,M,6,4,CARDIOLOGY
2610,F,1,7,GENERAL
2611,F,1,5,ORTHOPEDICS
2612,M,13,1,SURGERY
2613,M,13,2,GENERAL
2614,M,1,5,CARDIOLOGY
2615,M,6,4,CARDIOLOGY
2616,F,13,2,GENERAL
2617,F,7,4,SURGERY
2618,M,6,4,SURGERY
2619,M,1,6,GENERAL
2620,M,13,2,GENERAL
2621,M,6,4,GENERAL
2622,F,1,5,CARDIOLOGY
2623,F,11,3,ORTHOPEDICS
2624,M,10,3,SURGERY
2625,M,10,3,GENERAL
2626,F,1,5,SURGERY
2627,F,10,3,GENERAL
2628,F,1,6,CARDIOLOGY
2629,F,10,3,ORTHOPEDICS
2630,M,6,4,GENERAL
2631,F,13,2,GENERAL
2632,M,7,4,SURGERY
2633,M,10,3,ORTHOPEDICS
2634,M,10,4,SURGERY
2635,M,13,2,GENERAL
2636,F,10,3,CARDIOLOGY
2637,M,1,5,CARDIOLOGY
2638,M,13,3,CARDIOLOGY
2639,M,1,5,ORTHOPEDICS
2640,M,6,4,ORTHOPEDICS
2641,M,1,5,CARDIOLOGY
2642,M,6,4,SURGERY
2643,F,1,5,CARDIOLOGY
2644,F,10,3,CARDIOLOGY
2645,F,10,3,GENERAL
2646,M,6,4,ORTHOPEDICS
2647,M,11,3,GENERAL
2648,F,10,3,ORTHOPEDICS
2649,M,6,4,GENERAL
2650,F,13,2,GENERAL
2651,M,6,4,ORTHOPEDICS
2652,F,13,2,SURGERY
2653,M,6,4,ORTHOPEDICS
2654,M,1,5,GENERAL
2655,F,6,4,CARDIOLOGY
2656,M,1,5,ORTHOPEDICS
2657,F,1,6,SURGERY
2658,M,10,3,SURGERY
2659,M,6,4,CARDIOLOGY
2660,M,10,3,ORTHOPEDICS
2661,F,6,4,ORTHOPEDICS
2662,M,10,4,CARDIOLOGY
2663,F,7,4,ORTHOPEDICS
2664,F,1,5,CARDIOLOGY
2665,M,6,4,CARDIOLOGY
2666,M,6,4,GENERAL
2667,F,1,5,CARDIOLOGY
2668,M,13,2,ORTHOPEDICS
2669,M,6,4,SURGERY
2670,F,13,2,GENERAL
2671,F,6,4,GENERAL
2672,F,1,6,SURGERY
2673,F,6,4,GENERAL
2674,F,1,5,CARDIOLOGY
2675,M,1,5,GENERAL
2676,F,10,4,CARDIOLOGY
2677,F,1,5,ORTHOPEDICS
2678,M,1,5,SURGERY
2679,M,6,4,GENERAL
2680,F,10,3,GENERAL
2681,F,10,3,SURGERY
2682,M,10,4,CARDIOLOGY
2683,F,1,5,GENERAL
2684,F,10,3,SURGERY
2685,F,6,4,CARDIOLOGY
2686,F,1,5,SURGERY
2687,F,6,4,CARDIOLOGY
2688,F,6,4,GENERAL
2689,F,1,5,ORTHOPEDICS
2690,F,13,2,GENERAL
2691,M,1,5,CARDIOLOGY
2692,M,6,4,GENERAL
2693,F,1,5,SURGERY
2694,F,13,2,SURGERY
2695,M,10,4,CARDIOLOGY
2696,M,10,3,GENERAL
2697,M,10,3,SURGERY
2698,F,1,5,GENERAL
2699,F,6,4,GENERAL
2700,F,6,4,ORTHOPEDICS
2701,M,1,5,ORTHOPEDICS
2702,F,10,3,GENERAL
2703,F,13,2,GENERAL
2704,M,1,5,CARDIOLOGY
2705,M,10,4,CARDIOLOGY
2706,F,1,5,CARDIOLOGY
2707,M,1,5,SURGERY
2708,F,10,3,SURGERY
2709,F,11,3,GENERAL
2710,F,1,6,GENERAL
2711,M,10,3,CARDIOLOGY
2712,F,10,3,GENERAL
2713,F,13,2,ORTHOPEDICS
2714,F,11,3,SURGERY
2715,F,13,2,GENERAL
2716,M,10,3,GENERAL
2717,F,11,3,CARDIOLOGY
2718,F,13,2,GENERAL
2719,M,1,6,SURGERY
2720,F,13,3,CARDIOLOGY
2721,F,6,4,SURGERY
2722,M,1,5,SURGERY
2723,M,6,4,GENERAL
2724,M,6,4,SURGERY
2725,F,1,5,CARDIOLOGY
2726,M,6,4,GENERAL
2727,F,1,5,SURGERY
2728,F,6,4,CARDIOLOGY
2729,M,1,5,CARDIOLOGY
2730,M,1,4,GENERAL
2731,M,10,3,CARDIOLOGY
2732,F,11,3,ORTHOPEDICS
2733,M,1,5,SURGERY
2734,F,11,3,SURGERY
2735,F,1,5,CARDIOLOGY
2736,M,1,5,GENERAL
2737,M,1,5,CARDIOLOGY
2738,F,6,4,ORTHOPEDICS
2739,F,13,1,GENERAL
2740,F,1,5,ORTHOPEDICS
2741,M,6,4,CARDIOLOGY
2742,F,6,4,SURGERY
2743,M,1,5,CARDIOLOGY
2744,M,10,3,CARDIOLOGY
2745,F,6,4,SURGERY
2746,F,1,5,CARDIOLOGY
2747,F,1,6,CARDIOLOGY
2748,M,13,2,GENERAL
2749,M,6,4,SURGERY
2750,F,6,4,GENERAL
2751,F,1,5,ORTHOPEDICS
2752,M,10,3,ORTHOPEDICS
2753,M,6,4,GENERAL
2754,M,7,4,CARDIOLOGY
2755,F,13,2,SURGERY
2756,M,10,4,GENERAL
2757,M,10,4,CARDIOLOGY
2758,M,10,3,GENERAL
2759,M,1,5,CARDIOLOGY
2760,M,1,5,ORTHOPEDICS
2761,F,1,5,CARDIOLOGY
2762,M,10,4,GENERAL
2763,M,10,3,ORTHOPEDICS
2764,F,1,5,SURGERY
2765,F,6,4,GENERAL
2766,F,13,2,GENERAL
2767,M,1,5,GENERAL
2768,F,13,2,SURGERY
2769,M,1,5,CARDIOLOGY
2770,M,6,4,SURGERY
2771,M,10,3,CARDIOLOGY
2772,F,10,3,GENERAL
2773,F,6,4,GENERAL
2774,M,1,5,GENERAL
2775,M,11,3,ORTHOPEDICS
2776,M,10,3,CARDIOLOGY
2777,M,5,4,GENERAL
2778,F,6,4,GENERAL
2779,F,1,5,ORTHOPEDICS
2780,M,1,5,CARDIOLOGY
2781,M,1,5,GENERAL
2782,M,6,4,GENERAL
2783,F,1,6,GENERAL
2784,F,7,4,ORTHOPEDICS
2785,M,1,5,GENERAL
2786,F,1,5,GENERAL
2787,M,10,4,SURGERY
2788,M,6,4,GENERAL
2789,F,10,4,GENERAL
2790,M,10,4,GENERAL
2791,M,1,6,GENERAL
2792,F,13,3,GENERAL
2793,F,10,3,ORTHOPEDICS
2794,M,6,4,CARDIOLOGY
2795,F,10,3,CARDIOLOGY
2796,M,1,5,CARDIOLOGY
2797,M,10,3,GENERAL
2798,F,7,4,GENERAL
2799,M,10,3,CARDIOLOGY
2800,M,1,5,GENERAL
2801,M,1,5,GENERAL
2802,F,6,4,CARDIOLOGY
2803,F,10,3,GENERAL
2804,F,10,3,SURGERY
2805,M,6,4,GENERAL
2806,F,7,4,SURGERY
2807,F,1,5,ORTHOPEDICS
2808,M,11,3,GENERAL
2809,F,1,5,ORTHOPEDICS
2810,M,6,4,GENERAL
2811,F,6,4,GENERAL
2812,F,1,6,SURGERY
2813,M,11,3,CARDIOLOGY
2814,F,1,5,GENERAL
2815,M,6,4,ORTHOPEDICS
2816,F,10,3,CARDIOLOGY
2817,M,11,3,CARDIOLOGY
2818,M,6,4,GENERAL
2819,M,6,4,GENERAL
2820,M,10,3,SURGERY
2821,M,10,4,GENERAL
2822,M,13,2,GENERAL
2823,M,7,4,SURGERY
2824,M,6,4,ORTHOPEDICS
2825,M,1,6,GENERAL
2826,F,6,4,GENERAL
2827,M,6,4,ORTHOPEDICS
2828,M,1,5,GENERAL
2829,F,6,4,GENERAL
2830,F,1,5,GENERAL
2831,M,1,5,GENERAL
2832,M,1,6,ORTHOPEDICS
2833,M,1,5,CARDIOLOGY
2834,F,10,3,GENERAL
2835,F,1,5,ORTHOPEDICS
2836,F,1,5,GENERAL
2837,F,1,5,CARDIOLOGY
2838,M,6,4,ORTHOPEDICS
2839,M,8,4,SURGERY
2840,F,10,3,ORTHOPEDICS
2841,M,10,4,SURGERY
2842,F,11,3,SURGERY
2843,M,10,4,ORTHOPEDICS
2844,M,6,4,CARDIOLOGY
2845,F,6,4,SURGERY
2846,M,11,3,GENERAL
2847,F,11,3,CARDIOLOGY
2848,M,1,5,CARDIOLOGY
2849,M,6,4,SURGERY
2850,M,1,6,GENERAL
2851,M,10,3,SURGERY
2852,F,1,6,GENERAL
2853,F,10,3,GENERAL
2854,F,6,4,GENERAL
2855,F,1,5,GENERAL
2856,F,11,3,CARDIOLOGY
2857,F,6,4,GENERAL
2858,F,1,5,CARDIOLOGY
2859,F,1,6,ORTHOPEDICS
2860,F,6,4,ORTHOPEDICS
2861,M,11,3,CARDIOLOGY
2862,M,6,4,GENERAL
2863,F,1,5,GENERAL
2864,M,7,4,CARDIOLOGY
2865,M,10,3,SURGERY
2866,F,6,4,CARDIOLOGY
2867,F,1,6,ORTHOPEDICS
2868,F,6,4,SURGERY
2869,M,13,1,CARDIOLOGY
2870,M,6,4,ORTHOPEDICS
2871,F,6,4,ORTHOPEDICS
2872,M,1,5,SURGERY
2873,F,1,5,SURGERY
2874,F,10,3,ORTHOPEDICS
2875,F,6,4,GENERAL
2876,M,10,3,GENERAL
2877,M,1,5,CARDIOLOGY
2878,F,6,4,SURGERY
2879,M,13,2,ORTHOPEDICS
2880,F,11,3,GENERAL
2881,M,10,3,GENERAL
2882,M,1,5,GENERAL
2883,F,10,4,ORTHOPEDICS
2884,M,11,3,CARDIOLOGY
2885,F,1,5,ORTHOPEDICS
2886,F,6,4,GENERAL
2887,M,1,5,GENERAL
2888,F,6,4,CARDIOLOGY
2889,F,10,3,ORTHOPEDICS
2890,M,6,4,CARDIOLOGY
2891,M,11,3,CARDIOLOGY
2892,F,10,3,GENERAL
2893,M,1,5,ORTHOPEDICS
2894,M,7,4,GENERAL
2895,F,13,3,CARDIOLOGY
2896,M,6,4,SURGERY
2897,F,1,5,ORTHOPEDICS
2898,F,1,5,GENERAL
2899,M,10,3,SURGERY
2900,F,1,5,SURGERY
2901,M,13,3,GENERAL
2902,F,6,4,GENERAL
2903,M,6,4,CARDIOLOGY
2904,F,13,2,CARDIOLOGY
2905,M,10,4,SURGERY
2906,F,6,4,SURGERY
2907,F,10,3,SURGERY
2908,M,10,3,GENERAL
2909,F,10,3,GENERAL
2910,F,13,2,GENERAL
2911,M,1,5,ORTHOPEDICS
2912,M,1,5,SURGERY
2913,F,13,2,ORTHOPEDICS
2914,F,6,4,GENERAL
2915,M,6,4,CARDIOLOGY
2916,F,1,6,ORTHOPEDICS
2917,F,13,2,GENERAL
2918,F,7,4,GENERAL
2919,M,11,3,GENERAL
2920,M,1,5,GENERAL
2921,M,10,3,GENERAL
2922,M,10,4,GENERAL
2923,F,10,3,ORTHOPEDICS
2924,M,7,4,SURGERY
2925,F,1,5,CARDIOLOGY
2926,F,1,6,GENERAL
2927,M,1,5,GENERAL
2928,F,1,5,GENERAL
2929,M,1,5,SURGERY
2930,M,10,3,ORTHOPEDICS
2931,M,13,3,SURGERY
2932,F,6,4,SURGERY
2933,M,10,3,GENERAL
2934,M,10,3,GENERAL
2935,F,6,4,CARDIOLOGY
2936,F,6,4,GENERAL
2937,F,1,5,ORTHOPEDICS
2938,M,6,4,SURGERY
2939,F,1,5,SURGERY
2940,M,1,5,GENERAL
2941,F,6,4,GENERAL
2942,M,10,3,GENERAL
2943,F,6,4,ORTHOPEDICS
2944,M,10,3,SURGERY
2945,M,1,7,GENERAL
2946,M,7,4,SURGERY
2947,F,1,5,SURGERY
2948,M,13,2,ORTHOPEDICS
2949,M,6,4,ORTHOPEDICS
2950,M,6,4,GENERAL
2951,F,1,5,ORTHOPEDICS
2952,M,13,3,GENERAL
2953,F,10,4,GENERAL
2954,F,10,4,GENERAL
2955,F,1,6,ORTHOPEDICS
2956,F,6,4,GENERAL
2957,F,6,4,SURGERY
2958,M,10,3,ORTHOPEDICS
2959,F,1,5,GENERAL
2960,F,13,2,SURGERY
2961,F,7,4,ORTHOPEDICS
2962,M,7,4,ORTHOPEDICS
2963,M,1,6,GENERAL
2964,F,6,4,ORTHOPEDICS
2965,F,1,5,GENERAL
2966,F,1,5,CARDIOLOGY
2967,F,1,5,GENERAL
2968,F,7,4,ORTHOPEDICS
2969,M,10,4,CARDIOLOGY
2970,M,1,5,GENERAL
2971,M,1,5,GENERAL
2972,F,13,2,SURGERY
2973,F,1,5,SURGERY
2974,M,10,3,GENERAL
2975,F,7,4,SURGERY
2976,M,6,4,GENERAL
2977,M,10,3,ORTHOPEDICS
2978,M,10,4,ORTHOPEDICS
2979,M,1,6,SURGERY
2980,F,1,5,GENERAL
2981,F,1,5,GENERAL
2982,F,8,4,SURGERY
2983,M,1,5,SURGERY
2984,M,10,3,SURGERY
2985,M,6,4,GENERAL
2986,M,10,3,ORTHOPEDICS
2987,M,1,5,GENERAL
2988,M,6,4,GENERAL
2989,F,10,4,GENERAL
2990,M,6,4,SURGERY
2991,M,7,4,CARDIOLOGY
2992,F,1,6,GENERAL
2993,F,6,4,ORTHOPEDICS
2994,F,1,5,CARDIOLOGY
2995,F,1,5,ORTHOPEDICS
2996,M,1,6,CARDIOLOGY
2997,F,6,4,SURGERY
2998,F,10,3,CARDIOLOGY
2999,M,11,3,GENERAL
3000,M,13,3,GENERAL
3001,F,6,4,ORTHOPEDICS
3002,M,6,4,GENERAL
3003,M,11,3,GENERAL
3004,F,10,4,GENERAL
3005,F,1,5,SURGERY
3006,M,1,5,CARDIOLOGY
3007,M,13,3,ORTHOPEDICS
3008,M,6,4,GENERAL
3009,M,6,4,ORTHOPEDICS
3010,M,11,3,ORTHOPEDICS
3011,F,10,3,CARDIOLOGY
3012,F,1,5,GENERAL
3013,M,1,6,GENERAL
3014,F,1,6,GENERAL
3015,M,1,5,CARDIOLOGY
3016,F,6,4,GENERAL
3017,F,13,2,GENERAL
3018,F,5,4,GENERAL
3019,M,10,3,GENERAL
3020,M,10,3,ORTHOPEDICS
3021,F,1,5,GENERAL
3022,M,7,4,CARDIOLOGY
3023,F,1,5,CARDIOLOGY
3024,M,1,5,ORTHOPEDICS
3025,F,1,5,ORTHOPEDICS
3026,F,1,5,GENERAL
3027,F,1,5,GENERAL
3028,F,6,4,CARDIOLOGY
3029,F,7,4,ORTHOPEDICS
3030,M,1,5,ORTHOPEDICS
3031,M,1,5,CARDIOLOGY
3032,M,13,2,CARDIOLOGY
3033,F,10,3,GENERAL
3034,F,1,5,CARDIOLOGY
3035,F,10,3,GENERAL
3036,M,1,5,CARDIOLOGY
3037,M,13,3,ORTHOPEDICS
3038,M,10,4,SURGERY
3039,M,10,3,ORTHOPEDICS
3040,M,1,5,SURGERY
3041,M,10,3,SURGERY
3042,M,1,5,SURGERY
3043,F,6,4,SURGERY
3044,M,13,3,CARDIOLOGY
3045,F,10,4,GENERAL
3046,F,6,4,GENERAL
3047,M,7,4,SURGERY
3048,F,10,3,GENERAL
3049,M,10,4,CARDIOLOGY
3050,F,1,5,GENERAL
3051,M,13,2,CARDIOLOGY
3052,M,13,2,CARDIOLOGY
3053,F,6,4,GENERAL
3054,M,1,5,GENERAL
3055,F,1,5,CARDIOLOGY
3056,M,1,7,GENERAL
3057,F,10,4,SURGERY
3058,M,7,4,ORTHOPEDICS
3059,M,10,4,ORTHOPEDICS
3060,M,10,3,CARDIOLOGY
3061,F,6,4,GENERAL
3062,M,13,3,GENERAL
3063,F,10,3,ORTHOPEDICS
3064,M,1,5,CARDIOLOGY
3065,M,10,3,SURGERY
3066,M,1,5,CARDIOLOGY
3067,F,1,5,GENERAL
3068,F,13,2,GENERAL
3069,M,10,4,SURGERY
3070,M,13,2,GENERAL
3071,M,10,4,GENERAL
3072,F,10,3,GENERAL
3073,M,1,5,GENERAL
3074,M,10,4,GENERAL
3075,M,6,4,GENERAL
3076,F,1,5,ORTHOPEDICS
3077,F,1,5,GENERAL
3078,F,1,6,GENERAL
3079,M,6,4,SURGERY
3080,M,1,5,SURGERY
3081,M,1,6,GENERAL
3082,F,6,4,GENERAL
3083,F,11,3,GENERAL
3084,F,1,5,GENERAL
3085,F,6,4,SURGERY
3086,M,1,5,GENERAL
3087,F,6,4,CARDIOLOGY
3088,F,11,3,SURGERY
3089,M,10,3,SURGERY
3090,M,12,3,ORTHOPEDICS
3091,M,1,5,ORTHOPEDICS
3092,M,6,4,ORTHOPEDICS
3093,M,1,5,CARDIOLOGY
3094,F,1,5,GENERAL
3095,M,11,3,ORTHOPEDICS
3096,M,1,5,ORTHOPEDICS
3097,M,13,3,CARDIOLOGY
3098,M,10,4,SURGERY
3099,F,13,2,GENERAL
3100,M,6,4,CARDIOLOGY
3101,F,11,3,CARDIOLOGY
3102,M,1,5,GENERAL
3103,F,1,5,GENERAL
3104,M,1,5,GENERAL
3105,M,13,2,CARDIOLOGY
3106,M,1,5,GENERAL
3107,M,6,4,SURGERY
3108,M,1,5,ORTHOPEDICS
3109,F,1,5,CARDIOLOGY
3110,M,10,3,ORTHOPEDICS
3111,F,6,4,CARDIOLOGY
3112,M,10,3,ORTHOPEDICS
3113,F,1,5,GENERAL
3114,M,13,2,GENERAL
3115,F,6,4,SURGERY
3116,F,11,3,GENERAL
3117,M,6,4,GENERAL
3118,F,10,3,GENERAL
3119,F,1,5,SURGERY
3120,F,10,3,SURGERY
3121,M,7,4,GENERAL
3122,F,1,6,CARDIOLOGY
3123,M,13,3,ORTHOPEDICS
3124,M,1,5,ORTHOPEDICS
3125,F,6,4,CARDIOLOGY
3126,M,10,4,CARDIOLOGY
3127,F,10,4,GENERAL
3128,F,1,5,CARDIOLOGY
3129,F,10,3,SURGERY
3130,M,11,3,SURGERY
3131,M,1,6,GENERAL
3132,F,1,5,GENERAL
3133,M,13,1,ORTHOPEDICS
3134,M,6,4,GENERAL
3135,M,1,5,GENERAL
3136,M,1,5,ORTHOPEDICS
3137,F,10,3,ORTHOPEDICS
3138,F,6,4,GENERAL
3139,M,6,4,GENERAL
3140,M,6,4,ORTHOPEDICS
3141,F,6,4,CARDIOLOGY
3142,M,1,5,GENERAL
3143,F,10,3,GENERAL
3144,M,6,4,GENERAL
3145,F,6,4,GENERAL
3146,F,6,4,GENERAL
3147,M,1,5,GENERAL
3148,F,6,4,SURGERY
3149,M,1,6,ORTHOPEDICS
3150,F,6,4,SURGERY
3151,F,1,5,SURGERY
3152,F,10,3,GENERAL
3153,M,10,3,CARDIOLOGY
3154,F,1,5,SURGERY
3155,M,10,3,GENERAL
3156,F,1,5,SURGERY
3157,M,6,4,SURGERY
3158,M,6,4,GENERAL
3159,M,12,3,SURGERY
3160,F,7,4,CARDIOLOGY
3161,F,1,5,CARDIOLOGY
3162,M,1,6,CARDIOLOGY
3163,F,1,5,GENERAL
3164,M,6,4,CARDIOLOGY
3165,M,1,6,GENERAL
3166,F,6,4,ORTHOPEDICS
3167,M,8,4,GENERAL
3168,M,10,3,GENERAL
3169,F,1,5,CARDIOLOGY
3170,M,1,5,SURGERY
3171,F,10,3,CARDIOLOGY
3172,M,1,5,GENERAL
3173,M,6,4,SURGERY
3174,M,6,4,CARDIOLOGY
3175,F,10,3,ORTHOPEDICS
3176,M,6,4,ORTHOPEDICS
3177,F,1,5,SURGERY
3178,M,1,4,GENERAL
3179,M,10,3,GENERAL
3180,M,6,4,GENERAL
3181,M,10,3,SURGERY
3182,M,10,3,ORTHOPEDICS
3183,M,6,4,ORTHOPEDICS
3184,M,1,5,SURGERY
3185,M,10,3,GENERAL
3186,M,1,5,GENERAL
3187,M,10,4,GENERAL
3188,M,1,6,GENERAL
3189,M,11,3,GENERAL
3190,M,1,5,ORTHOPEDICS
3191,M,1,5,ORTHOPEDICS
3192,M,10,3,SURGERY
3193,F,1,5,ORTHOPEDICS
3194,M,10,4,GENERAL
3195,M,6,4,CARDIOLOGY
3196,M,10,4,CARDIOLOGY
3197,F,10,4,SURGERY
3198,M,1,6,GENERAL
3199,M,1,5,ORTHOPEDICS
3200,F,11,3,SURGERY
3201,M,13,2,GENERAL
3202,F,10,3,ORTHOPEDICS
3203,M,11,3,GENERAL
3204,F,1,6,GENERAL
3205,F,10,3,GENERAL
3206,F,10,3,GENERAL
3207,F,13,2,ORTHOPEDICS
3208,F,1,5,GENERAL
3209,M,13,3,GENERAL
3210,M,1,7,GENERAL
3211,M,1,5,GENERAL
3212,M,1,5,GENERAL
3213,F,6,4,SURGERY
3214,F,10,3,SURGERY
3215,M,10,3,CARDIOLOGY
3216,M,1,5,CARDIOLOGY
3217,F,10,3,GENERAL
3218,F,1,5,SURGERY
3219,F,1,5,CARDIOLOGY
3220,M,7,4,ORTHOPEDICS
3221,F,1,5,GENERAL
3222,M,1,5,CARDIOLOGY
3223,M,6,4,ORTHOPEDICS
3224,F,11,3,ORTHOPEDICS
3225,F,6,4,ORTHOPEDICS
3226,M,6,4,SURGERY
3227,M,10,3,CARDIOLOGY
3228,M,6,4,ORTHOPEDICS
3229,M,6,4,ORTHOPEDICS
3230,F,1,5,CARDIOLOGY
3231,M,1,6,GENERAL
3232,F,6,4,CARDIOLOGY
3233,M,1,5,ORTHOPEDICS
3234,F,11,3,GENERAL
3235,F,1,6,SURGERY
3236,F,1,5,ORTHOPEDICS
3237,F,10,3,GENERAL
3238,M,6,4,GENERAL
3239,F,1,5,ORTHOPEDICS
3240,F,10,4,GENERAL
3241,M,6,4,GENERAL
3242,F,6,4,ORTHOPEDICS
3243,F,11,3,GENERAL
3244,M,7,4,CARDIOLOGY
3245,F,1,5,SURGERY
3246,F,10,3,ORTHOPEDICS
3247,F,6,4,GENERAL
3248,M,10,3,ORTHOPEDICS
3249,M,6,4,GENERAL
3250,M,6,4,ORTHOPEDICS
3251,F,11,3,SURGERY
3252,M,1,5,CARDIOLOGY
3253,F,1,6,CARDIOLOGY
3254,F,1,5,GENERAL
3255,F,10,3,ORTHOPEDICS
3256,M,13,2,CARDIOLOGY
3257,M,6,4,CARDIOLOGY
3258,F,13,2,CARDIOLOGY
3259,F,13,2,GENERAL
3260,F,1,5,GENERAL
3261,F,13,2,CARDIOLOGY
3262,M,6,4,GENERAL
3263,M,1,5,SURGERY
3264,F,6,4,ORTHOPEDICS
3265,F,6,4,ORTHOPEDICS
3266,F,11,3,GENERAL
3267,M,10,4,GENERAL
3268,M,1,5,ORTHOPEDICS
3269,M,10,4,GENERAL
3270,M,1,6,GENERAL
3271,F,13,2,GENERAL
3272,M,13,2,GENERAL
3273,M,1,5,GENERAL
3274,M,13,2,SURGERY
3275,F,1,5,ORTHOPEDICS
3276,M,13,2,GENERAL
3277,F,6,4,CARDIOLOGY
3278,M,13,2,SURGERY
3279,F,13,2,GENERAL
3280,M,1,5,GENERAL
3281,M,13,2,GENERAL
3282,M,7,4,GENERAL
3283,F,1,5,GENERAL
3284,M,1,5,GENERAL
3285,F,6,4,ORTHOPEDICS
3286,F,11,3,ORTHOPEDICS
3287,F,1,5,CARDIOLOGY
3288,M,10,4,GENERAL
3289,F,10,3,GENERAL
3290,M,6,4,GENERAL
3291,M,13,2,CARDIOLOGY
3292,M,6,4,CARDIOLOGY
3293,M,1,5,GENERAL
3294,F,10,3,ORTHOPEDICS
3295,F,10,3,ORTHOPEDICS
3296,F,6,4,CARDIOLOGY
3297,M,10,4,SURGERY
3298,F,1,6,GENERAL
3299,M,6,4,SURGERY
3300,M,10,4,GENERAL
3301,F,7,4,ORTHOPEDICS
3302,M,10,3,CARDIOLOGY
3303,M,10,3,SURGERY
3304,F,13,2,CARDIOLOGY
3305,F,10,3,SURGERY
3306,F,1,5,SURGERY
3307,M,10,4,ORTHOPEDICS
3308,M,1,5,ORTHOPEDICS
3309,F,10,3,CARDIOLOGY
3310,M,7,4,ORTHOPEDICS
3311,F,1,5,CARDIOLOGY
3312,M,1,6,CARDIOLOGY
3313,F,10,3,GENERAL
3314,F,6,4,GENERAL
3315,M,6,4,ORTHOPEDICS
3316,M,13,2,SURGERY
3317,M,1,5,GENERAL
3318,F,10,3,SURGERY
3319,M,6,4,SURGERY
3320,F,1,5,CARDIOLOGY
3321,F,13,2,SURGERY
3322,F,6,4,CARDIOLOGY
3323,M,1,6,CARDIOLOGY
3324,F,10,3,ORTHOPEDICS
3325,M,6,4,SURGERY
3326,M,1,5,CARDIOLOGY
3327,M,1,5,ORTHOPEDICS
3328,M,1,5,GENERAL
3329,M,1,6,GENERAL
3330,M,10,3,SURGERY
3331,M,6,4,GENERAL
3332,F,1,5,SURGERY
3333,F,1,6,SURGERY
3334,M,1,5,GENERAL
3335,M,6,4,SURGERY
3336,M,1,6,GENERAL
3337,M,6,4,GENERAL
3338,F,6,4,CARDIOLOGY
3339,M,1,6,ORTHOPEDICS
3340,F,11,3,ORTHOPEDICS
3341,F,13,2,ORTHOPEDICS
3342,F,10,3,SURGERY
3343,F,6,4,SURGERY
3344,M,1,5,SURGERY
3345,M,7,4,CARDIOLOGY
3346,F,10,3,SURGERY
3347,M,6,4,GENERAL
3348,M,1,6,CARDIOLOGY
3349,F,10,4,ORTHOPEDICS
3350,F,6,4,SURGERY
3351,M,1,5,GENERAL
3352,M,1,5,CARDIOLOGY
3353,F,11,3,SURGERY
3354,F,13,2,SURGERY
3355,F,10,4,CARDIOLOGY
3356,F,6,4,CARDIOLOGY
3357,M,13,2,GENERAL
3358,F,1,5,ORTHOPEDICS
3359,F,1,5,GENERAL
3360,F,1,5,GENERAL
3361,F,6,4,CARDIOLOGY
3362,F,6,4,GENERAL
3363,F,1,5,ORTHOPEDICS
3364,M,6,4,GENERAL
3365,M,10,4,SURGERY
3366,F,10,3,GENERAL
3367,F,1,5,GENERAL
3368,M,10,3,ORTHOPEDICS
3369,M,6,4,GENERAL
3370,M,10,3,CARDIOLOGY
3371,F,10,3,SURGERY
3372,F,10,4,ORTHOPEDICS
3373,F,1,6,SURGERY
3374,F,1,5,CARDIOLOGY
3375,M,13,2,ORTHOPEDICS
3376,F,7,4,GENERAL
3377,F,1,5,ORTHOPEDICS
3378,F,10,3,ORTHOPEDICS
3379,F,1,5,CARDIOLOGY
3380,M,6,4,ORTHOPEDICS
3381,F,6,4,SURGERY
3382,F,10,4,GENERAL
3383,M,10,3,GENERAL
3384,M,1,5,SURGERY
3385,F,1,6,ORTHOPEDICS
3386,M,10,3,CARDIOLOGY
3387,F,13,2,ORTHOPEDICS
3388,F,6,4,SURGERY
3389,F,10,3,GENERAL
3390,F,11,3,SURGERY
3391,M,10,3,SURGERY
3392,M,10,4,GENERAL
3393,M,1,5,ORTHOPEDICS
3394,M,1,5,CARDIOLOGY
3395,M,11,3,CARDIOLOGY
3396,M,6,4,GENERAL
3397,M,6,4,CARDIOLOGY
3398,M,6,4,ORTHOPEDICS
3399,M,1,5,ORTHOPEDICS
3400,F,6,4,SURGERY
3401,M,10,4,SURGERY
3402,F,6,4,CARDIOLOGY
3403,M,6,4,SURGERY
3404,M,13,2,GENERAL
3405,F,6,4,GENERAL
3406,M,6,4,SURGERY
3407,M,6,4,GENERAL
3408,M,1,5,GENERAL
3409,M,10,3,SURGERY
3410,F,13,2,GENERAL
3411,M,1,7,ORTHOPEDICS
3412,F,12,3,CARDIOLOGY
3413,F,1,5,GENERAL
3414,M,7,4,GENERAL
3415,F,6,4,CARDIOLOGY
3416,F,6,4,GENERAL
3417,F,10,3,GENERAL
3418,F,6,4,GENERAL
3419,F,10,3,GENERAL
3420,F,6,4,CARDIOLOGY
3421,M,13,3,GENERAL
3422,F,1,5,GENERAL
3423,M,10,3,GENERAL
3424,M,13,2,CARDIOLOGY
3425,M,7,4,GENERAL
3426,M,1,5,CARDIOLOGY
3427,F,1,5,CARDIOLOGY
3428,F,1,5,GENERAL
3429,F,1,5,SURGERY
3430,F,10,4,GENERAL
3431,F,6,4,CARDIOLOGY
3432,M,7,4,CARDIOLOGY
3433,M,6,4,GENERAL
3434,M,13,2,CARDIOLOGY
3435,M,6,4,GENERAL
3436,M,1,5,SURGERY
3437,M,1,5,SURGERY
3438,F,10,3,CARDIOLOGY
3439,F,6,4,ORTHOPEDICS
3440,F,7,4,GENERAL
3441,F,10,4,GENERAL
3442,F,10,4,GENERAL
3443,F,1,5,SURGERY
3444,F,6,4,SURGERY
3445,M,6,4,SURGERY
3446,M,7,4,GENERAL
3447,M,10,3,CARDIOLOGY
3448,F,13,2,ORTHOPEDICS
3449,M,1,5,GENERAL
3450,F,6,4,GENERAL
3451,F,1,5,GENERAL
3452,M,6,4,GENERAL
3453,F,1,5,SURGERY
3454,F,7,4,ORTHOPEDICS
3455,M,13,2,SURGERY
3456,M,1,5,GENERAL
3457,M,1,5,CARDIOLOGY
3458,M,6,4,GENERAL
3459,M,10,3,CARDIOLOGY
3460,M,6,4,ORTHOPEDICS
3461,F,6,4,CARDIOLOGY
3462,M,1,5,GENERAL
3463,M,1,5,ORTHOPEDICS
3464,F,6,4,GENERAL
3465,M,10,3,GENERAL
3466,F,13,2,GENERAL
3467,F,6,4,GENERAL
3468,F,11,3,ORTHOPEDICS
3469,F,1,6,GENERAL
3470,F,10,4,GENERAL
3471,F,1,5,GENERAL
3472,M,6,4,GENERAL
3473,F,10,4,GENERAL
3474,F,13,3,GENERAL
3475,M,10,3,CARDIOLOGY
3476,M,13,2,GENERAL
3477,M,7,4,SURGERY
3478,F,10,4,GENERAL
3479,M,1,5,ORTHOPEDICS
3480,M,10,4,GENERAL
3481,M,1,5,ORTHOPEDICS
3482,M,10,3,ORTHOPEDICS
3483,M,10,3,ORTHOPEDICS
3484,F,10,3,ORTHOPEDICS
3485,F,1,5,CARDIOLOGY
3486,M,1,5,ORTHOPEDICS
3487,F,7,4,GENERAL
3488,M,6,4,GENERAL
3489,M,1,5,SURGERY
3490,F,10,3,CARDIOLOGY
3491,M,6,4,GENERAL
3492,M,10,4,ORTHOPEDICS
3493,F,10,3,GENERAL
3494,F,13,2,SURGERY
3495,M,10,3,CARDIOLOGY
3496,M,1,5,SURGERY
3497,F,6,4,CARDIOLOGY
3498,F,13,2,CARDIOLOGY
3499,M,7,4,ORTHOPEDICS
3500,M,10,3,GENERAL
3501,F,1,5,ORTHOPEDICS
3502,M,1,6,SURGERY
3503,M,1,5,ORTHOPEDICS
3504,F,1,5,SURGERY
3505,M,10,3,GENERAL
3506,F,6,4,CARDIOLOGY
3507,M,7,4,ORTHOPEDICS
3508,F,1,6,ORTHOPEDICS
3509,M,10,3,ORTHOPEDICS
3510,F,1,5,CARDIOLOGY
3511,F,6,4,GENERAL
3512,F,7,4,CARDIOLOGY
3513,M,10,4,GENERAL
3514,F,6,4,SURGERY
3515,F,13,2,ORTHOPEDICS
3516,M,6,4,SURGERY
3517,M,1,5,ORTHOPEDICS
3518,M,7,4,SURGERY
3519,F,13,2,SURGERY
3520,M,6,4,SURGERY
3521,F,1,5,GENERAL
3522,M,13,1,ORTHOPEDICS
3523,F,11,3,SURGERY
3524,F,10,4,ORTHOPEDICS
3525,F,1,5,GENERAL
3526,F,1,5,GENERAL
3527,F,6,4,GENERAL
3528,M,10,4,CARDIOLOGY
3529,F,6,4,SURGERY
3530,F,11,3,GENERAL
3531,M,1,6,GENERAL
3532,F,10,4,SURGERY
3533,F,1,5,ORTHOPEDICS
3534,M,1,6,CARDIOLOGY
3535,F,6,4,ORTHOPEDICS
3536,F,7,4,GENERAL
3537,M,13,2,CARDIOLOGY
3538,F,1,5,ORTHOPEDICS
3539,F,10,3,CARDIOLOGY
3540,F,10,3,CARDIOLOGY
3541,M,11,3,ORTHOPEDICS
3542,M,1,5,GENERAL
3543,F,13,2,ORTHOPEDICS
3544,F,6,4,ORTHOPEDICS
3545,F,6,4,GENERAL
3546,F,10,4,ORTHOPEDICS
3547,M,10,3,CARDIOLOGY
3548,F,13,3,SURGERY
3549,F,11,3,SURGERY
3550,F,7,4,ORTHOPEDICS
3551,F,1,5,GENERAL
3552,F,13,2,GENERAL
3553,M,1,6,CARDIOLOGY
3554,F,6,4,SURGERY
3555,F,6,4,CARDIOLOGY
3556,F,6,4,ORTHOPEDICS
3557,M,10,3,SURGERY
3558,F,1,5,SURGERY
3559,M,10,3,GENERAL
3560,M,6,4,SURGERY
3561,M,10,3,CARDIOLOGY
3562,M,13,2,CARDIOLOGY
3563,F,10,3,GENERAL
3564,F,7,4,CARDIOLOGY
3565,F,10,3,GENERAL
3566,M,6,4,CARDIOLOGY
3567,F,13,2,GENERAL
3568,M,11,3,ORTHOPEDICS
3569,F,10,4,CARDIOLOGY
3570,M,6,4,ORTHOPEDICS
3571,M,6,4,GENERAL
3572,M,7,4,CARDIOLOGY
3573,F,6,4,GENERAL
3574,F,13,3,GENERAL
3575,M,1,5,GENERAL
3576,M,1,5,CARDIOLOGY
3577,F,10,3,GENERAL
3578,F,1,5,ORTHOPEDICS
3579,F,13,2,GENERAL
3580,M,10,4,GENERAL
3581,M,1,5,GENERAL
3582,M,10,3,ORTHOPEDICS
3583,M,10,4,ORTHOPEDICS
3584,F,10,3,GENERAL
3585,M,8,4,ORTHOPEDICS
3586,F,6,4,GENERAL
3587,M,13,2,GENERAL
3588,F,11,3,GENERAL
3589,F,10,3,CARDIOLOGY
3590,M,6,4,ORTHOPEDICS
3591,M,1,5,GENERAL
3592,F,6,4,ORTHOPEDICS
3593,M,10,3,CARDIOLOGY
3594,M,10,3,GENERAL
3595,F,6,4,CARDIOLOGY
3596,M,6,4,GENERAL
3597,M,10,3,GENERAL
3598,F,7,4,ORTHOPEDICS
3599,F,11,3,CARDIOLOGY
3600,F,10,3,ORTHOPEDICS
3601,F,6,4,CARDIOLOGY
3602,F,1,5,SURGERY
3603,F,1,5,GENERAL
3604,M,13,3,ORTHOPEDICS
3605,M,11,3,GENERAL
3606,F,6,4,GENERAL
3607,M,10,4,SURGERY
3608,M,7,4,GENERAL
3609,M,7,4,CARDIOLOGY
3610,F,1,6,GENERAL
3611,M,10,3,ORTHOPEDICS
3612,M,1,5,ORTHOPEDICS
3613,M,1,5,SURGERY
3614,M,7,4,SURGERY
3615,F,13,3,GENERAL
3616,F,6,4,SURGERY
3617,M,11,3,SURGERY
3618,M,1,5,ORTHOPEDICS
3619,F,13,2,GENERAL
3620,F,6,4,GENERAL
3621,M,10,3,ORTHOPEDICS
3622,M,1,6,CARDIOLOGY
3623,F,1,5,GENERAL
3624,F,1,5,CARDIOLOGY
3625,M,6,4,CARDIOLOGY
3626,F,6,4,CARDIOLOGY
3627,M,10,3,GENERAL
3628,F,13,2,SURGERY
3629,F,6,4,GENERAL
3630,M,6,4,GENERAL
3631,F,1,6,ORTHOPEDICS
3632,F,1,5,ORTHOPEDICS
3633,M,6,4,CARDIOLOGY
3634,F,10,4,SURGERY
3635,M,13,3,CARDIOLOGY
3636,M,10,3,ORTHOPEDICS
3637,M,1,5,GENERAL
3638,M,1,6,GENERAL
3639,M,1,5,SURGERY
3640,F,1,6,ORTHOPEDICS
3641,M,6,4,CARDIOLOGY
3642,M,6,4,CARDIOLOGY
3643,M,7,4,CARDIOLOGY
3644,F,1,5,SURGERY
3645,F,6,4,CARDIOLOGY
3646,M,6,4,ORTHOPEDICS
3647,M,6,4,ORTHOPEDICS
3648,M,1,5,SURGERY
3649,M,1,5,GENERAL
3650,F,10,3,GENERAL
3651,F,1,5,ORTHOPEDICS
3652,F,7,4,GENERAL
3653,M,10,3,CARDIOLOGY
3654,M,6,4,CARDIOLOGY
3655,F,6,4,GENERAL
3656,M,6,4,GENERAL
3657,F,6,4,GENERAL
3658,F,11,3,GENERAL
3659,M,6,4,SURGERY
3660,M,1,5,GENERAL
3661,F,11,3,SURGERY
3662,F,10,4,GENERAL
3663,F,6,4,SURGERY
3664,M,13,2,ORTHOPEDICS
3665,F,1,5,ORTHOPEDICS
3666,M,10,4,ORTHOPEDICS
3667,M,7,4,SURGERY
3668,M,6,4,ORTHOPEDICS
3669,M,6,4,GENERAL
3670,M,10,3,SURGERY
3671,M,10,3,SURGERY
3672,M,1,6,ORTHOPEDICS
3673,M,1,5,CARDIOLOGY
3674,F,6,4,GENERAL
3675,F,10,4,GENERAL
3676,F,6,4,GENERAL
3677,F,1,5,GENERAL
3678,F,8,4,SURGERY
3679,F,1,6,CARDIOLOGY
3680,F,10,3,CARDIOLOGY
3681,M,7,4,ORTHOPEDICS
3682,F,7,4,CARDIOLOGY
3683,M,10,3,SURGERY
3684,M,10,4,GENERAL
3685,F,6,4,GENERAL
3686,F,6,4,GENERAL
3687,M,6,4,CARDIOLOGY
3688,M,1,5,ORTHOPEDICS
3689,F,10,3,GENERAL
3690,M,1,6,CARDIOLOGY
3691,F,13,2,SURGERY
3692,M,13,2,GENERAL
3693,F,1,5,SURGERY
3694,F,1,7,CARDIOLOGY
3695,F,10,3,SURGERY
3696,M,1,5,GENERAL
3697,M,6,4,ORTHOPEDICS
3698,M,11,3,CARDIOLOGY
3699,F,1,5,SURGERY
3700,F,6,4,GENERAL
3701,F,10,4,SURGERY
3702,F,1,5,GENERAL
3703,M,1,5,SURGERY
3704,M,6,4,SURGERY
3705,F,10,4,CARDIOLOGY
3706,M,1,5,GENERAL
3707,F,6,4,GENERAL
3708,M,13,1,GENERAL
3709,M,1,5,GENERAL
3710,M,1,5,CARDIOLOGY
3711,M,10,3,GENERAL
3712,F,1,5,ORTHOPEDICS
3713,M,6,4,CARDIOLOGY
3714,F,10,3,SURGERY
3715,M,6,4,SURGERY
3716,F,6,4,CARDIOLOGY
3717,F,6,4,GENERAL
3718,M,7,4,GENERAL
3719,M,8,4,SURGERY
3720,F,13,2,GENERAL
3721,F,1,5,CARDIOLOGY
3722,M,7,4,GENERAL
3723,F,10,3,SURGERY
3724,F,13,2,CARDIOLOGY
3725,M,6,4,GENERAL
3726,F,6,4,SURGERY
3727,M,1,6,GENERAL
3728,F,7,4,GENERAL
3729,F,7,4,SURGERY
3730,M,6,4,CARDIOLOGY
3731,F,10,4,ORTHOPEDICS
3732,M,13,2,GENERAL
3733,M,10,3,ORTHOPEDICS
3734,F,1,6,SURGERY
3735,M,1,5,SURGERY
3736,M,11,3,CARDIOLOGY
3737,F,6,4,GENERAL
3738,M,10,4,SURGERY
3739,F,6,4,CARDIOLOGY
3740,F,10,3,GENERAL
3741,M,1,6,GENERAL
3742,F,6,4,SURGERY
3743,M,6,4,CARDIOLOGY
3744,F,1,6,SURGERY
3745,M,6,4,GENERAL
3746,F,11,3,SURGERY
3747,M,6,4,GENERAL
3748,M,6,4,CARDIOLOGY
3749,M,10,3,CARDIOLOGY
3750,F,13,1,ORTHOPEDICS
3751,F,10,3,CARDIOLOGY
3752,M,11,3,GENERAL
3753,F,1,5,GENERAL
3754,F,8,4,GENERAL
3755,M,6,4,ORTHOPEDICS
3756,F,13,3,GENERAL
3757,M,1,6,GENERAL
3758,F,13,2,GENERAL
3759,M,13,2,ORTHOPEDICS
3760,F,6,4,SURGERY
3761,M,1,6,CARDIOLOGY
3762,M,13,2,GENERAL
3763,M,6,4,CARDIOLOGY
3764,F,1,5,GENERAL
3765,F,1,6,GENERAL
3766,M,1,5,CARDIOLOGY
3767,M,10,4,GENERAL
3768,M,6,4,CARDIOLOGY
3769,F,1,6,ORTHOPEDICS
3770,M,10,3,GENERAL
3771,M,6,4,GENERAL
3772,F,1,6,ORTHOPEDICS
3773,F,10,4,GENERAL
3774,F,10,3,SURGERY
3775,F,1,5,GENERAL
3776,M,6,4,GENERAL
3777,F,13,3,ORTHOPEDICS
3778,M,1,5,SURGERY
3779,M,1,5,CARDIOLOGY
3780,M,6,4,GENERAL
3781,F,13,2,GENERAL
3782,F,7,4,CARDIOLOGY
3783,M,10,3,GENERAL
3784,F,6,4,GENERAL
3785,F,13,3,ORTHOPEDICS
3786,F,7,4,SURGERY
3787,M,10,3,CARDIOLOGY
3788,F,13,1,SURGERY
3789,F,11,3,GENERAL
3790,M,10,4,GENERAL
3791,M,10,4,GENERAL
3792,M,10,4,GENERAL
3793,M,10,3,GENERAL
3794,F,1,5,ORTHOPEDICS
3795,M,1,6,GENERAL
3796,M,13,2,SURGERY
3797,F,1,7,ORTHOPEDICS
3798,F,6,4,SURGERY
3799,F,11,3,ORTHOPEDICS
3800,F,10,4,SURGERY
3801,F,1,5,GENERAL
3802,M,13,2,CARDIOLOGY
3803,M,1,5,GENERAL
3804,F,1,6,GENERAL
3805,F,7,4,ORTHOPEDICS
3806,F,1,5,GENERAL
3807,M,6,4,GENERAL
3808,M,1,5,GENERAL
3809,F,1,5,ORTHOPEDICS
3810,F,1,5,CARDIOLOGY
3811,F,7,4,CARDIOLOGY
3812,F,6,4,CARDIOLOGY
3813,F,10,4,GENERAL
3814,M,6,4,ORTHOPEDICS
3815,F,1,5,ORTHOPEDICS
3816,M,6,4,GENERAL
3817,F,1,6,SURGERY
3818,F,10,3,ORTHOPEDICS
3819,F,1,6,GENERAL
3820,M,1,5,GENERAL
3821,M,10,4,SURGERY
3822,M,1,5,GENERAL
3823,M,6,4,SURGERY
3824,F,10,3,CARDIOLOGY
3825,F,1,5,GENERAL
3826,M,6,4,GENERAL
3827,M,10,4,ORTHOPEDICS
3828,F,1,7,GENERAL
3829,F,1,5,ORTHOPEDICS
3830,F,13,2,GENERAL
3831,F,11,3,ORTHOPEDICS
3832,M,11,3,ORTHOPEDICS
3833,F,6,4,ORTHOPEDICS
3834,F,11,3,ORTHOPEDICS
3835,F,1,5,SURGERY
3836,M,1,5,GENERAL
3837,F,1,5,GENERAL
3838,M,6,4,ORTHOPEDICS
3839,M,6,4,SURGERY
3840,F,13,2,SURGERY
3841,M,6,4,GENERAL
3842,F,1,5,GENERAL
3843,M,8,4,SURGERY
3844,M,10,4,CARDIOLOGY
3845,F,6,4,ORTHOPEDICS
3846,M,10,4,GENERAL
3847,M,11,3,GENERAL
3848,M,6,4,CARDIOLOGY
3849,F,13,2,ORTHOPEDICS
3850,F,6,4,SURGERY
3851,F,1,5,ORTHOPEDICS
3852,M,7,4,GENERAL
3853,F,10,4,ORTHOPEDICS
3854,F,6,4,GENERAL
3855,F,7,4,GENERAL
3856,M,10,3,GENERAL
3857,F,13,3,SURGERY
3858,M,6,4,GENERAL
3859,M,13,3,GENERAL
3860,F,1,5,CARDIOLOGY
3861,F,6,4,GENERAL
3862,M,10,4,GENERAL
3863,F,12,3,SURGERY
3864,M,1,5,GENERAL
3865,F,1,6,GENERAL
3866,M,6,4,ORTHOPEDICS
3867,M,10,3,GENERAL
3868,M,10,3,GENERAL
3869,F,10,3,GENERAL
3870,F,1,5,CARDIOLOGY
3871,F,1,5,SURGERY
3872,F,1,5,SURGERY
3873,M,7,4,ORTHOPEDICS
3874,M,6,4,GENERAL
3875,M,1,5,GENERAL
3876,F,11,3,SURGERY
3877,M,10,3,GENERAL
3878,F,13,3,SURGERY
3879,F,10,3,GENERAL
3880,M,6,4,GENERAL
3881,F,6,4,CARDIOLOGY
3882,M,7,4,GENERAL
3883,M,6,4,CARDIOLOGY
3884,M,1,5,ORTHOPEDICS
3885,M,6,4,GENERAL
3886,M,6,4,GENERAL
3887,F,6,4,GENERAL
3888,M,11,3,SURGERY
3889,M,6,4,CARDIOLOGY
3890,F,13,2,GENERAL
3891,F,1,5,CARDIOLOGY
3892,M,10,4,ORTHOPEDICS
3893,M,7,4,GENERAL
3894,F,11,3,SURGERY
3895,M,13,3,ORTHOPEDICS
3896,F,1,5,SURGERY
3897,M,1,6,GENERAL
3898,F,7,4,GENERAL
3899,F,6,4,ORTHOPEDICS
3900,F,1,5,ORTHOPEDICS
3901,F,1,6,GENERAL
3902,F,13,2,SURGERY
3903,M,1,5,SURGERY
3904,F,1,6,SURGERY
3905,M,10,3,CARDIOLOGY
3906,M,10,3,SURGERY
3907,F,1,5,GENERAL
3908,F,8,4,ORTHOPEDICS
3909,F,1,5,ORTHOPEDICS
3910,M,1,5,GENERAL
3911,F,1,5,CARDIOLOGY
3912,M,1,5,ORTHOPEDICS
3913,M,6,4,ORTHOPEDICS
3914,M,8,4,CARDIOLOGY
3915,M,10,3,SURGERY
3916,F,1,5,GENERAL
3917,F,10,4,GENERAL
3918,F,10,4,CARDIOLOGY
3919,F,1,6,GENERAL
3920,M,7,4,SURGERY
3921,M,11,3,GENERAL
3922,F,11,3,SURGERY
3923,M,10,4,CARDIOLOGY
3924,F,13,3,GENERAL
3925,F,10,3,GENERAL
3926,M,6,4,SURGERY
3927,M,10,3,CARDIOLOGY
3928,F,13,2,SURGERY
3929,M,6,4,CARDIOLOGY
3930,M,1,5,CARDIOLOGY
3931,M,6,4,ORTHOPEDICS
3932,F,13,3,GENERAL
3933,M,7,4,SURGERY
3934,M,13,2,GENERAL
3935,M,1,6,GENERAL
3936,M,10,3,GENERAL
3937,F,10,3,ORTHOPEDICS
3938,M,6,4,SURGERY
3939,F,10,4,CARDIOLOGY
3940,M,6,4,ORTHOPEDICS
3941,M,1,5,ORTHOPEDICS
3942,M,13,3,CARDIOLOGY
3943,F,6,4,GENERAL
3944,F,1,5,SURGERY
3945,M,6,4,ORTHOPEDICS
3946,M,1,5,ORTHOPEDICS
3947,F,10,3,GENERAL
3948,M,10,3,GENERAL
3949,F,13,3,GENERAL
3950,M,10,3,GENERAL
3951,F,13,2,CARDIOLOGY
3952,F,7,4,GENERAL
3953,F,1,5,GENERAL
3954,F,10,4,GENERAL
3955,M,13,2,ORTHOPEDICS
3956,M,13,3,CARDIOLOGY
3957,F,10,3,GENERAL
3958,M,1,5,GENERAL
3959,F,6,4,GENERAL
3960,M,7,4,SURGERY
3961,F,1,5,SURGERY
3962,M,1,5,CARDIOLOGY
3963,F,12,3,CARDIOLOGY
3964,M,10,3,SURGERY
3965,F,10,3,GENERAL
3966,F,6,4,GENERAL
3967,M,10,3,GENERAL
3968,F,6,4,GENERAL
3969,M,6,4,GENERAL
3970,M,10,3,GENERAL
3971,F,1,5,ORTHOPEDICS
3972,M,10,4,SURGERY
3973,F,1,5,SURGERY
3974,M,7,4,GENERAL
3975,M,10,4,CARDIOLOGY
3976,F,1,5,CARDIOLOGY
3977,M,10,3,CARDIOLOGY
3978,M,10,3,CARDIOLOGY
3979,F,13,2,SURGERY
3980,M,6,4,ORTHOPEDICS
3981,M,1,5,SURGERY
3982,F,7,4,SURGERY
3983,M,13,2,CARDIOLOGY
3984,F,7,4,ORTHOPEDICS
3985,M,6,4,GENERAL
3986,F,6,4,SURGERY
3987,M,13,3,GENERAL
3988,M,1,5,GENERAL
3989,F,6,4,GENERAL
3990,M,1,6,SURGERY
3991,M,13,3,GENERAL
3992,F,10,3,GENERAL
3993,M,10,4,GENERAL
3994,M,1,5,GENERAL
3995,F,6,4,GENERAL
3996,M,6,4,GENERAL
3997,M,10,3,GENERAL
3998,M,10,3,GENERAL
3999,F,1,5,SURGERY
4000,F,1,5,CARDIOLOGY
4001,F,6,4,GENERAL
4002,F,1,7,ORTHOPEDICS
4003,F,10,3,ORTHOPEDICS
4004,F,1,5,GENERAL
4005,M,10,3,SURGERY
4006,M,1,5,ORTHOPEDICS
4007,M,6,4,GENERAL
4008,M,6,4,GENERAL
4009,M,6,4,ORTHOPEDICS
4010,F,6,4,SURGERY
4011,M,11,3,ORTHOPEDICS
4012,F,7,4,SURGERY
4013,F,1,5,SURGERY
4014,M,11,3,CARDIOLOGY
4015,M,1,5,CARDIOLOGY
4016,M,10,3,GENERAL
4017,F,6,4,SURGERY
4018,F,7,4,GENERAL
4019,F,10,4,SURGERY
4020,F,7,4,ORTHOPEDICS
4021,F,7,4,ORTHOPEDICS
4022,M,6,4,SURGERY
4023,M,10,3,GENERAL
4024,F,7,4,GENERAL
4025,M,13,2,GENERAL
4026,M,13,1,SURGERY
4027,M,1,6,GENERAL
4028,F,10,3,SURGERY
4029,F,1,5,ORTHOPEDICS
4030,M,10,4,CARDIOLOGY
4031,M,10,3,CARDIOLOGY
4032,M,1,5,CARDIOLOGY
4033,F,13,3,GENERAL
4034,F,1,5,CARDIOLOGY
4035,M,6,4,SURGERY
4036,F,7,4,GENERAL
4037,F,6,4,ORTHOPEDICS
4038,F,13,2,SURGERY
4039,F,1,5,ORTHOPEDICS
4040,F,13,2,CARDIOLOGY
4041,F,11,3,GENERAL
4042,M,1,5,CARDIOLOGY
4043,M,1,4,SURGERY
4044,F,10,3,SURGERY
4045,M,1,5,GENERAL
4046,M,10,3,GENERAL
4047,M,10,3,SURGERY
4048,F,6,4,CARDIOLOGY
4049,F,11,3,ORTHOPEDICS
4050,F,10,3,ORTHOPEDICS
4051,F,11,3,CARDIOLOGY
4052,M,13,2,GENERAL
4053,F,1,6,SURGERY
4054,M,10,4,ORTHOPEDICS
4055,F,1,5,GENERAL
4056,M,13,3,CARDIOLOGY
4057,F,10,3,SURGERY
4058,M,13,2,SURGERY
4059,M,10,3,SURGERY
4060,F,1,5,ORTHOPEDICS
4061,M,13,2,CARDIOLOGY
4062,F,1,5,GENERAL
4063,F,6,4,GENERAL
4064,F,1,6,ORTHOPEDICS
4065,M,1,5,GENERAL
4066,F,13,2,GENERAL
4067,M,13,2,CARDIOLOGY
4068,F,10,4,GENERAL
4069,F,10,3,CARDIOLOGY
4070,M,10,4,GENERAL
4071,M,1,5,SURGERY
4072,M,6,4,ORTHOPEDICS
4073,F,7,4,SURGERY
4074,M,10,3,ORTHOPEDICS
4075,M,1,6,ORTHOPEDICS
4076,M,11,3,SURGERY
4077,M,13,3,SURGERY
4078,F,10,3,ORTHOPEDICS
4079,M,6,4,GENERAL
4080,M,13,3,ORTHOPEDICS
4081,F,10,4,GENERAL
4082,M,1,5,SURGERY
4083,F,6,4,GENERAL
4084,F,1,6,CARDIOLOGY
4085,F,7,4,GENERAL
4086,M,1,5,GENERAL
4087,F,6,4,CARDIOLOGY
4088,F,10,4,CARDIOLOGY
4089,M,13,1,SURGERY
4090,M,10,3,SURGERY
4091,F,7,4,ORTHOPEDICS
4092,F,1,5,ORTHOPEDICS
4093,F,10,3,GENERAL
4094,M,10,3,ORTHOPEDICS
4095,M,10,3,SURGERY
4096,M,6,4,GENERAL
4097,M,1,5,ORTHOPEDICS
4098,F,10,3,SURGERY
4099,F,11,3,ORTHOPEDICS
4100,F,6,4,CARDIOLOGY
4101,M,10,4,ORTHOPEDICS
4102,F,10,3,GENERAL
4103,F,10,4,CARDIOLOGY
4104,F,10,3,GENERAL
4105,M,6,4,ORTHOPEDICS
4106,M,13,2,ORTHOPEDICS
4107,M,6,4,ORTHOPEDICS
4108,M,11,3,GENERAL
4109,F,1,6,CARDIOLOGY
4110,M,10,4,GENERAL
4111,F,6,4,SURGERY
4112,M,1,5,SURGERY
4113,F,10,4,SURGERY
4114,M,6,4,GENERAL
4115,F,6,4,GENERAL
4116,M,10,3,SURGERY
4117,M,10,4,GENERAL
4118,F,10,4,SURGERY
4119,M,1,5,SURGERY
4120,F,1,6,ORTHOPEDICS
4121,M,10,3,GENERAL
4122,F,6,4,CARDIOLOGY
4123,F,1,5,SURGERY
4124,F,1,5,GENERAL
4125,M,11,3,GENERAL
4126,F,1,5,GENERAL
4127,F,10,3,GENERAL
4128,F,13,3,CARDIOLOGY
4129,F,10,4,SURGERY
4130,M,11,3,GENERAL
4131,M,6,4,ORTHOPEDICS
4132,F,10,4,GENERAL
4133,M,1,5,GENERAL
4134,F,10,4,CARDIOLOGY
4135,F,7,4,GENERAL
4136,M,6,4,CARDIOLOGY
4137,M,1,5,CARDIOLOGY
4138,F,1,5,CARDIOLOGY
4139,F,1,5,GENERAL
4140,F,6,4,GENERAL
4141,F,6,4,GENERAL
4142,F,11,3,GENERAL
4143,M,10,4,ORTHOPEDICS
4144,M,6,4,CARDIOLOGY
4145,F,10,3,CARDIOLOGY
4146,F,6,4,CARDIOLOGY
4147,M,1,5,GENERAL
4148,M,13,1,SURGERY
4149,M,7,4,ORTHOPEDICS
4150,F,1,5,ORTHOPEDICS
4151,F,1,6,SURGERY
4152,M,1,5,CARDIOLOGY
4153,F,1,5,SURGERY
4154,M,10,4,GENERAL
4155,F,1,5,SURGERY
4156,F,6,4,ORTHOPEDICS
4157,F,1,5,GENERAL
4158,M,1,5,CARDIOLOGY
4159,M,6,4,GENERAL
4160,M,1,7,ORTHOPEDICS
4161,M,1,5,GENERAL
4162,F,13,2,GENERAL
4163,F,13,2,GENERAL
4164,F,1,5,CARDIOLOGY
4165,F,1,5,CARDIOLOGY
4166,M,11,3,CARDIOLOGY
4167,F,6,4,CARDIOLOGY
4168,M,10,3,CARDIOLOGY
4169,F,10,3,GENERAL
4170,F,6,4,GENERAL
4171,M,1,5,SURGERY
4172,M,1,6,ORTHOPEDICS
4173,F,6,4,GENERAL
4174,M,10,3,ORTHOPEDICS
4175,M,6,4,CARDIOLOGY
4176,F,10,3,GENERAL
4177,F,6,4,GENERAL
4178,M,10,3,GENERAL
4179,M,10,4,ORTHOPEDICS
4180,M,1,5,GENERAL
4181,M,1,5,ORTHOPEDICS
4182,F,7,4,GENERAL
4183,F,10,3,SURGERY
4184,M,10,3,GENERAL
4185,M,1,5,GENERAL
4186,F,10,4,SURGERY
4187,M,1,6,GENERAL
4188,M,13,2,ORTHOPEDICS
4189,M,1,6,CARDIOLOGY
4190,F,6,4,GENERAL
4191,F,12,3,ORTHOPEDICS
4192,M,6,4,CARDIOLOGY
4193,F,7,4,SURGERY
4194,F,6,4,CARDIOLOGY
4195,F,6,4,SURGERY
4196,M,10,3,GENERAL
4197,M,6,4,GENERAL
4198,M,6,4,ORTHOPEDICS
4199,M,1,5,GENERAL
4200,F,1,5,GENERAL
4201,F,7,4,CARDIOLOGY
4202,F,1,5,GENERAL
4203,F,11,3,ORTHOPEDICS
4204,M,1,5,GENERAL
4205,M,7,4,SURGERY
4206,F,6,4,GENERAL
4207,M,11,3,SURGERY
4208,M,6,4,ORTHOPEDICS
4209,M,1,5,GENERAL
4210,F,1,5,CARDIOLOGY
4211,M,1,5,CARDIOLOGY
4212,M,1,5,GENERAL
4213,F,1,5,ORTHOPEDICS
4214,M,13,2,GENERAL
4215,F,6,4,SURGERY
4216,F,1,5,ORTHOPEDICS
4217,F,10,3,ORTHOPEDICS
4218,F,1,5,CARDIOLOGY
4219,M,7,4,GENERAL
4220,F,6,4,CARDIOLOGY
4221,M,13,2,ORTHOPEDICS
4222,M,10,3,GENERAL
4223,M,1,6,ORTHOPEDICS
4224,F,7,4,ORTHOPEDICS
4225,M,6,4,CARDIOLOGY
4226,F,6,4,CARDIOLOGY
4227,F,13,2,GENERAL
4228,F,6,4,SURGERY
4229,M,6,4,SURGERY
4230,F,1,5,SURGERY
4231,M,6,4,ORTHOPEDICS
4232,F,10,3,GENERAL
4233,F,8,4,GENERAL
4234,M,10,3,ORTHOPEDICS
4235,F,11,3,GENERAL
4236,M,6,4,SURGERY
4237,M,1,4,SURGERY
4238,F,6,4,GENERAL
4239,M,10,4,ORTHOPEDICS
4240,F,10,3,CARDIOLOGY
4241,M,1,5,GENERAL
4242,F,1,6,SURGERY
4243,F,1,5,SURGERY
4244,F,13,2,GENERAL
4245,F,10,3,CARDIOLOGY
4246,F,6,4,CARDIOLOGY
4247,F,13,3,GENERAL
4248,M,6,4,CARDIOLOGY
4249,F,1,5,ORTHOPEDICS
4250,M,10,3,ORTHOPEDICS
4251,F,13,3,GENERAL
4252,M,6,4,SURGERY
4253,M,10,3,GENERAL
4254,F,13,2,ORTHOPEDICS
4255,F,6,4,GENERAL
4256,M,7,4,GENERAL
4257,F,6,4,CARDIOLOGY
4258,F,1,5,GENERAL
4259,M,6,4,ORTHOPEDICS
4260,F,10,3,SURGERY
4261,M,10,3,GENERAL
4262,M,10,3,GENERAL
4263,F,12,3,GENERAL
4264,F,11,3,SURGERY
4265,F,1,6,SURGERY
4266,F,10,3,SURGERY
4267,F,6,4,GENERAL
4268,M,1,5,CARDIOLOGY
4269,F,13,3,CARDIOLOGY
4270,F,11,3,ORTHOPEDICS
4271,M,6,4,GENERAL
4272,M,6,4,ORTHOPEDICS
4273,M,7,4,GENERAL
4274,M,10,4,GENERAL
4275,M,5,4,CARDIOLOGY
4276,F,10,3,ORTHOPEDICS
4277,M,10,3,SURGERY
4278,F,6,4,SURGERY
4279,M,1,5,ORTHOPEDICS
4280,M,1,6,GENERAL
4281,F,1,6,ORTHOPEDICS
4282,F,6,4,GENERAL
4283,M,1,5,SURGERY
4284,F,1,5,ORTHOPEDICS
4285,M,10,3,GENERAL
4286,M,10,4,CARDIOLOGY
4287,F,6,4,GENERAL
4288,M,6,4,CARDIOLOGY
4289,M,10,3,SURGERY
4290,M,1,5,CARDIOLOGY
4291,F,10,4,ORTHOPEDICS
4292,M,13,3,ORTHOPEDICS
4293,F,13,3,CARDIOLOGY
4294,M,10,4,CARDIOLOGY
4295,F,10,3,ORTHOPEDICS
4296,M,1,5,SURGERY
4297,M,10,3,CARDIOLOGY
4298,F,1,5,GENERAL
4299,F,1,6,GENERAL
4300,M,10,4,GENERAL
4301,F,10,4,SURGERY
4302,M,1,5,CARDIOLOGY
4303,F,13,2,GENERAL
4304,F,10,4,GENERAL
4305,F,1,5,SURGERY
4306,M,1,5,GENERAL
4307,M,10,3,GENERAL
4308,M,1,5,CARDIOLOGY
4309,F,6,4,GENERAL
4310,F,10,3,GENERAL
4311,F,6,4,GENERAL
4312,M,1,5,GENERAL
4313,F,10,4,GENERAL
4314,M,6,4,GENERAL
4315,M,6,4,SURGERY
4316,F,11,3,CARDIOLOGY
4317,M,1,5,ORTHOPEDICS
4318,F,6,4,SURGERY
4319,M,6,4,ORTHOPEDICS
4320,F,1,5,GENERAL
4321,M,10,3,GENERAL
4322,F,1,5,GENERAL
4323,M,10,3,SURGERY
4324,F,7,4,GENERAL
4325,M,10,4,GENERAL
4326,M,10,4,CARDIOLOGY
4327,M,1,5,SURGERY
4328,M,1,5,SURGERY
4329,M,7,4,SURGERY
4330,F,10,3,GENERAL
4331,M,1,5,ORTHOPEDICS
4332,F,1,5,SURGERY
4333,M,10,4,CARDIOLOGY
4334,M,10,3,SURGERY
4335,F,6,4,ORTHOPEDICS
4336,M,11,3,SURGERY
4337,M,6,4,SURGERY
4338,F,10,3,ORTHOPEDICS
4339,M,1,5,CARDIOLOGY
4340,F,13,2,CARDIOLOGY
4341,M,6,4,ORTHOPEDICS
4342,F,1,6,GENERAL
4343,F,10,3,SURGERY
4344,F,13,3,GENERAL
4345,M,6,4,SURGERY
4346,M,11,3,GENERAL
4347,M,13,2,SURGERY
4348,F,1,5,CARDIOLOGY
4349,M,1,5,SURGERY
4350,M,11,3,SURGERY
4351,M,11,3,GENERAL
4352,M,10,4,ORTHOPEDICS
4353,M,1,5,GENERAL
4354,M,6,4,CARDIOLOGY
4355,F,1,5,SURGERY
4356,M,11,3,SURGERY
4357,M,6,4,ORTHOPEDICS
4358,M,10,4,GENERAL
4359,M,1,5,ORTHOPEDICS
4360,F,10,4,ORTHOPEDICS
4361,M,1,5,GENERAL
4362,F,6,4,GENERAL
4363,M,10,3,GENERAL
4364,F,13,2,SURGERY
4365,F,10,4,GENERAL
4366,M,10,3,GENERAL
4367,M,6,4,CARDIOLOGY
4368,F,11,3,SURGERY
4369,F,6,4,ORTHOPEDICS
4370,M,10,3,GENERAL
4371,M,11,3,ORTHOPEDICS
4372,F,7,4,CARDIOLOGY
4373,F,6,4,CARDIOLOGY
4374,M,1,5,GENERAL
4375,M,6,4,GENERAL
4376,M,1,5,GENERAL
4377,M,6,4,GENERAL
4378,M,10,4,CARDIOLOGY
4379,M,5,4,GENERAL
4380,F,13,2,GENERAL
4381,F,6,4,ORTHOPEDICS
4382,M,6,4,GENERAL
4383,F,6,4,ORTHOPEDICS
4384,M,10,3,GENERAL
4385,M,7,4,GENERAL
4386,M,1,6,GENERAL
4387,F,1,5,ORTHOPEDICS
4388,F,10,3,SURGERY
4389,F,6,4,SURGERY
4390,M,1,5,ORTHOPEDICS
4391,M,13,3,CARDIOLOGY
4392,M,1,5,SURGERY
4393,M,7,4,ORTHOPEDICS
4394,M,10,4,SURGERY
4395,F,1,5,GENERAL
4396,F,1,6,GENERAL
4397,F,13,3,CARDIOLOGY
4398,F,10,4,ORTHOPEDICS
4399,F,13,2,GENERAL
4400,F,13,2,ORTHOPEDICS
4401,M,10,3,SURGERY
4402,M,6,4,GENERAL
4403,M,10,4,CARDIOLOGY
4404,F,13,2,GENERAL
4405,F,6,4,ORTHOPEDICS
4406,M,6,4,GENERAL
4407,M,6,4,CARDIOLOGY
4408,M,10,4,ORTHOPEDICS
4409,M,6,4,CARDIOLOGY
4410,F,1,6,CARDIOLOGY
4411,F,13,2,ORTHOPEDICS
4412,F,1,5,CARDIOLOGY
4413,M,10,4,CARDIOLOGY
4414,F,10,3,CARDIOLOGY
4415,M,8,4,ORTHOPEDICS
4416,F,6,4,GENERAL
4417,M,1,5,GENERAL
4418,F,10,3,GENERAL
4419,F,10,4,SURGERY
4420,M,10,4,ORTHOPEDICS
4421,F,6,4,ORTHOPEDICS
4422,F,7,4,GENERAL
4423,F,1,5,CARDIOLOGY
4424,F,1,5,GENERAL
4425,F,1,5,GENERAL
4426,M,6,4,ORTHOPEDICS
4427,F,6,4,GENERAL
4428,M,6,4,GENERAL
4429,F,13,2,GENERAL
4430,F,1,5,ORTHOPEDICS
4431,F,1,5,CARDIOLOGY
4432,M,6,4,CARDIOLOGY
4433,M,6,4,ORTHOPEDICS
4434,F,6,4,GENERAL
4435,M,1,5,GENERAL
4436,M,1,5,SURGERY
4437,F,1,5,CARDIOLOGY
4438,F,6,4,CARDIOLOGY
4439,F,10,3,GENERAL
4440,M,1,5,ORTHOPEDICS
4441,M,10,4,SURGERY
4442,M,1,5,GENERAL
4443,F,6,4,ORTHOPEDICS
4444,M,1,5,ORTHOPEDICS
4445,F,6,4,ORTHOPEDICS
4446,M,1,5,SURGERY
4447,M,10,4,ORTHOPEDICS
4448,M,10,3,GENERAL
4449,F,11,3,SURGERY
4450,M,1,5,ORTHOPEDICS
4451,F,10,3,SURGERY
4452,M,10,3,SURGERY
4453,F,6,4,CARDIOLOGY
4454,F,1,6,ORTHOPEDICS
4455,M,6,4,ORTHOPEDICS
4456,M,6,4,GENERAL
4457,F,1,5,CARDIOLOGY
4458,F,10,3,ORTHOPEDICS
4459,F,6,4,GENERAL
4460,F,6,4,SURGERY
4461,F,11,3,ORTHOPEDICS
4462,M,10,3,SURGERY
4463,M,1,5,GENERAL
4464,M,13,3,SURGERY
4465,F,10,3,SURGERY
4466,F,1,5,CARDIOLOGY
4467,F,1,5,CARDIOLOGY
4468,M,6,4,GENERAL
4469,F,1,5,ORTHOPEDICS
4470,F,1,5,SURGERY
4471,F,6,4,GENERAL
4472,M,1,5,ORTHOPEDICS
4473,F,7,4,SURGERY
4474,M,6,4,CARDIOLOGY
4475,M,10,3,ORTHOPEDICS
4476,F,13,3,GENERAL
4477,M,1,6,ORTHOPEDICS
4478,M,6,4,ORTHOPEDICS
4479,M,13,3,GENERAL
4480,F,13,2,CARDIOLOGY
4481,M,10,4,GENERAL
4482,F,1,6,GENERAL
4483,M,6,4,GENERAL
4484,M,13,3,SURGERY
4485,F,10,4,GENERAL
4486,M,10,3,GENERAL
4487,F,6,4,SURGERY
4488,M,1,5,GENERAL
4489,F,13,3,SURGERY
4490,M,13,2,GENERAL
4491,F,6,4,SURGERY
4492,M,10,4,GENERAL
4493,M,1,5,GENERAL
4494,M,10,3,GENERAL
4495,F,13,2,GENERAL
4496,M,6,4,GENERAL
4497,M,10,4,GENERAL
4498,F,10,4,CARDIOLOGY
4499,M,6,4,ORTHOPEDICS
4500,M,13,2,SURGERY
4501,M,1,5,SURGERY
4502,M,7,4,ORTHOPEDICS
4503,M,10,3,ORTHOPEDICS
4504,M,1,6,ORTHOPEDICS
4505,F,6,4,CARDIOLOGY
4506,F,1,6,SURGERY
4507,M,13,2,ORTHOPEDICS
4508,F,6,4,ORTHOPEDICS
4509,M,1,6,GENERAL
4510,M,13,2,ORTHOPEDICS
4511,F,1,5,ORTHOPEDICS
4512,F,1,5,GENERAL
4513,F,10,3,GENERAL
4514,F,1,5,ORTHOPEDICS
4515,M,13,2,CARDIOLOGY
4516,F,10,4,GENERAL
4517,M,10,3,GENERAL
4518,F,1,5,ORTHOPEDICS
4519,M,6,4,CARDIOLOGY
4520,F,7,4,GENERAL
4521,F,6,4,ORTHOPEDICS
4522,F,1,5,ORTHOPEDICS
4523,F,6,4,GENERAL
4524,M,6,4,ORTHOPEDICS
4525,F,1,5,GENERAL
4526,F,10,3,CARDIOLOGY
4527,F,1,5,ORTHOPEDICS
4528,F,6,4,ORTHOPEDICS
4529,F,13,2,ORTHOPEDICS
4530,M,1,6,ORTHOPEDICS
4531,F,13,3,CARDIOLOGY
4532,M,6,4,GENERAL
4533,M,10,4,GENERAL
4534,M,10,3,GENERAL
4535,F,6,4,GENERAL
4536,M,6,4,ORTHOPEDICS
4537,M,6,4,SURGERY
4538,F,6,4,GENERAL
4539,F,7,4,ORTHOPEDICS
4540,M,7,4,GENERAL
4541,M,13,2,GENERAL
4542,F,8,4,GENERAL
4543,M,8,4,SURGERY
4544,F,10,3,ORTHOPEDICS
4545,M,10,4,GENERAL
4546,M,1,5,CARDIOLOGY
4547,M,7,4,GENERAL
4548,F,6,4,GENERAL
4549,M,6,4,GENERAL
4550,F,6,4,CARDIOLOGY
4551,M,6,4,CARDIOLOGY
4552,M,1,5,SURGERY
4553,M,10,3,ORTHOPEDICS
4554,M,1,7,CARDIOLOGY
4555,F,11,3,CARDIOLOGY
4556,M,6,4,CARDIOLOGY
4557,M,1,5,ORTHOPEDICS
4558,F,10,3,GENERAL
4559,F,11,3,GENERAL
4560,M,11,3,ORTHOPEDICS
4561,F,6,4,CARDIOLOGY
4562,F,1,5,ORTHOPEDICS
4563,M,1,5,GENERAL
4564,F,1,7,ORTHOPEDICS
4565,M,11,3,ORTHOPEDICS
4566,M,10,3,GENERAL
4567,M,10,3,CARDIOLOGY
4568,F,13,2,ORTHOPEDICS
4569,F,1,6,GENERAL
4570,M,1,5,GENERAL
4571,F,10,3,GENERAL
4572,M,11,3,CARDIOLOGY
4573,F,13,2,GENERAL
4574,F,6,4,ORTHOPEDICS
4575,F,6,4,CARDIOLOGY
4576,F,13,2,ORTHOPEDICS
4577,F,10,4,GENERAL
4578,M,13,2,ORTHOPEDICS
4579,F,10,4,GENERAL
4580,M,1,4,GENERAL
4581,F,1,5,GENERAL
4582,M,13,2,CARDIOLOGY
4583,M,13,2,GENERAL
4584,M,10,4,CARDIOLOGY
4585,F,13,2,SURGERY
4586,M,1,6,CARDIOLOGY
4587,F,10,3,CARDIOLOGY
4588,M,6,4,SURGERY
4589,F,10,3,SURGERY
4590,M,6,4,ORTHOPEDICS
4591,F,10,3,CARDIOLOGY
4592,F,10,4,GENERAL
4593,F,1,7,GENERAL
4594,F,10,3,ORTHOPEDICS
4595,M,10,3,GENERAL
4596,M,10,3,GENERAL
4597,F,6,4,CARDIOLOGY
4598,M,7,4,CARDIOLOGY
4599,M,1,5,GENERAL
4600,F,6,4,SURGERY
4601,F,6,4,GENERAL
4602,F,10,4,GENERAL
4603,M,6,4,GENERAL
4604,F,6,4,GENERAL
4605,M,1,5,SURGERY
4606,M,1,6,CARDIOLOGY
4607,F,6,4,CARDIOLOGY
4608,M,1,5,CARDIOLOGY
4609,F,11,3,ORTHOPEDICS
4610,M,10,3,GENERAL
4611,M,1,5,SURGERY
4612,M,13,2,GENERAL
4613,M,7,4,ORTHOPEDICS
4614,F,1,6,SURGERY
4615,F,10,4,SURGERY
4616,F,10,3,CARDIOLOGY
4617,F,10,4,SURGERY
4618,F,13,3,GENERAL
4619,M,6,4,SURGERY
4620,F,13,1,GENERAL
4621,M,13,3,GENERAL
4622,M,6,4,GENERAL
4623,F,1,6,ORTHOPEDICS
4624,F,1,5,GENERAL
4625,F,6,4,CARDIOLOGY
4626,M,11,3,CARDIOLOGY
4627,M,1,5,GENERAL
4628,M,6,4,GENERAL
4629,F,7,4,SURGERY
4630,F,10,3,GENERAL
4631,F,12,3,GENERAL
4632,F,6,4,CARDIOLOGY
4633,M,6,4,GENERAL
4634,F,6,4,CARDIOLOGY
4635,M,13,2,ORTHOPEDICS
4636,M,6,4,CARDIOLOGY
4637,F,10,3,SURGERY
4638,F,6,4,GENERAL
4639,M,6,4,GENERAL
4640,M,1,5,GENERAL
4641,M,10,4,CARDIOLOGY
4642,M,10,3,SURGERY
4643,M,13,2,CARDIOLOGY
4644,F,13,2,SURGERY
4645,F,1,6,SURGERY
4646,M,6,4,SURGERY
4647,M,10,4,CARDIOLOGY
4648,F,6,4,GENERAL
4649,F,11,3,SURGERY
4650,F,13,2,SURGERY
4651,F,10,4,ORTHOPEDICS
4652,M,13,2,SURGERY
4653,F,10,3,GENERAL
4654,M,1,6,SURGERY
4655,M,6,4,GENERAL
4656,F,1,6,ORTHOPEDICS
4657,M,10,3,GENERAL
4658,F,6,4,GENERAL
4659,F,10,4,CARDIOLOGY
4660,M,6,4,ORTHOPEDICS
4661,F,1,5,GENERAL
4662,M,1,5,CARDIOLOGY
4663,M,1,5,SURGERY
4664,M,13,2,GENERAL
4665,F,1,5,SURGERY
4666,F,13,2,CARDIOLOGY
4667,M,11,3,GENERAL
4668,M,13,2,CARDIOLOGY
4669,M,10,3,CARDIOLOGY
4670,F,10,3,GENERAL
4671,F,1,5,SURGERY
4672,F,10,3,SURGERY
4673,M,6,4,ORTHOPEDICS
4674,F,1,6,SURGERY
4675,F,13,2,GENERAL
4676,M,1,5,SURGERY
4677,M,10,3,ORTHOPEDICS
4678,M,10,4,SURGERY
4679,F,6,4,SURGERY
4680,F,10,3,ORTHOPEDICS
4681,F,1,5,GENERAL
4682,M,11,3,SURGERY
4683,M,1,6,GENERAL
4684,M,10,4,GENERAL
4685,F,6,4,SURGERY
4686,M,10,4,CARDIOLOGY
4687,M,1,5,SURGERY
4688,M,1,5,CARDIOLOGY
4689,M,6,4,CARDIOLOGY
4690,F,1,5,GENERAL
4691,F,10,3,CARDIOLOGY
4692,M,10,3,GENERAL
4693,M,10,3,CARDIOLOGY
4694,F,1,6,SURGERY
4695,F,11,3,GENERAL
4696,M,10,3,CARDIOLOGY
4697,F,6,4,GENERAL
4698,M,10,3,ORTHOPEDICS
4699,F,1,5,CARDIOLOGY
4700,F,13,2,GENERAL
4701,M,6,4,GENERAL
4702,F,7,4,GENERAL
4703,M,7,4,CARDIOLOGY
4704,F,13,3,GENERAL
4705,F,10,3,CARDIOLOGY
4706,F,13,2,ORTHOPEDICS
4707,F,8,4,SURGERY
4708,F,1,6,GENERAL
4709,F,6,4,CARDIOLOGY
4710,F,6,4,ORTHOPEDICS
4711,M,13,2,GENERAL
4712,M,10,3,ORTHOPEDICS
4713,F,7,4,SURGERY
4714,F,1,5,GENERAL
4715,M,13,2,SURGERY
4716,F,1,5,GENERAL
4717,F,7,4,GENERAL
4718,M,13,2,CARDIOLOGY
4719,F,10,3,SURGERY
4720,M,7,4,CARDIOLOGY
4721,M,11,3,CARDIOLOGY
4722,M,10,4,SURGERY
4723,M,10,3,ORTHOPEDICS
4724,F,10,3,CARDIOLOGY
4725,M,10,4,CARDIOLOGY
4726,F,10,3,GENERAL
4727,F,6,4,ORTHOPEDICS
4728,M,6,4,SURGERY
4729,M,11,3,GENERAL
4730,F,10,4,GENERAL
4731,M,1,5,GENERAL
4732,M,7,4,SURGERY
4733,M,1,6,SURGERY
4734,F,6,4,CARDIOLOGY
4735,F,6,4,SURGERY
4736,F,6,4,GENERAL
4737,M,10,3,GENERAL
4738,M,10,3,GENERAL
4739,F,6,4,SURGERY
4740,M,6,4,CARDIOLOGY
4741,F,6,4,ORTHOPEDICS
4742,F,6,4,GENERAL
4743,M,1,5,ORTHOPEDICS
4744,M,10,3,GENERAL
4745,F,1,5,CARDIOLOGY
4746,F,10,4,GENERAL
4747,M,11,3,GENERAL
4748,M,10,4,GENERAL
4749,M,6,4,CARDIOLOGY
4750,F,1,5,GENERAL
4751,F,11,3,ORTHOPEDICS
4752,F,10,4,GENERAL
4753,F,10,3,CARDIOLOGY
4754,M,7,4,GENERAL
4755,M,13,3,ORTHOPEDICS
4756,M,1,5,GENERAL
4757,F,13,2,GENERAL
4758,M,7,4,GENERAL
4759,F,10,3,GENERAL
4760,F,6,4,GENERAL
4761,M,10,4,GENERAL
4762,F,10,3,SURGERY
4763,F,10,3,GENERAL
4764,F,1,5,ORTHOPEDICS
4765,F,6,4,SURGERY
4766,F,6,4,ORTHOPEDICS
4767,F,10,3,GENERAL
4768,M,6,4,GENERAL
4769,M,6,4,GENERAL
4770,F,6,4,ORTHOPEDICS
4771,M,13,2,GENERAL
4772,F,10,3,SURGERY
4773,F,6,4,GENERAL
4774,F,10,3,CARDIOLOGY
4775,F,11,3,ORTHOPEDICS
4776,M,10,3,GENERAL
4777,M,10,3,ORTHOPEDICS
4778,F,10,3,GENERAL
4779,F,6,4,SURGERY
4780,F,7,4,CARDIOLOGY
4781,M,10,4,CARDIOLOGY
4782,M,1,5,CARDIOLOGY
4783,M,10,3,GENERAL
4784,F,10,3,SURGERY
4785,F,7,4,SURGERY
4786,F,13,2,ORTHOPEDICS
4787,M,10,3,GENERAL
4788,M,7,4,GENERAL
4789,F,6,4,GENERAL
4790,F,11,3,ORTHOPEDICS
4791,F,1,6,ORTHOPEDICS
4792,M,1,6,ORTHOPEDICS
4793,F,5,4,ORTHOPEDICS
4794,M,1,5,ORTHOPEDICS
4795,F,6,4,CARDIOLOGY
4796,F,13,2,GENERAL
4797,M,7,4,GENERAL
4798,M,13,2,SURGERY
4799,F,1,5,GENERAL
4800,M,10,3,GENERAL
4801,M,7,4,ORTHOPEDICS
4802,M,1,5,GENERAL
4803,F,1,5,SURGERY
4804,M,7,4,GENERAL
4805,F,10,3,GENERAL
4806,F,6,4,SURGERY
4807,F,6,4,CARDIOLOGY
4808,F,1,5,ORTHOPEDICS
4809,F,1,6,CARDIOLOGY
4810,F,1,6,ORTHOPEDICS
4811,M,13,2,ORTHOPEDICS
4812,M,10,3,GENERAL
4813,F,1,6,GENERAL
4814,M,10,3,CARDIOLOGY
4815,F,1,5,ORTHOPEDICS
4816,M,10,3,ORTHOPEDICS
4817,F,6,4,CARDIOLOGY
4818,F,10,3,ORTHOPEDICS
4819,M,10,4,ORTHOPEDICS
4820,F,1,5,CARDIOLOGY
4821,F,7,4,GENERAL
4822,F,1,5,GENERAL
4823,M,11,3,SURGERY
4824,M,1,5,SURGERY
4825,M,13,3,SURGERY
4826,M,1,5,SURGERY
4827,M,10,3,GENERAL
4828,M,1,6,ORTHOPEDICS
4829,F,10,4,GENERAL
4830,M,1,6,GENERAL
4831,F,1,5,GENERAL
4832,F,6,4,GENERAL
4833,F,1,5,ORTHOPEDICS
4834,F,10,4,ORTHOPEDICS
4835,M,6,4,CARDIOLOGY
4836,F,1,5,CARDIOLOGY
4837,M,6,4,ORTHOPEDICS
4838,M,1,5,GENERAL
4839,F,1,5,ORTHOPEDICS
4840,F,6,4,SURGERY
4841,F,13,2,GENERAL
4842,F,6,4,CARDIOLOGY
4843,M,6,4,CARDIOLOGY
4844,M,6,4,SURGERY
4845,F,6,4,CARDIOLOGY
4846,M,10,3,GENERAL
4847,F,13,3,GENERAL
4848,M,1,5,GENERAL
4849,M,13,3,GENERAL
4850,M,1,5,GENERAL
4851,M,6,4,SURGERY
4852,F,1,5,GENERAL
4853,M,13,2,ORTHOPEDICS
4854,M,7,4,CARDIOLOGY
4855,M,6,4,GENERAL
4856,M,1,5,SURGERY
4857,F,10,4,SURGERY
4858,M,10,4,GENERAL
4859,F,1,5,GENERAL
4860,M,13,2,ORTHOPEDICS
4861,F,1,5,ORTHOPEDICS
4862,M,1,5,GENERAL
4863,F,10,3,CARDIOLOGY
4864,F,1,5,GENERAL
4865,F,1,5,GENERAL
4866,F,11,3,ORTHOPEDICS
4867,F,6,4,SURGERY
4868,F,1,5,SURGERY
4869,M,1,5,GENERAL
4870,F,6,4,SURGERY
4871,M,10,4,CARDIOLOGY
4872,M,1,5,GENERAL
4873,M,1,6,GENERAL
4874,F,6,4,SURGERY
4875,M,11,3,SURGERY
4876,F,1,5,GENERAL
4877,M,1,5,GENERAL
4878,M,7,4,CARDIOLOGY
4879,M,7,4,GENERAL
4880,F,11,3,ORTHOPEDICS
4881,M,1,6,CARDIOLOGY
4882,M,1,5,SURGERY
4883,M,1,5,SURGERY
4884,F,6,4,SURGERY
4885,F,1,6,GENERAL
4886,F,6,4,GENERAL
4887,F,1,5,SURGERY
4888,M,11,3,SURGERY
4889,F,6,4,GENERAL
4890,M,7,4,ORTHOPEDICS
4891,F,7,4,CARDIOLOGY
4892,F,1,6,GENERAL
4893,F,10,4,SURGERY
4894,F,11,3,GENERAL
4895,F,7,4,CARDIOLOGY
4896,F,1,5,SURGERY
4897,M,10,3,SURGERY
4898,F,7,4,CARDIOLOGY
4899,F,1,5,GENERAL
4900,F,10,3,GENERAL
4901,M,1,6,GENERAL
4902,M,1,6,CARDIOLOGY
4903,F,10,4,GENERAL
4904,F,10,4,CARDIOLOGY
4905,M,6,4,ORTHOPEDICS
4906,M,6,4,SURGERY
4907,M,11,3,GENERAL
4908,M,10,4,GENERAL
4909,M,10,4,GENERAL
4910,M,1,5,GENERAL
4911,F,10,3,ORTHOPEDICS
4912,F,6,4,GENERAL
4913,M,7,4,GENERAL
4914,F,6,4,CARDIOLOGY
4915,F,7,4,ORTHOPEDICS
4916,F,13,2,ORTHOPEDICS
4917,M,10,3,CARDIOLOGY
4918,F,1,5,SURGERY
4919,M,10,4,GENERAL
4920,F,6,4,SURGERY
4921,M,6,4,SURGERY
4922,F,1,5,GENERAL
4923,M,10,3,ORTHOPEDICS
4924,M,10,4,GENERAL
4925,M,10,4,ORTHOPEDICS
4926,F,1,5,GENERAL
4927,F,1,5,CARDIOLOGY
4928,M,1,6,GENERAL
4929,F,7,4,GENERAL
4930,M,6,4,CARDIOLOGY
4931,M,11,3,CARDIOLOGY
4932,F,6,4,GENERAL
4933,F,13,2,SURGERY
4934,F,1,6,GENERAL
4935,F,10,3,ORTHOPEDICS
4936,F,1,5,CARDIOLOGY
4937,M,1,5,GENERAL
4938,M,1,5,GENERAL
4939,F,1,5,ORTHOPEDICS
4940,F,1,5,GENERAL
4941,M,1,6,GENERAL
4942,M,1,5,SURGERY
4943,M,1,5,SURGERY
4944,F,6,4,GENERAL
4945,M,1,5,ORTHOPEDICS
4946,F,1,5,CARDIOLOGY
4947,F,1,5,GENERAL
4948,M,13,2,ORTHOPEDICS
4949,M,13,2,CARDIOLOGY
4950,M,6,4,ORTHOPEDICS
4951,F,6,4,SURGERY
4952,F,10,3,CARDIOLOGY
4953,M,6,4,GENERAL
4954,M,6,4,CARDIOLOGY
4955,F,10,3,CARDIOLOGY
4956,F,10,4,GENERAL
4957,F,10,3,GENERAL
4958,M,1,6,SURGERY
4959,M,6,4,SURGERY
4960,M,13,2,GENERAL
4961,M,13,2,SURGERY
4962,F,1,5,GENERAL
4963,M,1,5,SURGERY
4964,M,13,1,ORTHOPEDICS
4965,M,1,5,GENERAL
4966,F,11,3,SURGERY
4967,M,13,2,ORTHOPEDICS
4968,F,1,6,ORTHOPEDICS
4969,F,6,4,CARDIOLOGY
4970,M,1,5,ORTHOPEDICS
4971,M,7,4,GENERAL
4972,M,10,4,GENERAL
4973,F,11,3,SURGERY
4974,M,10,3,GENERAL
4975,F,7,4,SURGERY
4976,M,1,5,SURGERY
4977,F,6,4,CARDIOLOGY
4978,F,10,4,CARDIOLOGY
4979,M,10,3,CARDIOLOGY
4980,F,1,5,GENERAL
4981,F,10,4,CARDIOLOGY
4982,F,1,6,ORTHOPEDICS
4983,F,9,4,GENERAL
4984,M,6,4,CARDIOLOGY
4985,F,10,3,CARDIOLOGY
4986,F,8,4,ORTHOPEDICS
4987,F,6,4,SURGERY
4988,M,7,4,SURGERY
4989,F,10,4,SURGERY
4990,F,6,4,GENERAL
4991,M,1,6,GENERAL
4992,M,10,3,GENERAL
4993,F,13,2,ORTHOPEDICS
4994,F,13,2,GENERAL
4995,M,6,4,ORTHOPEDICS
4996,M,10,3,ORTHOPEDICS
4997,F,6,4,CARDIOLOGY
4998,M,1,5,GENERAL
4999,M,1,5,GENERAL
5000,F,6,4,GENERAL
5001,F,1,5,GENERAL
5002,F,6,4,GENERAL
5003,M,10,3,ORTHOPEDICS
5004,F,11,3,SURGERY
5005,M,10,3,CARDIOLOGY
5006,M,10,3,ORTHOPEDICS
5007,M,13,2,ORTHOPEDICS
5008,M,1,5,SURGERY
5009,M,6,4,ORTHOPEDICS
5010,M,6,4,CARDIOLOGY
5011,F,10,4,ORTHOPEDICS
5012,F,6,4,SURGERY
5013,M,6,4,SURGERY
5014,M,11,3,ORTHOPEDICS
5015,M,10,3,ORTHOPEDICS
5016,M,10,3,ORTHOPEDICS
5017,M,13,2,GENERAL
5018,F,10,4,GENERAL
5019,M,11,3,CARDIOLOGY
5020,F,6,4,GENERAL
5021,M,10,3,GENERAL
5022,M,11,3,CARDIOLOGY
5023,M,10,3,GENERAL
5024,M,6,4,CARDIOLOGY
5025,F,11,3,GENERAL
5026,M,1,5,GENERAL
5027,M,1,5,SURGERY
5028,M,7,4,CARDIOLOGY
5029,F,6,4,SURGERY
5030,M,10,4,GENERAL
5031,M,10,3,CARDIOLOGY
5032,F,10,4,CARDIOLOGY
5033,F,6,4,ORTHOPEDICS
5034,F,1,6,CARDIOLOGY
5035,M,10,3,GENERAL
5036,F,1,5,CARDIOLOGY
5037,F,6,4,SURGERY
5038,F,7,4,ORTHOPEDICS
5039,F,6,4,SURGERY
5040,F,10,3,ORTHOPEDICS
5041,M,10,3,GENERAL
5042,M,10,3,ORTHOPEDICS
5043,F,1,5,GENERAL
5044,F,10,4,SURGERY
5045,M,10,3,ORTHOPEDICS
5046,F,1,5,GENERAL
5047,M,1,5,SURGERY
5048,M,6,4,GENERAL
5049,F,10,4,ORTHOPEDICS
5050,M,1,6,GENERAL
5051,M,6,4,GENERAL
5052,M,10,3,GENERAL
5053,F,6,4,GENERAL
5054,M,1,6,GENERAL
5055,F,6,4,ORTHOPEDICS
5056,M,11,3,SURGERY
5057,F,10,3,SURGERY
5058,F,13,2,CARDIOLOGY
5059,M,1,5,GENERAL
5060,M,10,4,GENERAL
5061,M,1,5,GENERAL
5062,M,6,4,GENERAL
5063,M,1,6,GENERAL
5064,F,13,2,ORTHOPEDICS
5065,F,13,3,CARDIOLOGY
5066,M,10,4,CARDIOLOGY
5067,F,6,4,GENERAL
5068,M,1,5,GENERAL
5069,M,1,5,CARDIOLOGY
5070,M,10,4,GENERAL
5071,M,10,3,GENERAL
5072,M,10,3,GENERAL
5073,M,7,4,CARDIOLOGY
5074,M,10,3,ORTHOPEDICS
5075,M,1,6,GENERAL
5076,M,6,4,CARDIOLOGY
5077,F,1,5,ORTHOPEDICS
5078,F,13,1,GENERAL
5079,M,1,5,CARDIOLOGY
5080,M,10,4,SURGERY
5081,M,6,4,ORTHOPEDICS
5082,M,10,3,CARDIOLOGY
5083,M,1,5,CARDIOLOGY
5084,F,1,5,GENERAL
5085,F,6,4,GENERAL
5086,M,1,5,CARDIOLOGY
5087,M,1,5,CARDIOLOGY
5088,F,6,4,ORTHOPEDICS
5089,M,6,4,ORTHOPEDICS
5090,F,1,5,GENERAL
5091,M,7,4,SURGERY
5092,M,6,4,GENERAL
5093,F,9,4,ORTHOPEDICS
5094,M,10,4,CARDIOLOGY
5095,F,6,4,CARDIOLOGY
5096,F,11,3,CARDIOLOGY
5097,F,1,6,SURGERY
5098,M,10,3,CARDIOLOGY
5099,F,10,4,GENERAL
5100,M,6,4,GENERAL
5101,M,1,5,ORTHOPEDICS
5102,M,7,4,CARDIOLOGY
5103,M,6,4,CARDIOLOGY
5104,M,6,4,SURGERY
5105,M,10,3,SURGERY
5106,M,1,5,GENERAL
5107,M,1,5,GENERAL
5108,M,6,4,CARDIOLOGY
5109,F,10,4,CARDIOLOGY
5110,F,1,5,SURGERY
5111,F,10,3,GENERAL
5112,M,10,3,ORTHOPEDICS
5113,F,6,4,SURGERY
5114,M,6,4,CARDIOLOGY
5115,M,1,5,SURGERY
5116,M,1,6,SURGERY
5117,F,1,5,SURGERY
5118,F,6,4,ORTHOPEDICS
5119,F,13,2,GENERAL
5120,M,10,3,GENERAL
5121,M,11,3,ORTHOPEDICS
5122,F,7,4,ORTHOPEDICS
5123,F,6,4,GENERAL
5124,M,1,5,GENERAL
5125,F,1,5,ORTHOPEDICS
5126,M,10,4,GENERAL
5127,M,10,4,GENERAL
5128,F,1,5,CARDIOLOGY
5129,M,10,3,GENERAL
5130,F,1,6,SURGERY
5131,M,10,3,SURGERY
5132,M,1,6,ORTHOPEDICS
5133,F,1,5,SURGERY
5134,F,7,4,ORTHOPEDICS
5135,M,1,5,CARDIOLOGY
5136,F,11,3,CARDIOLOGY
5137,F,6,4,GENERAL
5138,F,11,3,ORTHOPEDICS
5139,F,1,5,GENERAL
5140,F,13,2,GENERAL
5141,M,10,3,SURGERY
5142,F,1,5,SURGERY
5143,F,1,5,GENERAL
5144,F,7,4,GENERAL
5145,M,1,5,SURGERY
5146,F,13,2,GENERAL
5147,F,1,6,ORTHOPEDICS
5148,F,6,4,GENERAL
5149,F,13,2,SURGERY
5150,F,10,3,GENERAL
5151,F,1,5,GENERAL
5152,F,1,5,SURGERY
5153,M,13,3,SURGERY
5154,F,6,4,CARDIOLOGY
5155,F,8,4,CARDIOLOGY
5156,M,6,4,SURGERY
5157,F,11,3,GENERAL
5158,M,6,4,GENERAL
5159,M,11,3,ORTHOPEDICS
5160,F,10,3,GENERAL
5161,F,1,5,SURGERY
5162,F,13,2,GENERAL
5163,M,7,4,GENERAL
5164,F,1,5,GENERAL
5165,M,7,4,SURGERY
5166,M,8,4,GENERAL
5167,M,7,4,GENERAL
5168,F,6,4,ORTHOPEDICS
5169,F,7,4,CARDIOLOGY
5170,M,11,3,GENERAL
5171,F,7,4,GENERAL
5172,M,13,2,GENERAL
5173,F,1,5,CARDIOLOGY
5174,M,1,5,CARDIOLOGY
5175,F,13,2,GENERAL
5176,M,1,5,ORTHOPEDICS
5177,F,1,5,ORTHOPEDICS
5178,M,6,4,GENERAL
5179,M,1,6,GENERAL
5180,M,1,5,CARDIOLOGY
5181,F,10,4,ORTHOPEDICS
5182,M,1,5,GENERAL
5183,M,6,4,GENERAL
5184,F,6,4,GENERAL
5185,M,6,4,ORTHOPEDICS
5186,F,13,2,SURGERY
5187,F,10,3,GENERAL
5188,F,11,3,SURGERY
5189,M,11,3,CARDIOLOGY
5190,F,1,5,GENERAL
5191,M,1,6,CARDIOLOGY
5192,M,10,4,GENERAL
5193,M,13,1,SURGERY
5194,M,1,5,GENERAL
5195,F,10,3,CARDIOLOGY
5196,M,1,5,GENERAL
5197,M,13,2,GENERAL
5198,F,10,4,CARDIOLOGY
5199,F,12,3,GENERAL
5200,M,6,4,GENERAL
5201,M,11,3,GENERAL
5202,F,13,3,SURGERY
5203,M,6,4,SURGERY
5204,M,13,2,GENERAL
5205,F,6,4,GENERAL
5206,F,10,3,GENERAL
5207,F,6,4,CARDIOLOGY
5208,F,10,4,SURGERY
5209,M,10,3,CARDIOLOGY
5210,F,6,4,GENERAL
5211,M,7,4,ORTHOPEDICS
5212,M,1,5,SURGERY
5213,M,6,4,SURGERY
5214,F,13,2,GENERAL
5215,F,7,4,GENERAL
5216,M,10,4,SURGERY
5217,F,1,5,GENERAL
5218,M,10,3,CARDIOLOGY
5219,M,6,4,GENERAL
5220,M,6,4,ORTHOPEDICS
5221,F,11,3,GENERAL
5222,F,10,4,CARDIOLOGY
5223,F,1,5,GENERAL
5224,F,1,5,SURGERY
5225,F,10,3,SURGERY
5226,M,1,5,GENERAL
5227,M,1,5,CARDIOLOGY
5228,M,1,5,CARDIOLOGY
5229,F,1,5,ORTHOPEDICS
5230,F,10,3,CARDIOLOGY
5231,M,10,3,ORTHOPEDICS
5232,M,6,4,GENERAL
5233,M,10,4,CARDIOLOGY
5234,F,10,4,SURGERY
5235,M,7,4,GENERAL
5236,F,6,4,CARDIOLOGY
5237,M,13,2,CARDIOLOGY
5238,M,6,4,SURGERY
5239,M,6,4,GENERAL
5240,F,10,3,ORTHOPEDICS
5241,F,6,4,ORTHOPEDICS
5242,F,6,4,CARDIOLOGY
5243,F,11,3,CARDIOLOGY
5244,M,6,4,GENERAL
5245,M,12,3,ORTHOPEDICS
5246,F,1,5,GENERAL
5247,F,6,4,CARDIOLOGY
5248,F,1,5,GENERAL
5249,M,11,3,SURGERY
5250,F,1,5,SURGERY
5251,M,13,2,SURGERY
5252,F,10,3,CARDIOLOGY
5253,F,10,3,GENERAL
5254,F,1,5,GENERAL
5255,M,7,4,ORTHOPEDICS
5256,M,10,3,SURGERY
5257,F,6,4,GENERAL
5258,M,1,5,GENERAL
5259,F,6,4,GENERAL
5260,F,13,2,GENERAL
5261,M,6,4,SURGERY
5262,M,10,3,SURGERY
5263,F,1,6,CARDIOLOGY
5264,F,7,4,GENERAL
5265,M,13,2,SURGERY
5266,F,11,3,ORTHOPEDICS
5267,F,1,5,GENERAL
5268,F,13,2,SURGERY
5269,F,1,6,SURGERY
5270,F,10,4,SURGERY
5271,F,6,4,GENERAL
5272,M,11,3,GENERAL
5273,F,1,5,GENERAL
5274,F,7,4,SURGERY
5275,F,6,4,SURGERY
5276,M,1,5,GENERAL
5277,F,7,4,GENERAL
5278,F,6,4,ORTHOPEDICS
5279,M,1,5,GENERAL
5280,M,6,4,ORTHOPEDICS
5281,M,1,5,GENERAL
5282,M,10,3,ORTHOPEDICS
5283,M,1,5,SURGERY
5284,F,1,5,GENERAL
5285,F,7,4,SURGERY
5286,F,1,5,CARDIOLOGY
5287,M,7,4,SURGERY
5288,M,13,3,GENERAL
5289,M,13,3,CARDIOLOGY
5290,F,10,4,GENERAL
5291,M,10,3,ORTHOPEDICS
5292,M,10,3,CARDIOLOGY
5293,F,10,3,GENERAL
5294,F,10,3,GENERAL
5295,F,1,5,SURGERY
5296,M,1,5,CARDIOLOGY
5297,M,10,3,GENERAL
5298,M,10,4,GENERAL
5299,M,6,4,SURGERY
5300,F,6,4,GENERAL
5301,M,1,6,GENERAL
5302,M,10,4,GENERAL
5303,M,11,3,ORTHOPEDICS
5304,F,10,4,CARDIOLOGY
5305,F,6,4,GENERAL
5306,M,10,3,GENERAL
5307,F,1,5,GENERAL
5308,F,6,4,GENERAL
5309,M,7,4,GENERAL
5310,M,10,4,GENERAL
5311,M,13,2,GENERAL
5312,M,6,4,GENERAL
5313,F,1,5,CARDIOLOGY
5314,F,1,6,GENERAL
5315,M,1,5,GENERAL
5316,F,1,6,CARDIOLOGY
5317,F,1,5,ORTHOPEDICS
5318,F,6,4,SURGERY
5319,M,1,5,ORTHOPEDICS
5320,M,13,1,SURGERY
5321,F,6,4,CARDIOLOGY
5322,M,1,5,CARDIOLOGY
5323,F,1,5,GENERAL
5324,F,1,5,GENERAL
5325,F,6,4,GENERAL
5326,M,1,6,CARDIOLOGY
5327,M,10,3,CARDIOLOGY
5328,F,6,4,GENERAL
5329,M,7,4,GENERAL
5330,M,10,4,GENERAL
5331,M,6,4,GENERAL
5332,M,1,6,SURGERY
5333,F,6,4,SURGERY
5334,F,1,6,GENERAL
5335,F,6,4,GENERAL
5336,F,1,5,GENERAL
5337,F,10,3,SURGERY
5338,F,1,5,ORTHOPEDICS
5339,M,10,3,GENERAL
5340,M,10,4,SURGERY
5341,M,1,6,CARDIOLOGY
5342,M,6,4,GENERAL
5343,F,1,5,SURGERY
5344,M,8,4,ORTHOPEDICS
5345,M,1,5,CARDIOLOGY
5346,M,6,4,CARDIOLOGY
5347,M,1,5,GENERAL
5348,F,1,5,SURGERY
5349,F,6,4,ORTHOPEDICS
5350,M,1,5,SURGERY
5351,F,1,5,GENERAL
5352,F,6,4,CARDIOLOGY
5353,M,10,3,CARDIOLOGY
5354,M,7,4,CARDIOLOGY
5355,M,1,5,GENERAL
5356,M,11,3,GENERAL
5357,M,1,5,GENERAL
5358,M,1,6,GENERAL
5359,M,6,4,SURGERY
5360,M,13,2,GENERAL
5361,F,13,2,GENERAL
5362,M,1,5,ORTHOPEDICS
5363,M,1,5,SURGERY
5364,M,1,5,CARDIOLOGY
5365,M,13,2,CARDIOLOGY
5366,M,10,4,CARDIOLOGY
5367,M,10,3,GENERAL
5368,F,6,4,ORTHOPEDICS
5369,M,1,5,GENERAL
5370,M,6,4,GENERAL
5371,F,6,4,ORTHOPEDICS
5372,F,6,4,GENERAL
5373,F,10,4,GENERAL
5374,F,1,5,ORTHOPEDICS
5375,F,10,3,SURGERY
5376,F,1,5,GENERAL
5377,F,6,4,ORTHOPEDICS
5378,F,6,4,SURGERY
5379,F,1,5,ORTHOPEDICS
5380,M,1,5,ORTHOPEDICS
5381,M,1,5,CARDIOLOGY
5382,M,1,5,ORTHOPEDICS
5383,F,1,5,GENERAL
5384,M,6,4,ORTHOPEDICS
5385,M,1,5,ORTHOPEDICS
5386,F,1,5,GENERAL
5387,M,6,4,GENERAL
5388,M,10,3,SURGERY
5389,M,13,2,GENERAL
5390,F,1,5,CARDIOLOGY
5391,M,1,5,GENERAL
5392,M,1,5,GENERAL
5393,F,7,4,SURGERY
5394,M,6,4,CARDIOLOGY
5395,M,10,3,GENERAL
5396,M,10,3,CARDIOLOGY
5397,M,13,2,GENERAL
5398,F,10,3,SURGERY
5399,M,6,4,GENERAL
5400,M,10,3,ORTHOPEDICS
5401,F,7,4,CARDIOLOGY
5402,F,6,4,SURGERY
5403,F,11,3,GENERAL
5404,M,13,2,GENERAL
5405,M,1,5,CARDIOLOGY
5406,F,1,5,GENERAL
5407,F,7,4,GENERAL
5408,M,13,2,CARDIOLOGY
5409,F,13,3,GENERAL
5410,M,6,4,ORTHOPEDICS
5411,F,11,3,GENERAL
5412,F,1,5,ORTHOPEDICS
5413,F,1,6,CARDIOLOGY
5414,F,10,3,ORTHOPEDICS
5415,M,13,2,ORTHOPEDICS
5416,M,1,5,GENERAL
5417,F,6,4,CARDIOLOGY
5418,M,1,5,GENERAL
5419,M,1,5,CARDIOLOGY
5420,F,1,5,GENERAL
5421,F,6,4,GENERAL
5422,M,6,4,GENERAL
5423,M,10,3,GENERAL
5424,F,12,3,GENERAL
5425,M,6,4,ORTHOPEDICS
5426,M,6,4,GENERAL
5427,M,6,4,ORTHOPEDICS
5428,M,11,3,GENERAL
5429,M,11,3,GENERAL
5430,M,10,4,SURGERY
5431,M,6,4,GENERAL
5432,F,13,3,SURGERY
5433,M,10,3,CARDIOLOGY
5434,F,11,3,SURGERY
5435,F,1,5,GENERAL
5436,M,11,3,ORTHOPEDICS
5437,F,11,3,SURGERY
5438,M,1,5,SURGERY
5439,F,1,5,ORTHOPEDICS
5440,M,6,4,GENERAL
5441,M,6,4,CARDIOLOGY
5442,F,6,4,SURGERY
5443,M,6,4,GENERAL
5444,M,13,2,GENERAL
5445,F,6,4,GENERAL
5446,M,10,4,GENERAL
5447,F,7,4,ORTHOPEDICS
5448,M,13,2,GENERAL
5449,F,10,3,ORTHOPEDICS
5450,M,1,5,GENERAL
5451,F,6,4,GENERAL
5452,F,13,2,ORTHOPEDICS
5453,M,1,5,ORTHOPEDICS
5454,F,6,4,CARDIOLOGY
5455,F,6,4,CARDIOLOGY
5456,M,12,3,CARDIOLOGY
5457,M,1,6,GENERAL
5458,M,1,5,GENERAL
5459,F,1,5,CARDIOLOGY
5460,M,6,4,GENERAL
5461,M,1,5,CARDIOLOGY
5462,M,10,3,ORTHOPEDICS
5463,F,6,4,SURGERY
5464,F,6,4,ORTHOPEDICS
5465,M,10,4,GENERAL
5466,M,13,2,CARDIOLOGY
5467,F,1,5,ORTHOPEDICS
5468,F,7,4,SURGERY
5469,F,11,3,SURGERY
5470,F,7,4,SURGERY
5471,M,6,4,CARDIOLOGY
5472,M,10,4,GENERAL
5473,M,1,5,SURGERY
5474,F,10,4,GENERAL
5475,M,1,5,SURGERY
5476,F,1,5,ORTHOPEDICS
5477,F,10,3,GENERAL
5478,M,1,5,GENERAL
5479,M,6,4,GENERAL
5480,F,6,4,ORTHOPEDICS
5481,F,10,3,GENERAL
5482,F,10,3,SURGERY
5483,M,6,4,GENERAL
5484,M,13,1,GENERAL
5485,F,1,6,CARDIOLOGY
5486,F,6,4,GENERAL
5487,F,1,5,ORTHOPEDICS
5488,M,10,4,GENERAL
5489,F,1,6,CARDIOLOGY
5490,F,6,4,GENERAL
5491,F,1,5,ORTHOPEDICS
5492,M,6,4,SURGERY
5493,F,6,4,CARDIOLOGY
5494,F,7,4,ORTHOPEDICS
5495,M,1,5,SURGERY
5496,M,10,3,CARDIOLOGY
5497,M,6,4,SURGERY
5498,F,7,4,CARDIOLOGY
5499,F,7,4,ORTHOPEDICS
5500,M,5,4,CARDIOLOGY
5501,F,6,4,GENERAL
5502,F,6,4,CARDIOLOGY
5503,F,10,4,GENERAL
5504,M,1,5,ORTHOPEDICS
5505,M,10,3,GENERAL
5506,F,6,4,SURGERY
5507,M,1,7,CARDIOLOGY
5508,F,11,3,SURGERY
5509,M,10,3,CARDIOLOGY
5510,M,6,4,ORTHOPEDICS
5511,F,1,5,CARDIOLOGY
5512,M,10,3,CARDIOLOGY
5513,M,10,3,SURGERY
5514,F,10,4,ORTHOPEDICS
5515,F,10,3,GENERAL
5516,F,10,3,ORTHOPEDICS
5517,M,6,4,GENERAL
5518,F,13,2,ORTHOPEDICS
5519,M,10,3,CARDIOLOGY
5520,F,10,3,SURGERY
5521,M,1,5,SURGERY
5522,F,7,4,GENERAL
5523,F,10,4,ORTHOPEDICS
5524,F,10,4,GENERAL
5525,F,6,4,GENERAL
5526,F,10,3,CARDIOLOGY
5527,M,10,3,GENERAL
5528,F,6,4,GENERAL
5529,F,10,3,SURGERY
5530,F,13,3,CARDIOLOGY
5531,M,13,2,GENERAL
5532,F,11,3,SURGERY
5533,M,10,3,CARDIOLOGY
5534,M,11,3,GENERAL
5535,F,6,4,SURGERY
5536,M,10,4,GENERAL
5537,M,10,3,GENERAL
5538,F,7,4,GENERAL
5539,M,1,5,CARDIOLOGY
5540,M,10,3,CARDIOLOGY
5541,M,1,5,CARDIOLOGY
5542,M,10,3,SURGERY
5543,F,10,3,GENERAL
5544,F,1,5,SURGERY
5545,M,10,4,CARDIOLOGY
5546,M,10,3,GENERAL
5547,F,10,3,ORTHOPEDICS
5548,F,10,4,ORTHOPEDICS
5549,M,6,4,ORTHOPEDICS
5550,F,6,4,ORTHOPEDICS
5551,M,6,4,GENERAL
5552,F,13,2,GENERAL
5553,M,13,2,GENERAL
5554,F,13,3,GENERAL
5555,M,6,4,CARDIOLOGY
5556,F,1,5,SURGERY
5557,M,1,5,ORTHOPEDICS
5558,M,7,4,CARDIOLOGY
5559,M,12,3,GENERAL
5560,M,10,3,GENERAL
5561,M,10,3,GENERAL
5562,F,10,3,ORTHOPEDICS
5563,F,6,4,CARDIOLOGY
5564,M,1,5,SURGERY
5565,F,10,3,ORTHOPEDICS
5566,F,10,3,CARDIOLOGY
5567,F,10,3,SURGERY
5568,M,6,4,GENERAL
5569,M,13,2,CARDIOLOGY
5570,F,1,5,CARDIOLOGY
5571,F,10,3,GENERAL
5572,M,7,4,SURGERY
5573,F,1,5,CARDIOLOGY
5574,F,1,5,ORTHOPEDICS
5575,F,1,5,GENERAL
5576,M,13,2,CARDIOLOGY
5577,M,7,4,GENERAL
5578,M,10,3,GENERAL
5579,M,6,4,SURGERY
5580,M,6,4,ORTHOPEDICS
5581,M,1,5,CARDIOLOGY
5582,F,1,5,GENERAL
5583,M,6,4,GENERAL
5584,F,1,5,GENERAL
5585,M,8,4,SURGERY
5586,F,10,4,ORTHOPEDICS
5587,M,1,5,SURGERY
5588,M,13,2,ORTHOPEDICS
5589,F,13,2,GENERAL
5590,F,10,3,SURGERY
5591,F,11,3,SURGERY
5592,F,10,3,SURGERY
5593,F,6,4,GENERAL
5594,F,1,5,SURGERY
5595,M,6,4,GENERAL
5596,M,10,3,GENERAL
5597,F,1,5,ORTHOPEDICS
5598,F,10,3,CARDIOLOGY
5599,M,1,5,GENERAL
5600,M,11,3,CARDIOLOGY
5601,F,10,3,ORTHOPEDICS
5602,M,7,4,SURGERY
5603,M,1,5,GENERAL
5604,F,1,6,CARDIOLOGY
5605,F,1,5,GENERAL
5606,F,6,4,CARDIOLOGY
5607,M,1,5,GENERAL
5608,M,10,3,CARDIOLOGY
5609,F,6,4,CARDIOLOGY
5610,M,13,3,CARDIOLOGY
5611,M,6,4,CARDIOLOGY
5612,F,10,3,GENERAL
5613,F,10,3,CARDIOLOGY
5614,F,10,4,GENERAL
5615,M,1,5,GENERAL
5616,F,1,5,GENERAL
5617,M,1,5,GENERAL
5618,M,6,4,GENERAL
5619,M,1,5,CARDIOLOGY
5620,M,13,2,CARDIOLOGY
5621,M,10,3,GENERAL
5622,M,1,5,GENERAL
5623,F,1,5,ORTHOPEDICS
5624,M,1,5,ORTHOPEDICS
5625,M,6,4,SURGERY
5626,M,1,6,CARDIOLOGY
5627,F,1,5,GENERAL
5628,M,6,4,GENERAL
5629,M,13,3,GENERAL
5630,F,1,5,GENERAL
5631,F,1,5,GENERAL
5632,M,10,3,ORTHOPEDICS
5633,F,7,4,GENERAL
5634,M,7,4,GENERAL
5635,M,7,4,GENERAL
5636,M,13,2,SURGERY
5637,F,1,5,SURGERY
5638,F,1,5,GENERAL
5639,M,6,4,ORTHOPEDICS
5640,M,7,4,GENERAL
5641,F,10,3,SURGERY
5642,M,13,3,ORTHOPEDICS
5643,M,6,4,SURGERY
5644,M,10,3,ORTHOPEDICS
5645,M,11,3,CARDIOLOGY
5646,M,1,6,ORTHOPEDICS
5647,F,1,5,SURGERY
5648,F,1,5,GENERAL
5649,M,10,4,GENERAL
5650,F,1,6,GENERAL
5651,M,6,4,ORTHOPEDICS
5652,M,6,4,CARDIOLOGY
5653,M,10,3,CARDIOLOGY
5654,F,1,5,GENERAL
5655,M,11,3,SURGERY
5656,F,6,4,ORTHOPEDICS
5657,F,10,4,SURGERY
5658,M,1,6,ORTHOPEDICS
5659,F,6,4,GENERAL
5660,F,1,6,SURGERY
5661,M,10,3,GENERAL
5662,M,6,4,GENERAL
5663,F,10,4,ORTHOPEDICS
5664,F,10,3,SURGERY
5665,F,1,5,GENERAL
5666,F,1,5,GENERAL
5667,F,6,4,GENERAL
5668,F,7,4,ORTHOPEDICS
5669,M,1,6,ORTHOPEDICS
5670,M,10,3,GENERAL
5671,M,1,5,CARDIOLOGY
5672,M,10,3,CARDIOLOGY
5673,F,7,4,GENERAL
5674,M,1,5,GENERAL
5675,F,6,4,SURGERY
5676,F,7,4,GENERAL
5677,F,6,4,CARDIOLOGY
5678,F,10,3,GENERAL
5679,M,10,4,ORTHOPEDICS
5680,F,1,6,ORTHOPEDICS
5681,M,6,4,ORTHOPEDICS
5682,F,10,3,GENERAL
5683,M,1,6,ORTHOPEDICS
5684,M,6,4,ORTHOPEDICS
5685,F,1,6,ORTHOPEDICS
5686,M,10,4,CARDIOLOGY
5687,M,13,3,GENERAL
5688,F,6,4,CARDIOLOGY
5689,F,1,5,SURGERY
5690,F,11,3,CARDIOLOGY
5691,F,1,6,GENERAL
5692,M,10,3,GENERAL
5693,F,7,4,CARDIOLOGY
5694,F,10,3,SURGERY
5695,F,1,7,GENERAL
5696,F,10,4,GENERAL
5697,F,7,4,CARDIOLOGY
5698,F,13,2,GENERAL
5699,F,11,3,GENERAL
5700,M,10,3,SURGERY
5701,F,6,4,GENERAL
5702,M,13,2,SURGERY
5703,M,10,3,ORTHOPEDICS
5704,F,10,3,GENERAL
5705,M,10,3,GENERAL
5706,F,7,4,GENERAL
5707,F,10,4,ORTHOPEDICS
5708,F,11,3,GENERAL
5709,M,6,4,GENERAL
5710,F,6,4,ORTHOPEDICS
5711,F,11,3,GENERAL
5712,F,1,6,GENERAL
5713,M,13,2,SURGERY
5714,M,13,2,SURGERY
5715,F,6,4,SURGERY
5716,M,1,5,SURGERY
5717,M,1,5,GENERAL
5718,F,10,3,ORTHOPEDICS
5719,M,1,6,GENERAL
5720,M,13,2,SURGERY
5721,F,10,4,SURGERY
5722,M,10,3,ORTHOPEDICS
5723,F,10,3,ORTHOPEDICS
5724,M,10,3,SURGERY
5725,F,6,4,GENERAL
5726,M,6,4,GENERAL
5727,M,10,4,GENERAL
5728,M,1,6,CARDIOLOGY
5729,F,6,4,CARDIOLOGY
5730,F,11,3,GENERAL
5731,M,7,4,GENERAL
5732,M,11,3,GENERAL
5733,F,1,5,SURGERY
5734,F,1,5,SURGERY
5735,M,1,5,ORTHOPEDICS
5736,M,6,4,GENERAL
5737,F,7,4,GENERAL
5738,F,1,5,GENERAL
5739,M,10,4,SURGERY
5740,M,1,5,SURGERY
5741,M,1,5,CARDIOLOGY
5742,F,1,5,CARDIOLOGY
5743,F,10,3,GENERAL
5744,M,1,5,CARDIOLOGY
5745,F,1,5,GENERAL
5746,M,7,4,GENERAL
5747,M,10,4,GENERAL
5748,F,10,4,CARDIOLOGY
5749,M,6,4,GENERAL
5750,M,6,4,ORTHOPEDICS
5751,M,1,5,SURGERY
5752,M,6,4,ORTHOPEDICS
5753,F,6,4,CARDIOLOGY
5754,F,1,5,GENERAL
5755,F,10,4,GENERAL
5756,F,1,6,SURGERY
5757,M,1,5,ORTHOPEDICS
5758,F,13,2,GENERAL
5759,M,1,5,ORTHOPEDICS
5760,M,1,4,SURGERY
5761,F,7,4,SURGERY
5762,M,10,4,GENERAL
5763,M,1,5,ORTHOPEDICS
5764,M,6,4,SURGERY
5765,M,10,3,GENERAL
5766,M,6,4,ORTHOPEDICS
5767,M,7,4,GENERAL
5768,F,11,3,GENERAL
5769,M,6,4,CARDIOLOGY
5770,F,13,2,ORTHOPEDICS
5771,M,1,5,GENERAL
5772,M,6,4,CARDIOLOGY
5773,F,1,5,GENERAL
5774,F,10,4,CARDIOLOGY
5775,F,1,5,ORTHOPEDICS
5776,M,1,5,CARDIOLOGY
5777,M,1,5,ORTHOPEDICS
5778,F,6,4,GENERAL
5779,M,10,4,GENERAL
5780,M,1,5,GENERAL
5781,M,1,5,GENERAL
5782,F,13,1,GENERAL
5783,F,6,4,GENERAL
5784,F,1,6,GENERAL
5785,M,10,3,CARDIOLOGY
5786,M,6,4,GENERAL
5787,M,6,4,CARDIOLOGY
5788,F,10,3,SURGERY
5789,F,10,3,GENERAL
5790,F,6,4,SURGERY
5791,M,1,5,ORTHOPEDICS
5792,M,10,3,GENERAL
5793,M,13,2,GENERAL
5794,F,13,2,GENERAL
5795,F,10,4,SURGERY
5796,M,1,6,SURGERY
5797,F,1,5,GENERAL
5798,F,10,4,SURGERY
5799,F,6,4,GENERAL
5800,M,7,4,GENERAL
5801,M,7,4,SURGERY
5802,F,1,5,SURGERY
5803,M,10,4,CARDIOLOGY
5804,M,1,6,GENERAL
5805,M,11,3,GENERAL
5806,M,1,6,ORTHOPEDICS
5807,M,6,4,CARDIOLOGY
5808,M,10,3,ORTHOPEDICS
5809,M,1,5,GENERAL
5810,F,11,3,GENERAL
5811,M,1,5,ORTHOPEDICS
5812,M,6,4,ORTHOPEDICS
5813,M,6,4,GENERAL
5814,F,10,4,ORTHOPEDICS
5815,F,13,2,CARDIOLOGY
5816,M,1,5,ORTHOPEDICS
5817,M,1,5,ORTHOPEDICS
5818,F,10,3,GENERAL
5819,M,1,5,CARDIOLOGY
5820,M,7,4,SURGERY
5821,M,1,5,SURGERY
5822,F,1,6,ORTHOPEDICS
5823,F,6,4,SURGERY
5824,F,1,5,GENERAL
5825,M,13,3,GENERAL
5826,M,1,5,CARDIOLOGY
5827,F,6,4,ORTHOPEDICS
5828,F,10,3,GENERAL
5829,M,1,5,CARDIOLOGY
5830,F,10,3,GENERAL
5831,F,10,4,SURGERY
5832,F,13,3,CARDIOLOGY
5833,F,13,3,SURGERY
5834,M,6,4,ORTHOPEDICS
5835,M,12,3,GENERAL
5836,M,10,4,CARDIOLOGY
5837,F,10,3,CARDIOLOGY
5838,F,1,5,GENERAL
5839,M,6,4,CARDIOLOGY
5840,F,10,3,CARDIOLOGY
5841,F,11,3,SURGERY
5842,M,1,5,CARDIOLOGY
5843,M,10,4,CARDIOLOGY
5844,F,6,4,GENERAL
5845,M,10,3,GENERAL
5846,M,1,5,SURGERY
5847,M,1,5,CARDIOLOGY
5848,F,6,4,GENERAL
5849,F,10,3,GENERAL
5850,M,6,4,GENERAL
5851,M,1,5,ORTHOPEDICS
5852,F,1,5,ORTHOPEDICS
5853,F,1,5,SURGERY
5854,F,10,3,ORTHOPEDICS
5855,M,11,3,GENERAL
5856,F,6,4,SURGERY
5857,M,13,2,SURGERY
5858,M,13,2,CARDIOLOGY
5859,M,1,6,CARDIOLOGY
5860,M,1,5,GENERAL
5861,M,10,3,ORTHOPEDICS
5862,F,1,5,GENERAL
5863,M,6,4,GENERAL
5864,F,6,4,GENERAL
5865,F,10,3,GENERAL
5866,F,11,3,ORTHOPEDICS
5867,F,1,5,ORTHOPEDICS
5868,M,13,2,GENERAL
5869,M,1,5,GENERAL
5870,M,1,6,CARDIOLOGY
5871,F,1,5,ORTHOPEDICS
5872,M,13,3,SURGERY
5873,F,1,5,CARDIOLOGY
5874,F,10,4,GENERAL
5875,F,1,5,ORTHOPEDICS
5876,M,6,4,GENERAL
5877,M,6,4,SURGERY
5878,F,6,4,CARDIOLOGY
5879,F,9,4,CARDIOLOGY
5880,M,13,2,SURGERY
5881,F,7,4,GENERAL
5882,M,6,4,SURGERY
5883,F,6,4,GENERAL
5884,F,6,4,ORTHOPEDICS
5885,M,10,4,GENERAL
5886,M,11,3,GENERAL
5887,F,10,3,CARDIOLOGY
5888,F,11,3,GENERAL
5889,M,1,5,GENERAL
5890,M,13,3,GENERAL
5891,M,6,4,ORTHOPEDICS
5892,M,8,4,GENERAL
5893,M,11,3,GENERAL
5894,F,13,2,GENERAL
5895,F,1,5,GENERAL
5896,M,1,5,SURGERY
5897,F,10,3,GENERAL
5898,M,6,4,CARDIOLOGY
5899,F,1,5,ORTHOPEDICS
5900,F,1,5,GENERAL
5901,F,1,5,GENERAL
5902,F,1,7,GENERAL
5903,M,1,5,SURGERY
5904,F,6,4,SURGERY
5905,F,6,4,GENERAL
5906,F,10,3,SURGERY
5907,F,11,3,CARDIOLOGY
5908,F,10,3,ORTHOPEDICS
5909,F,13,3,ORTHOPEDICS
5910,M,10,3,SURGERY
5911,F,7,4,SURGERY
5912,M,1,5,GENERAL
5913,F,10,4,GENERAL
5914,F,1,5,SURGERY
5915,F,1,6,SURGERY
5916,M,6,4,SURGERY
5917,F,10,3,GENERAL
5918,M,10,4,GENERAL
5919,M,10,3,GENERAL
5920,F,6,4,CARDIOLOGY
5921,M,1,5,GENERAL
5922,F,11,3,CARDIOLOGY
5923,M,1,6,GENERAL
5924,M,10,3,GENERAL
5925,F,1,5,SURGERY
5926,F,7,4,GENERAL
5927,M,1,7,GENERAL
5928,M,10,4,ORTHOPEDICS
5929,F,6,4,GENERAL
5930,F,6,4,GENERAL
5931,F,13,3,SURGERY
5932,M,1,5,CARDIOLOGY
5933,M,1,5,SURGERY
5934,F,10,3,GENERAL
5935,M,6,4,SURGERY
5936,M,10,3,CARDIOLOGY
5937,M,10,3,CARDIOLOGY
5938,M,11,3,GENERAL
5939,F,6,4,CARDIOLOGY
5940,M,1,5,SURGERY
5941,M,1,5,ORTHOPEDICS
5942,F,11,3,CARDIOLOGY
5943,F,1,5,GENERAL
5944,F,11,3,SURGERY
5945,M,6,4,SURGERY
5946,F,11,3,CARDIOLOGY
5947,F,5,4,GENERAL
5948,M,1,5,GENERAL
5949,M,6,4,GENERAL
5950,F,1,5,CARDIOLOGY
5951,M,7,4,ORTHOPEDICS
5952,M,1,6,GENERAL
5953,F,6,4,GENERAL
5954,F,1,5,ORTHOPEDICS
5955,M,13,2,SURGERY
5956,F,10,3,GENERAL
5957,F,10,3,SURGERY
5958,M,1,5,CARDIOLOGY
5959,F,10,3,GENERAL
5960,F,1,5,ORTHOPEDICS
5961,F,1,5,GENERAL
5962,F,10,3,CARDIOLOGY
5963,F,1,6,SURGERY
5964,F,6,4,GENERAL
5965,M,6,4,CARDIOLOGY
5966,F,13,2,GENERAL
5967,F,10,4,GENERAL
5968,F,10,3,ORTHOPEDICS
5969,F,6,4,GENERAL
5970,M,1,5,SURGERY
5971,M,10,3,ORTHOPEDICS
5972,M,1,5,SURGERY
5973,F,1,5,GENERAL
5974,F,6,4,GENERAL
5975,F,11,3,CARDIOLOGY
5976,F,10,3,GENERAL
5977,M,10,4,CARDIOLOGY
5978,M,1,5,CARDIOLOGY
5979,F,10,4,ORTHOPEDICS
5980,F,1,5,SURGERY
5981,M,13,3,CARDIOLOGY
5982,M,10,4,CARDIOLOGY
5983,F,1,5,ORTHOPEDICS
5984,M,1,5,SURGERY
5985,F,6,4,GENERAL
5986,F,1,5,GENERAL
5987,M,10,4,GENERAL
5988,F,1,5,ORTHOPEDICS
5989,M,11,3,GENERAL
5990,M,1,5,CARDIOLOGY
5991,M,10,3,GENERAL
5992,M,10,3,GENERAL
5993,F,1,5,GENERAL
5994,M,1,5,SURGERY
5995,M,10,3,ORTHOPEDICS
5996,M,1,5,GENERAL
5997,F,10,3,ORTHOPEDICS
5998,M,6,4,CARDIOLOGY
5999,F,10,3,ORTHOPEDICS
6000,F,6,4,SURGERY
6001,M,1,6,GENERAL
6002,M,13,2,GENERAL
6003,F,1,5,GENERAL
6004,M,7,4,CARDIOLOGY
6005,M,1,5,ORTHOPEDICS
6006,F,11,3,ORTHOPEDICS
6007,M,10,3,ORTHOPEDICS
6008,F,6,4,GENERAL
6009,M,6,4,ORTHOPEDICS
6010,F,1,5,SURGERY
6011,F,6,4,CARDIOLOGY
6012,F,13,2,SURGERY
6013,M,6,4,ORTHOPEDICS
6014,F,7,4,SURGERY
6015,F,6,4,SURGERY
6016,M,6,4,CARDIOLOGY
6017,F,10,4,GENERAL
6018,F,6,4,GENERAL
6019,M,13,3,GENERAL
6020,F,10,3,SURGERY
6021,F,10,4,ORTHOPEDICS
6022,F,13,2,GENERAL
6023,M,6,4,GENERAL
6024,F,6,4,CARDIOLOGY
6025,F,6,4,GENERAL
6026,M,13,2,CARDIOLOGY
6027,M,1,5,ORTHOPEDICS
6028,F,6,4,GENERAL
6029,F,10,3,SURGERY
6030,F,1,5,GENERAL
6031,F,1,5,CARDIOLOGY
6032,F,6,4,GENERAL
6033,F,10,3,GENERAL
6034,F,10,4,SURGERY
6035,M,10,4,CARDIOLOGY
6036,M,6,4,ORTHOPEDICS
6037,F,6,4,CARDIOLOGY
6038,M,1,4,GENERAL
6039,M,6,4,SURGERY
6040,M,1,5,ORTHOPEDICS
6041,M,7,4,ORTHOPEDICS
6042,F,13,2,CARDIOLOGY
6043,F,1,5,GENERAL
6044,F,13,3,ORTHOPEDICS
6045,M,6,4,ORTHOPEDICS
6046,F,12,3,SURGERY
6047,M,6,4,ORTHOPEDICS
6048,M,13,2,CARDIOLOGY
6049,M,1,5,SURGERY
6050,M,13,2,ORTHOPEDICS
6051,F,10,3,SURGERY
6052,F,11,3,CARDIOLOGY
6053,F,10,4,SURGERY
6054,M,10,3,ORTHOPEDICS
6055,F,1,5,SURGERY
6056,M,6,4,GENERAL
6057,F,6,4,CARDIOLOGY
6058,F,1,5,SURGERY
6059,M,6,4,GENERAL
6060,F,13,2,GENERAL
6061,M,13,3,GENERAL
6062,F,6,4,GENERAL
6063,M,11,3,ORTHOPEDICS
6064,F,1,6,ORTHOPEDICS
6065,M,1,5,ORTHOPEDICS
6066,M,10,3,ORTHOPEDICS
6067,M,11,3,SURGERY
6068,F,1,5,SURGERY
6069,F,11,3,GENERAL
6070,F,1,5,ORTHOPEDICS
6071,F,10,3,SURGERY
6072,F,11,3,ORTHOPEDICS
6073,M,10,3,SURGERY
6074,M,1,5,GENERAL
6075,F,10,3,SURGERY
6076,F,6,4,GENERAL
6077,F,10,4,SURGERY
6078,M,10,3,ORTHOPEDICS
6079,F,1,5,GENERAL
6080,M,6,4,GENERAL
6081,F,6,4,CARDIOLOGY
6082,F,10,4,GENERAL
6083,F,1,6,CARDIOLOGY
6084,F,10,3,ORTHOPEDICS
6085,M,1,5,SURGERY
6086,M,7,4,GENERAL
6087,M,10,4,GENERAL
6088,M,5,4,GENERAL
6089,M,10,3,GENERAL
6090,F,1,5,ORTHOPEDICS
6091,F,10,4,CARDIOLOGY
6092,M,11,3,CARDIOLOGY
6093,M,10,3,GENERAL
6094,M,1,6,ORTHOPEDICS
6095,M,1,5,ORTHOPEDICS
6096,M,7,4,ORTHOPEDICS
6097,F,6,4,GENERAL
6098,M,10,3,SURGERY
6099,F,6,4,SURGERY
6100,F,6,4,ORTHOPEDICS
6101,M,10,3,ORTHOPEDICS
6102,F,1,5,CARDIOLOGY
6103,F,13,3,GENERAL
6104,F,13,3,CARDIOLOGY
6105,F,1,6,GENERAL
6106,F,13,2,GENERAL
6107,F,1,5,GENERAL
6108,F,1,5,GENERAL
6109,M,10,4,GENERAL
6110,F,1,5,SURGERY
6111,F,1,5,CARDIOLOGY
6112,M,7,4,GENERAL
6113,F,9,4,CARDIOLOGY
6114,M,1,5,GENERAL
6115,M,1,6,ORTHOPEDICS
6116,F,11,3,GENERAL
6117,M,6,4,ORTHOPEDICS
6118,F,1,5,CARDIOLOGY
6119,F,1,5,SURGERY
6120,M,1,5,GENERAL
6121,F,1,6,CARDIOLOGY
6122,F,1,5,GENERAL
6123,M,11,3,GENERAL
6124,F,13,3,GENERAL
6125,M,1,5,GENERAL
6126,F,13,3,GENERAL
6127,M,1,5,SURGERY
6128,M,1,5,CARDIOLOGY
6129,M,7,4,SURGERY
6130,F,1,5,SURGERY
6131,F,1,6,GENERAL
6132,M,13,2,ORTHOPEDICS
6133,F,1,6,GENERAL
6134,F,1,5,GENERAL
6135,F,7,4,CARDIOLOGY
6136,M,6,4,GENERAL
6137,M,6,4,GENERAL
6138,M,10,3,GENERAL
6139,F,1,5,GENERAL
6140,F,10,4,GENERAL
6141,F,10,3,SURGERY
6142,F,1,5,GENERAL
6143,F,1,5,ORTHOPEDICS
6144,M,11,3,CARDIOLOGY
6145,F,10,3,ORTHOPEDICS
6146,M,10,3,ORTHOPEDICS
6147,F,1,6,SURGERY
6148,M,13,2,GENERAL
6149,F,1,5,GENERAL
6150,F,6,4,GENERAL
6151,F,6,4,CARDIOLOGY
6152,M,10,4,SURGERY
6153,F,6,4,GENERAL
6154,M,10,3,GENERAL
6155,M,10,3,SURGERY
6156,M,1,5,CARDIOLOGY
6157,M,10,3,GENERAL
6158,F,1,5,CARDIOLOGY
6159,F,11,3,CARDIOLOGY
6160,M,11,3,GENERAL
6161,F,1,5,GENERAL
6162,F,10,3,ORTHOPEDICS
6163,F,1,5,GENERAL
6164,M,10,4,GENERAL
6165,M,6,4,GENERAL
6166,M,10,3,SURGERY
6167,M,10,4,GENERAL
6168,M,1,5,GENERAL
6169,M,7,4,GENERAL
6170,F,10,3,CARDIOLOGY
6171,F,10,4,GENERAL
6172,F,1,5,SURGERY
6173,F,10,3,GENERAL
6174,F,10,4,CARDIOLOGY
6175,F,7,4,ORTHOPEDICS
6176,M,1,5,GENERAL
6177,F,11,3,GENERAL
6178,M,1,6,GENERAL
6179,M,6,4,GENERAL
6180,M,1,5,ORTHOPEDICS
6181,F,1,6,CARDIOLOGY
6182,M,13,2,SURGERY
6183,M,1,5,CARDIOLOGY
6184,M,1,5,SURGERY
6185,M,11,3,ORTHOPEDICS
6186,M,6,4,SURGERY
6187,F,13,2,GENERAL
6188,F,1,5,SURGERY
6189,M,1,5,GENERAL
6190,F,1,5,CARDIOLOGY
6191,M,10,3,CARDIOLOGY
6192,F,1,6,GENERAL
6193,M,1,5,GENERAL
6194,F,6,4,SURGERY
6195,F,6,4,GENERAL
6196,M,6,4,ORTHOPEDICS
6197,M,6,4,GENERAL
6198,F,12,3,GENERAL
6199,M,11,3,GENERAL
6200,M,10,3,ORTHOPEDICS
6201,M,10,3,SURGERY
6202,F,7,4,GENERAL
6203,F,13,3,GENERAL
6204,M,10,3,ORTHOPEDICS
6205,F,1,7,GENERAL
6206,F,6,4,GENERAL
6207,M,10,3,ORTHOPEDICS
6208,F,1,6,ORTHOPEDICS
6209,M,10,3,GENERAL
6210,F,6,4,CARDIOLOGY
6211,M,1,5,SURGERY
6212,M,6,4,ORTHOPEDICS
6213,F,6,4,ORTHOPEDICS
6214,M,13,1,ORTHOPEDICS
6215,M,6,4,ORTHOPEDICS
6216,F,7,4,SURGERY
6217,F,6,4,GENERAL
6218,M,8,4,GENERAL
6219,M,6,4,CARDIOLOGY
6220,F,1,6,CARDIOLOGY
6221,M,12,3,SURGERY
6222,F,1,5,SURGERY
6223,F,10,3,CARDIOLOGY
6224,F,1,5,CARDIOLOGY
6225,F,11,3,ORTHOPEDICS
6226,M,13,2,CARDIOLOGY
6227,F,1,5,SURGERY
6228,F,10,4,ORTHOPEDICS
6229,F,10,3,SURGERY
6230,F,6,4,CARDIOLOGY
6231,M,6,4,ORTHOPEDICS
6232,F,10,3,CARDIOLOGY
6233,F,6,4,CARDIOLOGY
6234,F,10,4,GENERAL
6235,M,13,2,GENERAL
6236,M,10,3,CARDIOLOGY
6237,M,10,4,GENERAL
6238,M,10,4,CARDIOLOGY
6239,F,1,5,GENERAL
6240,M,11,3,GENERAL
6241,M,1,6,CARDIOLOGY
6242,F,10,3,SURGERY
6243,F,13,3,SURGERY
6244,F,6,4,ORTHOPEDICS
6245,M,6,4,GENERAL
6246,F,6,4,SURGERY
6247,F,7,4,GENERAL
6248,M,13,3,ORTHOPEDICS
6249,F,1,5,SURGERY
6250,M,1,6,GENERAL
6251,M,1,5,GENERAL
6252,M,10,4,CARDIOLOGY
6253,F,6,4,GENERAL
6254,M,1,5,CARDIOLOGY
6255,M,6,4,GENERAL
6256,M,6,4,CARDIOLOGY
6257,M,1,5,GENERAL
6258,M,1,5,ORTHOPEDICS
6259,F,10,3,GENERAL
6260,M,6,4,SURGERY
6261,M,1,6,ORTHOPEDICS
6262,F,6,4,ORTHOPEDICS
6263,M,6,4,GENERAL
6264,F,6,4,GENERAL
6265,M,10,3,CARDIOLOGY
6266,F,13,3,SURGERY
6267,M,13,2,SURGERY
6268,F,10,3,SURGERY
6269,M,10,4,GENERAL
6270,M,10,3,GENERAL
6271,M,7,4,GENERAL
6272,F,10,4,GENERAL
6273,F,6,4,CARDIOLOGY
6274,F,7,4,SURGERY
6275,M,1,5,GENERAL
6276,F,1,5,SURGERY
6277,M,6,4,ORTHOPEDICS
6278,F,11,3,SURGERY
6279,F,6,4,SURGERY
6280,M,13,3,GENERAL
6281,M,1,5,GENERAL
6282,M,1,5,GENERAL
6283,M,6,4,GENERAL
6284,M,11,3,CARDIOLOGY
6285,F,1,5,GENERAL
6286,F,1,5,CARDIOLOGY
6287,M,11,3,SURGERY
6288,M,10,3,GENERAL
6289,F,6,4,GENERAL
6290,F,1,5,ORTHOPEDICS
6291,M,6,4,GENERAL
6292,F,1,5,GENERAL
6293,F,1,5,GENERAL
6294,F,10,3,ORTHOPEDICS
6295,F,6,4,CARDIOLOGY
6296,F,1,5,ORTHOPEDICS
6297,M,1,6,GENERAL
6298,M,10,3,SURGERY
6299,F,6,4,CARDIOLOGY
6300,F,6,4,CARDIOLOGY
6301,F,1,6,ORTHOPEDICS
6302,F,6,4,CARDIOLOGY
6303,F,11,3,CARDIOLOGY
6304,F,1,5,GENERAL
6305,M,10,3,CARDIOLOGY
6306,F,8,4,ORTHOPEDICS
6307,M,6,4,GENERAL
6308,F,10,3,CARDIOLOGY
6309,F,10,3,CARDIOLOGY
6310,M,10,3,GENERAL
6311,F,10,4,ORTHOPEDICS
6312,F,1,5,SURGERY
6313,M,1,5,CARDIOLOGY
6314,F,13,1,SURGERY
6315,F,7,4,SURGERY
6316,M,1,5,ORTHOPEDICS
6317,M,1,5,GENERAL
6318,M,1,6,CARDIOLOGY
6319,M,10,3,SURGERY
6320,F,10,3,ORTHOPEDICS
6321,F,10,3,CARDIOLOGY
6322,F,1,5,GENERAL
6323,F,13,2,SURGERY
6324,F,1,5,SURGERY
6325,M,1,5,CARDIOLOGY
6326,F,1,6,GENERAL
6327,M,13,2,GENERAL
6328,M,10,3,SURGERY
6329,M,10,4,CARDIOLOGY
6330,F,1,5,GENERAL
6331,F,1,6,CARDIOLOGY
6332,F,6,4,CARDIOLOGY
6333,F,9,4,SURGERY
6334,F,6,4,GENERAL
6335,M,6,4,GENERAL
6336,F,6,4,SURGERY
6337,M,6,4,SURGERY
6338,M,6,4,GENERAL
6339,F,1,6,GENERAL
6340,F,6,4,GENERAL
6341,M,13,2,CARDIOLOGY
6342,F,10,3,GENERAL
6343,M,7,4,SURGERY
6344,F,10,3,GENERAL
6345,M,1,5,ORTHOPEDICS
6346,M,1,5,GENERAL
6347,M,10,3,GENERAL
6348,M,1,5,SURGERY
6349,M,6,4,GENERAL
6350,M,1,5,ORTHOPEDICS
6351,F,6,4,GENERAL
6352,M,1,6,GENERAL
6353,M,12,3,GENERAL
6354,F,8,4,ORTHOPEDICS
6355,F,13,1,ORTHOPEDICS
6356,F,10,3,ORTHOPEDICS
6357,F,1,5,SURGERY
6358,F,13,2,GENERAL
6359,F,1,5,GENERAL
6360,F,1,6,CARDIOLOGY
6361,F,6,4,ORTHOPEDICS
6362,F,1,5,GENERAL
6363,M,13,2,ORTHOPEDICS
6364,F,1,6,GENERAL
6365,F,12,3,CARDIOLOGY
6366,M,7,4,GENERAL
6367,M,10,3,SURGERY
6368,F,6,4,GENERAL
6369,M,10,4,GENERAL
6370,F,11,3,GENERAL
6371,M,10,3,ORTHOPEDICS
6372,M,1,5,SURGERY
6373,F,10,3,GENERAL
6374,F,6,4,GENERAL
6375,F,6,4,SURGERY
6376,F,11,3,SURGERY
6377,M,10,3,CARDIOLOGY
6378,M,10,3,SURGERY
6379,F,13,2,ORTHOPEDICS
6380,F,10,3,CARDIOLOGY
6381,F,1,5,CARDIOLOGY
6382,M,6,4,GENERAL
6383,M,1,5,CARDIOLOGY
6384,M,6,4,ORTHOPEDICS
6385,F,10,4,SURGERY
6386,F,10,4,SURGERY
6387,M,13,2,ORTHOPEDICS
6388,M,6,4,SURGERY
6389,F,10,3,SURGERY
6390,F,13,2,GENERAL
6391,F,1,6,GENERAL
6392,M,10,4,SURGERY
6393,M,1,5,GENERAL
6394,M,10,3,CARDIOLOGY
6395,F,13,3,GENERAL
6396,F,1,5,SURGERY
6397,M,6,4,ORTHOPEDICS
6398,F,1,5,GENERAL
6399,M,1,5,CARDIOLOGY
6400,F,1,5,ORTHOPEDICS
